0 verbose cli D:\nodejs\node.exe D:\nodejs\node_modules\npm\bin\npm-cli.js
1 info using npm@10.9.3
2 info using node@v22.20.0
3 silly config load:file:D:\nodejs\node_modules\npm\npmrc
4 silly config load:file:D:\cursor\project8  blog\test\.npmrc
5 silly config load:file:C:\Users\Arthur\.npmrc
6 silly config load:file:D:\nodejs\node_global\etc\npmrc
7 verbose title npm install
8 verbose argv "install" "--cache" "./.npm-cache"
9 verbose logfile logs-max:10 dir:D:\cursor\project8  blog\test\.npm-cache\_logs\2025-11-18T07_31_18_706Z-
10 verbose logfile D:\cursor\project8  blog\test\.npm-cache\_logs\2025-11-18T07_31_18_706Z-debug-0.log
11 silly logfile done cleaning log files
12 silly packumentCache heap:4345298944 maxSize:1086324736 maxEntrySize:543162368
13 verbose shrinkwrap failed to load node_modules/.package-lock.json out of date, updated: node_modules
14 verbose shrinkwrap failed to load node_modules/.package-lock.json out of date, updated: node_modules
15 silly idealTree buildDeps
16 silly fetch manifest @astrojs/svelte@7.2.2
17 silly packumentCache full:https://registry.npmmirror.com/@astrojs%2fsvelte cache-miss
18 http cache https://registry.npmmirror.com/@astrojs%2fsvelte 17ms (cache hit)
19 silly packumentCache full:https://registry.npmmirror.com/@astrojs%2fsvelte set size:375187 disposed:false
20 silly fetch manifest astro@5.15.8
21 silly packumentCache full:https://registry.npmmirror.com/astro cache-miss
22 http cache https://registry.npmmirror.com/astro 24ms (cache hit)
23 silly packumentCache full:https://registry.npmmirror.com/astro set size:8458959 disposed:false
24 silly fetch manifest svelte@^5.43.8
25 silly packumentCache full:https://registry.npmmirror.com/svelte cache-miss
26 http cache https://registry.npmmirror.com/svelte 19ms (cache hit)
27 silly packumentCache full:https://registry.npmmirror.com/svelte set size:4143250 disposed:false
28 silly fetch manifest typescript@^5.9.3
29 silly packumentCache full:https://registry.npmmirror.com/typescript cache-miss
30 http cache https://registry.npmmirror.com/typescript 32ms (cache hit)
31 silly packumentCache full:https://registry.npmmirror.com/typescript set size:14143151 disposed:false
32 silly fetch manifest @expressive-code/core@^0.41.3
33 silly packumentCache full:https://registry.npmmirror.com/@expressive-code%2fcore cache-miss
34 http cache https://registry.npmmirror.com/@expressive-code%2fcore 9ms (cache hit)
35 silly packumentCache full:https://registry.npmmirror.com/@expressive-code%2fcore set size:225105 disposed:false
36 silly fetch manifest @expressive-code/plugin-collapsible-sections@^0.41.3
37 silly packumentCache full:https://registry.npmmirror.com/@expressive-code%2fplugin-collapsible-sections cache-miss
38 http cache https://registry.npmmirror.com/@expressive-code%2fplugin-collapsible-sections 8ms (cache hit)
39 silly packumentCache full:https://registry.npmmirror.com/@expressive-code%2fplugin-collapsible-sections set size:163184 disposed:false
40 silly fetch manifest @expressive-code/plugin-line-numbers@^0.41.3
41 silly packumentCache full:https://registry.npmmirror.com/@expressive-code%2fplugin-line-numbers cache-miss
42 http cache https://registry.npmmirror.com/@expressive-code%2fplugin-line-numbers 7ms (cache hit)
43 silly packumentCache full:https://registry.npmmirror.com/@expressive-code%2fplugin-line-numbers set size:86210 disposed:false
44 silly fetch manifest @fancyapps/ui@^6.1.5
45 silly packumentCache full:https://registry.npmmirror.com/@fancyapps%2fui cache-miss
46 http cache https://registry.npmmirror.com/@fancyapps%2fui 6ms (cache hit)
47 silly packumentCache full:https://registry.npmmirror.com/@fancyapps%2fui set size:274427 disposed:false
48 silly fetch manifest @fontsource-variable/jetbrains-mono@^5.2.8
49 silly packumentCache full:https://registry.npmmirror.com/@fontsource-variable%2fjetbrains-mono cache-miss
50 http cache https://registry.npmmirror.com/@fontsource-variable%2fjetbrains-mono 7ms (cache hit)
51 silly packumentCache full:https://registry.npmmirror.com/@fontsource-variable%2fjetbrains-mono set size:64346 disposed:false
52 silly fetch manifest @fontsource/roboto@^5.2.8
53 silly packumentCache full:https://registry.npmmirror.com/@fontsource%2froboto cache-miss
54 http cache https://registry.npmmirror.com/@fontsource%2froboto 7ms (cache hit)
55 silly packumentCache full:https://registry.npmmirror.com/@fontsource%2froboto set size:79374 disposed:false
56 silly fetch manifest @iconify-json/fa6-brands@^1.2.6
57 silly packumentCache full:https://registry.npmmirror.com/@iconify-json%2ffa6-brands cache-miss
58 http cache https://registry.npmmirror.com/@iconify-json%2ffa6-brands 7ms (cache hit)
59 silly packumentCache full:https://registry.npmmirror.com/@iconify-json%2ffa6-brands set size:64127 disposed:false
60 silly fetch manifest @iconify-json/fa6-regular@^1.2.4
61 silly packumentCache full:https://registry.npmmirror.com/@iconify-json%2ffa6-regular cache-miss
62 http cache https://registry.npmmirror.com/@iconify-json%2ffa6-regular 7ms (cache hit)
63 silly packumentCache full:https://registry.npmmirror.com/@iconify-json%2ffa6-regular set size:60783 disposed:false
64 silly fetch manifest @iconify-json/fa6-solid@^1.2.4
65 silly packumentCache full:https://registry.npmmirror.com/@iconify-json%2ffa6-solid cache-miss
66 http cache https://registry.npmmirror.com/@iconify-json%2ffa6-solid 9ms (cache hit)
67 silly packumentCache full:https://registry.npmmirror.com/@iconify-json%2ffa6-solid set size:65493 disposed:false
68 silly fetch manifest @iconify-json/material-symbols@^1.2.46
69 silly packumentCache full:https://registry.npmmirror.com/@iconify-json%2fmaterial-symbols cache-miss
70 http cache https://registry.npmmirror.com/@iconify-json%2fmaterial-symbols 8ms (cache hit)
71 silly packumentCache full:https://registry.npmmirror.com/@iconify-json%2fmaterial-symbols set size:281418 disposed:false
72 silly fetch manifest @iconify-json/simple-icons@^1.2.59
73 silly packumentCache full:https://registry.npmmirror.com/@iconify-json%2fsimple-icons cache-miss
74 http cache https://registry.npmmirror.com/@iconify-json%2fsimple-icons 8ms (cache hit)
75 silly packumentCache full:https://registry.npmmirror.com/@iconify-json%2fsimple-icons set size:382771 disposed:false
76 silly fetch manifest @iconify/svelte@^4.2.0
77 silly packumentCache full:https://registry.npmmirror.com/@iconify%2fsvelte cache-miss
78 http cache https://registry.npmmirror.com/@iconify%2fsvelte 6ms (cache hit)
79 silly packumentCache full:https://registry.npmmirror.com/@iconify%2fsvelte set size:185966 disposed:false
80 silly fetch manifest @swup/astro@^1.7.0
81 silly packumentCache full:https://registry.npmmirror.com/@swup%2fastro cache-miss
82 http cache https://registry.npmmirror.com/@swup%2fastro 6ms (cache hit)
83 silly packumentCache full:https://registry.npmmirror.com/@swup%2fastro set size:76065 disposed:false
84 silly fetch manifest @tailwindcss/typography@^0.5.19
85 silly packumentCache full:https://registry.npmmirror.com/@tailwindcss%2ftypography cache-miss
86 http cache https://registry.npmmirror.com/@tailwindcss%2ftypography 7ms (cache hit)
87 silly packumentCache full:https://registry.npmmirror.com/@tailwindcss%2ftypography set size:494508 disposed:false
88 silly fetch manifest tailwindcss@^3.4.18
89 silly packumentCache full:https://registry.npmmirror.com/tailwindcss cache-miss
90 http cache https://registry.npmmirror.com/tailwindcss 21ms (cache hit)
91 silly packumentCache full:https://registry.npmmirror.com/tailwindcss set size:9822085 disposed:false
92 silly fetch manifest astro-expressive-code@^0.41.3
93 silly packumentCache full:https://registry.npmmirror.com/astro-expressive-code cache-miss
94 http cache https://registry.npmmirror.com/astro-expressive-code 9ms (cache hit)
95 silly packumentCache full:https://registry.npmmirror.com/astro-expressive-code set size:229206 disposed:false
96 silly fetch manifest astro-icon@^1.1.5
97 silly packumentCache full:https://registry.npmmirror.com/astro-icon cache-miss
98 http cache https://registry.npmmirror.com/astro-icon 6ms (cache hit)
99 silly packumentCache full:https://registry.npmmirror.com/astro-icon set size:87457 disposed:false
100 silly fetch manifest bcryptjs@^3.0.3
101 silly packumentCache full:https://registry.npmmirror.com/bcryptjs cache-miss
102 http cache https://registry.npmmirror.com/bcryptjs 6ms (cache hit)
103 silly packumentCache full:https://registry.npmmirror.com/bcryptjs set size:78160 disposed:false
104 silly fetch manifest crypto-js@^4.2.0
105 silly packumentCache full:https://registry.npmmirror.com/crypto-js cache-miss
106 http cache https://registry.npmmirror.com/crypto-js 7ms (cache hit)
107 silly packumentCache full:https://registry.npmmirror.com/crypto-js set size:37251 disposed:false
108 silly fetch manifest dayjs@^1.11.19
109 silly packumentCache full:https://registry.npmmirror.com/dayjs cache-miss
110 http cache https://registry.npmmirror.com/dayjs 7ms (cache hit)
111 silly packumentCache full:https://registry.npmmirror.com/dayjs set size:390791 disposed:false
112 silly fetch manifest hastscript@^9.0.1
113 silly packumentCache full:https://registry.npmmirror.com/hastscript cache-miss
114 http cache https://registry.npmmirror.com/hastscript 5ms (cache hit)
115 silly packumentCache full:https://registry.npmmirror.com/hastscript set size:80790 disposed:false
116 silly fetch manifest katex@^0.16.25
117 silly packumentCache full:https://registry.npmmirror.com/katex cache-miss
118 http cache https://registry.npmmirror.com/katex 6ms (cache hit)
119 silly packumentCache full:https://registry.npmmirror.com/katex set size:499940 disposed:false
120 silly fetch manifest markdown-it@^14.1.0
121 silly packumentCache full:https://registry.npmmirror.com/markdown-it cache-miss
122 http cache https://registry.npmmirror.com/markdown-it 7ms (cache hit)
123 silly packumentCache full:https://registry.npmmirror.com/markdown-it set size:201773 disposed:false
124 silly fetch manifest marked@^16.4.2
125 silly packumentCache full:https://registry.npmmirror.com/marked cache-miss
126 http cache https://registry.npmmirror.com/marked 8ms (cache hit)
127 silly packumentCache full:https://registry.npmmirror.com/marked set size:664868 disposed:false
128 silly fetch manifest mdast-util-to-string@^4.0.0
129 silly packumentCache full:https://registry.npmmirror.com/mdast-util-to-string cache-miss
130 http cache https://registry.npmmirror.com/mdast-util-to-string 7ms (cache hit)
131 silly packumentCache full:https://registry.npmmirror.com/mdast-util-to-string set size:53176 disposed:false
132 silly fetch manifest node-html-parser@^7.0.1
133 silly packumentCache full:https://registry.npmmirror.com/node-html-parser cache-miss
134 http cache https://registry.npmmirror.com/node-html-parser 6ms (cache hit)
135 silly packumentCache full:https://registry.npmmirror.com/node-html-parser set size:415762 disposed:false
136 silly fetch manifest overlayscrollbars@^2.12.0
137 silly packumentCache full:https://registry.npmmirror.com/overlayscrollbars cache-miss
138 http cache https://registry.npmmirror.com/overlayscrollbars 6ms (cache hit)
139 silly packumentCache full:https://registry.npmmirror.com/overlayscrollbars set size:234253 disposed:false
140 silly fetch manifest pagefind@^1.4.0
141 silly packumentCache full:https://registry.npmmirror.com/pagefind cache-miss
142 http cache https://registry.npmmirror.com/pagefind 7ms (cache hit)
143 silly packumentCache full:https://registry.npmmirror.com/pagefind set size:280579 disposed:false
144 silly fetch manifest photoswipe@^5.4.4
145 silly packumentCache full:https://registry.npmmirror.com/photoswipe cache-miss
146 http cache https://registry.npmmirror.com/photoswipe 6ms (cache hit)
147 silly packumentCache full:https://registry.npmmirror.com/photoswipe set size:125561 disposed:false
148 silly fetch manifest reading-time@^1.5.0
149 silly packumentCache full:https://registry.npmmirror.com/reading-time cache-miss
150 http cache https://registry.npmmirror.com/reading-time 5ms (cache hit)
151 silly packumentCache full:https://registry.npmmirror.com/reading-time set size:26859 disposed:false
152 silly fetch manifest rehype-autolink-headings@^7.1.0
153 silly packumentCache full:https://registry.npmmirror.com/rehype-autolink-headings cache-miss
154 http cache https://registry.npmmirror.com/rehype-autolink-headings 6ms (cache hit)
155 silly packumentCache full:https://registry.npmmirror.com/rehype-autolink-headings set size:64391 disposed:false
156 silly fetch manifest rehype-components@^0.3.0
157 silly packumentCache full:https://registry.npmmirror.com/rehype-components cache-miss
158 http cache https://registry.npmmirror.com/rehype-components 6ms (cache hit)
159 silly packumentCache full:https://registry.npmmirror.com/rehype-components set size:6387 disposed:false
160 silly fetch manifest rehype-katex@^7.0.1
161 silly packumentCache full:https://registry.npmmirror.com/rehype-katex cache-miss
162 http cache https://registry.npmmirror.com/rehype-katex 7ms (cache hit)
163 silly packumentCache full:https://registry.npmmirror.com/rehype-katex set size:52425 disposed:false
164 silly fetch manifest rehype-slug@^6.0.0
165 silly packumentCache full:https://registry.npmmirror.com/rehype-slug cache-miss
166 http cache https://registry.npmmirror.com/rehype-slug 6ms (cache hit)
167 silly packumentCache full:https://registry.npmmirror.com/rehype-slug set size:42026 disposed:false
168 silly fetch manifest remark-directive@^3.0.1
169 silly packumentCache full:https://registry.npmmirror.com/remark-directive cache-miss
170 http cache https://registry.npmmirror.com/remark-directive 7ms (cache hit)
171 silly packumentCache full:https://registry.npmmirror.com/remark-directive set size:36640 disposed:false
172 silly fetch manifest remark-directive-rehype@^0.4.2
173 silly packumentCache full:https://registry.npmmirror.com/remark-directive-rehype cache-miss
174 http cache https://registry.npmmirror.com/remark-directive-rehype 6ms (cache hit)
175 silly packumentCache full:https://registry.npmmirror.com/remark-directive-rehype set size:24360 disposed:false
176 silly fetch manifest remark-github-admonitions-to-directives@^1.0.5
177 silly packumentCache full:https://registry.npmmirror.com/remark-github-admonitions-to-directives cache-miss
178 http cache https://registry.npmmirror.com/remark-github-admonitions-to-directives 5ms (cache hit)
179 silly packumentCache full:https://registry.npmmirror.com/remark-github-admonitions-to-directives set size:29121 disposed:false
180 silly fetch manifest remark-math@^6.0.0
181 silly packumentCache full:https://registry.npmmirror.com/remark-math cache-miss
182 http cache https://registry.npmmirror.com/remark-math 6ms (cache hit)
183 silly packumentCache full:https://registry.npmmirror.com/remark-math set size:53553 disposed:false
184 silly fetch manifest remark-sectionize@^2.1.0
185 silly packumentCache full:https://registry.npmmirror.com/remark-sectionize cache-miss
186 http cache https://registry.npmmirror.com/remark-sectionize 5ms (cache hit)
187 silly packumentCache full:https://registry.npmmirror.com/remark-sectionize set size:18367 disposed:false
188 silly fetch manifest sanitize-html@^2.17.0
189 silly packumentCache full:https://registry.npmmirror.com/sanitize-html cache-miss
190 http cache https://registry.npmmirror.com/sanitize-html 6ms (cache hit)
191 silly packumentCache full:https://registry.npmmirror.com/sanitize-html set size:313761 disposed:false
192 silly fetch manifest satori@^0.18.3
193 silly packumentCache full:https://registry.npmmirror.com/satori cache-miss
194 http cache https://registry.npmmirror.com/satori 7ms (cache hit)
195 silly packumentCache full:https://registry.npmmirror.com/satori set size:533652 disposed:false
196 silly fetch manifest sharp@^0.34.5
197 silly packumentCache full:https://registry.npmmirror.com/sharp cache-miss
198 http cache https://registry.npmmirror.com/sharp 9ms (cache hit)
199 silly packumentCache full:https://registry.npmmirror.com/sharp set size:999088 disposed:false
200 silly fetch manifest stylus@^0.64.0
201 silly packumentCache full:https://registry.npmmirror.com/stylus cache-miss
202 http cache https://registry.npmmirror.com/stylus 7ms (cache hit)
203 silly packumentCache full:https://registry.npmmirror.com/stylus set size:312391 disposed:false
204 silly fetch manifest unist-util-visit@^5.0.0
205 silly packumentCache full:https://registry.npmmirror.com/unist-util-visit cache-miss
206 http cache https://registry.npmmirror.com/unist-util-visit 8ms (cache hit)
207 silly packumentCache full:https://registry.npmmirror.com/unist-util-visit set size:76674 disposed:false
208 silly fetch manifest @biomejs/biome@2.3.5
209 silly packumentCache full:https://registry.npmmirror.com/@biomejs%2fbiome cache-miss
210 http cache https://registry.npmmirror.com/@biomejs%2fbiome 6ms (cache hit)
211 silly packumentCache full:https://registry.npmmirror.com/@biomejs%2fbiome set size:293989 disposed:false
212 silly fetch manifest @iconify-json/mdi@^1.2.3
213 silly packumentCache full:https://registry.npmmirror.com/@iconify-json%2fmdi cache-miss
214 http cache https://registry.npmmirror.com/@iconify-json%2fmdi 7ms (cache hit)
215 silly packumentCache full:https://registry.npmmirror.com/@iconify-json%2fmdi set size:203652 disposed:false
216 silly fetch manifest @rollup/plugin-yaml@^4.1.2
217 silly packumentCache full:https://registry.npmmirror.com/@rollup%2fplugin-yaml cache-miss
218 http cache https://registry.npmmirror.com/@rollup%2fplugin-yaml 6ms (cache hit)
219 silly packumentCache full:https://registry.npmmirror.com/@rollup%2fplugin-yaml set size:32045 disposed:false
220 silly fetch manifest rollup@^1.20.0||^2.0.0||^3.0.0||^4.0.0
221 silly packumentCache full:https://registry.npmmirror.com/rollup cache-miss
222 http cache https://registry.npmmirror.com/rollup 15ms (cache hit)
223 silly packumentCache full:https://registry.npmmirror.com/rollup set size:5663170 disposed:false
224 silly fetch manifest @types/hast@^3.0.4
225 silly packumentCache full:https://registry.npmmirror.com/@types%2fhast cache-miss
226 http cache https://registry.npmmirror.com/@types%2fhast 12ms (cache hit)
227 silly packumentCache full:https://registry.npmmirror.com/@types%2fhast set size:29831 disposed:false
228 silly fetch manifest @types/markdown-it@^14.1.2
229 silly packumentCache full:https://registry.npmmirror.com/@types%2fmarkdown-it cache-miss
230 http cache https://registry.npmmirror.com/@types%2fmarkdown-it 8ms (cache hit)
231 silly packumentCache full:https://registry.npmmirror.com/@types%2fmarkdown-it set size:65078 disposed:false
232 silly fetch manifest @types/mdast@^4.0.4
233 silly packumentCache full:https://registry.npmmirror.com/@types%2fmdast cache-miss
234 http cache https://registry.npmmirror.com/@types%2fmdast 6ms (cache hit)
235 silly packumentCache full:https://registry.npmmirror.com/@types%2fmdast set size:38724 disposed:false
236 silly fetch manifest @types/sanitize-html@^2.16.0
237 silly packumentCache full:https://registry.npmmirror.com/@types%2fsanitize-html cache-miss
238 http cache https://registry.npmmirror.com/@types%2fsanitize-html 8ms (cache hit)
239 silly packumentCache full:https://registry.npmmirror.com/@types%2fsanitize-html set size:107330 disposed:false
240 silly fetch manifest fontmin@^1.1.1
241 silly packumentCache full:https://registry.npmmirror.com/fontmin cache-miss
242 http cache https://registry.npmmirror.com/fontmin 7ms (cache hit)
243 silly packumentCache full:https://registry.npmmirror.com/fontmin set size:103543 disposed:false
244 silly fetch manifest postcss-import@^16.1.1
245 silly packumentCache full:https://registry.npmmirror.com/postcss-import cache-miss
246 http cache https://registry.npmmirror.com/postcss-import 8ms (cache hit)
247 silly packumentCache full:https://registry.npmmirror.com/postcss-import set size:114244 disposed:false
248 silly fetch manifest postcss@^8.0.0
249 silly packumentCache full:https://registry.npmmirror.com/postcss cache-miss
250 http cache https://registry.npmmirror.com/postcss 8ms (cache hit)
251 silly packumentCache full:https://registry.npmmirror.com/postcss set size:611725 disposed:false
252 silly fetch manifest postcss-nesting@^13.0.2
253 silly packumentCache full:https://registry.npmmirror.com/postcss-nesting cache-miss
254 http cache https://registry.npmmirror.com/postcss-nesting 8ms (cache hit)
255 silly packumentCache full:https://registry.npmmirror.com/postcss-nesting set size:187924 disposed:false
256 silly fetch manifest postcss@^8.4
257 silly packumentCache full:https://registry.npmmirror.com/postcss cache-hit
258 silly placeDep ROOT @astrojs/svelte@7.2.2 REPLACE for: mizuki@7.1.0 want: 7.2.2
259 silly placeDep ROOT astro@5.15.8 OK for: @astrojs/svelte@7.2.2 want: ^5.0.0
260 silly placeDep ROOT svelte@5.43.10 OK for: @astrojs/svelte@7.2.2 want: ^5.1.16
261 silly placeDep ROOT typescript@5.9.3 OK for: @astrojs/svelte@7.2.2 want: ^5.3.3
262 silly placeDep ROOT @biomejs/biome@2.3.5 REPLACE for: mizuki@7.1.0 want: 2.3.5
263 silly placeDep ROOT @expressive-code/core@0.41.3 OK for: mizuki@7.1.0 want: ^0.41.3
264 silly placeDep ROOT @expressive-code/plugin-collapsible-sections@0.41.3 OK for: mizuki@7.1.0 want: ^0.41.3
265 silly placeDep ROOT @expressive-code/plugin-line-numbers@0.41.3 OK for: mizuki@7.1.0 want: ^0.41.3
266 silly placeDep ROOT @fancyapps/ui@6.1.5 OK for: mizuki@7.1.0 want: ^6.1.5
267 silly placeDep ROOT @fontsource-variable/jetbrains-mono@5.2.8 OK for: mizuki@7.1.0 want: ^5.2.8
268 silly placeDep ROOT @fontsource/roboto@5.2.8 OK for: mizuki@7.1.0 want: ^5.2.8
269 silly placeDep ROOT @iconify-json/fa6-brands@1.2.6 OK for: mizuki@7.1.0 want: ^1.2.6
270 silly placeDep ROOT @iconify-json/fa6-regular@1.2.4 OK for: mizuki@7.1.0 want: ^1.2.4
271 silly placeDep ROOT @iconify-json/fa6-solid@1.2.4 OK for: mizuki@7.1.0 want: ^1.2.4
272 silly placeDep ROOT @iconify-json/material-symbols@1.2.46 OK for: mizuki@7.1.0 want: ^1.2.46
273 silly placeDep ROOT @iconify-json/mdi@1.2.3 OK for: mizuki@7.1.0 want: ^1.2.3
274 silly placeDep ROOT @iconify-json/simple-icons@1.2.59 OK for: mizuki@7.1.0 want: ^1.2.59
275 silly placeDep ROOT @iconify/svelte@4.2.0 OK for: mizuki@7.1.0 want: ^4.2.0
276 silly placeDep ROOT @rollup/plugin-yaml@4.1.2 OK for: mizuki@7.1.0 want: ^4.1.2
277 silly placeDep ROOT @swup/astro@1.7.0 OK for: mizuki@7.1.0 want: ^1.7.0
278 silly placeDep ROOT @tailwindcss/typography@0.5.19 OK for: mizuki@7.1.0 want: ^0.5.19
279 silly placeDep ROOT tailwindcss@3.4.18 OK for: @tailwindcss/typography@0.5.19 want: >=3.0.0 || insiders || >=4.0.0-alpha.20 || >=4.0.0-beta.1
280 silly placeDep ROOT @types/hast@3.0.4 OK for: mizuki@7.1.0 want: ^3.0.4
281 silly placeDep ROOT @types/markdown-it@14.1.2 OK for: mizuki@7.1.0 want: ^14.1.2
282 silly placeDep ROOT @types/mdast@4.0.4 OK for: mizuki@7.1.0 want: ^4.0.4
283 silly placeDep ROOT @types/sanitize-html@2.16.0 OK for: mizuki@7.1.0 want: ^2.16.0
284 silly placeDep ROOT astro-expressive-code@0.41.3 OK for: mizuki@7.1.0 want: ^0.41.3
285 silly placeDep ROOT astro-icon@1.1.5 OK for: mizuki@7.1.0 want: ^1.1.5
286 silly placeDep ROOT bcryptjs@3.0.3 OK for: mizuki@7.1.0 want: ^3.0.3
287 silly placeDep ROOT crypto-js@4.2.0 OK for: mizuki@7.1.0 want: ^4.2.0
288 silly placeDep ROOT dayjs@1.11.19 OK for: mizuki@7.1.0 want: ^1.11.19
289 silly placeDep ROOT fontmin@1.1.1 OK for: mizuki@7.1.0 want: ^1.1.1
290 silly placeDep ROOT hastscript@9.0.1 OK for: mizuki@7.1.0 want: ^9.0.1
291 silly placeDep ROOT katex@0.16.25 OK for: mizuki@7.1.0 want: ^0.16.25
292 silly placeDep ROOT markdown-it@14.1.0 OK for: mizuki@7.1.0 want: ^14.1.0
293 silly placeDep ROOT marked@16.4.2 OK for: mizuki@7.1.0 want: ^16.4.2
294 silly placeDep ROOT mdast-util-to-string@4.0.0 OK for: mizuki@7.1.0 want: ^4.0.0
295 silly placeDep ROOT node-html-parser@7.0.1 OK for: mizuki@7.1.0 want: ^7.0.1
296 silly placeDep ROOT overlayscrollbars@2.12.0 OK for: mizuki@7.1.0 want: ^2.12.0
297 silly placeDep ROOT pagefind@1.4.0 OK for: mizuki@7.1.0 want: ^1.4.0
298 silly placeDep ROOT photoswipe@5.4.4 OK for: mizuki@7.1.0 want: ^5.4.4
299 silly placeDep ROOT postcss-import@16.1.1 OK for: mizuki@7.1.0 want: ^16.1.1
300 silly placeDep ROOT postcss@8.5.6 OK for: postcss-import@16.1.1 want: ^8.0.0
301 silly placeDep ROOT postcss-nesting@13.0.2 OK for: mizuki@7.1.0 want: ^13.0.2
302 silly placeDep ROOT reading-time@1.5.0 OK for: mizuki@7.1.0 want: ^1.5.0
303 silly placeDep ROOT rehype-autolink-headings@7.1.0 OK for: mizuki@7.1.0 want: ^7.1.0
304 silly placeDep ROOT rehype-components@0.3.0 OK for: mizuki@7.1.0 want: ^0.3.0
305 silly placeDep ROOT rehype-katex@7.0.1 OK for: mizuki@7.1.0 want: ^7.0.1
306 silly placeDep ROOT rehype-slug@6.0.0 OK for: mizuki@7.1.0 want: ^6.0.0
307 silly placeDep ROOT remark-directive@3.0.1 OK for: mizuki@7.1.0 want: ^3.0.1
308 silly placeDep ROOT remark-directive-rehype@0.4.2 OK for: mizuki@7.1.0 want: ^0.4.2
309 silly placeDep ROOT remark-github-admonitions-to-directives@1.0.5 OK for: mizuki@7.1.0 want: ^1.0.5
310 silly placeDep ROOT remark-math@6.0.0 OK for: mizuki@7.1.0 want: ^6.0.0
311 silly placeDep ROOT remark-sectionize@2.1.0 OK for: mizuki@7.1.0 want: ^2.1.0
312 silly placeDep ROOT sanitize-html@2.17.0 OK for: mizuki@7.1.0 want: ^2.17.0
313 silly placeDep ROOT satori@0.18.3 OK for: mizuki@7.1.0 want: ^0.18.3
314 silly placeDep ROOT sharp@0.34.5 OK for: mizuki@7.1.0 want: ^0.34.5
315 silly placeDep ROOT stylus@0.64.0 OK for: mizuki@7.1.0 want: ^0.64.0
316 silly placeDep ROOT unist-util-visit@5.0.0 OK for: mizuki@7.1.0 want: ^5.0.0
317 silly fetch manifest @sveltejs/vite-plugin-svelte@^5.1.1
318 silly packumentCache full:https://registry.npmmirror.com/@sveltejs%2fvite-plugin-svelte cache-miss
319 silly fetch manifest svelte2tsx@^0.7.42
320 silly packumentCache full:https://registry.npmmirror.com/svelte2tsx cache-miss
321 silly fetch manifest vite@^6.4.1
322 silly packumentCache full:https://registry.npmmirror.com/vite cache-miss
323 silly fetch manifest @jridgewell/remapping@^2.3.4
324 silly packumentCache full:https://registry.npmmirror.com/@jridgewell%2fremapping cache-miss
325 silly fetch manifest @jridgewell/sourcemap-codec@^1.5.0
326 silly packumentCache full:https://registry.npmmirror.com/@jridgewell%2fsourcemap-codec cache-miss
327 silly fetch manifest @sveltejs/acorn-typescript@^1.0.5
328 silly packumentCache full:https://registry.npmmirror.com/@sveltejs%2facorn-typescript cache-miss
329 silly fetch manifest @types/estree@^1.0.5
330 silly packumentCache full:https://registry.npmmirror.com/@types%2festree cache-miss
331 silly fetch manifest acorn@^8.12.1
332 silly packumentCache full:https://registry.npmmirror.com/acorn cache-miss
333 silly fetch manifest aria-query@^5.3.1
334 silly packumentCache full:https://registry.npmmirror.com/aria-query cache-miss
335 silly fetch manifest axobject-query@^4.1.0
336 silly packumentCache full:https://registry.npmmirror.com/axobject-query cache-miss
337 silly fetch manifest clsx@^2.1.1
338 silly packumentCache full:https://registry.npmmirror.com/clsx cache-miss
339 silly fetch manifest esm-env@^1.2.1
340 silly packumentCache full:https://registry.npmmirror.com/esm-env cache-miss
341 silly fetch manifest esrap@^2.1.0
342 silly packumentCache full:https://registry.npmmirror.com/esrap cache-miss
343 silly fetch manifest is-reference@^3.0.3
344 silly packumentCache full:https://registry.npmmirror.com/is-reference cache-miss
345 silly fetch manifest locate-character@^3.0.0
346 silly packumentCache full:https://registry.npmmirror.com/locate-character cache-miss
347 silly fetch manifest magic-string@^0.30.11
348 silly packumentCache full:https://registry.npmmirror.com/magic-string cache-miss
349 silly fetch manifest zimmerframe@^1.1.2
350 silly packumentCache full:https://registry.npmmirror.com/zimmerframe cache-miss
351 silly fetch manifest @oslojs/encoding@^1.1.0
352 silly packumentCache full:https://registry.npmmirror.com/@oslojs%2fencoding cache-miss
353 silly fetch manifest @rollup/pluginutils@^5.3.0
354 silly packumentCache full:https://registry.npmmirror.com/@rollup%2fpluginutils cache-miss
355 silly fetch manifest acorn@^8.15.0
356 silly packumentCache full:https://registry.npmmirror.com/acorn cache-miss
357 silly fetch manifest aria-query@^5.3.2
358 silly packumentCache full:https://registry.npmmirror.com/aria-query cache-miss
359 silly fetch manifest axobject-query@^4.1.0
360 silly packumentCache full:https://registry.npmmirror.com/axobject-query cache-miss
361 silly fetch manifest boxen@8.0.1
362 silly packumentCache full:https://registry.npmmirror.com/boxen cache-miss
363 silly fetch manifest ci-info@^4.3.1
364 silly packumentCache full:https://registry.npmmirror.com/ci-info cache-miss
365 silly fetch manifest clsx@^2.1.1
366 silly packumentCache full:https://registry.npmmirror.com/clsx cache-miss
367 silly fetch manifest common-ancestor-path@^1.0.1
368 silly packumentCache full:https://registry.npmmirror.com/common-ancestor-path cache-miss
369 silly fetch manifest cookie@^1.0.2
370 silly packumentCache full:https://registry.npmmirror.com/cookie cache-miss
371 silly fetch manifest cssesc@^3.0.0
372 silly packumentCache full:https://registry.npmmirror.com/cssesc cache-miss
373 silly fetch manifest debug@^4.4.3
374 silly packumentCache full:https://registry.npmmirror.com/debug cache-miss
375 silly fetch manifest deterministic-object-hash@^2.0.2
376 silly packumentCache full:https://registry.npmmirror.com/deterministic-object-hash cache-miss
377 silly fetch manifest devalue@^5.4.2
378 silly packumentCache full:https://registry.npmmirror.com/devalue cache-miss
379 http cache https://registry.npmmirror.com/@sveltejs%2fvite-plugin-svelte 76ms (cache hit)
380 silly packumentCache full:https://registry.npmmirror.com/@sveltejs%2fvite-plugin-svelte set size:402315 disposed:false
381 silly fetch manifest diff@^5.2.0
382 silly packumentCache full:https://registry.npmmirror.com/diff cache-miss
383 http cache https://registry.npmmirror.com/@types%2festree 81ms (cache hit)
384 silly packumentCache full:https://registry.npmmirror.com/@types%2festree set size:63744 disposed:false
385 silly fetch manifest dlv@^1.1.3
386 silly packumentCache full:https://registry.npmmirror.com/dlv cache-miss
387 http cache https://registry.npmmirror.com/@sveltejs%2facorn-typescript 83ms (cache hit)
388 silly packumentCache full:https://registry.npmmirror.com/@sveltejs%2facorn-typescript set size:24293 disposed:false
389 silly fetch manifest dset@^3.1.4
390 silly packumentCache full:https://registry.npmmirror.com/dset cache-miss
391 http cache https://registry.npmmirror.com/@jridgewell%2fsourcemap-codec 86ms (cache hit)
392 silly packumentCache full:https://registry.npmmirror.com/@jridgewell%2fsourcemap-codec set size:60175 disposed:false
393 silly fetch manifest es-module-lexer@^1.7.0
394 silly packumentCache full:https://registry.npmmirror.com/es-module-lexer cache-miss
395 http cache https://registry.npmmirror.com/acorn 91ms (cache hit)
396 silly packumentCache full:https://registry.npmmirror.com/acorn set size:323895 disposed:false
397 silly fetch manifest esbuild@^0.25.0
398 silly packumentCache full:https://registry.npmmirror.com/esbuild cache-miss
399 http cache https://registry.npmmirror.com/svelte2tsx 96ms (cache hit)
400 silly packumentCache full:https://registry.npmmirror.com/svelte2tsx set size:756570 disposed:false
401 silly fetch manifest estree-walker@^3.0.3
402 silly packumentCache full:https://registry.npmmirror.com/estree-walker cache-miss
403 http cache https://registry.npmmirror.com/@jridgewell%2fremapping 101ms (cache hit)
404 silly packumentCache full:https://registry.npmmirror.com/@jridgewell%2fremapping set size:24472 disposed:false
405 silly fetch manifest flattie@^1.1.1
406 silly packumentCache full:https://registry.npmmirror.com/flattie cache-miss
407 http cache https://registry.npmmirror.com/axobject-query 101ms (cache hit)
408 silly packumentCache full:https://registry.npmmirror.com/axobject-query set size:70993 disposed:false
409 silly fetch manifest fontace@~0.3.1
410 silly packumentCache full:https://registry.npmmirror.com/fontace cache-miss
411 http cache https://registry.npmmirror.com/esrap 101ms (cache hit)
412 silly packumentCache full:https://registry.npmmirror.com/esrap set size:78034 disposed:false
413 silly fetch manifest github-slugger@^2.0.0
414 silly packumentCache full:https://registry.npmmirror.com/github-slugger cache-miss
415 http cache https://registry.npmmirror.com/clsx 103ms (cache hit)
416 silly packumentCache full:https://registry.npmmirror.com/clsx set size:32436 disposed:false
417 silly fetch manifest html-escaper@3.0.3
418 silly packumentCache full:https://registry.npmmirror.com/html-escaper cache-miss
419 http cache https://registry.npmmirror.com/@oslojs%2fencoding 103ms (cache hit)
420 silly packumentCache full:https://registry.npmmirror.com/@oslojs%2fencoding set size:17056 disposed:false
421 silly fetch manifest http-cache-semantics@^4.2.0
422 silly packumentCache full:https://registry.npmmirror.com/http-cache-semantics cache-miss
423 http cache https://registry.npmmirror.com/esm-env 104ms (cache hit)
424 silly packumentCache full:https://registry.npmmirror.com/esm-env set size:20515 disposed:false
425 silly fetch manifest import-meta-resolve@^4.2.0
426 silly packumentCache full:https://registry.npmmirror.com/import-meta-resolve cache-miss
427 http cache https://registry.npmmirror.com/@rollup%2fpluginutils 103ms (cache hit)
428 silly packumentCache full:https://registry.npmmirror.com/@rollup%2fpluginutils set size:103740 disposed:false
429 silly fetch manifest js-yaml@^4.1.0
430 silly packumentCache full:https://registry.npmmirror.com/js-yaml cache-miss
431 http cache https://registry.npmmirror.com/acorn 105ms (cache hit)
432 silly packumentCache full:https://registry.npmmirror.com/acorn set size:323895 disposed:false
433 silly packumentCache full:https://registry.npmmirror.com/acorn dispose
434 silly fetch manifest magic-string@^0.30.21
435 silly packumentCache full:https://registry.npmmirror.com/magic-string cache-miss
436 http cache https://registry.npmmirror.com/zimmerframe 109ms (cache hit)
437 silly packumentCache full:https://registry.npmmirror.com/zimmerframe set size:42033 disposed:false
438 silly fetch manifest magicast@^0.5.1
439 silly packumentCache full:https://registry.npmmirror.com/magicast cache-miss
440 http cache https://registry.npmmirror.com/axobject-query 108ms (cache hit)
441 silly packumentCache full:https://registry.npmmirror.com/axobject-query set size:70993 disposed:false
442 silly packumentCache full:https://registry.npmmirror.com/axobject-query dispose
443 silly fetch manifest mrmime@^2.0.1
444 silly packumentCache full:https://registry.npmmirror.com/mrmime cache-miss
445 http cache https://registry.npmmirror.com/magic-string 111ms (cache hit)
446 silly packumentCache full:https://registry.npmmirror.com/magic-string set size:327576 disposed:false
447 silly fetch manifest neotraverse@^0.6.18
448 silly packumentCache full:https://registry.npmmirror.com/neotraverse cache-miss
449 http cache https://registry.npmmirror.com/aria-query 114ms (cache hit)
450 silly packumentCache full:https://registry.npmmirror.com/aria-query set size:92008 disposed:false
451 silly fetch manifest p-limit@^6.2.0
452 silly packumentCache full:https://registry.npmmirror.com/p-limit cache-miss
453 http cache https://registry.npmmirror.com/aria-query 113ms (cache hit)
454 silly packumentCache full:https://registry.npmmirror.com/aria-query set size:92008 disposed:false
455 silly packumentCache full:https://registry.npmmirror.com/aria-query dispose
456 silly fetch manifest p-queue@^8.1.1
457 silly packumentCache full:https://registry.npmmirror.com/p-queue cache-miss
458 http cache https://registry.npmmirror.com/is-reference 115ms (cache hit)
459 silly packumentCache full:https://registry.npmmirror.com/is-reference set size:27936 disposed:false
460 silly fetch manifest package-manager-detector@^1.5.0
461 silly packumentCache full:https://registry.npmmirror.com/package-manager-detector cache-miss
462 http cache https://registry.npmmirror.com/clsx 115ms (cache hit)
463 silly packumentCache full:https://registry.npmmirror.com/clsx set size:32436 disposed:false
464 silly packumentCache full:https://registry.npmmirror.com/clsx dispose
465 silly fetch manifest picocolors@^1.1.1
466 silly packumentCache full:https://registry.npmmirror.com/picocolors cache-miss
467 http cache https://registry.npmmirror.com/common-ancestor-path 114ms (cache hit)
468 silly packumentCache full:https://registry.npmmirror.com/common-ancestor-path set size:4382 disposed:false
469 silly fetch manifest picomatch@^4.0.3
470 silly packumentCache full:https://registry.npmmirror.com/picomatch cache-miss
471 http cache https://registry.npmmirror.com/boxen 116ms (cache hit)
472 silly packumentCache full:https://registry.npmmirror.com/boxen set size:82847 disposed:false
473 silly fetch manifest prompts@^2.4.2
474 silly packumentCache full:https://registry.npmmirror.com/prompts cache-miss
475 http cache https://registry.npmmirror.com/ci-info 118ms (cache hit)
476 silly packumentCache full:https://registry.npmmirror.com/ci-info set size:78246 disposed:false
477 silly fetch manifest rehype@^13.0.2
478 silly packumentCache full:https://registry.npmmirror.com/rehype cache-miss
479 http cache https://registry.npmmirror.com/cookie 118ms (cache hit)
480 silly packumentCache full:https://registry.npmmirror.com/cookie set size:64889 disposed:false
481 silly fetch manifest semver@^7.7.3
482 silly packumentCache full:https://registry.npmmirror.com/semver cache-miss
483 http cache https://registry.npmmirror.com/cssesc 119ms (cache hit)
484 silly packumentCache full:https://registry.npmmirror.com/cssesc set size:16783 disposed:false
485 silly fetch manifest shiki@^3.15.0
486 silly packumentCache full:https://registry.npmmirror.com/shiki cache-miss
487 http cache https://registry.npmmirror.com/locate-character 122ms (cache hit)
488 silly packumentCache full:https://registry.npmmirror.com/locate-character set size:17032 disposed:false
489 silly fetch manifest smol-toml@^1.4.2
490 silly packumentCache full:https://registry.npmmirror.com/smol-toml cache-miss
491 http cache https://registry.npmmirror.com/vite 174ms (cache hit)
492 silly packumentCache full:https://registry.npmmirror.com/vite set size:38426241 disposed:false
493 silly fetch manifest tinyexec@^1.0.2
494 silly packumentCache full:https://registry.npmmirror.com/tinyexec cache-miss
495 http cache https://registry.npmmirror.com/deterministic-object-hash 312ms (cache hit)
496 silly packumentCache full:https://registry.npmmirror.com/deterministic-object-hash set size:26060 disposed:false
497 silly fetch manifest tinyglobby@^0.2.15
498 silly packumentCache full:https://registry.npmmirror.com/tinyglobby cache-miss
499 http cache https://registry.npmmirror.com/debug 313ms (cache hit)
500 silly packumentCache full:https://registry.npmmirror.com/debug set size:163683 disposed:false
501 silly fetch manifest tsconfck@^3.1.6
502 silly packumentCache full:https://registry.npmmirror.com/tsconfck cache-miss
503 http cache https://registry.npmmirror.com/devalue 316ms (cache hit)
504 silly packumentCache full:https://registry.npmmirror.com/devalue set size:85759 disposed:false
505 silly fetch manifest ultrahtml@^1.6.0
506 silly packumentCache full:https://registry.npmmirror.com/ultrahtml cache-miss
507 http cache https://registry.npmmirror.com/diff 307ms (cache hit)
508 silly packumentCache full:https://registry.npmmirror.com/diff set size:144999 disposed:false
509 silly fetch manifest unifont@~0.6.0
510 silly packumentCache full:https://registry.npmmirror.com/unifont cache-miss
511 http cache https://registry.npmmirror.com/es-module-lexer 303ms (cache hit)
512 silly packumentCache full:https://registry.npmmirror.com/es-module-lexer set size:163339 disposed:false
513 silly fetch manifest unstorage@^1.17.2
514 silly packumentCache full:https://registry.npmmirror.com/unstorage cache-miss
515 http cache https://registry.npmmirror.com/flattie 291ms (cache hit)
516 silly packumentCache full:https://registry.npmmirror.com/flattie set size:11015 disposed:false
517 silly fetch manifest vfile@^6.0.3
518 silly packumentCache full:https://registry.npmmirror.com/vfile cache-miss
519 http cache https://registry.npmmirror.com/dset 309ms (cache hit)
520 silly packumentCache full:https://registry.npmmirror.com/dset set size:27734 disposed:false
521 silly fetch manifest vitefu@^1.1.1
522 silly packumentCache full:https://registry.npmmirror.com/vitefu cache-miss
523 http cache https://registry.npmmirror.com/dlv 312ms (cache hit)
524 silly packumentCache full:https://registry.npmmirror.com/dlv set size:14677 disposed:false
525 silly fetch manifest xxhash-wasm@^1.1.0
526 silly packumentCache full:https://registry.npmmirror.com/xxhash-wasm cache-miss
527 http cache https://registry.npmmirror.com/fontace 292ms (cache hit)
528 silly packumentCache full:https://registry.npmmirror.com/fontace set size:19607 disposed:false
529 silly fetch manifest yargs-parser@^21.1.1
530 silly packumentCache full:https://registry.npmmirror.com/yargs-parser cache-miss
531 http cache https://registry.npmmirror.com/estree-walker 296ms (cache hit)
532 silly packumentCache full:https://registry.npmmirror.com/estree-walker set size:48127 disposed:false
533 silly fetch manifest yocto-spinner@^0.2.3
534 silly packumentCache full:https://registry.npmmirror.com/yocto-spinner cache-miss
535 http cache https://registry.npmmirror.com/github-slugger 294ms (cache hit)
536 silly packumentCache full:https://registry.npmmirror.com/github-slugger set size:28343 disposed:false
537 silly fetch manifest zod@^3.25.76
538 silly packumentCache full:https://registry.npmmirror.com/zod cache-miss
539 http cache https://registry.npmmirror.com/esbuild 305ms (cache hit)
540 silly packumentCache full:https://registry.npmmirror.com/esbuild set size:984091 disposed:false
541 silly fetch manifest zod-to-json-schema@^3.24.6
542 silly packumentCache full:https://registry.npmmirror.com/zod-to-json-schema cache-miss
543 http cache https://registry.npmmirror.com/neotraverse 313ms (cache hit)
544 silly packumentCache full:https://registry.npmmirror.com/neotraverse set size:57172 disposed:false
545 silly fetch manifest zod-to-ts@^1.2.0
546 silly packumentCache full:https://registry.npmmirror.com/zod-to-ts cache-miss
547 http cache https://registry.npmmirror.com/js-yaml 322ms (cache hit)
548 silly packumentCache full:https://registry.npmmirror.com/js-yaml set size:139947 disposed:false
549 silly fetch manifest sharp@^0.34.0
550 silly packumentCache full:https://registry.npmmirror.com/sharp cache-hit
551 silly fetch manifest @biomejs/cli-win32-x64@2.3.5
552 silly packumentCache full:https://registry.npmmirror.com/@biomejs%2fcli-win32-x64 cache-miss
553 http cache https://registry.npmmirror.com/magicast 320ms (cache hit)
554 silly packumentCache full:https://registry.npmmirror.com/magicast set size:80510 disposed:false
555 silly fetch manifest @biomejs/cli-win32-arm64@2.3.5
556 silly packumentCache full:https://registry.npmmirror.com/@biomejs%2fcli-win32-arm64 cache-miss
557 http cache https://registry.npmmirror.com/html-escaper 328ms (cache hit)
558 silly packumentCache full:https://registry.npmmirror.com/html-escaper set size:22977 disposed:false
559 silly fetch manifest @biomejs/cli-darwin-x64@2.3.5
560 silly packumentCache full:https://registry.npmmirror.com/@biomejs%2fcli-darwin-x64 cache-miss
561 http cache https://registry.npmmirror.com/import-meta-resolve 327ms (cache hit)
562 silly packumentCache full:https://registry.npmmirror.com/import-meta-resolve set size:77677 disposed:false
563 silly fetch manifest @biomejs/cli-darwin-arm64@2.3.5
564 silly packumentCache full:https://registry.npmmirror.com/@biomejs%2fcli-darwin-arm64 cache-miss
565 http cache https://registry.npmmirror.com/magic-string 325ms (cache hit)
566 silly packumentCache full:https://registry.npmmirror.com/magic-string set size:327576 disposed:false
567 silly packumentCache full:https://registry.npmmirror.com/magic-string dispose
568 silly fetch manifest @biomejs/cli-linux-x64@2.3.5
569 silly packumentCache full:https://registry.npmmirror.com/@biomejs%2fcli-linux-x64 cache-miss
570 http cache https://registry.npmmirror.com/picomatch 318ms (cache hit)
571 silly packumentCache full:https://registry.npmmirror.com/picomatch set size:99804 disposed:false
572 silly fetch manifest @biomejs/cli-linux-arm64@2.3.5
573 silly packumentCache full:https://registry.npmmirror.com/@biomejs%2fcli-linux-arm64 cache-miss
574 http cache https://registry.npmmirror.com/p-limit 322ms (cache hit)
575 silly packumentCache full:https://registry.npmmirror.com/p-limit set size:47786 disposed:false
576 silly fetch manifest @biomejs/cli-linux-x64-musl@2.3.5
577 silly packumentCache full:https://registry.npmmirror.com/@biomejs%2fcli-linux-x64-musl cache-miss
578 http cache https://registry.npmmirror.com/package-manager-detector 322ms (cache hit)
579 silly packumentCache full:https://registry.npmmirror.com/package-manager-detector set size:66406 disposed:false
580 silly fetch manifest @biomejs/cli-linux-arm64-musl@2.3.5
581 silly packumentCache full:https://registry.npmmirror.com/@biomejs%2fcli-linux-arm64-musl cache-miss
582 http cache https://registry.npmmirror.com/http-cache-semantics 335ms (cache hit)
583 silly packumentCache full:https://registry.npmmirror.com/http-cache-semantics set size:60778 disposed:false
584 silly fetch manifest hast-util-select@^6.0.2
585 silly packumentCache full:https://registry.npmmirror.com/hast-util-select cache-miss
586 http cache https://registry.npmmirror.com/p-queue 324ms (cache hit)
587 silly packumentCache full:https://registry.npmmirror.com/p-queue set size:138379 disposed:false
588 silly fetch manifest hast-util-to-html@^9.0.1
589 silly packumentCache full:https://registry.npmmirror.com/hast-util-to-html cache-miss
590 http cache https://registry.npmmirror.com/picocolors 325ms (cache hit)
591 silly packumentCache full:https://registry.npmmirror.com/picocolors set size:15692 disposed:false
592 silly fetch manifest hast-util-to-text@^4.0.1
593 silly packumentCache full:https://registry.npmmirror.com/hast-util-to-text cache-miss
594 http cache https://registry.npmmirror.com/mrmime 332ms (cache hit)
595 silly packumentCache full:https://registry.npmmirror.com/mrmime set size:16344 disposed:false
596 silly fetch manifest hastscript@^9.0.0
597 silly packumentCache full:https://registry.npmmirror.com/hastscript cache-hit
598 silly fetch manifest postcss@^8.4.38
599 silly packumentCache full:https://registry.npmmirror.com/postcss cache-hit
600 silly fetch manifest postcss-nested@^6.0.1
601 silly packumentCache full:https://registry.npmmirror.com/postcss-nested cache-miss
602 http cache https://registry.npmmirror.com/prompts 327ms (cache hit)
603 silly packumentCache full:https://registry.npmmirror.com/prompts set size:90529 disposed:false
604 silly fetch manifest unist-util-visit-parents@^6.0.1
605 silly packumentCache full:https://registry.npmmirror.com/unist-util-visit-parents cache-miss
606 http cache https://registry.npmmirror.com/semver 326ms (cache hit)
607 silly packumentCache full:https://registry.npmmirror.com/semver set size:201579 disposed:false
608 silly fetch manifest @iconify/types@*
609 silly packumentCache full:https://registry.npmmirror.com/@iconify%2ftypes cache-miss
610 http cache https://registry.npmmirror.com/rehype 330ms (cache hit)
611 silly packumentCache full:https://registry.npmmirror.com/rehype set size:43789 disposed:false
612 silly fetch manifest @iconify/types@*
613 silly packumentCache full:https://registry.npmmirror.com/@iconify%2ftypes cache-miss
614 http cache https://registry.npmmirror.com/shiki 328ms (cache hit)
615 silly packumentCache full:https://registry.npmmirror.com/shiki set size:553385 disposed:false
616 silly fetch manifest @iconify/types@*
617 silly packumentCache full:https://registry.npmmirror.com/@iconify%2ftypes cache-miss
618 http cache https://registry.npmmirror.com/smol-toml 332ms (cache hit)
619 silly packumentCache full:https://registry.npmmirror.com/smol-toml set size:64261 disposed:false
620 silly fetch manifest @iconify/types@*
621 silly packumentCache full:https://registry.npmmirror.com/@iconify%2ftypes cache-miss
622 http cache https://registry.npmmirror.com/tinyglobby 142ms (cache hit)
623 silly packumentCache full:https://registry.npmmirror.com/tinyglobby set size:52303 disposed:false
624 silly fetch manifest @iconify/types@*
625 silly packumentCache full:https://registry.npmmirror.com/@iconify%2ftypes cache-miss
626 http cache https://registry.npmmirror.com/tinyexec 144ms (cache hit)
627 silly packumentCache full:https://registry.npmmirror.com/tinyexec set size:40431 disposed:false
628 silly fetch manifest @iconify/types@*
629 silly packumentCache full:https://registry.npmmirror.com/@iconify%2ftypes cache-miss
630 http cache https://registry.npmmirror.com/ultrahtml 140ms (cache hit)
631 silly packumentCache full:https://registry.npmmirror.com/ultrahtml set size:122031 disposed:false
632 silly fetch manifest @iconify/types@^2.0.0
633 silly packumentCache full:https://registry.npmmirror.com/@iconify%2ftypes cache-miss
634 http cache https://registry.npmmirror.com/tsconfck 144ms (cache hit)
635 silly packumentCache full:https://registry.npmmirror.com/tsconfck set size:172221 disposed:false
636 silly fetch manifest @rollup/pluginutils@^5.0.1
637 silly packumentCache full:https://registry.npmmirror.com/@rollup%2fpluginutils cache-hit
638 silly fetch manifest tosource@^2.0.0-alpha.3
639 silly packumentCache full:https://registry.npmmirror.com/tosource cache-miss
640 http cache https://registry.npmmirror.com/vfile 138ms (cache hit)
641 silly packumentCache full:https://registry.npmmirror.com/vfile set size:159142 disposed:false
642 silly fetch manifest @swup/a11y-plugin@^5.0.0
643 silly packumentCache full:https://registry.npmmirror.com/@swup%2fa11y-plugin cache-miss
644 http cache https://registry.npmmirror.com/unifont 143ms (cache hit)
645 silly packumentCache full:https://registry.npmmirror.com/unifont set size:45036 disposed:false
646 silly fetch manifest @swup/body-class-plugin@^3.0.0
647 silly packumentCache full:https://registry.npmmirror.com/@swup%2fbody-class-plugin cache-miss
648 http cache https://registry.npmmirror.com/unstorage 142ms (cache hit)
649 silly packumentCache full:https://registry.npmmirror.com/unstorage set size:310628 disposed:false
650 silly fetch manifest @swup/debug-plugin@^4.0.0
651 silly packumentCache full:https://registry.npmmirror.com/@swup%2fdebug-plugin cache-miss
652 http cache https://registry.npmmirror.com/yargs-parser 142ms (cache hit)
653 silly packumentCache full:https://registry.npmmirror.com/yargs-parser set size:193344 disposed:false
654 silly fetch manifest @swup/fade-theme@^2.0.0
655 silly packumentCache full:https://registry.npmmirror.com/@swup%2ffade-theme cache-miss
656 http cache https://registry.npmmirror.com/xxhash-wasm 145ms (cache hit)
657 silly packumentCache full:https://registry.npmmirror.com/xxhash-wasm set size:46881 disposed:false
658 silly fetch manifest @swup/forms-plugin@^3.0.0
659 silly packumentCache full:https://registry.npmmirror.com/@swup%2fforms-plugin cache-miss
660 http cache https://registry.npmmirror.com/vitefu 147ms (cache hit)
661 silly packumentCache full:https://registry.npmmirror.com/vitefu set size:45140 disposed:false
662 silly fetch manifest @swup/fragment-plugin@^1.1.2
663 silly packumentCache full:https://registry.npmmirror.com/@swup%2ffragment-plugin cache-miss
664 http cache https://registry.npmmirror.com/yocto-spinner 145ms (cache hit)
665 silly packumentCache full:https://registry.npmmirror.com/yocto-spinner set size:22627 disposed:false
666 silly fetch manifest @swup/head-plugin@^2.0.0
667 silly packumentCache full:https://registry.npmmirror.com/@swup%2fhead-plugin cache-miss
668 http cache https://registry.npmmirror.com/zod-to-json-schema 116ms (cache hit)
669 silly packumentCache full:https://registry.npmmirror.com/zod-to-json-schema set size:293818 disposed:false
670 silly fetch manifest @swup/overlay-theme@^2.0.0
671 silly packumentCache full:https://registry.npmmirror.com/@swup%2foverlay-theme cache-miss
672 http cache https://registry.npmmirror.com/zod-to-ts 116ms (cache hit)
673 silly packumentCache full:https://registry.npmmirror.com/zod-to-ts set size:49691 disposed:false
674 silly fetch manifest @swup/parallel-plugin@^0.4.0
675 silly packumentCache full:https://registry.npmmirror.com/@swup%2fparallel-plugin cache-miss
676 http cache https://registry.npmmirror.com/zod 153ms (cache hit)
677 silly packumentCache full:https://registry.npmmirror.com/zod set size:3119557 disposed:false
678 silly fetch manifest @swup/preload-plugin@^3.0.0
679 silly packumentCache full:https://registry.npmmirror.com/@swup%2fpreload-plugin cache-miss
680 http cache https://registry.npmmirror.com/@biomejs%2fcli-win32-x64 151ms (cache hit)
681 silly packumentCache full:https://registry.npmmirror.com/@biomejs%2fcli-win32-x64 set size:195628 disposed:false
682 silly fetch manifest @swup/progress-plugin@^3.0.0
683 silly packumentCache full:https://registry.npmmirror.com/@swup%2fprogress-plugin cache-miss
684 http cache https://registry.npmmirror.com/@biomejs%2fcli-darwin-x64 151ms (cache hit)
685 silly packumentCache full:https://registry.npmmirror.com/@biomejs%2fcli-darwin-x64 set size:196363 disposed:false
686 silly fetch manifest @swup/route-name-plugin@^4.0.0
687 silly packumentCache full:https://registry.npmmirror.com/@swup%2froute-name-plugin cache-miss
688 http cache https://registry.npmmirror.com/@biomejs%2fcli-win32-arm64 153ms (cache hit)
689 silly packumentCache full:https://registry.npmmirror.com/@biomejs%2fcli-win32-arm64 set size:197114 disposed:false
690 silly fetch manifest @swup/scripts-plugin@^2.0.0
691 silly packumentCache full:https://registry.npmmirror.com/@swup%2fscripts-plugin cache-miss
692 http cache https://registry.npmmirror.com/@biomejs%2fcli-linux-arm64 149ms (cache hit)
693 silly packumentCache full:https://registry.npmmirror.com/@biomejs%2fcli-linux-arm64 set size:198493 disposed:false
694 silly fetch manifest @swup/scroll-plugin@^3.0.0
695 silly packumentCache full:https://registry.npmmirror.com/@swup%2fscroll-plugin cache-miss
696 http cache https://registry.npmmirror.com/@biomejs%2fcli-linux-x64 152ms (cache hit)
697 silly packumentCache full:https://registry.npmmirror.com/@biomejs%2fcli-linux-x64 set size:196988 disposed:false
698 silly fetch manifest @swup/slide-theme@^2.0.0
699 silly packumentCache full:https://registry.npmmirror.com/@swup%2fslide-theme cache-miss
700 http cache https://registry.npmmirror.com/@biomejs%2fcli-linux-arm64-musl 151ms (cache hit)
701 silly packumentCache full:https://registry.npmmirror.com/@biomejs%2fcli-linux-arm64-musl set size:156017 disposed:false
702 silly fetch manifest swup@^4.0.0
703 silly packumentCache full:https://registry.npmmirror.com/swup cache-miss
704 http cache https://registry.npmmirror.com/hast-util-to-html 150ms (cache hit)
705 silly packumentCache full:https://registry.npmmirror.com/hast-util-to-html set size:108575 disposed:false
706 silly fetch manifest swup-morph-plugin@^1.0.0
707 silly packumentCache full:https://registry.npmmirror.com/swup-morph-plugin cache-miss
708 http cache https://registry.npmmirror.com/@biomejs%2fcli-darwin-arm64 161ms (cache hit)
709 silly packumentCache full:https://registry.npmmirror.com/@biomejs%2fcli-darwin-arm64 set size:197855 disposed:false
710 silly fetch manifest postcss-selector-parser@6.0.10
711 silly packumentCache full:https://registry.npmmirror.com/postcss-selector-parser cache-miss
712 http cache https://registry.npmmirror.com/@biomejs%2fcli-linux-x64-musl 157ms (cache hit)
713 silly packumentCache full:https://registry.npmmirror.com/@biomejs%2fcli-linux-x64-musl set size:154879 disposed:false
714 silly fetch manifest arg@^5.0.2
715 silly packumentCache full:https://registry.npmmirror.com/arg cache-miss
716 http cache https://registry.npmmirror.com/hast-util-to-text 154ms (cache hit)
717 silly packumentCache full:https://registry.npmmirror.com/hast-util-to-text set size:42036 disposed:false
718 silly fetch manifest chokidar@^3.6.0
719 silly packumentCache full:https://registry.npmmirror.com/chokidar cache-miss
720 http cache https://registry.npmmirror.com/hast-util-select 158ms (cache hit)
721 silly packumentCache full:https://registry.npmmirror.com/hast-util-select set size:84754 disposed:false
722 silly fetch manifest didyoumean@^1.2.2
723 silly packumentCache full:https://registry.npmmirror.com/didyoumean cache-miss
724 http cache https://registry.npmmirror.com/postcss-nested 156ms (cache hit)
725 silly packumentCache full:https://registry.npmmirror.com/postcss-nested set size:64899 disposed:false
726 silly fetch manifest fast-glob@^3.3.2
727 silly packumentCache full:https://registry.npmmirror.com/fast-glob cache-miss
728 http cache https://registry.npmmirror.com/@iconify%2ftypes 151ms (cache hit)
729 silly packumentCache full:https://registry.npmmirror.com/@iconify%2ftypes set size:52246 disposed:false
730 silly fetch manifest glob-parent@^6.0.2
731 silly packumentCache full:https://registry.npmmirror.com/glob-parent cache-miss
732 http cache https://registry.npmmirror.com/@iconify%2ftypes 152ms (cache hit)
733 silly packumentCache full:https://registry.npmmirror.com/@iconify%2ftypes set size:52246 disposed:false
734 silly packumentCache full:https://registry.npmmirror.com/@iconify%2ftypes dispose
735 silly fetch manifest is-glob@^4.0.3
736 silly packumentCache full:https://registry.npmmirror.com/is-glob cache-miss
737 http cache https://registry.npmmirror.com/unist-util-visit-parents 156ms (cache hit)
738 silly packumentCache full:https://registry.npmmirror.com/unist-util-visit-parents set size:88882 disposed:false
739 silly fetch manifest jiti@^1.21.7
740 silly packumentCache full:https://registry.npmmirror.com/jiti cache-miss
741 http cache https://registry.npmmirror.com/@iconify%2ftypes 149ms (cache hit)
742 silly packumentCache full:https://registry.npmmirror.com/@iconify%2ftypes set size:52246 disposed:true
743 silly packumentCache full:https://registry.npmmirror.com/@iconify%2ftypes dispose
744 silly fetch manifest lilconfig@^3.1.3
745 silly packumentCache full:https://registry.npmmirror.com/lilconfig cache-miss
746 http cache https://registry.npmmirror.com/@iconify%2ftypes 152ms (cache hit)
747 silly packumentCache full:https://registry.npmmirror.com/@iconify%2ftypes set size:52246 disposed:true
748 silly packumentCache full:https://registry.npmmirror.com/@iconify%2ftypes dispose
749 silly fetch manifest micromatch@^4.0.8
750 silly packumentCache full:https://registry.npmmirror.com/micromatch cache-miss
751 http cache https://registry.npmmirror.com/@iconify%2ftypes 152ms (cache hit)
752 silly packumentCache full:https://registry.npmmirror.com/@iconify%2ftypes set size:52246 disposed:true
753 silly packumentCache full:https://registry.npmmirror.com/@iconify%2ftypes dispose
754 silly fetch manifest normalize-path@^3.0.0
755 silly packumentCache full:https://registry.npmmirror.com/normalize-path cache-miss
756 http cache https://registry.npmmirror.com/@iconify%2ftypes 152ms (cache hit)
757 silly packumentCache full:https://registry.npmmirror.com/@iconify%2ftypes set size:52246 disposed:true
758 silly packumentCache full:https://registry.npmmirror.com/@iconify%2ftypes dispose
759 silly fetch manifest object-hash@^3.0.0
760 silly packumentCache full:https://registry.npmmirror.com/object-hash cache-miss
761 http cache https://registry.npmmirror.com/@iconify%2ftypes 151ms (cache hit)
762 silly packumentCache full:https://registry.npmmirror.com/@iconify%2ftypes set size:52246 disposed:true
763 silly packumentCache full:https://registry.npmmirror.com/@iconify%2ftypes dispose
764 silly fetch manifest postcss@^8.4.47
765 silly packumentCache full:https://registry.npmmirror.com/postcss cache-hit
766 silly fetch manifest postcss-import@^15.1.0
767 silly packumentCache full:https://registry.npmmirror.com/postcss-import cache-hit
768 silly fetch manifest postcss-js@^4.0.1
769 silly packumentCache full:https://registry.npmmirror.com/postcss-js cache-miss
770 http cache https://registry.npmmirror.com/tosource 151ms (cache hit)
771 silly packumentCache full:https://registry.npmmirror.com/tosource set size:16305 disposed:false
772 silly fetch manifest postcss-load-config@^4.0.2 || ^5.0 || ^6.0
773 silly packumentCache full:https://registry.npmmirror.com/postcss-load-config cache-miss
774 http cache https://registry.npmmirror.com/@swup%2fbody-class-plugin 141ms (cache hit)
775 silly packumentCache full:https://registry.npmmirror.com/@swup%2fbody-class-plugin set size:27788 disposed:false
776 silly fetch manifest postcss-nested@^6.2.0
777 silly packumentCache full:https://registry.npmmirror.com/postcss-nested cache-hit
778 silly fetch manifest postcss-selector-parser@^6.1.2
779 silly packumentCache full:https://registry.npmmirror.com/postcss-selector-parser cache-miss
780 http cache https://registry.npmmirror.com/@swup%2fa11y-plugin 144ms (cache hit)
781 silly packumentCache full:https://registry.npmmirror.com/@swup%2fa11y-plugin set size:50717 disposed:false
782 silly fetch manifest resolve@^1.22.8
783 silly packumentCache full:https://registry.npmmirror.com/resolve cache-miss
784 http cache https://registry.npmmirror.com/@swup%2fdebug-plugin 140ms (cache hit)
785 silly packumentCache full:https://registry.npmmirror.com/@swup%2fdebug-plugin set size:32488 disposed:false
786 silly fetch manifest sucrase@^3.35.0
787 silly packumentCache full:https://registry.npmmirror.com/sucrase cache-miss
788 http cache https://registry.npmmirror.com/@swup%2fforms-plugin 138ms (cache hit)
789 silly packumentCache full:https://registry.npmmirror.com/@swup%2fforms-plugin set size:56954 disposed:false
790 silly fetch manifest @types/unist@*
791 silly packumentCache full:https://registry.npmmirror.com/@types%2funist cache-miss
792 http cache https://registry.npmmirror.com/@swup%2ffade-theme 139ms (cache hit)
793 silly packumentCache full:https://registry.npmmirror.com/@swup%2ffade-theme set size:23103 disposed:false
794 silly fetch manifest @types/mdurl@^2
795 silly packumentCache full:https://registry.npmmirror.com/@types%2fmdurl cache-miss
796 http cache https://registry.npmmirror.com/@swup%2foverlay-theme 135ms (cache hit)
797 silly packumentCache full:https://registry.npmmirror.com/@swup%2foverlay-theme set size:28877 disposed:false
798 silly fetch manifest @types/linkify-it@^5
799 silly packumentCache full:https://registry.npmmirror.com/@types%2flinkify-it cache-miss
800 http cache https://registry.npmmirror.com/@swup%2ffragment-plugin 139ms (cache hit)
801 silly packumentCache full:https://registry.npmmirror.com/@swup%2ffragment-plugin set size:128592 disposed:false
802 silly fetch manifest @types/unist@*
803 silly packumentCache full:https://registry.npmmirror.com/@types%2funist cache-miss
804 http cache https://registry.npmmirror.com/@swup%2fparallel-plugin 137ms (cache hit)
805 silly packumentCache full:https://registry.npmmirror.com/@swup%2fparallel-plugin set size:31801 disposed:false
806 silly fetch manifest htmlparser2@^8.0.0
807 silly packumentCache full:https://registry.npmmirror.com/htmlparser2 cache-miss
808 http cache https://registry.npmmirror.com/@swup%2fhead-plugin 142ms (cache hit)
809 silly packumentCache full:https://registry.npmmirror.com/@swup%2fhead-plugin set size:42002 disposed:false
810 silly fetch manifest rehype-expressive-code@^0.41.3
811 silly packumentCache full:https://registry.npmmirror.com/rehype-expressive-code cache-miss
812 http cache https://registry.npmmirror.com/@swup%2fscripts-plugin 98ms (cache hit)
813 silly packumentCache full:https://registry.npmmirror.com/@swup%2fscripts-plugin set size:15283 disposed:false
814 silly fetch manifest @iconify/tools@^4.0.5
815 silly packumentCache full:https://registry.npmmirror.com/@iconify%2ftools cache-miss
816 http cache https://registry.npmmirror.com/@swup%2fpreload-plugin 105ms (cache hit)
817 silly packumentCache full:https://registry.npmmirror.com/@swup%2fpreload-plugin set size:85770 disposed:false
818 silly fetch manifest @iconify/utils@^2.1.30
819 silly packumentCache full:https://registry.npmmirror.com/@iconify%2futils cache-miss
820 http cache https://registry.npmmirror.com/@swup%2fprogress-plugin 104ms (cache hit)
821 silly packumentCache full:https://registry.npmmirror.com/@swup%2fprogress-plugin set size:35424 disposed:false
822 silly fetch manifest @types/node@^12.20.55
823 silly packumentCache full:https://registry.npmmirror.com/@types%2fnode cache-miss
824 http cache https://registry.npmmirror.com/@swup%2froute-name-plugin 103ms (cache hit)
825 silly packumentCache full:https://registry.npmmirror.com/@swup%2froute-name-plugin set size:24427 disposed:false
826 silly fetch manifest @types/through2@^2.0.38
827 silly packumentCache full:https://registry.npmmirror.com/@types%2fthrough2 cache-miss
828 http cache https://registry.npmmirror.com/@swup%2fscroll-plugin 100ms (cache hit)
829 silly packumentCache full:https://registry.npmmirror.com/@swup%2fscroll-plugin set size:82926 disposed:false
830 silly fetch manifest b3b@^0.0.1
831 silly packumentCache full:https://registry.npmmirror.com/b3b cache-miss
832 http cache https://registry.npmmirror.com/@swup%2fslide-theme 100ms (cache hit)
833 silly packumentCache full:https://registry.npmmirror.com/@swup%2fslide-theme set size:22983 disposed:false
834 silly fetch manifest buffer-to-vinyl@^1.0.0
835 silly packumentCache full:https://registry.npmmirror.com/buffer-to-vinyl cache-miss
836 http cache https://registry.npmmirror.com/swup-morph-plugin 97ms (cache hit)
837 silly packumentCache full:https://registry.npmmirror.com/swup-morph-plugin set size:25590 disposed:false
838 silly fetch manifest code-points@^2.0.0-1
839 silly packumentCache full:https://registry.npmmirror.com/code-points cache-miss
840 http cache https://registry.npmmirror.com/swup 100ms (cache hit)
841 silly packumentCache full:https://registry.npmmirror.com/swup set size:452390 disposed:false
842 silly fetch manifest concat-stream@^2.0.0
843 silly packumentCache full:https://registry.npmmirror.com/concat-stream cache-miss
844 http cache https://registry.npmmirror.com/didyoumean 96ms (cache hit)
845 silly packumentCache full:https://registry.npmmirror.com/didyoumean set size:10415 disposed:false
846 silly fetch manifest fonteditor-core@~2.4.0
847 silly packumentCache full:https://registry.npmmirror.com/fonteditor-core cache-miss
848 http cache https://registry.npmmirror.com/arg 100ms (cache hit)
849 silly packumentCache full:https://registry.npmmirror.com/arg set size:72151 disposed:false
850 silly fetch manifest get-stdin@^8.0.0
851 silly packumentCache full:https://registry.npmmirror.com/get-stdin cache-miss
852 http cache https://registry.npmmirror.com/postcss-selector-parser 102ms (cache hit)
853 silly packumentCache full:https://registry.npmmirror.com/postcss-selector-parser set size:159232 disposed:false
854 silly fetch manifest is-otf@^0.1.2
855 silly packumentCache full:https://registry.npmmirror.com/is-otf cache-miss
856 http cache https://registry.npmmirror.com/glob-parent 97ms (cache hit)
857 silly packumentCache full:https://registry.npmmirror.com/glob-parent set size:34765 disposed:false
858 silly fetch manifest is-svg@^4.2.1
859 silly packumentCache full:https://registry.npmmirror.com/is-svg cache-miss
860 http cache https://registry.npmmirror.com/chokidar 102ms (cache hit)
861 silly packumentCache full:https://registry.npmmirror.com/chokidar set size:226064 disposed:false
862 silly fetch manifest is-ttf@^0.2.2
863 silly packumentCache full:https://registry.npmmirror.com/is-ttf cache-miss
864 http cache https://registry.npmmirror.com/fast-glob 104ms (cache hit)
865 silly packumentCache full:https://registry.npmmirror.com/fast-glob set size:194914 disposed:false
866 silly fetch manifest lodash@^4.17.10
867 silly packumentCache full:https://registry.npmmirror.com/lodash cache-miss
868 http cache https://registry.npmmirror.com/jiti 104ms (cache hit)
869 silly packumentCache full:https://registry.npmmirror.com/jiti set size:343421 disposed:false
870 silly fetch manifest meow@^9.0.0
871 silly packumentCache full:https://registry.npmmirror.com/meow cache-miss
872 http cache https://registry.npmmirror.com/is-glob 110ms (cache hit)
873 silly packumentCache full:https://registry.npmmirror.com/is-glob set size:39478 disposed:false
874 silly fetch manifest pako@^2.0.3
875 silly packumentCache full:https://registry.npmmirror.com/pako cache-miss
876 http cache https://registry.npmmirror.com/lilconfig 109ms (cache hit)
877 silly packumentCache full:https://registry.npmmirror.com/lilconfig set size:37564 disposed:false
878 silly fetch manifest replace-ext@^2.0.0
879 silly packumentCache full:https://registry.npmmirror.com/replace-ext cache-miss
880 http cache https://registry.npmmirror.com/micromatch 104ms (cache hit)
881 silly packumentCache full:https://registry.npmmirror.com/micromatch set size:240427 disposed:false
882 silly fetch manifest stream-combiner@^0.2.1
883 silly packumentCache full:https://registry.npmmirror.com/stream-combiner cache-miss
884 http cache https://registry.npmmirror.com/normalize-path 106ms (cache hit)
885 silly packumentCache full:https://registry.npmmirror.com/normalize-path set size:28480 disposed:false
886 silly fetch manifest through2@^4.0.2
887 silly packumentCache full:https://registry.npmmirror.com/through2 cache-miss
888 http cache https://registry.npmmirror.com/object-hash 108ms (cache hit)
889 silly packumentCache full:https://registry.npmmirror.com/object-hash set size:92882 disposed:false
890 silly fetch manifest ttf2woff2@^4.0.1
891 silly packumentCache full:https://registry.npmmirror.com/ttf2woff2 cache-miss
892 http cache https://registry.npmmirror.com/postcss-js 108ms (cache hit)
893 silly packumentCache full:https://registry.npmmirror.com/postcss-js set size:38171 disposed:false
894 silly fetch manifest vinyl-fs@^3.0.3
895 silly packumentCache full:https://registry.npmmirror.com/vinyl-fs cache-miss
896 http cache https://registry.npmmirror.com/postcss-load-config 108ms (cache hit)
897 silly packumentCache full:https://registry.npmmirror.com/postcss-load-config set size:80198 disposed:false
898 silly fetch manifest comma-separated-tokens@^2.0.0
899 silly packumentCache full:https://registry.npmmirror.com/comma-separated-tokens cache-miss
900 http cache https://registry.npmmirror.com/resolve 104ms (cache hit)
901 silly packumentCache full:https://registry.npmmirror.com/resolve set size:219321 disposed:false
902 silly fetch manifest hast-util-parse-selector@^4.0.0
903 silly packumentCache full:https://registry.npmmirror.com/hast-util-parse-selector cache-miss
904 http cache https://registry.npmmirror.com/postcss-selector-parser 107ms (cache hit)
905 silly packumentCache full:https://registry.npmmirror.com/postcss-selector-parser set size:159232 disposed:false
906 silly packumentCache full:https://registry.npmmirror.com/postcss-selector-parser dispose
907 silly fetch manifest property-information@^7.0.0
908 silly packumentCache full:https://registry.npmmirror.com/property-information cache-miss
909 http cache https://registry.npmmirror.com/@types%2fmdurl 106ms (cache hit)
910 silly packumentCache full:https://registry.npmmirror.com/@types%2fmdurl set size:11942 disposed:false
911 silly fetch manifest space-separated-tokens@^2.0.0
912 silly packumentCache full:https://registry.npmmirror.com/space-separated-tokens cache-miss
913 http cache https://registry.npmmirror.com/sucrase 110ms (cache hit)
914 silly packumentCache full:https://registry.npmmirror.com/sucrase set size:406813 disposed:false
915 silly fetch manifest commander@^8.3.0
916 silly packumentCache full:https://registry.npmmirror.com/commander cache-miss
917 http cache https://registry.npmmirror.com/@types%2funist 113ms (cache hit)
918 silly packumentCache full:https://registry.npmmirror.com/@types%2funist set size:34366 disposed:false
919 silly fetch manifest argparse@^2.0.1
920 silly packumentCache full:https://registry.npmmirror.com/argparse cache-miss
921 http cache https://registry.npmmirror.com/@types%2flinkify-it 112ms (cache hit)
922 silly packumentCache full:https://registry.npmmirror.com/@types%2flinkify-it set size:22751 disposed:false
923 silly fetch manifest entities@^4.4.0
924 silly packumentCache full:https://registry.npmmirror.com/entities cache-miss
925 http cache https://registry.npmmirror.com/@types%2funist 112ms (cache hit)
926 silly packumentCache full:https://registry.npmmirror.com/@types%2funist set size:34366 disposed:false
927 silly packumentCache full:https://registry.npmmirror.com/@types%2funist dispose
928 silly fetch manifest linkify-it@^5.0.0
929 silly packumentCache full:https://registry.npmmirror.com/linkify-it cache-miss
930 http cache https://registry.npmmirror.com/rehype-expressive-code 110ms (cache hit)
931 silly packumentCache full:https://registry.npmmirror.com/rehype-expressive-code set size:67123 disposed:false
932 silly fetch manifest mdurl@^2.0.0
933 silly packumentCache full:https://registry.npmmirror.com/mdurl cache-miss
934 http cache https://registry.npmmirror.com/htmlparser2 113ms (cache hit)
935 silly packumentCache full:https://registry.npmmirror.com/htmlparser2 set size:147906 disposed:false
936 silly fetch manifest punycode.js@^2.3.1
937 silly packumentCache full:https://registry.npmmirror.com/punycode.js cache-miss
938 http cache https://registry.npmmirror.com/@iconify%2ftools 118ms (cache hit)
939 silly packumentCache full:https://registry.npmmirror.com/@iconify%2ftools set size:1216479 disposed:false
940 silly fetch manifest uc.micro@^2.1.0
941 silly packumentCache full:https://registry.npmmirror.com/uc.micro cache-miss
942 http cache https://registry.npmmirror.com/@iconify%2futils 125ms (cache hit)
943 silly packumentCache full:https://registry.npmmirror.com/@iconify%2futils set size:882199 disposed:false
944 silly fetch manifest css-select@^5.1.0
945 silly packumentCache full:https://registry.npmmirror.com/css-select cache-miss
946 http cache https://registry.npmmirror.com/@types%2fthrough2 130ms (cache hit)
947 silly packumentCache full:https://registry.npmmirror.com/@types%2fthrough2 set size:52168 disposed:false
948 silly fetch manifest he@1.2.0
949 silly packumentCache full:https://registry.npmmirror.com/he cache-miss
950 http cache https://registry.npmmirror.com/code-points 128ms (cache hit)
951 silly packumentCache full:https://registry.npmmirror.com/code-points set size:17727 disposed:false
952 silly fetch manifest @pagefind/linux-x64@1.4.0
953 silly packumentCache full:https://registry.npmmirror.com/@pagefind%2flinux-x64 cache-miss
954 http cache https://registry.npmmirror.com/buffer-to-vinyl 129ms (cache hit)
955 silly packumentCache full:https://registry.npmmirror.com/buffer-to-vinyl set size:5750 disposed:false
956 silly fetch manifest @pagefind/linux-arm64@1.4.0
957 silly packumentCache full:https://registry.npmmirror.com/@pagefind%2flinux-arm64 cache-miss
958 http cache https://registry.npmmirror.com/b3b 130ms (cache hit)
959 silly packumentCache full:https://registry.npmmirror.com/b3b set size:3369 disposed:false
960 silly fetch manifest @pagefind/darwin-x64@1.4.0
961 silly packumentCache full:https://registry.npmmirror.com/@pagefind%2fdarwin-x64 cache-miss
962 http cache https://registry.npmmirror.com/concat-stream 126ms (cache hit)
963 silly packumentCache full:https://registry.npmmirror.com/concat-stream set size:60983 disposed:false
964 silly fetch manifest @pagefind/darwin-arm64@1.4.0
965 silly packumentCache full:https://registry.npmmirror.com/@pagefind%2fdarwin-arm64 cache-miss
966 http cache https://registry.npmmirror.com/get-stdin 124ms (cache hit)
967 silly packumentCache full:https://registry.npmmirror.com/get-stdin set size:22800 disposed:false
968 silly fetch manifest @pagefind/windows-x64@1.4.0
969 silly packumentCache full:https://registry.npmmirror.com/@pagefind%2fwindows-x64 cache-miss
970 http cache https://registry.npmmirror.com/@types%2fnode 148ms (cache hit)
971 silly packumentCache full:https://registry.npmmirror.com/@types%2fnode set size:9925431 disposed:false
972 silly fetch manifest @pagefind/freebsd-x64@1.4.0
973 silly packumentCache full:https://registry.npmmirror.com/@pagefind%2ffreebsd-x64 cache-miss
974 http cache https://registry.npmmirror.com/is-otf 212ms (cache hit)
975 silly packumentCache full:https://registry.npmmirror.com/is-otf set size:5156 disposed:false
976 silly fetch manifest postcss-value-parser@^4.0.0
977 silly packumentCache full:https://registry.npmmirror.com/postcss-value-parser cache-miss
978 http cache https://registry.npmmirror.com/fonteditor-core 216ms (cache hit)
979 silly packumentCache full:https://registry.npmmirror.com/fonteditor-core set size:180970 disposed:false
980 silly fetch manifest read-cache@^1.0.0
981 silly packumentCache full:https://registry.npmmirror.com/read-cache cache-miss
982 http cache https://registry.npmmirror.com/is-svg 214ms (cache hit)
983 silly packumentCache full:https://registry.npmmirror.com/is-svg set size:47097 disposed:false
984 silly fetch manifest resolve@^1.1.7
985 silly packumentCache full:https://registry.npmmirror.com/resolve cache-hit
986 silly fetch manifest nanoid@^3.3.11
987 silly packumentCache full:https://registry.npmmirror.com/nanoid cache-miss
988 http cache https://registry.npmmirror.com/is-ttf 211ms (cache hit)
989 silly packumentCache full:https://registry.npmmirror.com/is-ttf set size:7601 disposed:false
990 silly fetch manifest source-map-js@^1.2.1
991 silly packumentCache full:https://registry.npmmirror.com/source-map-js cache-miss
992 http cache https://registry.npmmirror.com/lodash 210ms (cache hit)
993 silly packumentCache full:https://registry.npmmirror.com/lodash set size:203686 disposed:false
994 silly fetch manifest postcss-selector-parser@^7.0.0
995 silly packumentCache full:https://registry.npmmirror.com/postcss-selector-parser cache-hit
996 silly fetch manifest @ungap/structured-clone@^1.0.0
997 silly packumentCache full:https://registry.npmmirror.com/@ungap%2fstructured-clone cache-miss
998 http cache https://registry.npmmirror.com/meow 212ms (cache hit)
999 silly packumentCache full:https://registry.npmmirror.com/meow set size:105483 disposed:false
1000 silly fetch manifest hast-util-heading-rank@^3.0.0
1001 silly packumentCache full:https://registry.npmmirror.com/hast-util-heading-rank cache-miss
1002 http cache https://registry.npmmirror.com/pako 214ms (cache hit)
1003 silly packumentCache full:https://registry.npmmirror.com/pako set size:76844 disposed:false
1004 silly fetch manifest hast-util-is-element@^3.0.0
1005 silly packumentCache full:https://registry.npmmirror.com/hast-util-is-element cache-miss
1006 http cache https://registry.npmmirror.com/replace-ext 214ms (cache hit)
1007 silly packumentCache full:https://registry.npmmirror.com/replace-ext set size:10393 disposed:false
1008 silly fetch manifest unified@^11.0.0
1009 silly packumentCache full:https://registry.npmmirror.com/unified cache-miss
1010 http cache https://registry.npmmirror.com/stream-combiner 212ms (cache hit)
1011 silly packumentCache full:https://registry.npmmirror.com/stream-combiner set size:13608 disposed:false
1012 silly fetch manifest hast-util-is-element@^3.0.0
1013 silly packumentCache full:https://registry.npmmirror.com/hast-util-is-element cache-miss
1014 http cache https://registry.npmmirror.com/through2 212ms (cache hit)
1015 silly packumentCache full:https://registry.npmmirror.com/through2 set size:63112 disposed:false
1016 silly fetch manifest @types/katex@^0.16.0
1017 silly packumentCache full:https://registry.npmmirror.com/@types%2fkatex cache-miss
1018 http cache https://registry.npmmirror.com/ttf2woff2 211ms (cache hit)
1019 silly packumentCache full:https://registry.npmmirror.com/ttf2woff2 set size:102447 disposed:false
1020 silly fetch manifest hast-util-from-html-isomorphic@^2.0.0
1021 silly packumentCache full:https://registry.npmmirror.com/hast-util-from-html-isomorphic cache-miss
1022 http cache https://registry.npmmirror.com/vinyl-fs 211ms (cache hit)
1023 silly packumentCache full:https://registry.npmmirror.com/vinyl-fs set size:110984 disposed:false
1024 silly fetch manifest hast-util-to-text@^4.0.0
1025 silly packumentCache full:https://registry.npmmirror.com/hast-util-to-text cache-hit
1026 silly fetch manifest unist-util-visit-parents@^6.0.0
1027 silly packumentCache full:https://registry.npmmirror.com/unist-util-visit-parents cache-hit
1028 silly fetch manifest vfile@^6.0.0
1029 silly packumentCache full:https://registry.npmmirror.com/vfile cache-hit
1030 silly fetch manifest hast-util-heading-rank@^3.0.0
1031 silly packumentCache full:https://registry.npmmirror.com/hast-util-heading-rank cache-miss
1032 http cache https://registry.npmmirror.com/comma-separated-tokens 212ms (cache hit)
1033 silly packumentCache full:https://registry.npmmirror.com/comma-separated-tokens set size:39065 disposed:false
1034 silly fetch manifest hast-util-to-string@^3.0.0
1035 silly packumentCache full:https://registry.npmmirror.com/hast-util-to-string cache-miss
1036 http cache https://registry.npmmirror.com/space-separated-tokens 202ms (cache hit)
1037 silly packumentCache full:https://registry.npmmirror.com/space-separated-tokens set size:31146 disposed:false
1038 silly fetch manifest mdast-util-directive@^3.0.0
1039 silly packumentCache full:https://registry.npmmirror.com/mdast-util-directive cache-miss
1040 http cache https://registry.npmmirror.com/hast-util-parse-selector 206ms (cache hit)
1041 silly packumentCache full:https://registry.npmmirror.com/hast-util-parse-selector set size:45386 disposed:false
1042 silly fetch manifest micromark-extension-directive@^3.0.0
1043 silly packumentCache full:https://registry.npmmirror.com/micromark-extension-directive cache-miss
1044 http cache https://registry.npmmirror.com/property-information 205ms (cache hit)
1045 silly packumentCache full:https://registry.npmmirror.com/property-information set size:166021 disposed:false
1046 silly fetch manifest unified@^11.0.0
1047 silly packumentCache full:https://registry.npmmirror.com/unified cache-miss
1048 http cache https://registry.npmmirror.com/commander 203ms (cache hit)
1049 silly packumentCache full:https://registry.npmmirror.com/commander set size:285008 disposed:false
1050 silly fetch manifest hastscript@^7.0.2
1051 silly packumentCache full:https://registry.npmmirror.com/hastscript cache-hit
1052 silly fetch manifest unist-util-map@^3.1.2
1053 silly packumentCache full:https://registry.npmmirror.com/unist-util-map cache-miss
1054 http cache https://registry.npmmirror.com/punycode.js 198ms (cache hit)
1055 silly packumentCache full:https://registry.npmmirror.com/punycode.js set size:13692 disposed:false
1056 silly fetch manifest mdast-util-directive@^3.0.0
1057 silly packumentCache full:https://registry.npmmirror.com/mdast-util-directive cache-miss
1058 http cache https://registry.npmmirror.com/linkify-it 205ms (cache hit)
1059 silly packumentCache full:https://registry.npmmirror.com/linkify-it set size:57645 disposed:false
1060 silly fetch manifest unified@^11.0.0
1061 silly packumentCache full:https://registry.npmmirror.com/unified cache-miss
1062 http cache https://registry.npmmirror.com/argparse 207ms (cache hit)
1063 silly packumentCache full:https://registry.npmmirror.com/argparse set size:46945 disposed:false
1064 silly fetch manifest mdast-util-math@^3.0.0
1065 silly packumentCache full:https://registry.npmmirror.com/mdast-util-math cache-miss
1066 http cache https://registry.npmmirror.com/entities 209ms (cache hit)
1067 silly packumentCache full:https://registry.npmmirror.com/entities set size:86774 disposed:false
1068 silly fetch manifest micromark-extension-math@^3.0.0
1069 silly packumentCache full:https://registry.npmmirror.com/micromark-extension-math cache-miss
1070 http cache https://registry.npmmirror.com/mdurl 208ms (cache hit)
1071 silly packumentCache full:https://registry.npmmirror.com/mdurl set size:9477 disposed:false
1072 silly fetch manifest unified@^11.0.0
1073 silly packumentCache full:https://registry.npmmirror.com/unified cache-miss
1074 http cache https://registry.npmmirror.com/uc.micro 194ms (cache hit)
1075 silly packumentCache full:https://registry.npmmirror.com/uc.micro set size:15712 disposed:false
1076 silly fetch manifest unist-util-find-after@^4.0.1
1077 silly packumentCache full:https://registry.npmmirror.com/unist-util-find-after cache-miss
1078 http cache https://registry.npmmirror.com/css-select 187ms (cache hit)
1079 silly packumentCache full:https://registry.npmmirror.com/css-select set size:93920 disposed:false
1080 silly fetch manifest unist-util-visit@^4.1.2
1081 silly packumentCache full:https://registry.npmmirror.com/unist-util-visit cache-hit
1082 silly fetch manifest deepmerge@^4.2.2
1083 silly packumentCache full:https://registry.npmmirror.com/deepmerge cache-miss
1084 http cache https://registry.npmmirror.com/@pagefind%2flinux-x64 193ms (cache hit)
1085 silly packumentCache full:https://registry.npmmirror.com/@pagefind%2flinux-x64 set size:84035 disposed:false
1086 silly fetch manifest escape-string-regexp@^4.0.0
1087 silly packumentCache full:https://registry.npmmirror.com/escape-string-regexp cache-miss
1088 http cache https://registry.npmmirror.com/@pagefind%2flinux-arm64 193ms (cache hit)
1089 silly packumentCache full:https://registry.npmmirror.com/@pagefind%2flinux-arm64 set size:84752 disposed:false
1090 silly fetch manifest is-plain-object@^5.0.0
1091 silly packumentCache full:https://registry.npmmirror.com/is-plain-object cache-miss
1092 http cache https://registry.npmmirror.com/he 195ms (cache hit)
1093 silly packumentCache full:https://registry.npmmirror.com/he set size:57414 disposed:false
1094 silly fetch manifest parse-srcset@^1.0.2
1095 silly packumentCache full:https://registry.npmmirror.com/parse-srcset cache-miss
1096 http cache https://registry.npmmirror.com/@pagefind%2fdarwin-arm64 195ms (cache hit)
1097 silly packumentCache full:https://registry.npmmirror.com/@pagefind%2fdarwin-arm64 set size:85105 disposed:false
1098 silly fetch manifest @shuding/opentype.js@1.4.0-beta.0
1099 silly packumentCache full:https://registry.npmmirror.com/@shuding%2fopentype.js cache-miss
1100 http cache https://registry.npmmirror.com/@pagefind%2fwindows-x64 195ms (cache hit)
1101 silly packumentCache full:https://registry.npmmirror.com/@pagefind%2fwindows-x64 set size:84539 disposed:false
1102 silly fetch manifest css-background-parser@^0.1.0
1103 silly packumentCache full:https://registry.npmmirror.com/css-background-parser cache-miss
1104 http cache https://registry.npmmirror.com/@pagefind%2fdarwin-x64 197ms (cache hit)
1105 silly packumentCache full:https://registry.npmmirror.com/@pagefind%2fdarwin-x64 set size:84381 disposed:false
1106 silly fetch manifest css-box-shadow@1.0.0-3
1107 silly packumentCache full:https://registry.npmmirror.com/css-box-shadow cache-miss
1108 http cache https://registry.npmmirror.com/@pagefind%2ffreebsd-x64 108ms (cache hit)
1109 silly packumentCache full:https://registry.npmmirror.com/@pagefind%2ffreebsd-x64 set size:9974 disposed:false
1110 silly fetch manifest css-gradient-parser@^0.0.17
1111 silly packumentCache full:https://registry.npmmirror.com/css-gradient-parser cache-miss
1112 http cache https://registry.npmmirror.com/postcss-value-parser 108ms (cache hit)
1113 silly packumentCache full:https://registry.npmmirror.com/postcss-value-parser set size:67405 disposed:false
1114 silly fetch manifest css-to-react-native@^3.0.0
1115 silly packumentCache full:https://registry.npmmirror.com/css-to-react-native cache-miss
1116 http cache https://registry.npmmirror.com/read-cache 106ms (cache hit)
1117 silly packumentCache full:https://registry.npmmirror.com/read-cache set size:3033 disposed:false
1118 silly fetch manifest emoji-regex-xs@^2.0.1
1119 silly packumentCache full:https://registry.npmmirror.com/emoji-regex-xs cache-miss
1120 http cache https://registry.npmmirror.com/source-map-js 104ms (cache hit)
1121 silly packumentCache full:https://registry.npmmirror.com/source-map-js set size:61050 disposed:false
1122 silly fetch manifest escape-html@^1.0.3
1123 silly packumentCache full:https://registry.npmmirror.com/escape-html cache-miss
1124 http cache https://registry.npmmirror.com/nanoid 106ms (cache hit)
1125 silly packumentCache full:https://registry.npmmirror.com/nanoid set size:235985 disposed:false
1126 silly fetch manifest linebreak@^1.1.0
1127 silly packumentCache full:https://registry.npmmirror.com/linebreak cache-miss
1128 http cache https://registry.npmmirror.com/@ungap%2fstructured-clone 106ms (cache hit)
1129 silly packumentCache full:https://registry.npmmirror.com/@ungap%2fstructured-clone set size:54589 disposed:false
1130 silly fetch manifest parse-css-color@^0.2.1
1131 silly packumentCache full:https://registry.npmmirror.com/parse-css-color cache-miss
1132 http cache https://registry.npmmirror.com/hast-util-is-element 98ms (cache hit)
1133 silly packumentCache full:https://registry.npmmirror.com/hast-util-is-element set size:48329 disposed:false
1134 silly fetch manifest postcss-value-parser@^4.2.0
1135 silly packumentCache full:https://registry.npmmirror.com/postcss-value-parser cache-hit
1136 silly fetch manifest yoga-layout@^3.2.1
1137 silly packumentCache full:https://registry.npmmirror.com/yoga-layout cache-miss
1138 http cache https://registry.npmmirror.com/hast-util-heading-rank 102ms (cache hit)
1139 silly packumentCache full:https://registry.npmmirror.com/hast-util-heading-rank set size:23255 disposed:false
1140 silly fetch manifest @img/colour@^1.0.0
1141 silly packumentCache full:https://registry.npmmirror.com/@img%2fcolour cache-miss
1142 http cache https://registry.npmmirror.com/unified 100ms (cache hit)
1143 silly packumentCache full:https://registry.npmmirror.com/unified set size:216084 disposed:false
1144 silly fetch manifest detect-libc@^2.1.2
1145 silly packumentCache full:https://registry.npmmirror.com/detect-libc cache-miss
1146 http cache https://registry.npmmirror.com/hast-util-is-element 101ms (cache hit)
1147 silly packumentCache full:https://registry.npmmirror.com/hast-util-is-element set size:48329 disposed:false
1148 silly packumentCache full:https://registry.npmmirror.com/hast-util-is-element dispose
1149 silly fetch manifest @img/sharp-darwin-arm64@0.34.5
1150 silly packumentCache full:https://registry.npmmirror.com/@img%2fsharp-darwin-arm64 cache-miss
1151 http cache https://registry.npmmirror.com/@types%2fkatex 101ms (cache hit)
1152 silly packumentCache full:https://registry.npmmirror.com/@types%2fkatex set size:45562 disposed:false
1153 silly fetch manifest @img/sharp-darwin-x64@0.34.5
1154 silly packumentCache full:https://registry.npmmirror.com/@img%2fsharp-darwin-x64 cache-miss
1155 http cache https://registry.npmmirror.com/hast-util-heading-rank 98ms (cache hit)
1156 silly packumentCache full:https://registry.npmmirror.com/hast-util-heading-rank set size:23255 disposed:false
1157 silly packumentCache full:https://registry.npmmirror.com/hast-util-heading-rank dispose
1158 silly fetch manifest @img/sharp-libvips-darwin-arm64@1.2.4
1159 silly packumentCache full:https://registry.npmmirror.com/@img%2fsharp-libvips-darwin-arm64 cache-miss
1160 http cache https://registry.npmmirror.com/hast-util-from-html-isomorphic 101ms (cache hit)
1161 silly packumentCache full:https://registry.npmmirror.com/hast-util-from-html-isomorphic set size:17220 disposed:false
1162 silly fetch manifest @img/sharp-libvips-darwin-x64@1.2.4
1163 silly packumentCache full:https://registry.npmmirror.com/@img%2fsharp-libvips-darwin-x64 cache-miss
1164 http cache https://registry.npmmirror.com/hast-util-to-string 99ms (cache hit)
1165 silly packumentCache full:https://registry.npmmirror.com/hast-util-to-string set size:19750 disposed:false
1166 silly fetch manifest @img/sharp-libvips-linux-arm@1.2.4
1167 silly packumentCache full:https://registry.npmmirror.com/@img%2fsharp-libvips-linux-arm cache-miss
1168 http cache https://registry.npmmirror.com/unified 93ms (cache hit)
1169 silly packumentCache full:https://registry.npmmirror.com/unified set size:216084 disposed:false
1170 silly packumentCache full:https://registry.npmmirror.com/unified dispose
1171 silly fetch manifest @img/sharp-libvips-linux-arm64@1.2.4
1172 silly packumentCache full:https://registry.npmmirror.com/@img%2fsharp-libvips-linux-arm64 cache-miss
1173 http cache https://registry.npmmirror.com/mdast-util-directive 98ms (cache hit)
1174 silly packumentCache full:https://registry.npmmirror.com/mdast-util-directive set size:63589 disposed:false
1175 silly fetch manifest @img/sharp-libvips-linux-ppc64@1.2.4
1176 silly packumentCache full:https://registry.npmmirror.com/@img%2fsharp-libvips-linux-ppc64 cache-miss
1177 http cache https://registry.npmmirror.com/micromark-extension-directive 98ms (cache hit)
1178 silly packumentCache full:https://registry.npmmirror.com/micromark-extension-directive set size:80038 disposed:false
1179 silly fetch manifest @img/sharp-libvips-linux-riscv64@1.2.4
1180 silly packumentCache full:https://registry.npmmirror.com/@img%2fsharp-libvips-linux-riscv64 cache-miss
1181 http cache https://registry.npmmirror.com/mdast-util-directive 93ms (cache hit)
1182 silly packumentCache full:https://registry.npmmirror.com/mdast-util-directive set size:63589 disposed:false
1183 silly packumentCache full:https://registry.npmmirror.com/mdast-util-directive dispose
1184 silly fetch manifest @img/sharp-libvips-linux-s390x@1.2.4
1185 silly packumentCache full:https://registry.npmmirror.com/@img%2fsharp-libvips-linux-s390x cache-miss
1186 http cache https://registry.npmmirror.com/unified 93ms (cache hit)
1187 silly packumentCache full:https://registry.npmmirror.com/unified set size:216084 disposed:true
1188 silly packumentCache full:https://registry.npmmirror.com/unified dispose
1189 silly fetch manifest @img/sharp-libvips-linux-x64@1.2.4
1190 silly packumentCache full:https://registry.npmmirror.com/@img%2fsharp-libvips-linux-x64 cache-miss
1191 http cache https://registry.npmmirror.com/unist-util-map 97ms (cache hit)
1192 silly packumentCache full:https://registry.npmmirror.com/unist-util-map set size:47434 disposed:false
1193 silly fetch manifest @img/sharp-libvips-linuxmusl-arm64@1.2.4
1194 silly packumentCache full:https://registry.npmmirror.com/@img%2fsharp-libvips-linuxmusl-arm64 cache-miss
1195 http cache https://registry.npmmirror.com/micromark-extension-math 92ms (cache hit)
1196 silly packumentCache full:https://registry.npmmirror.com/micromark-extension-math set size:51259 disposed:false
1197 silly fetch manifest @img/sharp-libvips-linuxmusl-x64@1.2.4
1198 silly packumentCache full:https://registry.npmmirror.com/@img%2fsharp-libvips-linuxmusl-x64 cache-miss
1199 http cache https://registry.npmmirror.com/unist-util-find-after 92ms (cache hit)
1200 silly packumentCache full:https://registry.npmmirror.com/unist-util-find-after set size:37397 disposed:false
1201 silly fetch manifest @img/sharp-linux-arm@0.34.5
1202 silly packumentCache full:https://registry.npmmirror.com/@img%2fsharp-linux-arm cache-miss
1203 http cache https://registry.npmmirror.com/unified 93ms (cache hit)
1204 silly packumentCache full:https://registry.npmmirror.com/unified set size:216084 disposed:true
1205 silly packumentCache full:https://registry.npmmirror.com/unified dispose
1206 silly fetch manifest @img/sharp-linux-arm64@0.34.5
1207 silly packumentCache full:https://registry.npmmirror.com/@img%2fsharp-linux-arm64 cache-miss
1208 http cache https://registry.npmmirror.com/mdast-util-math 98ms (cache hit)
1209 silly packumentCache full:https://registry.npmmirror.com/mdast-util-math set size:40591 disposed:false
1210 silly fetch manifest @img/sharp-linux-ppc64@0.34.5
1211 silly packumentCache full:https://registry.npmmirror.com/@img%2fsharp-linux-ppc64 cache-miss
1212 http cache https://registry.npmmirror.com/escape-string-regexp 88ms (cache hit)
1213 silly packumentCache full:https://registry.npmmirror.com/escape-string-regexp set size:17683 disposed:false
1214 silly fetch manifest @img/sharp-linux-riscv64@0.34.5
1215 silly packumentCache full:https://registry.npmmirror.com/@img%2fsharp-linux-riscv64 cache-miss
1216 http cache https://registry.npmmirror.com/deepmerge 90ms (cache hit)
1217 silly packumentCache full:https://registry.npmmirror.com/deepmerge set size:86799 disposed:false
1218 silly fetch manifest @img/sharp-linux-s390x@0.34.5
1219 silly packumentCache full:https://registry.npmmirror.com/@img%2fsharp-linux-s390x cache-miss
1220 http cache https://registry.npmmirror.com/is-plain-object 88ms (cache hit)
1221 silly packumentCache full:https://registry.npmmirror.com/is-plain-object set size:40833 disposed:false
1222 silly fetch manifest @img/sharp-linux-x64@0.34.5
1223 silly packumentCache full:https://registry.npmmirror.com/@img%2fsharp-linux-x64 cache-miss
1224 http cache https://registry.npmmirror.com/@shuding%2fopentype.js 87ms (cache hit)
1225 silly packumentCache full:https://registry.npmmirror.com/@shuding%2fopentype.js set size:11119 disposed:false
1226 silly fetch manifest @img/sharp-linuxmusl-arm64@0.34.5
1227 silly packumentCache full:https://registry.npmmirror.com/@img%2fsharp-linuxmusl-arm64 cache-miss
1228 http cache https://registry.npmmirror.com/parse-srcset 89ms (cache hit)
1229 silly packumentCache full:https://registry.npmmirror.com/parse-srcset set size:5736 disposed:false
1230 silly fetch manifest @img/sharp-linuxmusl-x64@0.34.5
1231 silly packumentCache full:https://registry.npmmirror.com/@img%2fsharp-linuxmusl-x64 cache-miss
1232 http cache https://registry.npmmirror.com/css-background-parser 87ms (cache hit)
1233 silly packumentCache full:https://registry.npmmirror.com/css-background-parser set size:7640 disposed:false
1234 silly fetch manifest @img/sharp-wasm32@0.34.5
1235 silly packumentCache full:https://registry.npmmirror.com/@img%2fsharp-wasm32 cache-miss
1236 http cache https://registry.npmmirror.com/css-box-shadow 87ms (cache hit)
1237 silly packumentCache full:https://registry.npmmirror.com/css-box-shadow set size:4964 disposed:false
1238 silly fetch manifest @img/sharp-win32-arm64@0.34.5
1239 silly packumentCache full:https://registry.npmmirror.com/@img%2fsharp-win32-arm64 cache-miss
1240 http cache https://registry.npmmirror.com/css-to-react-native 86ms (cache hit)
1241 silly packumentCache full:https://registry.npmmirror.com/css-to-react-native set size:57440 disposed:false
1242 silly fetch manifest @img/sharp-win32-ia32@0.34.5
1243 silly packumentCache full:https://registry.npmmirror.com/@img%2fsharp-win32-ia32 cache-miss
1244 http cache https://registry.npmmirror.com/css-gradient-parser 88ms (cache hit)
1245 silly packumentCache full:https://registry.npmmirror.com/css-gradient-parser set size:43108 disposed:false
1246 silly fetch manifest @img/sharp-win32-x64@0.34.5
1247 silly packumentCache full:https://registry.npmmirror.com/@img%2fsharp-win32-x64 cache-miss
1248 http cache https://registry.npmmirror.com/escape-html 85ms (cache hit)
1249 silly packumentCache full:https://registry.npmmirror.com/escape-html set size:6718 disposed:false
1250 silly fetch manifest debug@^4.3.2
1251 silly packumentCache full:https://registry.npmmirror.com/debug cache-hit
1252 silly fetch manifest glob@^10.4.5
1253 silly packumentCache full:https://registry.npmmirror.com/glob cache-miss
1254 http cache https://registry.npmmirror.com/emoji-regex-xs 89ms (cache hit)
1255 silly packumentCache full:https://registry.npmmirror.com/emoji-regex-xs set size:14095 disposed:false
1256 silly fetch manifest sax@~1.4.1
1257 silly packumentCache full:https://registry.npmmirror.com/sax cache-miss
1258 http cache https://registry.npmmirror.com/linebreak 84ms (cache hit)
1259 silly packumentCache full:https://registry.npmmirror.com/linebreak set size:18145 disposed:false
1260 silly fetch manifest source-map@^0.7.3
1261 silly packumentCache full:https://registry.npmmirror.com/source-map cache-miss
1262 http cache https://registry.npmmirror.com/parse-css-color 84ms (cache hit)
1263 silly packumentCache full:https://registry.npmmirror.com/parse-css-color set size:22798 disposed:false
1264 silly fetch manifest @types/unist@^3.0.0
1265 silly packumentCache full:https://registry.npmmirror.com/@types%2funist cache-hit
1266 silly fetch manifest unist-util-is@^6.0.0
1267 silly packumentCache full:https://registry.npmmirror.com/unist-util-is cache-miss
1268 http cache https://registry.npmmirror.com/yoga-layout 84ms (cache hit)
1269 silly packumentCache full:https://registry.npmmirror.com/yoga-layout set size:54099 disposed:false
1270 http cache https://registry.npmmirror.com/@img%2fcolour 85ms (cache hit)
1271 silly packumentCache full:https://registry.npmmirror.com/@img%2fcolour set size:7588 disposed:false
1272 http cache https://registry.npmmirror.com/detect-libc 83ms (cache hit)
1273 silly packumentCache full:https://registry.npmmirror.com/detect-libc set size:48467 disposed:false
1274 http cache https://registry.npmmirror.com/@img%2fsharp-darwin-arm64 82ms (cache hit)
1275 silly packumentCache full:https://registry.npmmirror.com/@img%2fsharp-darwin-arm64 set size:69183 disposed:false
1276 http cache https://registry.npmmirror.com/@img%2fsharp-darwin-x64 83ms (cache hit)
1277 silly packumentCache full:https://registry.npmmirror.com/@img%2fsharp-darwin-x64 set size:68310 disposed:false
1278 http cache https://registry.npmmirror.com/@img%2fsharp-libvips-darwin-arm64 83ms (cache hit)
1279 silly packumentCache full:https://registry.npmmirror.com/@img%2fsharp-libvips-darwin-arm64 set size:56221 disposed:false
1280 http cache https://registry.npmmirror.com/@img%2fsharp-libvips-darwin-x64 83ms (cache hit)
1281 silly packumentCache full:https://registry.npmmirror.com/@img%2fsharp-libvips-darwin-x64 set size:55663 disposed:false
1282 http cache https://registry.npmmirror.com/@img%2fsharp-libvips-linux-arm 84ms (cache hit)
1283 silly packumentCache full:https://registry.npmmirror.com/@img%2fsharp-libvips-linux-arm set size:62678 disposed:false
1284 http cache https://registry.npmmirror.com/@img%2fsharp-libvips-linux-arm64 69ms (cache hit)
1285 silly packumentCache full:https://registry.npmmirror.com/@img%2fsharp-libvips-linux-arm64 set size:59244 disposed:false
1286 http cache https://registry.npmmirror.com/@img%2fsharp-libvips-linux-ppc64 69ms (cache hit)
1287 silly packumentCache full:https://registry.npmmirror.com/@img%2fsharp-libvips-linux-ppc64 set size:45529 disposed:false
1288 http cache https://registry.npmmirror.com/@img%2fsharp-libvips-linux-riscv64 69ms (cache hit)
1289 silly packumentCache full:https://registry.npmmirror.com/@img%2fsharp-libvips-linux-riscv64 set size:30344 disposed:false
1290 http cache https://registry.npmmirror.com/@img%2fsharp-libvips-linux-x64 67ms (cache hit)
1291 silly packumentCache full:https://registry.npmmirror.com/@img%2fsharp-libvips-linux-x64 set size:60603 disposed:false
1292 http cache https://registry.npmmirror.com/@img%2fsharp-libvips-linuxmusl-arm64 65ms (cache hit)
1293 silly packumentCache full:https://registry.npmmirror.com/@img%2fsharp-libvips-linuxmusl-arm64 set size:57886 disposed:false
1294 http cache https://registry.npmmirror.com/@img%2fsharp-linux-arm64 62ms (cache hit)
1295 silly packumentCache full:https://registry.npmmirror.com/@img%2fsharp-linux-arm64 set size:70242 disposed:false
1296 http cache https://registry.npmmirror.com/@img%2fsharp-libvips-linux-s390x 71ms (cache hit)
1297 silly packumentCache full:https://registry.npmmirror.com/@img%2fsharp-libvips-linux-s390x set size:55188 disposed:false
1298 http cache https://registry.npmmirror.com/@img%2fsharp-libvips-linuxmusl-x64 67ms (cache hit)
1299 silly packumentCache full:https://registry.npmmirror.com/@img%2fsharp-libvips-linuxmusl-x64 set size:57293 disposed:false
1300 http cache https://registry.npmmirror.com/@img%2fsharp-linux-arm 66ms (cache hit)
1301 silly packumentCache full:https://registry.npmmirror.com/@img%2fsharp-linux-arm set size:69682 disposed:false
1302 http cache https://registry.npmmirror.com/@img%2fsharp-linux-ppc64 64ms (cache hit)
1303 silly packumentCache full:https://registry.npmmirror.com/@img%2fsharp-linux-ppc64 set size:32419 disposed:false
1304 http cache https://registry.npmmirror.com/@img%2fsharp-linux-riscv64 64ms (cache hit)
1305 silly packumentCache full:https://registry.npmmirror.com/@img%2fsharp-linux-riscv64 set size:7984 disposed:false
1306 http cache https://registry.npmmirror.com/@img%2fsharp-linux-s390x 62ms (cache hit)
1307 silly packumentCache full:https://registry.npmmirror.com/@img%2fsharp-linux-s390x set size:68071 disposed:false
1308 http cache https://registry.npmmirror.com/@img%2fsharp-wasm32 60ms (cache hit)
1309 silly packumentCache full:https://registry.npmmirror.com/@img%2fsharp-wasm32 set size:67172 disposed:false
1310 http cache https://registry.npmmirror.com/@img%2fsharp-linux-x64 63ms (cache hit)
1311 silly packumentCache full:https://registry.npmmirror.com/@img%2fsharp-linux-x64 set size:69362 disposed:false
1312 http cache https://registry.npmmirror.com/@img%2fsharp-linuxmusl-x64 62ms (cache hit)
1313 silly packumentCache full:https://registry.npmmirror.com/@img%2fsharp-linuxmusl-x64 set size:70424 disposed:false
1314 http cache https://registry.npmmirror.com/@img%2fsharp-linuxmusl-arm64 63ms (cache hit)
1315 silly packumentCache full:https://registry.npmmirror.com/@img%2fsharp-linuxmusl-arm64 set size:71306 disposed:false
1316 http cache https://registry.npmmirror.com/@img%2fsharp-win32-arm64 62ms (cache hit)
1317 silly packumentCache full:https://registry.npmmirror.com/@img%2fsharp-win32-arm64 set size:28239 disposed:false
1318 http cache https://registry.npmmirror.com/@img%2fsharp-win32-ia32 62ms (cache hit)
1319 silly packumentCache full:https://registry.npmmirror.com/@img%2fsharp-win32-ia32 set size:72387 disposed:false
1320 http cache https://registry.npmmirror.com/@img%2fsharp-win32-x64 62ms (cache hit)
1321 silly packumentCache full:https://registry.npmmirror.com/@img%2fsharp-win32-x64 set size:71783 disposed:false
1322 http cache https://registry.npmmirror.com/glob 62ms (cache hit)
1323 silly packumentCache full:https://registry.npmmirror.com/glob set size:414617 disposed:false
1324 http cache https://registry.npmmirror.com/sax 63ms (cache hit)
1325 silly packumentCache full:https://registry.npmmirror.com/sax set size:87485 disposed:false
1326 http cache https://registry.npmmirror.com/unist-util-is 62ms (cache hit)
1327 silly packumentCache full:https://registry.npmmirror.com/unist-util-is set size:68359 disposed:false
1328 http cache https://registry.npmmirror.com/source-map 65ms (cache hit)
1329 silly packumentCache full:https://registry.npmmirror.com/source-map set size:258166 disposed:false
1330 silly fetch manifest chokidar@^4.0.1
1331 silly packumentCache full:https://registry.npmmirror.com/chokidar cache-hit
1332 silly fetch manifest kleur@^4.1.5
1333 silly packumentCache full:https://registry.npmmirror.com/kleur cache-miss
1334 http cache https://registry.npmmirror.com/kleur 7ms (cache hit)
1335 silly packumentCache full:https://registry.npmmirror.com/kleur set size:43285 disposed:false
1336 silly fetch manifest yargs@^17.7.2
1337 silly packumentCache full:https://registry.npmmirror.com/yargs cache-miss
1338 http cache https://registry.npmmirror.com/yargs 11ms (cache hit)
1339 silly packumentCache full:https://registry.npmmirror.com/yargs set size:657651 disposed:false
1340 silly placeDep ROOT chokidar@4.0.3 OK for: @astrojs/check@0.9.5 want: ^4.0.1
1341 silly placeDep ROOT kleur@4.1.5 OK for: @astrojs/check@0.9.5 want: ^4.1.5
1342 silly placeDep ROOT yargs@17.7.2 OK for: @astrojs/check@0.9.5 want: ^17.7.2
1343 silly fetch manifest readdirp@^4.0.1
1344 silly packumentCache full:https://registry.npmmirror.com/readdirp cache-miss
1345 silly fetch manifest cliui@^8.0.1
1346 silly packumentCache full:https://registry.npmmirror.com/cliui cache-miss
1347 silly fetch manifest escalade@^3.1.1
1348 silly packumentCache full:https://registry.npmmirror.com/escalade cache-miss
1349 silly fetch manifest get-caller-file@^2.0.5
1350 silly packumentCache full:https://registry.npmmirror.com/get-caller-file cache-miss
1351 silly fetch manifest require-directory@^2.1.1
1352 silly packumentCache full:https://registry.npmmirror.com/require-directory cache-miss
1353 silly fetch manifest string-width@^4.2.3
1354 silly packumentCache full:https://registry.npmmirror.com/string-width cache-miss
1355 silly fetch manifest y18n@^5.0.5
1356 silly packumentCache full:https://registry.npmmirror.com/y18n cache-miss
1357 http cache https://registry.npmmirror.com/cliui 21ms (cache hit)
1358 silly packumentCache full:https://registry.npmmirror.com/cliui set size:61310 disposed:false
1359 http cache https://registry.npmmirror.com/escalade 22ms (cache hit)
1360 silly packumentCache full:https://registry.npmmirror.com/escalade set size:26187 disposed:false
1361 http cache https://registry.npmmirror.com/string-width 22ms (cache hit)
1362 silly packumentCache full:https://registry.npmmirror.com/string-width set size:55780 disposed:false
1363 http cache https://registry.npmmirror.com/require-directory 23ms (cache hit)
1364 silly packumentCache full:https://registry.npmmirror.com/require-directory set size:26456 disposed:false
1365 http cache https://registry.npmmirror.com/readdirp 24ms (cache hit)
1366 silly packumentCache full:https://registry.npmmirror.com/readdirp set size:92797 disposed:false
1367 http cache https://registry.npmmirror.com/y18n 24ms (cache hit)
1368 silly packumentCache full:https://registry.npmmirror.com/y18n set size:47173 disposed:false
1369 http cache https://registry.npmmirror.com/get-caller-file 26ms (cache hit)
1370 silly packumentCache full:https://registry.npmmirror.com/get-caller-file set size:19572 disposed:false
1371 silly fetch manifest @jridgewell/sourcemap-codec@^1.4.15
1372 silly packumentCache full:https://registry.npmmirror.com/@jridgewell%2fsourcemap-codec cache-hit
1373 silly fetch manifest @volar/kit@~2.4.23
1374 silly packumentCache full:https://registry.npmmirror.com/@volar%2fkit cache-miss
1375 http cache https://registry.npmmirror.com/@volar%2fkit 7ms (cache hit)
1376 silly packumentCache full:https://registry.npmmirror.com/@volar%2fkit set size:385508 disposed:false
1377 silly fetch manifest typescript@*
1378 silly packumentCache full:https://registry.npmmirror.com/typescript cache-miss
1379 http cache https://registry.npmmirror.com/typescript 29ms (cache hit)
1380 silly packumentCache full:https://registry.npmmirror.com/typescript set size:14143151 disposed:false
1381 silly fetch manifest @volar/language-core@~2.4.23
1382 silly packumentCache full:https://registry.npmmirror.com/@volar%2flanguage-core cache-miss
1383 http cache https://registry.npmmirror.com/@volar%2flanguage-core 8ms (cache hit)
1384 silly packumentCache full:https://registry.npmmirror.com/@volar%2flanguage-core set size:464654 disposed:false
1385 silly fetch manifest @volar/language-server@~2.4.23
1386 silly packumentCache full:https://registry.npmmirror.com/@volar%2flanguage-server cache-miss
1387 http cache https://registry.npmmirror.com/@volar%2flanguage-server 10ms (cache hit)
1388 silly packumentCache full:https://registry.npmmirror.com/@volar%2flanguage-server set size:551483 disposed:false
1389 silly fetch manifest @volar/language-service@~2.4.23
1390 silly packumentCache full:https://registry.npmmirror.com/@volar%2flanguage-service cache-miss
1391 http cache https://registry.npmmirror.com/@volar%2flanguage-service 11ms (cache hit)
1392 silly packumentCache full:https://registry.npmmirror.com/@volar%2flanguage-service set size:514698 disposed:false
1393 silly fetch manifest fast-glob@^3.2.12
1394 silly packumentCache full:https://registry.npmmirror.com/fast-glob cache-hit
1395 silly fetch manifest muggle-string@^0.4.1
1396 silly packumentCache full:https://registry.npmmirror.com/muggle-string cache-miss
1397 http cache https://registry.npmmirror.com/muggle-string 8ms (cache hit)
1398 silly packumentCache full:https://registry.npmmirror.com/muggle-string set size:19834 disposed:false
1399 silly fetch manifest volar-service-css@0.0.66
1400 silly packumentCache full:https://registry.npmmirror.com/volar-service-css cache-miss
1401 http cache https://registry.npmmirror.com/volar-service-css 7ms (cache hit)
1402 silly packumentCache full:https://registry.npmmirror.com/volar-service-css set size:134387 disposed:false
1403 silly fetch manifest volar-service-emmet@0.0.66
1404 silly packumentCache full:https://registry.npmmirror.com/volar-service-emmet cache-miss
1405 http cache https://registry.npmmirror.com/volar-service-emmet 7ms (cache hit)
1406 silly packumentCache full:https://registry.npmmirror.com/volar-service-emmet set size:136906 disposed:false
1407 silly fetch manifest volar-service-html@0.0.66
1408 silly packumentCache full:https://registry.npmmirror.com/volar-service-html cache-miss
1409 http cache https://registry.npmmirror.com/volar-service-html 9ms (cache hit)
1410 silly packumentCache full:https://registry.npmmirror.com/volar-service-html set size:135585 disposed:false
1411 silly fetch manifest volar-service-prettier@0.0.66
1412 silly packumentCache full:https://registry.npmmirror.com/volar-service-prettier cache-miss
1413 http cache https://registry.npmmirror.com/volar-service-prettier 8ms (cache hit)
1414 silly packumentCache full:https://registry.npmmirror.com/volar-service-prettier set size:140044 disposed:false
1415 silly fetch manifest prettier@^3.0.0
1416 silly packumentCache full:https://registry.npmmirror.com/prettier cache-miss
1417 http cache https://registry.npmmirror.com/prettier 9ms (cache hit)
1418 silly packumentCache full:https://registry.npmmirror.com/prettier set size:585246 disposed:false
1419 silly fetch manifest volar-service-typescript@0.0.66
1420 silly packumentCache full:https://registry.npmmirror.com/volar-service-typescript cache-miss
1421 http cache https://registry.npmmirror.com/volar-service-typescript 9ms (cache hit)
1422 silly packumentCache full:https://registry.npmmirror.com/volar-service-typescript set size:153752 disposed:false
1423 silly fetch manifest volar-service-typescript-twoslash-queries@0.0.66
1424 silly packumentCache full:https://registry.npmmirror.com/volar-service-typescript-twoslash-queries cache-miss
1425 http cache https://registry.npmmirror.com/volar-service-typescript-twoslash-queries 8ms (cache hit)
1426 silly packumentCache full:https://registry.npmmirror.com/volar-service-typescript-twoslash-queries set size:137970 disposed:false
1427 silly fetch manifest volar-service-yaml@0.0.66
1428 silly packumentCache full:https://registry.npmmirror.com/volar-service-yaml cache-miss
1429 http cache https://registry.npmmirror.com/volar-service-yaml 7ms (cache hit)
1430 silly packumentCache full:https://registry.npmmirror.com/volar-service-yaml set size:110030 disposed:false
1431 silly fetch manifest vscode-html-languageservice@^5.5.2
1432 silly packumentCache full:https://registry.npmmirror.com/vscode-html-languageservice cache-miss
1433 http cache https://registry.npmmirror.com/vscode-html-languageservice 7ms (cache hit)
1434 silly packumentCache full:https://registry.npmmirror.com/vscode-html-languageservice set size:417405 disposed:false
1435 silly fetch manifest vscode-uri@^3.1.0
1436 silly packumentCache full:https://registry.npmmirror.com/vscode-uri cache-miss
1437 http cache https://registry.npmmirror.com/vscode-uri 7ms (cache hit)
1438 silly packumentCache full:https://registry.npmmirror.com/vscode-uri set size:63271 disposed:false
1439 silly placeDep ROOT @jridgewell/sourcemap-codec@1.5.5 OK for: @astrojs/language-server@2.16.0 want: ^1.4.15
1440 silly placeDep ROOT @volar/kit@2.4.23 OK for: @astrojs/language-server@2.16.0 want: ~2.4.23
1441 silly placeDep ROOT @volar/language-core@2.4.23 OK for: @astrojs/language-server@2.16.0 want: ~2.4.23
1442 silly placeDep ROOT @volar/language-server@2.4.23 OK for: @astrojs/language-server@2.16.0 want: ~2.4.23
1443 silly placeDep ROOT @volar/language-service@2.4.23 OK for: @astrojs/language-server@2.16.0 want: ~2.4.23
1444 silly placeDep ROOT fast-glob@3.3.3 OK for: @astrojs/language-server@2.16.0 want: ^3.2.12
1445 silly placeDep ROOT muggle-string@0.4.1 OK for: @astrojs/language-server@2.16.0 want: ^0.4.1
1446 silly placeDep ROOT volar-service-css@0.0.66 OK for: @astrojs/language-server@2.16.0 want: 0.0.66
1447 silly placeDep ROOT volar-service-emmet@0.0.66 OK for: @astrojs/language-server@2.16.0 want: 0.0.66
1448 silly placeDep ROOT volar-service-html@0.0.66 OK for: @astrojs/language-server@2.16.0 want: 0.0.66
1449 silly placeDep ROOT volar-service-prettier@0.0.66 OK for: @astrojs/language-server@2.16.0 want: 0.0.66
1450 silly placeDep ROOT volar-service-typescript@0.0.66 OK for: @astrojs/language-server@2.16.0 want: 0.0.66
1451 silly placeDep ROOT volar-service-typescript-twoslash-queries@0.0.66 OK for: @astrojs/language-server@2.16.0 want: 0.0.66
1452 silly placeDep ROOT volar-service-yaml@0.0.66 OK for: @astrojs/language-server@2.16.0 want: 0.0.66
1453 silly placeDep ROOT vscode-html-languageservice@5.6.0 OK for: @astrojs/language-server@2.16.0 want: ^5.5.2
1454 silly placeDep ROOT vscode-uri@3.1.0 OK for: @astrojs/language-server@2.16.0 want: ^3.1.0
1455 silly fetch manifest @volar/language-service@2.4.23
1456 silly packumentCache full:https://registry.npmmirror.com/@volar%2flanguage-service cache-hit
1457 silly fetch manifest @volar/typescript@2.4.23
1458 silly packumentCache full:https://registry.npmmirror.com/@volar%2ftypescript cache-miss
1459 silly fetch manifest typesafe-path@^0.2.2
1460 silly packumentCache full:https://registry.npmmirror.com/typesafe-path cache-miss
1461 silly fetch manifest vscode-languageserver-textdocument@^1.0.11
1462 silly packumentCache full:https://registry.npmmirror.com/vscode-languageserver-textdocument cache-miss
1463 silly fetch manifest vscode-uri@^3.0.8
1464 silly packumentCache full:https://registry.npmmirror.com/vscode-uri cache-hit
1465 silly fetch manifest @volar/source-map@2.4.23
1466 silly packumentCache full:https://registry.npmmirror.com/@volar%2fsource-map cache-miss
1467 silly fetch manifest @volar/language-service@2.4.23
1468 silly packumentCache full:https://registry.npmmirror.com/@volar%2flanguage-service cache-hit
1469 silly fetch manifest @volar/typescript@2.4.23
1470 silly packumentCache full:https://registry.npmmirror.com/@volar%2ftypescript cache-miss
1471 silly fetch manifest path-browserify@^1.0.1
1472 silly packumentCache full:https://registry.npmmirror.com/path-browserify cache-miss
1473 silly fetch manifest request-light@^0.7.0
1474 silly packumentCache full:https://registry.npmmirror.com/request-light cache-miss
1475 silly fetch manifest vscode-languageserver@^9.0.1
1476 silly packumentCache full:https://registry.npmmirror.com/vscode-languageserver cache-miss
1477 silly fetch manifest vscode-languageserver-protocol@^3.17.5
1478 silly packumentCache full:https://registry.npmmirror.com/vscode-languageserver-protocol cache-miss
1479 silly fetch manifest vscode-languageserver-textdocument@^1.0.11
1480 silly packumentCache full:https://registry.npmmirror.com/vscode-languageserver-textdocument cache-miss
1481 silly fetch manifest vscode-uri@^3.0.8
1482 silly packumentCache full:https://registry.npmmirror.com/vscode-uri cache-hit
1483 silly fetch manifest vscode-languageserver-protocol@^3.17.5
1484 silly packumentCache full:https://registry.npmmirror.com/vscode-languageserver-protocol cache-miss
1485 silly fetch manifest vscode-languageserver-textdocument@^1.0.11
1486 silly packumentCache full:https://registry.npmmirror.com/vscode-languageserver-textdocument cache-miss
1487 silly fetch manifest vscode-uri@^3.0.8
1488 silly packumentCache full:https://registry.npmmirror.com/vscode-uri cache-hit
1489 silly fetch manifest @nodelib/fs.stat@^2.0.2
1490 silly packumentCache full:https://registry.npmmirror.com/@nodelib%2ffs.stat cache-miss
1491 silly fetch manifest @nodelib/fs.walk@^1.2.3
1492 silly packumentCache full:https://registry.npmmirror.com/@nodelib%2ffs.walk cache-miss
1493 silly fetch manifest glob-parent@^5.1.2
1494 silly packumentCache full:https://registry.npmmirror.com/glob-parent cache-hit
1495 silly fetch manifest merge2@^1.3.0
1496 silly packumentCache full:https://registry.npmmirror.com/merge2 cache-miss
1497 silly fetch manifest vscode-css-languageservice@^6.3.0
1498 silly packumentCache full:https://registry.npmmirror.com/vscode-css-languageservice cache-miss
1499 silly fetch manifest vscode-languageserver-textdocument@^1.0.11
1500 silly packumentCache full:https://registry.npmmirror.com/vscode-languageserver-textdocument cache-miss
1501 silly fetch manifest vscode-uri@^3.0.8
1502 silly packumentCache full:https://registry.npmmirror.com/vscode-uri cache-hit
1503 silly fetch manifest @emmetio/css-parser@github:ramya-rao-a/css-parser#vscode
1504 silly fetch manifest @vscode/emmet-helper@^2.9.3
1505 silly packumentCache full:https://registry.npmmirror.com/@vscode%2femmet-helper cache-miss
1506 silly fetch manifest vscode-uri@^3.0.8
1507 silly packumentCache full:https://registry.npmmirror.com/vscode-uri cache-hit
1508 silly fetch manifest vscode-html-languageservice@^5.3.0
1509 silly packumentCache full:https://registry.npmmirror.com/vscode-html-languageservice cache-hit
1510 silly fetch manifest vscode-languageserver-textdocument@^1.0.11
1511 silly packumentCache full:https://registry.npmmirror.com/vscode-languageserver-textdocument cache-miss
1512 silly fetch manifest vscode-uri@^3.0.8
1513 silly packumentCache full:https://registry.npmmirror.com/vscode-uri cache-hit
1514 silly fetch manifest vscode-uri@^3.0.8
1515 silly packumentCache full:https://registry.npmmirror.com/vscode-uri cache-hit
1516 silly fetch manifest path-browserify@^1.0.1
1517 silly packumentCache full:https://registry.npmmirror.com/path-browserify cache-miss
1518 silly fetch manifest semver@^7.6.2
1519 silly packumentCache full:https://registry.npmmirror.com/semver cache-hit
1520 silly fetch manifest typescript-auto-import-cache@^0.3.5
1521 silly packumentCache full:https://registry.npmmirror.com/typescript-auto-import-cache cache-miss
1522 silly fetch manifest vscode-languageserver-textdocument@^1.0.11
1523 silly packumentCache full:https://registry.npmmirror.com/vscode-languageserver-textdocument cache-miss
1524 silly fetch manifest vscode-nls@^5.2.0
1525 silly packumentCache full:https://registry.npmmirror.com/vscode-nls cache-miss
1526 silly fetch manifest yaml-language-server@~1.19.2
1527 silly packumentCache full:https://registry.npmmirror.com/yaml-language-server cache-miss
1528 silly fetch manifest @vscode/l10n@^0.0.18
1529 silly packumentCache full:https://registry.npmmirror.com/@vscode%2fl10n cache-miss
1530 silly fetch manifest vscode-languageserver-textdocument@^1.0.12
1531 silly packumentCache full:https://registry.npmmirror.com/vscode-languageserver-textdocument cache-miss
1532 silly fetch manifest vscode-languageserver-types@^3.17.5
1533 silly packumentCache full:https://registry.npmmirror.com/vscode-languageserver-types cache-miss
1534 http cache https://registry.npmmirror.com/path-browserify 165ms (cache hit)
1535 silly packumentCache full:https://registry.npmmirror.com/path-browserify set size:13294 disposed:false
1536 http cache https://registry.npmmirror.com/@volar%2ftypescript 167ms (cache hit)
1537 silly packumentCache full:https://registry.npmmirror.com/@volar%2ftypescript set size:443576 disposed:false
1538 http cache https://registry.npmmirror.com/@volar%2ftypescript 168ms (cache hit)
1539 silly packumentCache full:https://registry.npmmirror.com/@volar%2ftypescript set size:443576 disposed:false
1540 silly packumentCache full:https://registry.npmmirror.com/@volar%2ftypescript dispose
1541 http cache https://registry.npmmirror.com/vscode-languageserver-protocol 171ms (cache hit)
1542 silly packumentCache full:https://registry.npmmirror.com/vscode-languageserver-protocol set size:417498 disposed:false
1543 http cache https://registry.npmmirror.com/vscode-languageserver-textdocument 173ms (cache hit)
1544 silly packumentCache full:https://registry.npmmirror.com/vscode-languageserver-textdocument set size:60157 disposed:false
1545 http cache https://registry.npmmirror.com/@volar%2fsource-map 176ms (cache hit)
1546 silly packumentCache full:https://registry.npmmirror.com/@volar%2fsource-map set size:756957 disposed:false
1547 http cache https://registry.npmmirror.com/vscode-languageserver-protocol 178ms (cache hit)
1548 silly packumentCache full:https://registry.npmmirror.com/vscode-languageserver-protocol set size:417498 disposed:false
1549 silly packumentCache full:https://registry.npmmirror.com/vscode-languageserver-protocol dispose
1550 http cache https://registry.npmmirror.com/vscode-languageserver-textdocument 183ms (cache hit)
1551 silly packumentCache full:https://registry.npmmirror.com/vscode-languageserver-textdocument set size:60157 disposed:false
1552 silly packumentCache full:https://registry.npmmirror.com/vscode-languageserver-textdocument dispose
1553 http cache https://registry.npmmirror.com/vscode-languageserver-textdocument 181ms (cache hit)
1554 silly packumentCache full:https://registry.npmmirror.com/vscode-languageserver-textdocument set size:60157 disposed:true
1555 silly packumentCache full:https://registry.npmmirror.com/vscode-languageserver-textdocument dispose
1556 http cache https://registry.npmmirror.com/vscode-languageserver-textdocument 182ms (cache hit)
1557 silly packumentCache full:https://registry.npmmirror.com/vscode-languageserver-textdocument set size:60157 disposed:true
1558 silly packumentCache full:https://registry.npmmirror.com/vscode-languageserver-textdocument dispose
1559 http cache https://registry.npmmirror.com/vscode-languageserver-textdocument 181ms (cache hit)
1560 silly packumentCache full:https://registry.npmmirror.com/vscode-languageserver-textdocument set size:60157 disposed:true
1561 silly packumentCache full:https://registry.npmmirror.com/vscode-languageserver-textdocument dispose
1562 http cache https://registry.npmmirror.com/typesafe-path 185ms (cache hit)
1563 silly packumentCache full:https://registry.npmmirror.com/typesafe-path set size:11842 disposed:false
1564 http cache https://registry.npmmirror.com/request-light 185ms (cache hit)
1565 silly packumentCache full:https://registry.npmmirror.com/request-light set size:61047 disposed:false
1566 http cache https://registry.npmmirror.com/@nodelib%2ffs.stat 185ms (cache hit)
1567 silly packumentCache full:https://registry.npmmirror.com/@nodelib%2ffs.stat set size:28111 disposed:false
1568 http cache https://registry.npmmirror.com/vscode-languageserver-textdocument 181ms (cache hit)
1569 silly packumentCache full:https://registry.npmmirror.com/vscode-languageserver-textdocument set size:60157 disposed:true
1570 silly packumentCache full:https://registry.npmmirror.com/vscode-languageserver-textdocument dispose
1571 http cache https://registry.npmmirror.com/@nodelib%2ffs.walk 186ms (cache hit)
1572 silly packumentCache full:https://registry.npmmirror.com/@nodelib%2ffs.walk set size:35867 disposed:false
1573 http cache https://registry.npmmirror.com/merge2 187ms (cache hit)
1574 silly packumentCache full:https://registry.npmmirror.com/merge2 set size:40023 disposed:false
1575 http cache https://registry.npmmirror.com/path-browserify 183ms (cache hit)
1576 silly packumentCache full:https://registry.npmmirror.com/path-browserify set size:13294 disposed:false
1577 silly packumentCache full:https://registry.npmmirror.com/path-browserify dispose
1578 http cache https://registry.npmmirror.com/@vscode%2femmet-helper 186ms (cache hit)
1579 silly packumentCache full:https://registry.npmmirror.com/@vscode%2femmet-helper set size:53033 disposed:false
1580 http cache https://registry.npmmirror.com/vscode-languageserver 190ms (cache hit)
1581 silly packumentCache full:https://registry.npmmirror.com/vscode-languageserver set size:634723 disposed:false
1582 http cache https://registry.npmmirror.com/vscode-css-languageservice 193ms (cache hit)
1583 silly packumentCache full:https://registry.npmmirror.com/vscode-css-languageservice set size:557540 disposed:false
1584 http cache https://registry.npmmirror.com/vscode-nls 193ms (cache hit)
1585 silly packumentCache full:https://registry.npmmirror.com/vscode-nls set size:80706 disposed:false
1586 http cache https://registry.npmmirror.com/typescript-auto-import-cache 194ms (cache hit)
1587 silly packumentCache full:https://registry.npmmirror.com/typescript-auto-import-cache set size:21210 disposed:false
1588 http cache https://registry.npmmirror.com/@vscode%2fl10n 193ms (cache hit)
1589 silly packumentCache full:https://registry.npmmirror.com/@vscode%2fl10n set size:59839 disposed:false
1590 http cache https://registry.npmmirror.com/vscode-languageserver-textdocument 194ms (cache hit)
1591 silly packumentCache full:https://registry.npmmirror.com/vscode-languageserver-textdocument set size:60157 disposed:true
1592 silly packumentCache full:https://registry.npmmirror.com/vscode-languageserver-textdocument dispose
1593 http cache https://registry.npmmirror.com/vscode-languageserver-types 194ms (cache hit)
1594 silly packumentCache full:https://registry.npmmirror.com/vscode-languageserver-types set size:257269 disposed:false
1595 http cache https://registry.npmmirror.com/yaml-language-server 200ms (cache hit)
1596 silly packumentCache full:https://registry.npmmirror.com/yaml-language-server set size:2370344 disposed:false
