0 verbose cli D:\nodejs\node.exe D:\nodejs\node_modules\npm\bin\npm-cli.js
1 info using npm@10.9.3
2 info using node@v22.20.0
3 silly config load:file:D:\nodejs\node_modules\npm\npmrc
4 silly config load:file:D:\cursor\project8  blog\test\.npmrc
5 silly config load:file:C:\Users\Arthur\.npmrc
6 silly config load:file:D:\nodejs\node_global\etc\npmrc
7 verbose title npm install
8 verbose argv "install" "--cache" "./.npm-cache"
9 verbose logfile logs-max:10 dir:D:\cursor\project8  blog\test\.npm-cache\_logs\2025-11-18T07_26_44_160Z-
10 verbose logfile D:\cursor\project8  blog\test\.npm-cache\_logs\2025-11-18T07_26_44_160Z-debug-0.log
11 silly logfile done cleaning log files
12 silly packumentCache heap:4345298944 maxSize:1086324736 maxEntrySize:543162368
13 verbose shrinkwrap failed to load node_modules/.package-lock.json out of date, updated: node_modules
14 verbose shrinkwrap failed to load node_modules/.package-lock.json out of date, updated: node_modules
15 silly idealTree buildDeps
16 silly fetch manifest @astrojs/svelte@7.2.2
17 silly packumentCache full:https://registry.npmmirror.com/@astrojs%2fsvelte cache-miss
18 http fetch GET 200 https://registry.npmmirror.com/npm 244ms
19 http fetch GET 200 https://registry.npmmirror.com/@astrojs%2fsvelte 237ms (cache miss)
20 silly packumentCache full:https://registry.npmmirror.com/@astrojs%2fsvelte set size:74921 disposed:false
21 silly fetch manifest astro@5.15.8
22 silly packumentCache full:https://registry.npmmirror.com/astro cache-miss
23 http fetch GET 200 https://registry.npmmirror.com/astro 227ms (cache miss)
24 silly packumentCache full:https://registry.npmmirror.com/astro set size:1084706 disposed:false
25 silly fetch manifest svelte@^5.43.8
26 silly packumentCache full:https://registry.npmmirror.com/svelte cache-miss
27 http fetch GET 200 https://registry.npmmirror.com/svelte 213ms (cache miss)
28 silly packumentCache full:https://registry.npmmirror.com/svelte set size:462688 disposed:false
29 silly fetch manifest typescript@^5.9.3
30 silly packumentCache full:https://registry.npmmirror.com/typescript cache-miss
31 http fetch GET 200 https://registry.npmmirror.com/typescript 233ms (cache miss)
32 silly packumentCache full:https://registry.npmmirror.com/typescript set size:1631067 disposed:false
33 silly fetch manifest @expressive-code/core@^0.41.3
34 silly packumentCache full:https://registry.npmmirror.com/@expressive-code%2fcore cache-miss
35 http fetch GET 200 https://registry.npmmirror.com/@expressive-code%2fcore 64ms (cache miss)
36 silly packumentCache full:https://registry.npmmirror.com/@expressive-code%2fcore set size:33774 disposed:false
37 silly fetch manifest @expressive-code/plugin-collapsible-sections@^0.41.3
38 silly packumentCache full:https://registry.npmmirror.com/@expressive-code%2fplugin-collapsible-sections cache-miss
39 http fetch GET 200 https://registry.npmmirror.com/@expressive-code%2fplugin-collapsible-sections 62ms (cache miss)
40 silly packumentCache full:https://registry.npmmirror.com/@expressive-code%2fplugin-collapsible-sections set size:24707 disposed:false
41 silly fetch manifest @expressive-code/plugin-line-numbers@^0.41.3
42 silly packumentCache full:https://registry.npmmirror.com/@expressive-code%2fplugin-line-numbers cache-miss
43 http fetch GET 200 https://registry.npmmirror.com/@expressive-code%2fplugin-line-numbers 51ms (cache miss)
44 silly packumentCache full:https://registry.npmmirror.com/@expressive-code%2fplugin-line-numbers set size:13795 disposed:false
45 silly fetch manifest @fancyapps/ui@^6.1.5
46 silly packumentCache full:https://registry.npmmirror.com/@fancyapps%2fui cache-miss
47 http fetch GET 200 https://registry.npmmirror.com/@fancyapps%2fui 59ms (cache miss)
48 silly packumentCache full:https://registry.npmmirror.com/@fancyapps%2fui set size:65466 disposed:false
49 silly fetch manifest @fontsource-variable/jetbrains-mono@^5.2.8
50 silly packumentCache full:https://registry.npmmirror.com/@fontsource-variable%2fjetbrains-mono cache-miss
51 http fetch GET 200 https://registry.npmmirror.com/@fontsource-variable%2fjetbrains-mono 53ms (cache miss)
52 silly packumentCache full:https://registry.npmmirror.com/@fontsource-variable%2fjetbrains-mono set size:13247 disposed:false
53 silly fetch manifest @fontsource/roboto@^5.2.8
54 silly packumentCache full:https://registry.npmmirror.com/@fontsource%2froboto cache-miss
55 http fetch GET 200 https://registry.npmmirror.com/@fontsource%2froboto 111ms (cache miss)
56 silly packumentCache full:https://registry.npmmirror.com/@fontsource%2froboto set size:18764 disposed:false
57 silly fetch manifest @iconify-json/fa6-brands@^1.2.6
58 silly packumentCache full:https://registry.npmmirror.com/@iconify-json%2ffa6-brands cache-miss
59 http fetch GET 200 https://registry.npmmirror.com/@iconify-json%2ffa6-brands 72ms (cache miss)
60 silly packumentCache full:https://registry.npmmirror.com/@iconify-json%2ffa6-brands set size:18400 disposed:false
61 silly fetch manifest @iconify-json/fa6-regular@^1.2.4
62 silly packumentCache full:https://registry.npmmirror.com/@iconify-json%2ffa6-regular cache-miss
63 http fetch GET 200 https://registry.npmmirror.com/@iconify-json%2ffa6-regular 52ms (cache miss)
64 silly packumentCache full:https://registry.npmmirror.com/@iconify-json%2ffa6-regular set size:17725 disposed:false
65 silly fetch manifest @iconify-json/fa6-solid@^1.2.4
66 silly packumentCache full:https://registry.npmmirror.com/@iconify-json%2ffa6-solid cache-miss
67 http fetch GET 200 https://registry.npmmirror.com/@iconify-json%2ffa6-solid 55ms (cache miss)
68 silly packumentCache full:https://registry.npmmirror.com/@iconify-json%2ffa6-solid set size:19606 disposed:false
69 silly fetch manifest @iconify-json/material-symbols@^1.2.46
70 silly packumentCache full:https://registry.npmmirror.com/@iconify-json%2fmaterial-symbols cache-miss
71 http fetch GET 200 https://registry.npmmirror.com/@iconify-json%2fmaterial-symbols 53ms (cache miss)
72 silly packumentCache full:https://registry.npmmirror.com/@iconify-json%2fmaterial-symbols set size:70279 disposed:false
73 silly fetch manifest @iconify-json/simple-icons@^1.2.59
74 silly packumentCache full:https://registry.npmmirror.com/@iconify-json%2fsimple-icons cache-miss
75 http fetch GET 200 https://registry.npmmirror.com/@iconify-json%2fsimple-icons 63ms (cache miss)
76 silly packumentCache full:https://registry.npmmirror.com/@iconify-json%2fsimple-icons set size:99042 disposed:false
77 silly fetch manifest @iconify/svelte@^4.2.0
78 silly packumentCache full:https://registry.npmmirror.com/@iconify%2fsvelte cache-miss
79 http fetch GET 200 https://registry.npmmirror.com/@iconify%2fsvelte 58ms (cache miss)
80 silly packumentCache full:https://registry.npmmirror.com/@iconify%2fsvelte set size:49604 disposed:false
81 silly fetch manifest @swup/astro@^1.7.0
82 silly packumentCache full:https://registry.npmmirror.com/@swup%2fastro cache-miss
83 http fetch GET 200 https://registry.npmmirror.com/@swup%2fastro 64ms (cache miss)
84 silly packumentCache full:https://registry.npmmirror.com/@swup%2fastro set size:16960 disposed:false
85 silly fetch manifest @tailwindcss/typography@^0.5.19
86 silly packumentCache full:https://registry.npmmirror.com/@tailwindcss%2ftypography cache-miss
87 http fetch GET 200 https://registry.npmmirror.com/@tailwindcss%2ftypography 62ms (cache miss)
88 silly packumentCache full:https://registry.npmmirror.com/@tailwindcss%2ftypography set size:101757 disposed:false
89 silly fetch manifest tailwindcss@^3.4.18
90 silly packumentCache full:https://registry.npmmirror.com/tailwindcss cache-miss
91 http fetch GET 200 https://registry.npmmirror.com/tailwindcss 347ms (cache miss)
92 silly packumentCache full:https://registry.npmmirror.com/tailwindcss set size:1570962 disposed:false
93 silly fetch manifest astro-expressive-code@^0.41.3
94 silly packumentCache full:https://registry.npmmirror.com/astro-expressive-code cache-miss
95 http fetch GET 200 https://registry.npmmirror.com/astro-expressive-code 53ms (cache miss)
96 silly packumentCache full:https://registry.npmmirror.com/astro-expressive-code set size:35569 disposed:false
97 silly fetch manifest astro-icon@^1.1.5
98 silly packumentCache full:https://registry.npmmirror.com/astro-icon cache-miss
99 http fetch GET 200 https://registry.npmmirror.com/astro-icon 51ms (cache miss)
100 silly packumentCache full:https://registry.npmmirror.com/astro-icon set size:25552 disposed:false
101 silly fetch manifest bcryptjs@^3.0.3
102 silly packumentCache full:https://registry.npmmirror.com/bcryptjs cache-miss
103 http fetch GET 200 https://registry.npmmirror.com/bcryptjs 89ms (cache miss)
104 silly packumentCache full:https://registry.npmmirror.com/bcryptjs set size:13211 disposed:false
105 silly fetch manifest crypto-js@^4.2.0
106 silly packumentCache full:https://registry.npmmirror.com/crypto-js cache-miss
107 http fetch GET 200 https://registry.npmmirror.com/crypto-js 46ms (cache miss)
108 silly packumentCache full:https://registry.npmmirror.com/crypto-js set size:8443 disposed:false
109 silly fetch manifest dayjs@^1.11.19
110 silly packumentCache full:https://registry.npmmirror.com/dayjs cache-miss
111 http fetch GET 200 https://registry.npmmirror.com/dayjs 64ms (cache miss)
112 silly packumentCache full:https://registry.npmmirror.com/dayjs set size:57835 disposed:false
113 silly fetch manifest hastscript@^9.0.1
114 silly packumentCache full:https://registry.npmmirror.com/hastscript cache-miss
115 http fetch GET 200 https://registry.npmmirror.com/hastscript 65ms (cache miss)
116 silly packumentCache full:https://registry.npmmirror.com/hastscript set size:18313 disposed:false
117 silly fetch manifest katex@^0.16.25
118 silly packumentCache full:https://registry.npmmirror.com/katex cache-miss
119 http fetch GET 200 https://registry.npmmirror.com/katex 56ms (cache miss)
120 silly packumentCache full:https://registry.npmmirror.com/katex set size:84162 disposed:false
121 silly fetch manifest markdown-it@^14.1.0
122 silly packumentCache full:https://registry.npmmirror.com/markdown-it cache-miss
123 http fetch GET 200 https://registry.npmmirror.com/markdown-it 50ms (cache miss)
124 silly packumentCache full:https://registry.npmmirror.com/markdown-it set size:34270 disposed:false
125 silly fetch manifest marked@^16.4.2
126 silly packumentCache full:https://registry.npmmirror.com/marked cache-miss
127 http fetch GET 200 https://registry.npmmirror.com/marked 51ms (cache miss)
128 silly packumentCache full:https://registry.npmmirror.com/marked set size:103793 disposed:false
129 silly fetch manifest mdast-util-to-string@^4.0.0
130 silly packumentCache full:https://registry.npmmirror.com/mdast-util-to-string cache-miss
131 http fetch GET 200 https://registry.npmmirror.com/mdast-util-to-string 53ms (cache miss)
132 silly packumentCache full:https://registry.npmmirror.com/mdast-util-to-string set size:12390 disposed:false
133 silly fetch manifest node-html-parser@^7.0.1
134 silly packumentCache full:https://registry.npmmirror.com/node-html-parser cache-miss
135 http fetch GET 200 https://registry.npmmirror.com/node-html-parser 55ms (cache miss)
136 silly packumentCache full:https://registry.npmmirror.com/node-html-parser set size:61459 disposed:false
137 silly fetch manifest overlayscrollbars@^2.12.0
138 silly packumentCache full:https://registry.npmmirror.com/overlayscrollbars cache-miss
139 http fetch GET 200 https://registry.npmmirror.com/overlayscrollbars 49ms (cache miss)
140 silly packumentCache full:https://registry.npmmirror.com/overlayscrollbars set size:51165 disposed:false
141 silly fetch manifest pagefind@^1.4.0
142 silly packumentCache full:https://registry.npmmirror.com/pagefind cache-miss
143 http fetch GET 200 https://registry.npmmirror.com/pagefind 59ms (cache miss)
144 silly packumentCache full:https://registry.npmmirror.com/pagefind set size:82036 disposed:false
145 silly fetch manifest photoswipe@^5.4.4
146 silly packumentCache full:https://registry.npmmirror.com/photoswipe cache-miss
147 http fetch GET 200 https://registry.npmmirror.com/photoswipe 57ms (cache miss)
148 silly packumentCache full:https://registry.npmmirror.com/photoswipe set size:28519 disposed:false
149 silly fetch manifest reading-time@^1.5.0
150 silly packumentCache full:https://registry.npmmirror.com/reading-time cache-miss
151 http fetch GET 200 https://registry.npmmirror.com/reading-time 40ms (cache miss)
152 silly packumentCache full:https://registry.npmmirror.com/reading-time set size:6080 disposed:false
153 silly fetch manifest rehype-autolink-headings@^7.1.0
154 silly packumentCache full:https://registry.npmmirror.com/rehype-autolink-headings cache-miss
155 http fetch GET 200 https://registry.npmmirror.com/rehype-autolink-headings 68ms (cache miss)
156 silly packumentCache full:https://registry.npmmirror.com/rehype-autolink-headings set size:14697 disposed:false
157 silly fetch manifest rehype-components@^0.3.0
158 silly packumentCache full:https://registry.npmmirror.com/rehype-components cache-miss
159 http fetch GET 200 https://registry.npmmirror.com/rehype-components 51ms (cache miss)
160 silly packumentCache full:https://registry.npmmirror.com/rehype-components set size:2707 disposed:false
161 silly fetch manifest rehype-katex@^7.0.1
162 silly packumentCache full:https://registry.npmmirror.com/rehype-katex cache-miss
163 http fetch GET 200 https://registry.npmmirror.com/rehype-katex 48ms (cache miss)
164 silly packumentCache full:https://registry.npmmirror.com/rehype-katex set size:12557 disposed:false
165 silly fetch manifest rehype-slug@^6.0.0
166 silly packumentCache full:https://registry.npmmirror.com/rehype-slug cache-miss
167 http fetch GET 200 https://registry.npmmirror.com/rehype-slug 60ms (cache miss)
168 silly packumentCache full:https://registry.npmmirror.com/rehype-slug set size:10822 disposed:false
169 silly fetch manifest remark-directive@^3.0.1
170 silly packumentCache full:https://registry.npmmirror.com/remark-directive cache-miss
171 http fetch GET 200 https://registry.npmmirror.com/remark-directive 42ms (cache miss)
172 silly packumentCache full:https://registry.npmmirror.com/remark-directive set size:9851 disposed:false
173 silly fetch manifest remark-directive-rehype@^0.4.2
174 silly packumentCache full:https://registry.npmmirror.com/remark-directive-rehype cache-miss
175 http fetch GET 200 https://registry.npmmirror.com/remark-directive-rehype 39ms (cache miss)
176 silly packumentCache full:https://registry.npmmirror.com/remark-directive-rehype set size:7529 disposed:false
177 silly fetch manifest remark-github-admonitions-to-directives@^1.0.5
178 silly packumentCache full:https://registry.npmmirror.com/remark-github-admonitions-to-directives cache-miss
179 http fetch GET 200 https://registry.npmmirror.com/remark-github-admonitions-to-directives 40ms (cache miss)
180 silly packumentCache full:https://registry.npmmirror.com/remark-github-admonitions-to-directives set size:6189 disposed:false
181 silly fetch manifest remark-math@^6.0.0
182 silly packumentCache full:https://registry.npmmirror.com/remark-math cache-miss
183 http fetch GET 200 https://registry.npmmirror.com/remark-math 53ms (cache miss)
184 silly packumentCache full:https://registry.npmmirror.com/remark-math set size:12427 disposed:false
185 silly fetch manifest remark-sectionize@^2.1.0
186 silly packumentCache full:https://registry.npmmirror.com/remark-sectionize cache-miss
187 http fetch GET 200 https://registry.npmmirror.com/remark-sectionize 46ms (cache miss)
188 silly packumentCache full:https://registry.npmmirror.com/remark-sectionize set size:7165 disposed:false
189 silly fetch manifest sanitize-html@^2.17.0
190 silly packumentCache full:https://registry.npmmirror.com/sanitize-html cache-miss
191 http fetch GET 200 https://registry.npmmirror.com/sanitize-html 53ms (cache miss)
192 silly packumentCache full:https://registry.npmmirror.com/sanitize-html set size:55744 disposed:false
193 silly fetch manifest satori@^0.18.3
194 silly packumentCache full:https://registry.npmmirror.com/satori cache-miss
195 http fetch GET 200 https://registry.npmmirror.com/satori 71ms (cache miss)
196 silly packumentCache full:https://registry.npmmirror.com/satori set size:119738 disposed:false
197 silly fetch manifest sharp@^0.34.5
198 silly packumentCache full:https://registry.npmmirror.com/sharp cache-miss
199 http fetch GET 200 https://registry.npmmirror.com/sharp 64ms (cache miss)
200 silly packumentCache full:https://registry.npmmirror.com/sharp set size:119333 disposed:false
201 silly fetch manifest stylus@^0.64.0
202 silly packumentCache full:https://registry.npmmirror.com/stylus cache-miss
203 http fetch GET 200 https://registry.npmmirror.com/stylus 58ms (cache miss)
204 silly packumentCache full:https://registry.npmmirror.com/stylus set size:65235 disposed:false
205 silly fetch manifest unist-util-visit@^5.0.0
206 silly packumentCache full:https://registry.npmmirror.com/unist-util-visit cache-miss
207 http fetch GET 200 https://registry.npmmirror.com/unist-util-visit 90ms (cache miss)
208 silly packumentCache full:https://registry.npmmirror.com/unist-util-visit set size:16212 disposed:false
209 silly fetch manifest @biomejs/biome@2.3.5
210 silly packumentCache full:https://registry.npmmirror.com/@biomejs%2fbiome cache-miss
211 http fetch GET 200 https://registry.npmmirror.com/@biomejs%2fbiome 65ms (cache miss)
212 silly packumentCache full:https://registry.npmmirror.com/@biomejs%2fbiome set size:50690 disposed:false
213 silly fetch manifest @iconify-json/mdi@^1.2.3
214 silly packumentCache full:https://registry.npmmirror.com/@iconify-json%2fmdi cache-miss
215 http fetch GET 200 https://registry.npmmirror.com/@iconify-json%2fmdi 63ms (cache miss)
216 silly packumentCache full:https://registry.npmmirror.com/@iconify-json%2fmdi set size:62722 disposed:false
217 silly fetch manifest @rollup/plugin-yaml@^4.1.2
218 silly packumentCache full:https://registry.npmmirror.com/@rollup%2fplugin-yaml cache-miss
219 http fetch GET 200 https://registry.npmmirror.com/@rollup%2fplugin-yaml 47ms (cache miss)
220 silly packumentCache full:https://registry.npmmirror.com/@rollup%2fplugin-yaml set size:8032 disposed:false
221 silly fetch manifest rollup@^1.20.0||^2.0.0||^3.0.0||^4.0.0
222 silly packumentCache full:https://registry.npmmirror.com/rollup cache-miss
223 http fetch GET 200 https://registry.npmmirror.com/rollup 173ms (cache miss)
224 silly packumentCache full:https://registry.npmmirror.com/rollup set size:652427 disposed:false
225 silly fetch manifest @types/hast@^3.0.4
226 silly packumentCache full:https://registry.npmmirror.com/@types%2fhast cache-miss
227 http fetch GET 200 https://registry.npmmirror.com/@types%2fhast 49ms (cache miss)
228 silly packumentCache full:https://registry.npmmirror.com/@types%2fhast set size:6623 disposed:false
229 silly fetch manifest @types/markdown-it@^14.1.2
230 silly packumentCache full:https://registry.npmmirror.com/@types%2fmarkdown-it cache-miss
231 http fetch GET 200 https://registry.npmmirror.com/@types%2fmarkdown-it 49ms (cache miss)
232 silly packumentCache full:https://registry.npmmirror.com/@types%2fmarkdown-it set size:13574 disposed:false
233 silly fetch manifest @types/mdast@^4.0.4
234 silly packumentCache full:https://registry.npmmirror.com/@types%2fmdast cache-miss
235 http fetch GET 200 https://registry.npmmirror.com/@types%2fmdast 45ms (cache miss)
236 silly packumentCache full:https://registry.npmmirror.com/@types%2fmdast set size:8620 disposed:false
237 silly fetch manifest @types/sanitize-html@^2.16.0
238 silly packumentCache full:https://registry.npmmirror.com/@types%2fsanitize-html cache-miss
239 http fetch GET 200 https://registry.npmmirror.com/@types%2fsanitize-html 45ms (cache miss)
240 silly packumentCache full:https://registry.npmmirror.com/@types%2fsanitize-html set size:21429 disposed:false
241 silly fetch manifest fontmin@^1.1.1
242 silly packumentCache full:https://registry.npmmirror.com/fontmin cache-miss
243 http fetch GET 200 https://registry.npmmirror.com/fontmin 56ms (cache miss)
244 silly packumentCache full:https://registry.npmmirror.com/fontmin set size:17732 disposed:false
245 silly fetch manifest postcss-import@^16.1.1
246 silly packumentCache full:https://registry.npmmirror.com/postcss-import cache-miss
247 http fetch GET 200 https://registry.npmmirror.com/postcss-import 89ms (cache miss)
248 silly packumentCache full:https://registry.npmmirror.com/postcss-import set size:24041 disposed:false
249 silly fetch manifest postcss@^8.0.0
250 silly packumentCache full:https://registry.npmmirror.com/postcss cache-miss
251 http fetch GET 200 https://registry.npmmirror.com/postcss 59ms (cache miss)
252 silly packumentCache full:https://registry.npmmirror.com/postcss set size:94293 disposed:false
253 silly fetch manifest postcss-nesting@^13.0.2
254 silly packumentCache full:https://registry.npmmirror.com/postcss-nesting cache-miss
255 http fetch GET 200 https://registry.npmmirror.com/postcss-nesting 61ms (cache miss)
256 silly packumentCache full:https://registry.npmmirror.com/postcss-nesting set size:41434 disposed:false
257 silly fetch manifest postcss@^8.4
258 silly packumentCache full:https://registry.npmmirror.com/postcss cache-hit
259 silly placeDep ROOT @astrojs/svelte@7.2.2 REPLACE for: mizuki@7.1.0 want: 7.2.2
260 silly placeDep ROOT astro@5.15.8 OK for: @astrojs/svelte@7.2.2 want: ^5.0.0
261 silly placeDep ROOT svelte@5.43.10 OK for: @astrojs/svelte@7.2.2 want: ^5.1.16
262 silly placeDep ROOT typescript@5.9.3 OK for: @astrojs/svelte@7.2.2 want: ^5.3.3
263 silly placeDep ROOT @biomejs/biome@2.3.5 REPLACE for: mizuki@7.1.0 want: 2.3.5
264 silly placeDep ROOT @expressive-code/core@0.41.3 OK for: mizuki@7.1.0 want: ^0.41.3
265 silly placeDep ROOT @expressive-code/plugin-collapsible-sections@0.41.3 OK for: mizuki@7.1.0 want: ^0.41.3
266 silly placeDep ROOT @expressive-code/plugin-line-numbers@0.41.3 OK for: mizuki@7.1.0 want: ^0.41.3
267 silly placeDep ROOT @fancyapps/ui@6.1.5 OK for: mizuki@7.1.0 want: ^6.1.5
268 silly placeDep ROOT @fontsource-variable/jetbrains-mono@5.2.8 OK for: mizuki@7.1.0 want: ^5.2.8
269 silly placeDep ROOT @fontsource/roboto@5.2.8 OK for: mizuki@7.1.0 want: ^5.2.8
270 silly placeDep ROOT @iconify-json/fa6-brands@1.2.6 OK for: mizuki@7.1.0 want: ^1.2.6
271 silly placeDep ROOT @iconify-json/fa6-regular@1.2.4 OK for: mizuki@7.1.0 want: ^1.2.4
272 silly placeDep ROOT @iconify-json/fa6-solid@1.2.4 OK for: mizuki@7.1.0 want: ^1.2.4
273 silly placeDep ROOT @iconify-json/material-symbols@1.2.46 OK for: mizuki@7.1.0 want: ^1.2.46
274 silly placeDep ROOT @iconify-json/mdi@1.2.3 OK for: mizuki@7.1.0 want: ^1.2.3
275 silly placeDep ROOT @iconify-json/simple-icons@1.2.59 OK for: mizuki@7.1.0 want: ^1.2.59
276 silly placeDep ROOT @iconify/svelte@4.2.0 OK for: mizuki@7.1.0 want: ^4.2.0
277 silly placeDep ROOT @rollup/plugin-yaml@4.1.2 OK for: mizuki@7.1.0 want: ^4.1.2
278 silly placeDep ROOT @swup/astro@1.7.0 OK for: mizuki@7.1.0 want: ^1.7.0
279 silly placeDep ROOT @tailwindcss/typography@0.5.19 OK for: mizuki@7.1.0 want: ^0.5.19
280 silly placeDep ROOT tailwindcss@3.4.18 OK for: @tailwindcss/typography@0.5.19 want: >=3.0.0 || insiders || >=4.0.0-alpha.20 || >=4.0.0-beta.1
281 silly placeDep ROOT @types/hast@3.0.4 OK for: mizuki@7.1.0 want: ^3.0.4
282 silly placeDep ROOT @types/markdown-it@14.1.2 OK for: mizuki@7.1.0 want: ^14.1.2
283 silly placeDep ROOT @types/mdast@4.0.4 OK for: mizuki@7.1.0 want: ^4.0.4
284 silly placeDep ROOT @types/sanitize-html@2.16.0 OK for: mizuki@7.1.0 want: ^2.16.0
285 silly placeDep ROOT astro-expressive-code@0.41.3 OK for: mizuki@7.1.0 want: ^0.41.3
286 silly placeDep ROOT astro-icon@1.1.5 OK for: mizuki@7.1.0 want: ^1.1.5
287 silly placeDep ROOT bcryptjs@3.0.3 OK for: mizuki@7.1.0 want: ^3.0.3
288 silly placeDep ROOT crypto-js@4.2.0 OK for: mizuki@7.1.0 want: ^4.2.0
289 silly placeDep ROOT dayjs@1.11.19 OK for: mizuki@7.1.0 want: ^1.11.19
290 silly placeDep ROOT fontmin@1.1.1 OK for: mizuki@7.1.0 want: ^1.1.1
291 silly placeDep ROOT hastscript@9.0.1 OK for: mizuki@7.1.0 want: ^9.0.1
292 silly placeDep ROOT katex@0.16.25 OK for: mizuki@7.1.0 want: ^0.16.25
293 silly placeDep ROOT markdown-it@14.1.0 OK for: mizuki@7.1.0 want: ^14.1.0
294 silly placeDep ROOT marked@16.4.2 OK for: mizuki@7.1.0 want: ^16.4.2
295 silly placeDep ROOT mdast-util-to-string@4.0.0 OK for: mizuki@7.1.0 want: ^4.0.0
296 silly placeDep ROOT node-html-parser@7.0.1 OK for: mizuki@7.1.0 want: ^7.0.1
297 silly placeDep ROOT overlayscrollbars@2.12.0 OK for: mizuki@7.1.0 want: ^2.12.0
298 silly placeDep ROOT pagefind@1.4.0 OK for: mizuki@7.1.0 want: ^1.4.0
299 silly placeDep ROOT photoswipe@5.4.4 OK for: mizuki@7.1.0 want: ^5.4.4
300 silly placeDep ROOT postcss-import@16.1.1 OK for: mizuki@7.1.0 want: ^16.1.1
301 silly placeDep ROOT postcss@8.5.6 OK for: postcss-import@16.1.1 want: ^8.0.0
302 silly placeDep ROOT postcss-nesting@13.0.2 OK for: mizuki@7.1.0 want: ^13.0.2
303 silly placeDep ROOT reading-time@1.5.0 OK for: mizuki@7.1.0 want: ^1.5.0
304 silly placeDep ROOT rehype-autolink-headings@7.1.0 OK for: mizuki@7.1.0 want: ^7.1.0
305 silly placeDep ROOT rehype-components@0.3.0 OK for: mizuki@7.1.0 want: ^0.3.0
306 silly placeDep ROOT rehype-katex@7.0.1 OK for: mizuki@7.1.0 want: ^7.0.1
307 silly placeDep ROOT rehype-slug@6.0.0 OK for: mizuki@7.1.0 want: ^6.0.0
308 silly placeDep ROOT remark-directive@3.0.1 OK for: mizuki@7.1.0 want: ^3.0.1
309 silly placeDep ROOT remark-directive-rehype@0.4.2 OK for: mizuki@7.1.0 want: ^0.4.2
310 silly placeDep ROOT remark-github-admonitions-to-directives@1.0.5 OK for: mizuki@7.1.0 want: ^1.0.5
311 silly placeDep ROOT remark-math@6.0.0 OK for: mizuki@7.1.0 want: ^6.0.0
312 silly placeDep ROOT remark-sectionize@2.1.0 OK for: mizuki@7.1.0 want: ^2.1.0
313 silly placeDep ROOT sanitize-html@2.17.0 OK for: mizuki@7.1.0 want: ^2.17.0
314 silly placeDep ROOT satori@0.18.3 OK for: mizuki@7.1.0 want: ^0.18.3
315 silly placeDep ROOT sharp@0.34.5 OK for: mizuki@7.1.0 want: ^0.34.5
316 silly placeDep ROOT stylus@0.64.0 OK for: mizuki@7.1.0 want: ^0.64.0
317 silly placeDep ROOT unist-util-visit@5.0.0 OK for: mizuki@7.1.0 want: ^5.0.0
318 silly fetch manifest @sveltejs/vite-plugin-svelte@^5.1.1
319 silly packumentCache full:https://registry.npmmirror.com/@sveltejs%2fvite-plugin-svelte cache-miss
320 silly fetch manifest svelte2tsx@^0.7.42
321 silly packumentCache full:https://registry.npmmirror.com/svelte2tsx cache-miss
322 silly fetch manifest vite@^6.4.1
323 silly packumentCache full:https://registry.npmmirror.com/vite cache-miss
324 silly fetch manifest @jridgewell/remapping@^2.3.4
325 silly packumentCache full:https://registry.npmmirror.com/@jridgewell%2fremapping cache-miss
326 silly fetch manifest @jridgewell/sourcemap-codec@^1.5.0
327 silly packumentCache full:https://registry.npmmirror.com/@jridgewell%2fsourcemap-codec cache-miss
328 silly fetch manifest @sveltejs/acorn-typescript@^1.0.5
329 silly packumentCache full:https://registry.npmmirror.com/@sveltejs%2facorn-typescript cache-miss
330 silly fetch manifest @types/estree@^1.0.5
331 silly packumentCache full:https://registry.npmmirror.com/@types%2festree cache-miss
332 silly fetch manifest acorn@^8.12.1
333 silly packumentCache full:https://registry.npmmirror.com/acorn cache-miss
334 silly fetch manifest aria-query@^5.3.1
335 silly packumentCache full:https://registry.npmmirror.com/aria-query cache-miss
336 silly fetch manifest axobject-query@^4.1.0
337 silly packumentCache full:https://registry.npmmirror.com/axobject-query cache-miss
338 silly fetch manifest clsx@^2.1.1
339 silly packumentCache full:https://registry.npmmirror.com/clsx cache-miss
340 silly fetch manifest esm-env@^1.2.1
341 silly packumentCache full:https://registry.npmmirror.com/esm-env cache-miss
342 silly fetch manifest esrap@^2.1.0
343 silly packumentCache full:https://registry.npmmirror.com/esrap cache-miss
344 silly fetch manifest is-reference@^3.0.3
345 silly packumentCache full:https://registry.npmmirror.com/is-reference cache-miss
346 silly fetch manifest locate-character@^3.0.0
347 silly packumentCache full:https://registry.npmmirror.com/locate-character cache-miss
348 silly fetch manifest magic-string@^0.30.11
349 silly packumentCache full:https://registry.npmmirror.com/magic-string cache-miss
350 silly fetch manifest zimmerframe@^1.1.2
351 silly packumentCache full:https://registry.npmmirror.com/zimmerframe cache-miss
352 silly fetch manifest @oslojs/encoding@^1.1.0
353 silly packumentCache full:https://registry.npmmirror.com/@oslojs%2fencoding cache-miss
354 silly fetch manifest @rollup/pluginutils@^5.3.0
355 silly packumentCache full:https://registry.npmmirror.com/@rollup%2fpluginutils cache-miss
356 silly fetch manifest acorn@^8.15.0
357 silly packumentCache full:https://registry.npmmirror.com/acorn cache-miss
358 silly fetch manifest aria-query@^5.3.2
359 silly packumentCache full:https://registry.npmmirror.com/aria-query cache-miss
360 silly fetch manifest axobject-query@^4.1.0
361 silly packumentCache full:https://registry.npmmirror.com/axobject-query cache-miss
362 silly fetch manifest boxen@8.0.1
363 silly packumentCache full:https://registry.npmmirror.com/boxen cache-miss
364 silly fetch manifest ci-info@^4.3.1
365 silly packumentCache full:https://registry.npmmirror.com/ci-info cache-miss
366 silly fetch manifest clsx@^2.1.1
367 silly packumentCache full:https://registry.npmmirror.com/clsx cache-miss
368 silly fetch manifest common-ancestor-path@^1.0.1
369 silly packumentCache full:https://registry.npmmirror.com/common-ancestor-path cache-miss
370 silly fetch manifest cookie@^1.0.2
371 silly packumentCache full:https://registry.npmmirror.com/cookie cache-miss
372 silly fetch manifest cssesc@^3.0.0
373 silly packumentCache full:https://registry.npmmirror.com/cssesc cache-miss
374 silly fetch manifest debug@^4.4.3
375 silly packumentCache full:https://registry.npmmirror.com/debug cache-miss
376 silly fetch manifest deterministic-object-hash@^2.0.2
377 silly packumentCache full:https://registry.npmmirror.com/deterministic-object-hash cache-miss
378 silly fetch manifest devalue@^5.4.2
379 silly packumentCache full:https://registry.npmmirror.com/devalue cache-miss
380 http fetch GET 200 https://registry.npmmirror.com/@sveltejs%2fvite-plugin-svelte 107ms (cache miss)
381 silly packumentCache full:https://registry.npmmirror.com/@sveltejs%2fvite-plugin-svelte set size:80162 disposed:false
382 silly fetch manifest diff@^5.2.0
383 silly packumentCache full:https://registry.npmmirror.com/diff cache-miss
384 http fetch GET 200 https://registry.npmmirror.com/@jridgewell%2fremapping 176ms (cache miss)
385 silly packumentCache full:https://registry.npmmirror.com/@jridgewell%2fremapping set size:6023 disposed:false
386 silly fetch manifest dlv@^1.1.3
387 silly packumentCache full:https://registry.npmmirror.com/dlv cache-miss
388 http fetch GET 200 https://registry.npmmirror.com/svelte2tsx 182ms (cache miss)
389 silly packumentCache full:https://registry.npmmirror.com/svelte2tsx set size:114169 disposed:false
390 silly fetch manifest dset@^3.1.4
391 silly packumentCache full:https://registry.npmmirror.com/dset cache-miss
392 http fetch GET 200 https://registry.npmmirror.com/is-reference 206ms (cache miss)
393 silly packumentCache full:https://registry.npmmirror.com/is-reference set size:6877 disposed:false
394 silly fetch manifest es-module-lexer@^1.7.0
395 silly packumentCache full:https://registry.npmmirror.com/es-module-lexer cache-miss
396 http fetch GET 200 https://registry.npmmirror.com/@types%2festree 209ms (cache miss)
397 silly packumentCache full:https://registry.npmmirror.com/@types%2festree set size:16110 disposed:false
398 silly fetch manifest esbuild@^0.25.0
399 silly packumentCache full:https://registry.npmmirror.com/esbuild cache-miss
400 http fetch GET 200 https://registry.npmmirror.com/aria-query 211ms (cache miss)
401 silly packumentCache full:https://registry.npmmirror.com/aria-query set size:18373 disposed:false
402 silly fetch manifest estree-walker@^3.0.3
403 silly packumentCache full:https://registry.npmmirror.com/estree-walker cache-miss
404 http fetch GET 200 https://registry.npmmirror.com/@sveltejs%2facorn-typescript 214ms (cache miss)
405 silly packumentCache full:https://registry.npmmirror.com/@sveltejs%2facorn-typescript set size:5032 disposed:false
406 silly fetch manifest flattie@^1.1.1
407 silly packumentCache full:https://registry.npmmirror.com/flattie cache-miss
408 http fetch GET 200 https://registry.npmmirror.com/zimmerframe 227ms (cache miss)
409 silly packumentCache full:https://registry.npmmirror.com/zimmerframe set size:10766 disposed:false
410 silly fetch manifest fontace@~0.3.1
411 silly packumentCache full:https://registry.npmmirror.com/fontace cache-miss
412 http fetch GET 200 https://registry.npmmirror.com/acorn 251ms (cache miss)
413 silly packumentCache full:https://registry.npmmirror.com/acorn set size:51704 disposed:false
414 silly fetch manifest github-slugger@^2.0.0
415 silly packumentCache full:https://registry.npmmirror.com/github-slugger cache-miss
416 http fetch GET 200 https://registry.npmmirror.com/@rollup%2fpluginutils 257ms (cache miss)
417 silly packumentCache full:https://registry.npmmirror.com/@rollup%2fpluginutils set size:20304 disposed:false
418 silly fetch manifest html-escaper@3.0.3
419 silly packumentCache full:https://registry.npmmirror.com/html-escaper cache-miss
420 http fetch GET 200 https://registry.npmmirror.com/axobject-query 263ms (cache miss)
421 silly packumentCache full:https://registry.npmmirror.com/axobject-query set size:14167 disposed:false
422 silly fetch manifest http-cache-semantics@^4.2.0
423 silly packumentCache full:https://registry.npmmirror.com/http-cache-semantics cache-miss
424 http fetch GET 200 https://registry.npmmirror.com/@jridgewell%2fsourcemap-codec 266ms (cache miss)
425 silly packumentCache full:https://registry.npmmirror.com/@jridgewell%2fsourcemap-codec set size:14577 disposed:false
426 silly fetch manifest import-meta-resolve@^4.2.0
427 silly packumentCache full:https://registry.npmmirror.com/import-meta-resolve cache-miss
428 http fetch GET 200 https://registry.npmmirror.com/@oslojs%2fencoding 269ms (cache miss)
429 silly packumentCache full:https://registry.npmmirror.com/@oslojs%2fencoding set size:3825 disposed:false
430 silly fetch manifest js-yaml@^4.1.0
431 silly packumentCache full:https://registry.npmmirror.com/js-yaml cache-miss
432 http fetch GET 200 https://registry.npmmirror.com/axobject-query 272ms (cache miss)
433 silly packumentCache full:https://registry.npmmirror.com/axobject-query set size:14167 disposed:false
434 silly packumentCache full:https://registry.npmmirror.com/axobject-query dispose
435 silly fetch manifest magic-string@^0.30.21
436 silly packumentCache full:https://registry.npmmirror.com/magic-string cache-miss
437 http fetch GET 200 https://registry.npmmirror.com/clsx 278ms (cache miss)
438 silly packumentCache full:https://registry.npmmirror.com/clsx set size:9149 disposed:false
439 silly fetch manifest magicast@^0.5.1
440 silly packumentCache full:https://registry.npmmirror.com/magicast cache-miss
441 http fetch GET 200 https://registry.npmmirror.com/locate-character 279ms (cache miss)
442 silly packumentCache full:https://registry.npmmirror.com/locate-character set size:4099 disposed:false
443 silly fetch manifest mrmime@^2.0.1
444 silly packumentCache full:https://registry.npmmirror.com/mrmime cache-miss
445 http fetch GET 200 https://registry.npmmirror.com/esm-env 281ms (cache miss)
446 silly packumentCache full:https://registry.npmmirror.com/esm-env set size:5813 disposed:false
447 silly fetch manifest neotraverse@^0.6.18
448 silly packumentCache full:https://registry.npmmirror.com/neotraverse cache-miss
449 http fetch GET 200 https://registry.npmmirror.com/boxen 293ms (cache miss)
450 silly packumentCache full:https://registry.npmmirror.com/boxen set size:17829 disposed:false
451 silly fetch manifest p-limit@^6.2.0
452 silly packumentCache full:https://registry.npmmirror.com/p-limit cache-miss
453 http fetch GET 200 https://registry.npmmirror.com/acorn 298ms (cache miss)
454 silly packumentCache full:https://registry.npmmirror.com/acorn set size:51704 disposed:false
455 silly packumentCache full:https://registry.npmmirror.com/acorn dispose
456 silly fetch manifest p-queue@^8.1.1
457 silly packumentCache full:https://registry.npmmirror.com/p-queue cache-miss
458 http fetch GET 200 https://registry.npmmirror.com/magic-string 303ms (cache miss)
459 silly packumentCache full:https://registry.npmmirror.com/magic-string set size:56360 disposed:false
460 silly fetch manifest package-manager-detector@^1.5.0
461 silly packumentCache full:https://registry.npmmirror.com/package-manager-detector cache-miss
462 http fetch GET 200 https://registry.npmmirror.com/aria-query 306ms (cache miss)
463 silly packumentCache full:https://registry.npmmirror.com/aria-query set size:18373 disposed:false
464 silly packumentCache full:https://registry.npmmirror.com/aria-query dispose
465 silly fetch manifest picocolors@^1.1.1
466 silly packumentCache full:https://registry.npmmirror.com/picocolors cache-miss
467 http fetch GET 200 https://registry.npmmirror.com/clsx 311ms (cache miss)
468 silly packumentCache full:https://registry.npmmirror.com/clsx set size:9149 disposed:false
469 silly packumentCache full:https://registry.npmmirror.com/clsx dispose
470 silly fetch manifest picomatch@^4.0.3
471 silly packumentCache full:https://registry.npmmirror.com/picomatch cache-miss
472 http fetch GET 200 https://registry.npmmirror.com/cookie 321ms (cache miss)
473 silly packumentCache full:https://registry.npmmirror.com/cookie set size:16138 disposed:false
474 silly fetch manifest prompts@^2.4.2
475 silly packumentCache full:https://registry.npmmirror.com/prompts cache-miss
476 http fetch GET 200 https://registry.npmmirror.com/common-ancestor-path 324ms (cache miss)
477 silly packumentCache full:https://registry.npmmirror.com/common-ancestor-path set size:1575 disposed:false
478 silly fetch manifest rehype@^13.0.2
479 silly packumentCache full:https://registry.npmmirror.com/rehype cache-miss
480 http fetch GET 200 https://registry.npmmirror.com/esrap 332ms (cache miss)
481 silly packumentCache full:https://registry.npmmirror.com/esrap set size:15909 disposed:false
482 silly fetch manifest semver@^7.7.3
483 silly packumentCache full:https://registry.npmmirror.com/semver cache-miss
484 http fetch GET 200 https://registry.npmmirror.com/ci-info 333ms (cache miss)
485 silly packumentCache full:https://registry.npmmirror.com/ci-info set size:22601 disposed:false
486 silly fetch manifest shiki@^3.15.0
487 silly packumentCache full:https://registry.npmmirror.com/shiki cache-miss
488 http fetch GET 200 https://registry.npmmirror.com/dlv 160ms (cache miss)
489 silly packumentCache full:https://registry.npmmirror.com/dlv set size:3901 disposed:false
490 silly fetch manifest smol-toml@^1.4.2
491 silly packumentCache full:https://registry.npmmirror.com/smol-toml cache-miss
492 http fetch GET 200 https://registry.npmmirror.com/diff 227ms (cache miss)
493 silly packumentCache full:https://registry.npmmirror.com/diff set size:30983 disposed:false
494 silly fetch manifest tinyexec@^1.0.2
495 silly packumentCache full:https://registry.npmmirror.com/tinyexec cache-miss
496 http fetch GET 200 https://registry.npmmirror.com/debug 341ms (cache miss)
497 silly packumentCache full:https://registry.npmmirror.com/debug set size:32042 disposed:false
498 silly fetch manifest tinyglobby@^0.2.15
499 silly packumentCache full:https://registry.npmmirror.com/tinyglobby cache-miss
500 http fetch GET 200 https://registry.npmmirror.com/cssesc 352ms (cache miss)
501 silly packumentCache full:https://registry.npmmirror.com/cssesc set size:5105 disposed:false
502 silly fetch manifest tsconfck@^3.1.6
503 silly packumentCache full:https://registry.npmmirror.com/tsconfck cache-miss
504 http fetch GET 200 https://registry.npmmirror.com/es-module-lexer 148ms (cache miss)
505 silly packumentCache full:https://registry.npmmirror.com/es-module-lexer set size:36303 disposed:false
506 silly fetch manifest ultrahtml@^1.6.0
507 silly packumentCache full:https://registry.npmmirror.com/ultrahtml cache-miss
508 http fetch GET 200 https://registry.npmmirror.com/devalue 365ms (cache miss)
509 silly packumentCache full:https://registry.npmmirror.com/devalue set size:25150 disposed:false
510 silly fetch manifest unifont@~0.6.0
511 silly packumentCache full:https://registry.npmmirror.com/unifont cache-miss
512 http fetch GET 200 https://registry.npmmirror.com/deterministic-object-hash 388ms (cache miss)
513 silly packumentCache full:https://registry.npmmirror.com/deterministic-object-hash set size:8942 disposed:false
514 silly fetch manifest unstorage@^1.17.2
515 silly packumentCache full:https://registry.npmmirror.com/unstorage cache-miss
516 http fetch GET 200 https://registry.npmmirror.com/github-slugger 140ms (cache miss)
517 silly packumentCache full:https://registry.npmmirror.com/github-slugger set size:7401 disposed:false
518 silly fetch manifest vfile@^6.0.3
519 silly packumentCache full:https://registry.npmmirror.com/vfile cache-miss
520 http fetch GET 200 https://registry.npmmirror.com/magic-string 129ms (cache miss)
521 silly packumentCache full:https://registry.npmmirror.com/magic-string set size:56360 disposed:false
522 silly packumentCache full:https://registry.npmmirror.com/magic-string dispose
523 silly fetch manifest vite@^6.4.1
524 silly packumentCache full:https://registry.npmmirror.com/vite cache-miss
525 http fetch GET 200 https://registry.npmmirror.com/estree-walker 199ms (cache miss)
526 silly packumentCache full:https://registry.npmmirror.com/estree-walker set size:11874 disposed:false
527 silly fetch manifest vitefu@^1.1.1
528 silly packumentCache full:https://registry.npmmirror.com/vitefu cache-miss
529 http fetch GET 200 https://registry.npmmirror.com/flattie 199ms (cache miss)
530 silly packumentCache full:https://registry.npmmirror.com/flattie set size:3524 disposed:false
531 silly fetch manifest xxhash-wasm@^1.1.0
532 silly packumentCache full:https://registry.npmmirror.com/xxhash-wasm cache-miss
533 http fetch GET 200 https://registry.npmmirror.com/fontace 189ms (cache miss)
534 silly packumentCache full:https://registry.npmmirror.com/fontace set size:5443 disposed:false
535 silly fetch manifest yargs-parser@^21.1.1
536 silly packumentCache full:https://registry.npmmirror.com/yargs-parser cache-miss
537 http fetch GET 200 https://registry.npmmirror.com/dset 233ms (cache miss)
538 silly packumentCache full:https://registry.npmmirror.com/dset set size:7712 disposed:false
539 silly fetch manifest yocto-spinner@^0.2.3
540 silly packumentCache full:https://registry.npmmirror.com/yocto-spinner cache-miss
541 http fetch GET 200 https://registry.npmmirror.com/import-meta-resolve 156ms (cache miss)
542 silly packumentCache full:https://registry.npmmirror.com/import-meta-resolve set size:19229 disposed:false
543 silly fetch manifest zod@^3.25.76
544 silly packumentCache full:https://registry.npmmirror.com/zod cache-miss
545 http fetch GET 200 https://registry.npmmirror.com/http-cache-semantics 159ms (cache miss)
546 silly packumentCache full:https://registry.npmmirror.com/http-cache-semantics set size:15736 disposed:false
547 silly fetch manifest zod-to-json-schema@^3.24.6
548 silly packumentCache full:https://registry.npmmirror.com/zod-to-json-schema cache-miss
549 http fetch GET 200 https://registry.npmmirror.com/html-escaper 171ms (cache miss)
550 silly packumentCache full:https://registry.npmmirror.com/html-escaper set size:5968 disposed:false
551 silly fetch manifest zod-to-ts@^1.2.0
552 silly packumentCache full:https://registry.npmmirror.com/zod-to-ts cache-miss
553 http fetch GET 200 https://registry.npmmirror.com/js-yaml 167ms (cache miss)
554 silly packumentCache full:https://registry.npmmirror.com/js-yaml set size:25284 disposed:false
555 silly fetch manifest sharp@^0.34.0
556 silly packumentCache full:https://registry.npmmirror.com/sharp cache-hit
557 silly fetch manifest @biomejs/cli-win32-x64@2.3.5
558 silly packumentCache full:https://registry.npmmirror.com/@biomejs%2fcli-win32-x64 cache-miss
559 http fetch GET 200 https://registry.npmmirror.com/p-limit 157ms (cache miss)
560 silly packumentCache full:https://registry.npmmirror.com/p-limit set size:10185 disposed:false
561 silly fetch manifest @biomejs/cli-win32-arm64@2.3.5
562 silly packumentCache full:https://registry.npmmirror.com/@biomejs%2fcli-win32-arm64 cache-miss
563 http fetch GET 200 https://registry.npmmirror.com/picocolors 147ms (cache miss)
564 silly packumentCache full:https://registry.npmmirror.com/picocolors set size:4040 disposed:false
565 silly fetch manifest @biomejs/cli-darwin-x64@2.3.5
566 silly packumentCache full:https://registry.npmmirror.com/@biomejs%2fcli-darwin-x64 cache-miss
567 http fetch GET 200 https://registry.npmmirror.com/picomatch 144ms (cache miss)
568 silly packumentCache full:https://registry.npmmirror.com/picomatch set size:22186 disposed:false
569 silly fetch manifest @biomejs/cli-darwin-arm64@2.3.5
570 silly packumentCache full:https://registry.npmmirror.com/@biomejs%2fcli-darwin-arm64 cache-miss
571 http fetch GET 200 https://registry.npmmirror.com/esbuild 251ms (cache miss)
572 silly packumentCache full:https://registry.npmmirror.com/esbuild set size:207980 disposed:false
573 silly fetch manifest @biomejs/cli-linux-x64@2.3.5
574 silly packumentCache full:https://registry.npmmirror.com/@biomejs%2fcli-linux-x64 cache-miss
575 http fetch GET 200 https://registry.npmmirror.com/mrmime 209ms (cache miss)
576 silly packumentCache full:https://registry.npmmirror.com/mrmime set size:5723 disposed:false
577 silly fetch manifest @biomejs/cli-linux-arm64@2.3.5
578 silly packumentCache full:https://registry.npmmirror.com/@biomejs%2fcli-linux-arm64 cache-miss
579 http fetch GET 200 https://registry.npmmirror.com/smol-toml 153ms (cache miss)
580 silly packumentCache full:https://registry.npmmirror.com/smol-toml set size:14783 disposed:false
581 silly fetch manifest @biomejs/cli-linux-x64-musl@2.3.5
582 silly packumentCache full:https://registry.npmmirror.com/@biomejs%2fcli-linux-x64-musl cache-miss
583 http fetch GET 200 https://registry.npmmirror.com/magicast 217ms (cache miss)
584 silly packumentCache full:https://registry.npmmirror.com/magicast set size:19297 disposed:false
585 silly fetch manifest @biomejs/cli-linux-arm64-musl@2.3.5
586 silly packumentCache full:https://registry.npmmirror.com/@biomejs%2fcli-linux-arm64-musl cache-miss
587 http fetch GET 200 https://registry.npmmirror.com/prompts 174ms (cache miss)
588 silly packumentCache full:https://registry.npmmirror.com/prompts set size:18712 disposed:false
589 silly fetch manifest hast-util-select@^6.0.2
590 silly packumentCache full:https://registry.npmmirror.com/hast-util-select cache-miss
591 http fetch GET 200 https://registry.npmmirror.com/package-manager-detector 193ms (cache miss)
592 silly packumentCache full:https://registry.npmmirror.com/package-manager-detector set size:12151 disposed:false
593 silly fetch manifest hast-util-to-html@^9.0.1
594 silly packumentCache full:https://registry.npmmirror.com/hast-util-to-html cache-miss
595 http fetch GET 200 https://registry.npmmirror.com/p-queue 201ms (cache miss)
596 silly packumentCache full:https://registry.npmmirror.com/p-queue set size:32264 disposed:false
597 silly fetch manifest hast-util-to-text@^4.0.1
598 silly packumentCache full:https://registry.npmmirror.com/hast-util-to-text cache-miss
599 http fetch GET 200 https://registry.npmmirror.com/rehype 188ms (cache miss)
600 silly packumentCache full:https://registry.npmmirror.com/rehype set size:10867 disposed:false
601 silly fetch manifest hastscript@^9.0.0
602 silly packumentCache full:https://registry.npmmirror.com/hastscript cache-hit
603 silly fetch manifest postcss@^8.4.38
604 silly packumentCache full:https://registry.npmmirror.com/postcss cache-hit
605 silly fetch manifest postcss-nested@^6.0.1
606 silly packumentCache full:https://registry.npmmirror.com/postcss-nested cache-miss
607 http fetch GET 200 https://registry.npmmirror.com/shiki 185ms (cache miss)
608 silly packumentCache full:https://registry.npmmirror.com/shiki set size:84700 disposed:false
609 silly fetch manifest unist-util-visit-parents@^6.0.1
610 silly packumentCache full:https://registry.npmmirror.com/unist-util-visit-parents cache-miss
611 http fetch GET 200 https://registry.npmmirror.com/tinyglobby 188ms (cache miss)
612 silly packumentCache full:https://registry.npmmirror.com/tinyglobby set size:9890 disposed:false
613 silly fetch manifest @iconify/types@*
614 silly packumentCache full:https://registry.npmmirror.com/@iconify%2ftypes cache-miss
615 http fetch GET 200 https://registry.npmmirror.com/semver 263ms (cache miss)
616 silly packumentCache full:https://registry.npmmirror.com/semver set size:44449 disposed:false
617 silly fetch manifest @iconify/types@*
618 silly packumentCache full:https://registry.npmmirror.com/@iconify%2ftypes cache-miss
619 http fetch GET 200 https://registry.npmmirror.com/ultrahtml 244ms (cache miss)
620 silly packumentCache full:https://registry.npmmirror.com/ultrahtml set size:34164 disposed:false
621 silly fetch manifest @iconify/types@*
622 silly packumentCache full:https://registry.npmmirror.com/@iconify%2ftypes cache-miss
623 http fetch GET 200 https://registry.npmmirror.com/tinyexec 263ms (cache miss)
624 silly packumentCache full:https://registry.npmmirror.com/tinyexec set size:9650 disposed:false
625 silly fetch manifest @iconify/types@*
626 silly packumentCache full:https://registry.npmmirror.com/@iconify%2ftypes cache-miss
627 http fetch GET 200 https://registry.npmmirror.com/tsconfck 254ms (cache miss)
628 silly packumentCache full:https://registry.npmmirror.com/tsconfck set size:38505 disposed:false
629 silly fetch manifest @iconify/types@*
630 silly packumentCache full:https://registry.npmmirror.com/@iconify%2ftypes cache-miss
631 http fetch GET 200 https://registry.npmmirror.com/neotraverse 331ms (cache miss)
632 silly packumentCache full:https://registry.npmmirror.com/neotraverse set size:12342 disposed:false
633 silly fetch manifest @iconify/types@*
634 silly packumentCache full:https://registry.npmmirror.com/@iconify%2ftypes cache-miss
635 http fetch GET 200 https://registry.npmmirror.com/yargs-parser 806ms (cache miss)
636 silly packumentCache full:https://registry.npmmirror.com/yargs-parser set size:34839 disposed:false
637 silly fetch manifest @iconify/types@^2.0.0
638 silly packumentCache full:https://registry.npmmirror.com/@iconify%2ftypes cache-miss
639 http fetch GET 200 https://registry.npmmirror.com/unifont 859ms (cache miss)
640 silly packumentCache full:https://registry.npmmirror.com/unifont set size:9528 disposed:false
641 silly fetch manifest @rollup/pluginutils@^5.0.1
642 silly packumentCache full:https://registry.npmmirror.com/@rollup%2fpluginutils cache-hit
643 silly fetch manifest tosource@^2.0.0-alpha.3
644 silly packumentCache full:https://registry.npmmirror.com/tosource cache-miss
645 http fetch GET 200 https://registry.npmmirror.com/vfile 862ms (cache miss)
646 silly packumentCache full:https://registry.npmmirror.com/vfile set size:33073 disposed:false
647 silly fetch manifest @swup/a11y-plugin@^5.0.0
648 silly packumentCache full:https://registry.npmmirror.com/@swup%2fa11y-plugin cache-miss
649 http fetch GET 200 https://registry.npmmirror.com/zod-to-json-schema 834ms (cache miss)
650 silly packumentCache full:https://registry.npmmirror.com/zod-to-json-schema set size:67390 disposed:false
651 silly fetch manifest @swup/body-class-plugin@^3.0.0
652 silly packumentCache full:https://registry.npmmirror.com/@swup%2fbody-class-plugin cache-miss
653 http fetch GET 200 https://registry.npmmirror.com/yocto-spinner 841ms (cache miss)
654 silly packumentCache full:https://registry.npmmirror.com/yocto-spinner set size:5817 disposed:false
655 silly fetch manifest @swup/debug-plugin@^4.0.0
656 silly packumentCache full:https://registry.npmmirror.com/@swup%2fdebug-plugin cache-miss
657 http fetch GET 200 https://registry.npmmirror.com/xxhash-wasm 849ms (cache miss)
658 silly packumentCache full:https://registry.npmmirror.com/xxhash-wasm set size:13360 disposed:false
659 silly fetch manifest @swup/fade-theme@^2.0.0
660 silly packumentCache full:https://registry.npmmirror.com/@swup%2ffade-theme cache-miss
661 http fetch GET 200 https://registry.npmmirror.com/zod-to-ts 854ms (cache miss)
662 silly packumentCache full:https://registry.npmmirror.com/zod-to-ts set size:15782 disposed:false
663 silly fetch manifest @swup/forms-plugin@^3.0.0
664 silly packumentCache full:https://registry.npmmirror.com/@swup%2fforms-plugin cache-miss
665 http fetch GET 200 https://registry.npmmirror.com/vitefu 881ms (cache miss)
666 silly packumentCache full:https://registry.npmmirror.com/vitefu set size:12915 disposed:false
667 silly fetch manifest @swup/fragment-plugin@^1.1.2
668 silly packumentCache full:https://registry.npmmirror.com/@swup%2ffragment-plugin cache-miss
669 http fetch GET 200 https://registry.npmmirror.com/@biomejs%2fcli-win32-arm64 850ms (cache miss)
670 silly packumentCache full:https://registry.npmmirror.com/@biomejs%2fcli-win32-arm64 set size:38520 disposed:false
671 silly fetch manifest @swup/head-plugin@^2.0.0
672 silly packumentCache full:https://registry.npmmirror.com/@swup%2fhead-plugin cache-miss
673 http fetch GET 200 https://registry.npmmirror.com/@biomejs%2fcli-darwin-x64 862ms (cache miss)
674 silly packumentCache full:https://registry.npmmirror.com/@biomejs%2fcli-darwin-x64 set size:38421 disposed:false
675 silly fetch manifest @swup/overlay-theme@^2.0.0
676 silly packumentCache full:https://registry.npmmirror.com/@swup%2foverlay-theme cache-miss
677 http fetch GET 200 https://registry.npmmirror.com/unstorage 954ms (cache miss)
678 silly packumentCache full:https://registry.npmmirror.com/unstorage set size:60578 disposed:false
679 silly fetch manifest @swup/parallel-plugin@^0.4.0
680 silly packumentCache full:https://registry.npmmirror.com/@swup%2fparallel-plugin cache-miss
681 http fetch GET 200 https://registry.npmmirror.com/@biomejs%2fcli-win32-x64 911ms (cache miss)
682 silly packumentCache full:https://registry.npmmirror.com/@biomejs%2fcli-win32-x64 set size:38289 disposed:false
683 silly fetch manifest @swup/preload-plugin@^3.0.0
684 silly packumentCache full:https://registry.npmmirror.com/@swup%2fpreload-plugin cache-miss
685 http fetch GET 200 https://registry.npmmirror.com/vite 1653ms (cache miss)
686 silly packumentCache full:https://registry.npmmirror.com/vite set size:6208559 disposed:false
687 silly fetch manifest @swup/progress-plugin@^3.0.0
688 silly packumentCache full:https://registry.npmmirror.com/@swup%2fprogress-plugin cache-miss
689 http fetch GET 200 https://registry.npmmirror.com/zod 1456ms (cache miss)
690 silly packumentCache full:https://registry.npmmirror.com/zod set size:395714 disposed:false
691 silly fetch manifest @swup/route-name-plugin@^4.0.0
692 silly packumentCache full:https://registry.npmmirror.com/@swup%2froute-name-plugin cache-miss
693 http fetch GET 200 https://registry.npmmirror.com/hast-util-to-html 1532ms (cache miss)
694 silly packumentCache full:https://registry.npmmirror.com/hast-util-to-html set size:20168 disposed:false
695 silly fetch manifest @swup/scripts-plugin@^2.0.0
696 silly packumentCache full:https://registry.npmmirror.com/@swup%2fscripts-plugin cache-miss
697 http fetch GET 200 https://registry.npmmirror.com/@biomejs%2fcli-darwin-arm64 1583ms (cache miss)
698 silly packumentCache full:https://registry.npmmirror.com/@biomejs%2fcli-darwin-arm64 set size:38303 disposed:false
699 silly fetch manifest @swup/scroll-plugin@^3.0.0
700 silly packumentCache full:https://registry.npmmirror.com/@swup%2fscroll-plugin cache-miss
701 http fetch GET 200 https://registry.npmmirror.com/@biomejs%2fcli-linux-x64 1577ms (cache miss)
702 silly packumentCache full:https://registry.npmmirror.com/@biomejs%2fcli-linux-x64 set size:38313 disposed:false
703 silly fetch manifest @swup/slide-theme@^2.0.0
704 silly packumentCache full:https://registry.npmmirror.com/@swup%2fslide-theme cache-miss
705 http fetch GET 200 https://registry.npmmirror.com/hast-util-to-text 1562ms (cache miss)
706 silly packumentCache full:https://registry.npmmirror.com/hast-util-to-text set size:10104 disposed:false
707 silly fetch manifest swup@^4.0.0
708 silly packumentCache full:https://registry.npmmirror.com/swup cache-miss
709 http fetch GET 200 https://registry.npmmirror.com/@biomejs%2fcli-linux-arm64 1579ms (cache miss)
710 silly packumentCache full:https://registry.npmmirror.com/@biomejs%2fcli-linux-arm64 set size:38441 disposed:false
711 silly fetch manifest swup-morph-plugin@^1.0.0
712 silly packumentCache full:https://registry.npmmirror.com/swup-morph-plugin cache-miss
713 http fetch GET 200 https://registry.npmmirror.com/@biomejs%2fcli-linux-x64-musl 1580ms (cache miss)
714 silly packumentCache full:https://registry.npmmirror.com/@biomejs%2fcli-linux-x64-musl set size:29660 disposed:false
715 silly fetch manifest postcss-selector-parser@6.0.10
716 silly packumentCache full:https://registry.npmmirror.com/postcss-selector-parser cache-miss
717 http fetch GET 200 https://registry.npmmirror.com/@biomejs%2fcli-linux-arm64-musl 1683ms (cache miss)
718 silly packumentCache full:https://registry.npmmirror.com/@biomejs%2fcli-linux-arm64-musl set size:29583 disposed:false
719 silly fetch manifest arg@^5.0.2
720 silly packumentCache full:https://registry.npmmirror.com/arg cache-miss
721 http fetch GET 200 https://registry.npmmirror.com/hast-util-select 1690ms (cache miss)
722 silly packumentCache full:https://registry.npmmirror.com/hast-util-select set size:18397 disposed:false
723 silly fetch manifest chokidar@^3.6.0
724 silly packumentCache full:https://registry.npmmirror.com/chokidar cache-miss
725 http fetch GET 200 https://registry.npmmirror.com/unist-util-visit-parents 1675ms (cache miss)
726 silly packumentCache full:https://registry.npmmirror.com/unist-util-visit-parents set size:18513 disposed:false
727 silly fetch manifest didyoumean@^1.2.2
728 silly packumentCache full:https://registry.npmmirror.com/didyoumean cache-miss
729 http fetch GET 200 https://registry.npmmirror.com/postcss-nested 1690ms (cache miss)
730 silly packumentCache full:https://registry.npmmirror.com/postcss-nested set size:14044 disposed:false
731 silly fetch manifest fast-glob@^3.3.2
732 silly packumentCache full:https://registry.npmmirror.com/fast-glob cache-miss
733 http fetch GET 200 https://registry.npmmirror.com/@iconify%2ftypes 1693ms (cache miss)
734 silly packumentCache full:https://registry.npmmirror.com/@iconify%2ftypes set size:16173 disposed:false
735 silly fetch manifest glob-parent@^6.0.2
736 silly packumentCache full:https://registry.npmmirror.com/glob-parent cache-miss
737 http fetch GET 200 https://registry.npmmirror.com/@iconify%2ftypes 1633ms (cache miss)
738 silly packumentCache full:https://registry.npmmirror.com/@iconify%2ftypes set size:16173 disposed:false
739 silly packumentCache full:https://registry.npmmirror.com/@iconify%2ftypes dispose
740 silly fetch manifest is-glob@^4.0.3
741 silly packumentCache full:https://registry.npmmirror.com/is-glob cache-miss
742 http fetch GET 200 https://registry.npmmirror.com/@iconify%2ftypes 2003ms (cache miss)
743 silly packumentCache full:https://registry.npmmirror.com/@iconify%2ftypes set size:16173 disposed:true
744 silly packumentCache full:https://registry.npmmirror.com/@iconify%2ftypes dispose
745 silly fetch manifest jiti@^1.21.7
746 silly packumentCache full:https://registry.npmmirror.com/jiti cache-miss
747 http fetch GET 200 https://registry.npmmirror.com/@iconify%2ftypes 2159ms (cache miss)
748 silly packumentCache full:https://registry.npmmirror.com/@iconify%2ftypes set size:16173 disposed:true
749 silly packumentCache full:https://registry.npmmirror.com/@iconify%2ftypes dispose
750 silly fetch manifest lilconfig@^3.1.3
751 silly packumentCache full:https://registry.npmmirror.com/lilconfig cache-miss
752 http fetch GET 200 https://registry.npmmirror.com/@iconify%2ftypes 2166ms (cache miss)
753 silly packumentCache full:https://registry.npmmirror.com/@iconify%2ftypes set size:16173 disposed:true
754 silly packumentCache full:https://registry.npmmirror.com/@iconify%2ftypes dispose
755 silly fetch manifest micromatch@^4.0.8
756 silly packumentCache full:https://registry.npmmirror.com/micromatch cache-miss
757 http fetch GET 200 https://registry.npmmirror.com/@iconify%2ftypes 2177ms (cache miss)
758 silly packumentCache full:https://registry.npmmirror.com/@iconify%2ftypes set size:16173 disposed:true
759 silly packumentCache full:https://registry.npmmirror.com/@iconify%2ftypes dispose
760 silly fetch manifest normalize-path@^3.0.0
761 silly packumentCache full:https://registry.npmmirror.com/normalize-path cache-miss
762 http fetch GET 200 https://registry.npmmirror.com/@iconify%2ftypes 1564ms (cache miss)
763 silly packumentCache full:https://registry.npmmirror.com/@iconify%2ftypes set size:16173 disposed:true
764 silly packumentCache full:https://registry.npmmirror.com/@iconify%2ftypes dispose
765 silly fetch manifest object-hash@^3.0.0
766 silly packumentCache full:https://registry.npmmirror.com/object-hash cache-miss
767 http fetch GET 200 https://registry.npmmirror.com/tosource 1611ms (cache miss)
768 silly packumentCache full:https://registry.npmmirror.com/tosource set size:4278 disposed:false
769 silly fetch manifest postcss@^8.4.47
770 silly packumentCache full:https://registry.npmmirror.com/postcss cache-hit
771 silly fetch manifest postcss-import@^15.1.0
772 silly packumentCache full:https://registry.npmmirror.com/postcss-import cache-hit
773 silly fetch manifest postcss-js@^4.0.1
774 silly packumentCache full:https://registry.npmmirror.com/postcss-js cache-miss
775 http fetch GET 200 https://registry.npmmirror.com/@swup%2fa11y-plugin 1632ms (cache miss)
776 silly packumentCache full:https://registry.npmmirror.com/@swup%2fa11y-plugin set size:13711 disposed:false
777 silly fetch manifest postcss-load-config@^4.0.2 || ^5.0 || ^6.0
778 silly packumentCache full:https://registry.npmmirror.com/postcss-load-config cache-miss
779 http fetch GET 200 https://registry.npmmirror.com/@swup%2ffade-theme 1794ms (cache miss)
780 silly packumentCache full:https://registry.npmmirror.com/@swup%2ffade-theme set size:8130 disposed:false
781 silly fetch manifest postcss-nested@^6.2.0
782 silly packumentCache full:https://registry.npmmirror.com/postcss-nested cache-hit
783 silly fetch manifest postcss-selector-parser@^6.1.2
784 silly packumentCache full:https://registry.npmmirror.com/postcss-selector-parser cache-miss
785 http fetch GET 200 https://registry.npmmirror.com/@swup%2fbody-class-plugin 1802ms (cache miss)
786 silly packumentCache full:https://registry.npmmirror.com/@swup%2fbody-class-plugin set size:8008 disposed:false
787 silly fetch manifest resolve@^1.22.8
788 silly packumentCache full:https://registry.npmmirror.com/resolve cache-miss
789 http fetch GET 200 https://registry.npmmirror.com/@swup%2fdebug-plugin 1803ms (cache miss)
790 silly packumentCache full:https://registry.npmmirror.com/@swup%2fdebug-plugin set size:9551 disposed:false
791 silly fetch manifest sucrase@^3.35.0
792 silly packumentCache full:https://registry.npmmirror.com/sucrase cache-miss
793 http fetch GET 200 https://registry.npmmirror.com/@swup%2fforms-plugin 1785ms (cache miss)
794 silly packumentCache full:https://registry.npmmirror.com/@swup%2fforms-plugin set size:undefined disposed:false
795 silly fetch manifest @types/unist@*
796 silly packumentCache full:https://registry.npmmirror.com/@types%2funist cache-miss
797 http fetch GET 200 https://registry.npmmirror.com/@swup%2foverlay-theme 1786ms (cache miss)
798 silly packumentCache full:https://registry.npmmirror.com/@swup%2foverlay-theme set size:10061 disposed:false
799 silly fetch manifest @types/mdurl@^2
800 silly packumentCache full:https://registry.npmmirror.com/@types%2fmdurl cache-miss
801 http fetch GET 200 https://registry.npmmirror.com/@swup%2fslide-theme 1065ms (cache miss)
802 silly packumentCache full:https://registry.npmmirror.com/@swup%2fslide-theme set size:8125 disposed:false
803 silly fetch manifest @types/linkify-it@^5
804 silly packumentCache full:https://registry.npmmirror.com/@types%2flinkify-it cache-miss
805 http fetch GET 200 https://registry.npmmirror.com/@swup%2fhead-plugin 1807ms (cache miss)
806 silly packumentCache full:https://registry.npmmirror.com/@swup%2fhead-plugin set size:12055 disposed:false
807 silly fetch manifest @types/unist@*
808 silly packumentCache full:https://registry.npmmirror.com/@types%2funist cache-miss
809 http fetch GET 200 https://registry.npmmirror.com/@swup%2fscripts-plugin 1080ms (cache miss)
810 silly packumentCache full:https://registry.npmmirror.com/@swup%2fscripts-plugin set size:5804 disposed:false
811 silly fetch manifest htmlparser2@^8.0.0
812 silly packumentCache full:https://registry.npmmirror.com/htmlparser2 cache-miss
813 http fetch GET 200 https://registry.npmmirror.com/@swup%2fprogress-plugin 1256ms (cache miss)
814 silly packumentCache full:https://registry.npmmirror.com/@swup%2fprogress-plugin set size:10550 disposed:false
815 silly fetch manifest rehype-expressive-code@^0.41.3
816 silly packumentCache full:https://registry.npmmirror.com/rehype-expressive-code cache-miss
817 http fetch GET 200 https://registry.npmmirror.com/@swup%2ffragment-plugin 1824ms (cache miss)
818 silly packumentCache full:https://registry.npmmirror.com/@swup%2ffragment-plugin set size:undefined disposed:false
819 silly fetch manifest @iconify/tools@^4.0.5
820 silly packumentCache full:https://registry.npmmirror.com/@iconify%2ftools cache-miss
821 http fetch GET 200 https://registry.npmmirror.com/@swup%2froute-name-plugin 1206ms (cache miss)
822 silly packumentCache full:https://registry.npmmirror.com/@swup%2froute-name-plugin set size:8793 disposed:false
823 silly fetch manifest @iconify/utils@^2.1.30
824 silly packumentCache full:https://registry.npmmirror.com/@iconify%2futils cache-miss
825 http fetch GET 200 https://registry.npmmirror.com/@swup%2fparallel-plugin 1772ms (cache miss)
826 silly packumentCache full:https://registry.npmmirror.com/@swup%2fparallel-plugin set size:8289 disposed:false
827 silly fetch manifest @types/node@^12.20.55
828 silly packumentCache full:https://registry.npmmirror.com/@types%2fnode cache-miss
829 http fetch GET 200 https://registry.npmmirror.com/@swup%2fscroll-plugin 1082ms (cache miss)
830 silly packumentCache full:https://registry.npmmirror.com/@swup%2fscroll-plugin set size:undefined disposed:false
831 silly fetch manifest @types/through2@^2.0.38
832 silly packumentCache full:https://registry.npmmirror.com/@types%2fthrough2 cache-miss
833 http fetch GET 200 https://registry.npmmirror.com/postcss-selector-parser 1057ms (cache miss)
834 silly packumentCache full:https://registry.npmmirror.com/postcss-selector-parser set size:26496 disposed:false
835 silly fetch manifest b3b@^0.0.1
836 silly packumentCache full:https://registry.npmmirror.com/b3b cache-miss
837 http fetch GET 200 https://registry.npmmirror.com/normalize-path 398ms (cache miss)
838 silly packumentCache full:https://registry.npmmirror.com/normalize-path set size:6183 disposed:false
839 silly fetch manifest buffer-to-vinyl@^1.0.0
840 silly packumentCache full:https://registry.npmmirror.com/buffer-to-vinyl cache-miss
841 http fetch GET 200 https://registry.npmmirror.com/@swup%2fpreload-plugin 1842ms (cache miss)
842 silly packumentCache full:https://registry.npmmirror.com/@swup%2fpreload-plugin set size:undefined disposed:false
843 silly fetch manifest code-points@^2.0.0-1
844 silly packumentCache full:https://registry.npmmirror.com/code-points cache-miss
845 http fetch GET 200 https://registry.npmmirror.com/didyoumean 992ms (cache miss)
846 silly packumentCache full:https://registry.npmmirror.com/didyoumean set size:3588 disposed:false
847 silly fetch manifest concat-stream@^2.0.0
848 silly packumentCache full:https://registry.npmmirror.com/concat-stream cache-miss
849 http fetch GET 200 https://registry.npmmirror.com/arg 1014ms (cache miss)
850 silly packumentCache full:https://registry.npmmirror.com/arg set size:13638 disposed:false
851 silly fetch manifest fonteditor-core@~2.4.0
852 silly packumentCache full:https://registry.npmmirror.com/fonteditor-core cache-miss
853 http fetch GET 200 https://registry.npmmirror.com/is-glob 966ms (cache miss)
854 silly packumentCache full:https://registry.npmmirror.com/is-glob set size:7967 disposed:false
855 silly fetch manifest get-stdin@^8.0.0
856 silly packumentCache full:https://registry.npmmirror.com/get-stdin cache-miss
857 http fetch GET 200 https://registry.npmmirror.com/lilconfig 434ms (cache miss)
858 silly packumentCache full:https://registry.npmmirror.com/lilconfig set size:10217 disposed:false
859 silly fetch manifest is-otf@^0.1.2
860 silly packumentCache full:https://registry.npmmirror.com/is-otf cache-miss
861 http fetch GET 200 https://registry.npmmirror.com/fast-glob 993ms (cache miss)
862 silly packumentCache full:https://registry.npmmirror.com/fast-glob set size:33565 disposed:false
863 silly fetch manifest is-svg@^4.2.1
864 silly packumentCache full:https://registry.npmmirror.com/is-svg cache-miss
865 http fetch GET 200 https://registry.npmmirror.com/chokidar 1016ms (cache miss)
866 silly packumentCache full:https://registry.npmmirror.com/chokidar set size:39278 disposed:false
867 silly fetch manifest is-ttf@^0.2.2
868 silly packumentCache full:https://registry.npmmirror.com/is-ttf cache-miss
869 http fetch GET 200 https://registry.npmmirror.com/micromatch 431ms (cache miss)
870 silly packumentCache full:https://registry.npmmirror.com/micromatch set size:39385 disposed:false
871 silly fetch manifest lodash@^4.17.10
872 silly packumentCache full:https://registry.npmmirror.com/lodash cache-miss
873 http fetch GET 200 https://registry.npmmirror.com/glob-parent 982ms (cache miss)
874 silly packumentCache full:https://registry.npmmirror.com/glob-parent set size:7501 disposed:false
875 silly fetch manifest meow@^9.0.0
876 silly packumentCache full:https://registry.npmmirror.com/meow cache-miss
877 http fetch GET 200 https://registry.npmmirror.com/jiti 610ms (cache miss)
878 silly packumentCache full:https://registry.npmmirror.com/jiti set size:60368 disposed:false
879 silly fetch manifest pako@^2.0.3
880 silly packumentCache full:https://registry.npmmirror.com/pako cache-miss
881 http fetch GET 200 https://registry.npmmirror.com/object-hash 428ms (cache miss)
882 silly packumentCache full:https://registry.npmmirror.com/object-hash set size:16842 disposed:false
883 silly fetch manifest replace-ext@^2.0.0
884 silly packumentCache full:https://registry.npmmirror.com/replace-ext cache-miss
885 http fetch GET 200 https://registry.npmmirror.com/postcss-js 460ms (cache miss)
886 silly packumentCache full:https://registry.npmmirror.com/postcss-js set size:9180 disposed:false
887 silly fetch manifest stream-combiner@^0.2.1
888 silly packumentCache full:https://registry.npmmirror.com/stream-combiner cache-miss
889 http fetch GET 200 https://registry.npmmirror.com/htmlparser2 187ms (cache miss)
890 silly packumentCache full:https://registry.npmmirror.com/htmlparser2 set size:28006 disposed:false
891 silly fetch manifest through2@^4.0.2
892 silly packumentCache full:https://registry.npmmirror.com/through2 cache-miss
893 http fetch GET 200 https://registry.npmmirror.com/@types%2fmdurl 197ms (cache miss)
894 silly packumentCache full:https://registry.npmmirror.com/@types%2fmdurl set size:3451 disposed:false
895 silly fetch manifest ttf2woff2@^4.0.1
896 silly packumentCache full:https://registry.npmmirror.com/ttf2woff2 cache-miss
897 http fetch GET 200 https://registry.npmmirror.com/swup-morph-plugin 1234ms (cache miss)
898 silly packumentCache full:https://registry.npmmirror.com/swup-morph-plugin set size:7884 disposed:false
899 silly fetch manifest vinyl-fs@^3.0.3
900 silly packumentCache full:https://registry.npmmirror.com/vinyl-fs cache-miss
901 http fetch GET 200 https://registry.npmmirror.com/@types%2funist 193ms (cache miss)
902 silly packumentCache full:https://registry.npmmirror.com/@types%2funist set size:7202 disposed:false
903 silly fetch manifest comma-separated-tokens@^2.0.0
904 silly packumentCache full:https://registry.npmmirror.com/comma-separated-tokens cache-miss
905 http fetch GET 200 https://registry.npmmirror.com/@types%2flinkify-it 199ms (cache miss)
906 silly packumentCache full:https://registry.npmmirror.com/@types%2flinkify-it set size:5424 disposed:false
907 silly fetch manifest hast-util-parse-selector@^4.0.0
908 silly packumentCache full:https://registry.npmmirror.com/hast-util-parse-selector cache-miss
909 http fetch GET 200 https://registry.npmmirror.com/@types%2funist 240ms (cache miss)
910 silly packumentCache full:https://registry.npmmirror.com/@types%2funist set size:7202 disposed:false
911 silly packumentCache full:https://registry.npmmirror.com/@types%2funist dispose
912 silly fetch manifest property-information@^7.0.0
913 silly packumentCache full:https://registry.npmmirror.com/property-information cache-miss
914 http fetch GET 200 https://registry.npmmirror.com/postcss-load-config 425ms (cache miss)
915 silly packumentCache full:https://registry.npmmirror.com/postcss-load-config set size:19569 disposed:false
916 silly fetch manifest space-separated-tokens@^2.0.0
917 silly packumentCache full:https://registry.npmmirror.com/space-separated-tokens cache-miss
918 http fetch GET 200 https://registry.npmmirror.com/postcss-selector-parser 259ms (cache miss)
919 silly packumentCache full:https://registry.npmmirror.com/postcss-selector-parser set size:26496 disposed:false
920 silly packumentCache full:https://registry.npmmirror.com/postcss-selector-parser dispose
921 silly fetch manifest commander@^8.3.0
922 silly packumentCache full:https://registry.npmmirror.com/commander cache-miss
923 http fetch GET 200 https://registry.npmmirror.com/rehype-expressive-code 204ms (cache miss)
924 silly packumentCache full:https://registry.npmmirror.com/rehype-expressive-code set size:10599 disposed:false
925 silly fetch manifest argparse@^2.0.1
926 silly packumentCache full:https://registry.npmmirror.com/argparse cache-miss
927 http fetch GET 200 https://registry.npmmirror.com/resolve 263ms (cache miss)
928 silly packumentCache full:https://registry.npmmirror.com/resolve set size:38746 disposed:false
929 silly fetch manifest entities@^4.4.0
930 silly packumentCache full:https://registry.npmmirror.com/entities cache-miss
931 http fetch GET 200 https://registry.npmmirror.com/sucrase 267ms (cache miss)
932 silly packumentCache full:https://registry.npmmirror.com/sucrase set size:54661 disposed:false
933 silly fetch manifest linkify-it@^5.0.0
934 silly packumentCache full:https://registry.npmmirror.com/linkify-it cache-miss
935 http fetch GET 200 https://registry.npmmirror.com/vite 2940ms (cache miss)
936 silly packumentCache full:https://registry.npmmirror.com/vite set size:6208559 disposed:false
937 silly fetch manifest mdurl@^2.0.0
938 silly packumentCache full:https://registry.npmmirror.com/mdurl cache-miss
939 http fetch GET 200 https://registry.npmmirror.com/is-otf 404ms (cache miss)
940 silly packumentCache full:https://registry.npmmirror.com/is-otf set size:1791 disposed:false
941 silly fetch manifest punycode.js@^2.3.1
942 silly packumentCache full:https://registry.npmmirror.com/punycode.js cache-miss
943 http fetch GET 200 https://registry.npmmirror.com/is-ttf 397ms (cache miss)
944 silly packumentCache full:https://registry.npmmirror.com/is-ttf set size:2200 disposed:false
945 silly fetch manifest uc.micro@^2.1.0
946 silly packumentCache full:https://registry.npmmirror.com/uc.micro cache-miss
947 http fetch GET 200 https://registry.npmmirror.com/code-points 414ms (cache miss)
948 silly packumentCache full:https://registry.npmmirror.com/code-points set size:3916 disposed:false
949 silly fetch manifest css-select@^5.1.0
950 silly packumentCache full:https://registry.npmmirror.com/css-select cache-miss
951 http fetch GET 200 https://registry.npmmirror.com/buffer-to-vinyl 417ms (cache miss)
952 silly packumentCache full:https://registry.npmmirror.com/buffer-to-vinyl set size:1802 disposed:false
953 silly fetch manifest he@1.2.0
954 silly packumentCache full:https://registry.npmmirror.com/he cache-miss
955 http fetch GET 200 https://registry.npmmirror.com/b3b 477ms (cache miss)
956 silly packumentCache full:https://registry.npmmirror.com/b3b set size:1257 disposed:false
957 silly fetch manifest @pagefind/linux-x64@1.4.0
958 silly packumentCache full:https://registry.npmmirror.com/@pagefind%2flinux-x64 cache-miss
959 http fetch GET 200 https://registry.npmmirror.com/concat-stream 415ms (cache miss)
960 silly packumentCache full:https://registry.npmmirror.com/concat-stream set size:11207 disposed:false
961 silly fetch manifest @pagefind/linux-arm64@1.4.0
962 silly packumentCache full:https://registry.npmmirror.com/@pagefind%2flinux-arm64 cache-miss
963 http fetch GET 200 https://registry.npmmirror.com/get-stdin 414ms (cache miss)
964 silly packumentCache full:https://registry.npmmirror.com/get-stdin set size:5246 disposed:false
965 silly fetch manifest @pagefind/darwin-x64@1.4.0
966 silly packumentCache full:https://registry.npmmirror.com/@pagefind%2fdarwin-x64 cache-miss
967 http fetch GET 200 https://registry.npmmirror.com/@types%2fthrough2 488ms (cache miss)
968 silly packumentCache full:https://registry.npmmirror.com/@types%2fthrough2 set size:12909 disposed:false
969 silly fetch manifest @pagefind/darwin-arm64@1.4.0
970 silly packumentCache full:https://registry.npmmirror.com/@pagefind%2fdarwin-arm64 cache-miss
971 http fetch GET 200 https://registry.npmmirror.com/is-svg 421ms (cache miss)
972 silly packumentCache full:https://registry.npmmirror.com/is-svg set size:11314 disposed:false
973 silly fetch manifest @pagefind/windows-x64@1.4.0
974 silly packumentCache full:https://registry.npmmirror.com/@pagefind%2fwindows-x64 cache-miss
975 http fetch GET 200 https://registry.npmmirror.com/fonteditor-core 430ms (cache miss)
976 silly packumentCache full:https://registry.npmmirror.com/fonteditor-core set size:28452 disposed:false
977 silly fetch manifest @pagefind/freebsd-x64@1.4.0
978 silly packumentCache full:https://registry.npmmirror.com/@pagefind%2ffreebsd-x64 cache-miss
979 http fetch GET 200 https://registry.npmmirror.com/lodash 432ms (cache miss)
980 silly packumentCache full:https://registry.npmmirror.com/lodash set size:27652 disposed:false
981 silly fetch manifest postcss-value-parser@^4.0.0
982 silly packumentCache full:https://registry.npmmirror.com/postcss-value-parser cache-miss
983 http fetch GET 200 https://registry.npmmirror.com/swup 1582ms (cache miss)
984 silly packumentCache full:https://registry.npmmirror.com/swup set size:undefined disposed:false
985 silly fetch manifest read-cache@^1.0.0
986 silly packumentCache full:https://registry.npmmirror.com/read-cache cache-miss
987 http fetch GET 200 https://registry.npmmirror.com/comma-separated-tokens 361ms (cache miss)
988 silly packumentCache full:https://registry.npmmirror.com/comma-separated-tokens set size:8797 disposed:false
989 silly fetch manifest resolve@^1.1.7
990 silly packumentCache full:https://registry.npmmirror.com/resolve cache-hit
991 silly fetch manifest nanoid@^3.3.11
992 silly packumentCache full:https://registry.npmmirror.com/nanoid cache-miss
993 http fetch GET 200 https://registry.npmmirror.com/argparse 349ms (cache miss)
994 silly packumentCache full:https://registry.npmmirror.com/argparse set size:9450 disposed:false
995 silly fetch manifest source-map-js@^1.2.1
996 silly packumentCache full:https://registry.npmmirror.com/source-map-js cache-miss
997 http fetch GET 200 https://registry.npmmirror.com/replace-ext 453ms (cache miss)
998 silly packumentCache full:https://registry.npmmirror.com/replace-ext set size:3487 disposed:false
999 silly fetch manifest postcss-selector-parser@^7.0.0
1000 silly packumentCache full:https://registry.npmmirror.com/postcss-selector-parser cache-hit
1001 silly fetch manifest @ungap/structured-clone@^1.0.0
1002 silly packumentCache full:https://registry.npmmirror.com/@ungap%2fstructured-clone cache-miss
1003 http fetch GET 200 https://registry.npmmirror.com/stream-combiner 377ms (cache miss)
1004 silly packumentCache full:https://registry.npmmirror.com/stream-combiner set size:3145 disposed:false
1005 silly fetch manifest hast-util-heading-rank@^3.0.0
1006 silly packumentCache full:https://registry.npmmirror.com/hast-util-heading-rank cache-miss
1007 http fetch GET 200 https://registry.npmmirror.com/entities 352ms (cache miss)
1008 silly packumentCache full:https://registry.npmmirror.com/entities set size:21836 disposed:false
1009 silly fetch manifest hast-util-is-element@^3.0.0
1010 silly packumentCache full:https://registry.npmmirror.com/hast-util-is-element cache-miss
1011 http fetch GET 200 https://registry.npmmirror.com/meow 468ms (cache miss)
1012 silly packumentCache full:https://registry.npmmirror.com/meow set size:23603 disposed:false
1013 silly fetch manifest unified@^11.0.0
1014 silly packumentCache full:https://registry.npmmirror.com/unified cache-miss
1015 http fetch GET 200 https://registry.npmmirror.com/space-separated-tokens 369ms (cache miss)
1016 silly packumentCache full:https://registry.npmmirror.com/space-separated-tokens set size:7595 disposed:false
1017 silly fetch manifest hast-util-is-element@^3.0.0
1018 silly packumentCache full:https://registry.npmmirror.com/hast-util-is-element cache-miss
1019 http fetch GET 200 https://registry.npmmirror.com/through2 383ms (cache miss)
1020 silly packumentCache full:https://registry.npmmirror.com/through2 set size:12852 disposed:false
1021 silly fetch manifest @types/katex@^0.16.0
1022 silly packumentCache full:https://registry.npmmirror.com/@types%2fkatex cache-miss
1023 http fetch GET 200 https://registry.npmmirror.com/hast-util-parse-selector 376ms (cache miss)
1024 silly packumentCache full:https://registry.npmmirror.com/hast-util-parse-selector set size:10298 disposed:false
1025 silly fetch manifest hast-util-from-html-isomorphic@^2.0.0
1026 silly packumentCache full:https://registry.npmmirror.com/hast-util-from-html-isomorphic cache-miss
1027 http fetch GET 200 https://registry.npmmirror.com/pako 477ms (cache miss)
1028 silly packumentCache full:https://registry.npmmirror.com/pako set size:21742 disposed:false
1029 silly fetch manifest hast-util-to-text@^4.0.0
1030 silly packumentCache full:https://registry.npmmirror.com/hast-util-to-text cache-hit
1031 silly fetch manifest unist-util-visit-parents@^6.0.0
1032 silly packumentCache full:https://registry.npmmirror.com/unist-util-visit-parents cache-hit
1033 silly fetch manifest vfile@^6.0.0
1034 silly packumentCache full:https://registry.npmmirror.com/vfile cache-hit
1035 silly fetch manifest hast-util-heading-rank@^3.0.0
1036 silly packumentCache full:https://registry.npmmirror.com/hast-util-heading-rank cache-miss
1037 http fetch GET 200 https://registry.npmmirror.com/@iconify%2ftools 581ms (cache miss)
1038 silly packumentCache full:https://registry.npmmirror.com/@iconify%2ftools set size:160007 disposed:false
1039 silly fetch manifest hast-util-to-string@^3.0.0
1040 silly packumentCache full:https://registry.npmmirror.com/hast-util-to-string cache-miss
1041 http fetch GET 200 https://registry.npmmirror.com/vinyl-fs 404ms (cache miss)
1042 silly packumentCache full:https://registry.npmmirror.com/vinyl-fs set size:20193 disposed:false
1043 silly fetch manifest mdast-util-directive@^3.0.0
1044 silly packumentCache full:https://registry.npmmirror.com/mdast-util-directive cache-miss
1045 http fetch GET 200 https://registry.npmmirror.com/property-information 397ms (cache miss)
1046 silly packumentCache full:https://registry.npmmirror.com/property-information set size:29784 disposed:false
1047 silly fetch manifest micromark-extension-directive@^3.0.0
1048 silly packumentCache full:https://registry.npmmirror.com/micromark-extension-directive cache-miss
1049 http fetch GET 200 https://registry.npmmirror.com/commander 396ms (cache miss)
1050 silly packumentCache full:https://registry.npmmirror.com/commander set size:61136 disposed:false
1051 silly fetch manifest unified@^11.0.0
1052 silly packumentCache full:https://registry.npmmirror.com/unified cache-miss
1053 http fetch GET 200 https://registry.npmmirror.com/ttf2woff2 422ms (cache miss)
1054 silly packumentCache full:https://registry.npmmirror.com/ttf2woff2 set size:17527 disposed:false
1055 silly fetch manifest hastscript@^7.0.2
1056 silly packumentCache full:https://registry.npmmirror.com/hastscript cache-hit
1057 silly fetch manifest unist-util-map@^3.1.2
1058 silly packumentCache full:https://registry.npmmirror.com/unist-util-map cache-miss
1059 http fetch GET 200 https://registry.npmmirror.com/@iconify%2futils 611ms (cache miss)
1060 silly packumentCache full:https://registry.npmmirror.com/@iconify%2futils set size:111266 disposed:false
1061 silly fetch manifest mdast-util-directive@^3.0.0
1062 silly packumentCache full:https://registry.npmmirror.com/mdast-util-directive cache-miss
1063 http fetch GET 200 https://registry.npmmirror.com/css-select 176ms (cache miss)
1064 silly packumentCache full:https://registry.npmmirror.com/css-select set size:22446 disposed:false
1065 silly fetch manifest unified@^11.0.0
1066 silly packumentCache full:https://registry.npmmirror.com/unified cache-miss
1067 http fetch GET 200 https://registry.npmmirror.com/mdurl 242ms (cache miss)
1068 silly packumentCache full:https://registry.npmmirror.com/mdurl set size:3626 disposed:false
1069 silly fetch manifest mdast-util-math@^3.0.0
1070 silly packumentCache full:https://registry.npmmirror.com/mdast-util-math cache-miss
1071 http fetch GET 200 https://registry.npmmirror.com/punycode.js 204ms (cache miss)
1072 silly packumentCache full:https://registry.npmmirror.com/punycode.js set size:5359 disposed:false
1073 silly fetch manifest micromark-extension-math@^3.0.0
1074 silly packumentCache full:https://registry.npmmirror.com/micromark-extension-math cache-miss
1075 http fetch GET 200 https://registry.npmmirror.com/uc.micro 204ms (cache miss)
1076 silly packumentCache full:https://registry.npmmirror.com/uc.micro set size:4239 disposed:false
1077 silly fetch manifest unified@^11.0.0
1078 silly packumentCache full:https://registry.npmmirror.com/unified cache-miss
1079 http fetch GET 200 https://registry.npmmirror.com/postcss-value-parser 165ms (cache miss)
1080 silly packumentCache full:https://registry.npmmirror.com/postcss-value-parser set size:14091 disposed:false
1081 silly fetch manifest unist-util-find-after@^4.0.1
1082 silly packumentCache full:https://registry.npmmirror.com/unist-util-find-after cache-miss
1083 http fetch GET 200 https://registry.npmmirror.com/read-cache 159ms (cache miss)
1084 silly packumentCache full:https://registry.npmmirror.com/read-cache set size:1273 disposed:false
1085 silly fetch manifest unist-util-visit@^4.1.2
1086 silly packumentCache full:https://registry.npmmirror.com/unist-util-visit cache-hit
1087 silly fetch manifest deepmerge@^4.2.2
1088 silly packumentCache full:https://registry.npmmirror.com/deepmerge cache-miss
1089 http fetch GET 200 https://registry.npmmirror.com/he 207ms (cache miss)
1090 silly packumentCache full:https://registry.npmmirror.com/he set size:11816 disposed:false
1091 silly fetch manifest escape-string-regexp@^4.0.0
1092 silly packumentCache full:https://registry.npmmirror.com/escape-string-regexp cache-miss
1093 http fetch GET 200 https://registry.npmmirror.com/@pagefind%2flinux-x64 209ms (cache miss)
1094 silly packumentCache full:https://registry.npmmirror.com/@pagefind%2flinux-x64 set size:21112 disposed:false
1095 silly fetch manifest is-plain-object@^5.0.0
1096 silly packumentCache full:https://registry.npmmirror.com/is-plain-object cache-miss
1097 http fetch GET 200 https://registry.npmmirror.com/linkify-it 483ms (cache miss)
1098 silly packumentCache full:https://registry.npmmirror.com/linkify-it set size:14116 disposed:false
1099 silly fetch manifest parse-srcset@^1.0.2
1100 silly packumentCache full:https://registry.npmmirror.com/parse-srcset cache-miss
1101 http fetch GET 200 https://registry.npmmirror.com/@pagefind%2flinux-arm64 210ms (cache miss)
1102 silly packumentCache full:https://registry.npmmirror.com/@pagefind%2flinux-arm64 set size:21227 disposed:false
1103 silly fetch manifest @shuding/opentype.js@1.4.0-beta.0
1104 silly packumentCache full:https://registry.npmmirror.com/@shuding%2fopentype.js cache-miss
1105 http fetch GET 200 https://registry.npmmirror.com/@pagefind%2ffreebsd-x64 193ms (cache miss)
1106 silly packumentCache full:https://registry.npmmirror.com/@pagefind%2ffreebsd-x64 set size:2653 disposed:false
1107 silly fetch manifest css-background-parser@^0.1.0
1108 silly packumentCache full:https://registry.npmmirror.com/css-background-parser cache-miss
1109 http fetch GET 200 https://registry.npmmirror.com/@pagefind%2fdarwin-x64 213ms (cache miss)
1110 silly packumentCache full:https://registry.npmmirror.com/@pagefind%2fdarwin-x64 set size:21143 disposed:false
1111 silly fetch manifest css-box-shadow@1.0.0-3
1112 silly packumentCache full:https://registry.npmmirror.com/css-box-shadow cache-miss
1113 http fetch GET 200 https://registry.npmmirror.com/@pagefind%2fwindows-x64 205ms (cache miss)
1114 silly packumentCache full:https://registry.npmmirror.com/@pagefind%2fwindows-x64 set size:21117 disposed:false
1115 silly fetch manifest css-gradient-parser@^0.0.17
1116 silly packumentCache full:https://registry.npmmirror.com/css-gradient-parser cache-miss
1117 http fetch GET 200 https://registry.npmmirror.com/hast-util-from-html-isomorphic 156ms (cache miss)
1118 silly packumentCache full:https://registry.npmmirror.com/hast-util-from-html-isomorphic set size:6170 disposed:false
1119 silly fetch manifest css-to-react-native@^3.0.0
1120 silly packumentCache full:https://registry.npmmirror.com/css-to-react-native cache-miss
1121 http fetch GET 200 https://registry.npmmirror.com/@pagefind%2fdarwin-arm64 232ms (cache miss)
1122 silly packumentCache full:https://registry.npmmirror.com/@pagefind%2fdarwin-arm64 set size:21189 disposed:false
1123 silly fetch manifest emoji-regex-xs@^2.0.1
1124 silly packumentCache full:https://registry.npmmirror.com/emoji-regex-xs cache-miss
1125 http fetch GET 200 https://registry.npmmirror.com/nanoid 179ms (cache miss)
1126 silly packumentCache full:https://registry.npmmirror.com/nanoid set size:45536 disposed:false
1127 silly fetch manifest escape-html@^1.0.3
1128 silly packumentCache full:https://registry.npmmirror.com/escape-html cache-miss
1129 http fetch GET 200 https://registry.npmmirror.com/source-map-js 183ms (cache miss)
1130 silly packumentCache full:https://registry.npmmirror.com/source-map-js set size:14399 disposed:false
1131 silly fetch manifest linebreak@^1.1.0
1132 silly packumentCache full:https://registry.npmmirror.com/linebreak cache-miss
1133 http fetch GET 200 https://registry.npmmirror.com/hast-util-is-element 169ms (cache miss)
1134 silly packumentCache full:https://registry.npmmirror.com/hast-util-is-element set size:11661 disposed:false
1135 silly fetch manifest parse-css-color@^0.2.1
1136 silly packumentCache full:https://registry.npmmirror.com/parse-css-color cache-miss
1137 http fetch GET 200 https://registry.npmmirror.com/hast-util-is-element 180ms (cache miss)
1138 silly packumentCache full:https://registry.npmmirror.com/hast-util-is-element set size:11661 disposed:false
1139 silly packumentCache full:https://registry.npmmirror.com/hast-util-is-element dispose
1140 silly fetch manifest postcss-value-parser@^4.2.0
1141 silly packumentCache full:https://registry.npmmirror.com/postcss-value-parser cache-hit
1142 silly fetch manifest yoga-layout@^3.2.1
1143 silly packumentCache full:https://registry.npmmirror.com/yoga-layout cache-miss
1144 http fetch GET 200 https://registry.npmmirror.com/@types%2fkatex 180ms (cache miss)
1145 silly packumentCache full:https://registry.npmmirror.com/@types%2fkatex set size:10634 disposed:false
1146 silly fetch manifest @img/colour@^1.0.0
1147 silly packumentCache full:https://registry.npmmirror.com/@img%2fcolour cache-miss
1148 http fetch GET 200 https://registry.npmmirror.com/hast-util-heading-rank 171ms (cache miss)
1149 silly packumentCache full:https://registry.npmmirror.com/hast-util-heading-rank set size:6461 disposed:false
1150 silly fetch manifest detect-libc@^2.1.2
1151 silly packumentCache full:https://registry.npmmirror.com/detect-libc cache-miss
1152 http fetch GET 200 https://registry.npmmirror.com/hast-util-heading-rank 194ms (cache miss)
1153 silly packumentCache full:https://registry.npmmirror.com/hast-util-heading-rank set size:6461 disposed:false
1154 silly packumentCache full:https://registry.npmmirror.com/hast-util-heading-rank dispose
1155 silly fetch manifest @img/sharp-darwin-arm64@0.34.5
1156 silly packumentCache full:https://registry.npmmirror.com/@img%2fsharp-darwin-arm64 cache-miss
1157 http fetch GET 200 https://registry.npmmirror.com/hast-util-to-string 166ms (cache miss)
1158 silly packumentCache full:https://registry.npmmirror.com/hast-util-to-string set size:5583 disposed:false
1159 silly fetch manifest @img/sharp-darwin-x64@0.34.5
1160 silly packumentCache full:https://registry.npmmirror.com/@img%2fsharp-darwin-x64 cache-miss
1161 http fetch GET 200 https://registry.npmmirror.com/@ungap%2fstructured-clone 209ms (cache miss)
1162 silly packumentCache full:https://registry.npmmirror.com/@ungap%2fstructured-clone set size:14401 disposed:false
1163 silly fetch manifest @img/sharp-libvips-darwin-arm64@1.2.4
1164 silly packumentCache full:https://registry.npmmirror.com/@img%2fsharp-libvips-darwin-arm64 cache-miss
1165 http fetch GET 200 https://registry.npmmirror.com/mdast-util-math 115ms (cache miss)
1166 silly packumentCache full:https://registry.npmmirror.com/mdast-util-math set size:11067 disposed:false
1167 silly fetch manifest @img/sharp-libvips-darwin-x64@1.2.4
1168 silly packumentCache full:https://registry.npmmirror.com/@img%2fsharp-libvips-darwin-x64 cache-miss
1169 http fetch GET 200 https://registry.npmmirror.com/mdast-util-directive 185ms (cache miss)
1170 silly packumentCache full:https://registry.npmmirror.com/mdast-util-directive set size:17022 disposed:false
1171 silly fetch manifest @img/sharp-libvips-linux-arm@1.2.4
1172 silly packumentCache full:https://registry.npmmirror.com/@img%2fsharp-libvips-linux-arm cache-miss
1173 http fetch GET 200 https://registry.npmmirror.com/unist-util-find-after 114ms (cache miss)
1174 silly packumentCache full:https://registry.npmmirror.com/unist-util-find-after set size:9291 disposed:false
1175 silly fetch manifest @img/sharp-libvips-linux-arm64@1.2.4
1176 silly packumentCache full:https://registry.npmmirror.com/@img%2fsharp-libvips-linux-arm64 cache-miss
1177 http fetch GET 200 https://registry.npmmirror.com/unified 210ms (cache miss)
1178 silly packumentCache full:https://registry.npmmirror.com/unified set size:41134 disposed:false
1179 silly fetch manifest @img/sharp-libvips-linux-ppc64@1.2.4
1180 silly packumentCache full:https://registry.npmmirror.com/@img%2fsharp-libvips-linux-ppc64 cache-miss
1181 http fetch GET 200 https://registry.npmmirror.com/escape-string-regexp 116ms (cache miss)
1182 silly packumentCache full:https://registry.npmmirror.com/escape-string-regexp set size:4070 disposed:false
1183 silly fetch manifest @img/sharp-libvips-linux-riscv64@1.2.4
1184 silly packumentCache full:https://registry.npmmirror.com/@img%2fsharp-libvips-linux-riscv64 cache-miss
1185 http fetch GET 200 https://registry.npmmirror.com/mdast-util-directive 223ms (cache miss)
1186 silly packumentCache full:https://registry.npmmirror.com/mdast-util-directive set size:17022 disposed:false
1187 silly packumentCache full:https://registry.npmmirror.com/mdast-util-directive dispose
1188 silly fetch manifest @img/sharp-libvips-linux-s390x@1.2.4
1189 silly packumentCache full:https://registry.npmmirror.com/@img%2fsharp-libvips-linux-s390x cache-miss
1190 http fetch GET 200 https://registry.npmmirror.com/micromark-extension-math 128ms (cache miss)
1191 silly packumentCache full:https://registry.npmmirror.com/micromark-extension-math set size:12533 disposed:false
1192 silly fetch manifest @img/sharp-libvips-linux-x64@1.2.4
1193 silly packumentCache full:https://registry.npmmirror.com/@img%2fsharp-libvips-linux-x64 cache-miss
1194 http fetch GET 200 https://registry.npmmirror.com/micromark-extension-directive 225ms (cache miss)
1195 silly packumentCache full:https://registry.npmmirror.com/micromark-extension-directive set size:17878 disposed:false
1196 silly fetch manifest @img/sharp-libvips-linuxmusl-arm64@1.2.4
1197 silly packumentCache full:https://registry.npmmirror.com/@img%2fsharp-libvips-linuxmusl-arm64 cache-miss
1198 http fetch GET 200 https://registry.npmmirror.com/unified 256ms (cache miss)
1199 silly packumentCache full:https://registry.npmmirror.com/unified set size:41134 disposed:false
1200 silly packumentCache full:https://registry.npmmirror.com/unified dispose
1201 silly fetch manifest @img/sharp-libvips-linuxmusl-x64@1.2.4
1202 silly packumentCache full:https://registry.npmmirror.com/@img%2fsharp-libvips-linuxmusl-x64 cache-miss
1203 http fetch GET 200 https://registry.npmmirror.com/unist-util-map 215ms (cache miss)
1204 silly packumentCache full:https://registry.npmmirror.com/unist-util-map set size:12976 disposed:false
1205 silly fetch manifest @img/sharp-linux-arm@0.34.5
1206 silly packumentCache full:https://registry.npmmirror.com/@img%2fsharp-linux-arm cache-miss
1207 http fetch GET 200 https://registry.npmmirror.com/unified 159ms (cache miss)
1208 silly packumentCache full:https://registry.npmmirror.com/unified set size:41134 disposed:true
1209 silly packumentCache full:https://registry.npmmirror.com/unified dispose
1210 silly fetch manifest @img/sharp-linux-arm64@0.34.5
1211 silly packumentCache full:https://registry.npmmirror.com/@img%2fsharp-linux-arm64 cache-miss
1212 http fetch GET 200 https://registry.npmmirror.com/deepmerge 136ms (cache miss)
1213 silly packumentCache full:https://registry.npmmirror.com/deepmerge set size:18068 disposed:false
1214 silly fetch manifest @img/sharp-linux-ppc64@0.34.5
1215 silly packumentCache full:https://registry.npmmirror.com/@img%2fsharp-linux-ppc64 cache-miss
1216 http fetch GET 200 https://registry.npmmirror.com/unified 144ms (cache miss)
1217 silly packumentCache full:https://registry.npmmirror.com/unified set size:41134 disposed:true
1218 silly packumentCache full:https://registry.npmmirror.com/unified dispose
1219 silly fetch manifest @img/sharp-linux-riscv64@0.34.5
1220 silly packumentCache full:https://registry.npmmirror.com/@img%2fsharp-linux-riscv64 cache-miss
1221 http fetch GET 200 https://registry.npmmirror.com/is-plain-object 140ms (cache miss)
1222 silly packumentCache full:https://registry.npmmirror.com/is-plain-object set size:7657 disposed:false
1223 silly fetch manifest @img/sharp-linux-s390x@0.34.5
1224 silly packumentCache full:https://registry.npmmirror.com/@img%2fsharp-linux-s390x cache-miss
1225 http fetch GET 200 https://registry.npmmirror.com/escape-html 117ms (cache miss)
1226 silly packumentCache full:https://registry.npmmirror.com/escape-html set size:2142 disposed:false
1227 silly fetch manifest @img/sharp-linux-x64@0.34.5
1228 silly packumentCache full:https://registry.npmmirror.com/@img%2fsharp-linux-x64 cache-miss
1229 http fetch GET 200 https://registry.npmmirror.com/@img%2fcolour 102ms (cache miss)
1230 silly packumentCache full:https://registry.npmmirror.com/@img%2fcolour set size:2436 disposed:false
1231 silly fetch manifest @img/sharp-linuxmusl-arm64@0.34.5
1232 silly packumentCache full:https://registry.npmmirror.com/@img%2fsharp-linuxmusl-arm64 cache-miss
1233 http fetch GET 200 https://registry.npmmirror.com/@img%2fsharp-darwin-arm64 99ms (cache miss)
1234 silly packumentCache full:https://registry.npmmirror.com/@img%2fsharp-darwin-arm64 set size:13257 disposed:false
1235 silly fetch manifest @img/sharp-linuxmusl-x64@0.34.5
1236 silly packumentCache full:https://registry.npmmirror.com/@img%2fsharp-linuxmusl-x64 cache-miss
1237 http fetch GET 200 https://registry.npmmirror.com/detect-libc 124ms (cache miss)
1238 silly packumentCache full:https://registry.npmmirror.com/detect-libc set size:10958 disposed:false
1239 silly fetch manifest @img/sharp-wasm32@0.34.5
1240 silly packumentCache full:https://registry.npmmirror.com/@img%2fsharp-wasm32 cache-miss
1241 http fetch GET 200 https://registry.npmmirror.com/parse-srcset 193ms (cache miss)
1242 silly packumentCache full:https://registry.npmmirror.com/parse-srcset set size:1838 disposed:false
1243 silly fetch manifest @img/sharp-win32-arm64@0.34.5
1244 silly packumentCache full:https://registry.npmmirror.com/@img%2fsharp-win32-arm64 cache-miss
1245 http fetch GET 200 https://registry.npmmirror.com/@shuding%2fopentype.js 193ms (cache miss)
1246 silly packumentCache full:https://registry.npmmirror.com/@shuding%2fopentype.js set size:4373 disposed:false
1247 silly fetch manifest @img/sharp-win32-ia32@0.34.5
1248 silly packumentCache full:https://registry.npmmirror.com/@img%2fsharp-win32-ia32 cache-miss
1249 http fetch GET 200 https://registry.npmmirror.com/@img%2fsharp-darwin-x64 140ms (cache miss)
1250 silly packumentCache full:https://registry.npmmirror.com/@img%2fsharp-darwin-x64 set size:13517 disposed:false
1251 silly fetch manifest @img/sharp-win32-x64@0.34.5
1252 silly packumentCache full:https://registry.npmmirror.com/@img%2fsharp-win32-x64 cache-miss
1253 http fetch GET 200 https://registry.npmmirror.com/css-box-shadow 190ms (cache miss)
1254 silly packumentCache full:https://registry.npmmirror.com/css-box-shadow set size:1653 disposed:false
1255 silly fetch manifest debug@^4.3.2
1256 silly packumentCache full:https://registry.npmmirror.com/debug cache-hit
1257 silly fetch manifest glob@^10.4.5
1258 silly packumentCache full:https://registry.npmmirror.com/glob cache-miss
1259 http fetch GET 200 https://registry.npmmirror.com/css-to-react-native 173ms (cache miss)
1260 silly packumentCache full:https://registry.npmmirror.com/css-to-react-native set size:12181 disposed:false
1261 silly fetch manifest sax@~1.4.1
1262 silly packumentCache full:https://registry.npmmirror.com/sax cache-miss
1263 http fetch GET 200 https://registry.npmmirror.com/parse-css-color 165ms (cache miss)
1264 silly packumentCache full:https://registry.npmmirror.com/parse-css-color set size:6887 disposed:false
1265 silly fetch manifest source-map@^0.7.3
1266 silly packumentCache full:https://registry.npmmirror.com/source-map cache-miss
1267 http fetch GET 200 https://registry.npmmirror.com/@img%2fsharp-libvips-darwin-x64 103ms (cache miss)
1268 silly packumentCache full:https://registry.npmmirror.com/@img%2fsharp-libvips-darwin-x64 set size:10967 disposed:false
1269 silly fetch manifest @types/unist@^3.0.0
1270 silly packumentCache full:https://registry.npmmirror.com/@types%2funist cache-hit
1271 silly fetch manifest unist-util-is@^6.0.0
1272 silly packumentCache full:https://registry.npmmirror.com/unist-util-is cache-miss
1273 http fetch GET 200 https://registry.npmmirror.com/linebreak 175ms (cache miss)
1274 silly packumentCache full:https://registry.npmmirror.com/linebreak set size:5572 disposed:false
1275 http fetch GET 200 https://registry.npmmirror.com/css-gradient-parser 198ms (cache miss)
1276 silly packumentCache full:https://registry.npmmirror.com/css-gradient-parser set size:8097 disposed:false
1277 http fetch GET 200 https://registry.npmmirror.com/css-background-parser 208ms (cache miss)
1278 silly packumentCache full:https://registry.npmmirror.com/css-background-parser set size:2908 disposed:false
1279 http fetch GET 200 https://registry.npmmirror.com/yoga-layout 168ms (cache miss)
1280 silly packumentCache full:https://registry.npmmirror.com/yoga-layout set size:9378 disposed:false
1281 http fetch GET 200 https://registry.npmmirror.com/@img%2fsharp-libvips-darwin-arm64 152ms (cache miss)
1282 silly packumentCache full:https://registry.npmmirror.com/@img%2fsharp-libvips-darwin-arm64 set size:11032 disposed:false
1283 http fetch GET 200 https://registry.npmmirror.com/@img%2fsharp-libvips-linux-arm 121ms (cache miss)
1284 silly packumentCache full:https://registry.npmmirror.com/@img%2fsharp-libvips-linux-arm set size:12249 disposed:false
1285 http fetch GET 200 https://registry.npmmirror.com/@img%2fsharp-linux-arm64 107ms (cache miss)
1286 silly packumentCache full:https://registry.npmmirror.com/@img%2fsharp-linux-arm64 set size:13589 disposed:false
1287 http fetch GET 200 https://registry.npmmirror.com/@img%2fsharp-linux-arm 110ms (cache miss)
1288 silly packumentCache full:https://registry.npmmirror.com/@img%2fsharp-linux-arm set size:13587 disposed:false
1289 http fetch GET 200 https://registry.npmmirror.com/@img%2fsharp-libvips-linux-arm64 130ms (cache miss)
1290 silly packumentCache full:https://registry.npmmirror.com/@img%2fsharp-libvips-linux-arm64 set size:11424 disposed:false
1291 http fetch GET 200 https://registry.npmmirror.com/@img%2fsharp-libvips-linux-x64 122ms (cache miss)
1292 silly packumentCache full:https://registry.npmmirror.com/@img%2fsharp-libvips-linux-x64 set size:11668 disposed:false
1293 http fetch GET 200 https://registry.npmmirror.com/@img%2fsharp-linux-x64 93ms (cache miss)
1294 silly packumentCache full:https://registry.npmmirror.com/@img%2fsharp-linux-x64 set size:13666 disposed:false
1295 http fetch GET 200 https://registry.npmmirror.com/@img%2fsharp-libvips-linux-s390x 130ms (cache miss)
1296 silly packumentCache full:https://registry.npmmirror.com/@img%2fsharp-libvips-linux-s390x set size:10805 disposed:false
1297 http fetch GET 200 https://registry.npmmirror.com/emoji-regex-xs 221ms (cache miss)
1298 silly packumentCache full:https://registry.npmmirror.com/emoji-regex-xs set size:5431 disposed:false
1299 http fetch GET 200 https://registry.npmmirror.com/@img%2fsharp-linux-ppc64 119ms (cache miss)
1300 silly packumentCache full:https://registry.npmmirror.com/@img%2fsharp-linux-ppc64 set size:6464 disposed:false
1301 http fetch GET 200 https://registry.npmmirror.com/@img%2fsharp-libvips-linux-riscv64 142ms (cache miss)
1302 silly packumentCache full:https://registry.npmmirror.com/@img%2fsharp-libvips-linux-riscv64 set size:6082 disposed:false
1303 http fetch GET 200 https://registry.npmmirror.com/@img%2fsharp-libvips-linux-ppc64 147ms (cache miss)
1304 silly packumentCache full:https://registry.npmmirror.com/@img%2fsharp-libvips-linux-ppc64 set size:9001 disposed:false
1305 http fetch GET 200 https://registry.npmmirror.com/@img%2fsharp-linux-s390x 121ms (cache miss)
1306 silly packumentCache full:https://registry.npmmirror.com/@img%2fsharp-linux-s390x set size:13288 disposed:false
1307 http fetch GET 200 https://registry.npmmirror.com/@img%2fsharp-linux-riscv64 126ms (cache miss)
1308 silly packumentCache full:https://registry.npmmirror.com/@img%2fsharp-linux-riscv64 set size:2586 disposed:false
1309 http fetch GET 200 https://registry.npmmirror.com/@img%2fsharp-win32-x64 89ms (cache miss)
1310 silly packumentCache full:https://registry.npmmirror.com/@img%2fsharp-win32-x64 set size:14328 disposed:false
1311 http fetch GET 200 https://registry.npmmirror.com/@img%2fsharp-linuxmusl-arm64 142ms (cache miss)
1312 silly packumentCache full:https://registry.npmmirror.com/@img%2fsharp-linuxmusl-arm64 set size:13620 disposed:false
1313 http fetch GET 200 https://registry.npmmirror.com/@img%2fsharp-libvips-linuxmusl-x64 173ms (cache miss)
1314 silly packumentCache full:https://registry.npmmirror.com/@img%2fsharp-libvips-linuxmusl-x64 set size:11129 disposed:false
1315 http fetch GET 200 https://registry.npmmirror.com/glob 101ms (cache miss)
1316 silly packumentCache full:https://registry.npmmirror.com/glob set size:84297 disposed:false
1317 http fetch GET 200 https://registry.npmmirror.com/@img%2fsharp-win32-arm64 113ms (cache miss)
1318 silly packumentCache full:https://registry.npmmirror.com/@img%2fsharp-win32-arm64 set size:6223 disposed:false
1319 http fetch GET 200 https://registry.npmmirror.com/@img%2fsharp-linuxmusl-x64 154ms (cache miss)
1320 silly packumentCache full:https://registry.npmmirror.com/@img%2fsharp-linuxmusl-x64 set size:13695 disposed:false
1321 http fetch GET 200 https://registry.npmmirror.com/@img%2fsharp-wasm32 140ms (cache miss)
1322 silly packumentCache full:https://registry.npmmirror.com/@img%2fsharp-wasm32 set size:13625 disposed:false
1323 http fetch GET 200 https://registry.npmmirror.com/source-map 116ms (cache miss)
1324 silly packumentCache full:https://registry.npmmirror.com/source-map set size:34367 disposed:false
1325 http fetch GET 200 https://registry.npmmirror.com/unist-util-is 114ms (cache miss)
1326 silly packumentCache full:https://registry.npmmirror.com/unist-util-is set size:15246 disposed:false
1327 http fetch GET 200 https://registry.npmmirror.com/@img%2fsharp-win32-ia32 128ms (cache miss)
1328 silly packumentCache full:https://registry.npmmirror.com/@img%2fsharp-win32-ia32 set size:14478 disposed:false
1329 http fetch GET 200 https://registry.npmmirror.com/sax 131ms (cache miss)
1330 silly packumentCache full:https://registry.npmmirror.com/sax set size:17794 disposed:false
1331 http fetch GET 200 https://registry.npmmirror.com/@types%2fnode 1054ms (cache miss)
1332 silly packumentCache full:https://registry.npmmirror.com/@types%2fnode set size:1114901 disposed:false
1333 http fetch GET 200 https://registry.npmmirror.com/@img%2fsharp-libvips-linuxmusl-arm64 381ms (cache miss)
1334 silly packumentCache full:https://registry.npmmirror.com/@img%2fsharp-libvips-linuxmusl-arm64 set size:11107 disposed:false
1335 silly fetch manifest chokidar@^4.0.1
1336 silly packumentCache full:https://registry.npmmirror.com/chokidar cache-hit
1337 silly fetch manifest kleur@^4.1.5
1338 silly packumentCache full:https://registry.npmmirror.com/kleur cache-miss
1339 http fetch GET 200 https://registry.npmmirror.com/kleur 40ms (cache miss)
1340 silly packumentCache full:https://registry.npmmirror.com/kleur set size:10711 disposed:false
1341 silly fetch manifest yargs@^17.7.2
1342 silly packumentCache full:https://registry.npmmirror.com/yargs cache-miss
1343 http fetch GET 200 https://registry.npmmirror.com/yargs 132ms (cache miss)
1344 silly packumentCache full:https://registry.npmmirror.com/yargs set size:93779 disposed:false
1345 silly placeDep ROOT chokidar@4.0.3 OK for: @astrojs/check@0.9.5 want: ^4.0.1
1346 silly placeDep ROOT kleur@4.1.5 OK for: @astrojs/check@0.9.5 want: ^4.1.5
1347 silly placeDep ROOT yargs@17.7.2 OK for: @astrojs/check@0.9.5 want: ^17.7.2
1348 silly fetch manifest readdirp@^4.0.1
1349 silly packumentCache full:https://registry.npmmirror.com/readdirp cache-miss
1350 silly fetch manifest cliui@^8.0.1
1351 silly packumentCache full:https://registry.npmmirror.com/cliui cache-miss
1352 silly fetch manifest escalade@^3.1.1
1353 silly packumentCache full:https://registry.npmmirror.com/escalade cache-miss
1354 silly fetch manifest get-caller-file@^2.0.5
1355 silly packumentCache full:https://registry.npmmirror.com/get-caller-file cache-miss
1356 silly fetch manifest require-directory@^2.1.1
1357 silly packumentCache full:https://registry.npmmirror.com/require-directory cache-miss
1358 silly fetch manifest string-width@^4.2.3
1359 silly packumentCache full:https://registry.npmmirror.com/string-width cache-miss
1360 silly fetch manifest y18n@^5.0.5
1361 silly packumentCache full:https://registry.npmmirror.com/y18n cache-miss
1362 http fetch GET 200 https://registry.npmmirror.com/escalade 58ms (cache miss)
1363 silly packumentCache full:https://registry.npmmirror.com/escalade set size:6820 disposed:false
1364 http fetch GET 200 https://registry.npmmirror.com/string-width 58ms (cache miss)
1365 silly packumentCache full:https://registry.npmmirror.com/string-width set size:12349 disposed:false
1366 http fetch GET 200 https://registry.npmmirror.com/y18n 61ms (cache miss)
1367 silly packumentCache full:https://registry.npmmirror.com/y18n set size:9331 disposed:false
1368 http fetch GET 200 https://registry.npmmirror.com/cliui 64ms (cache miss)
1369 silly packumentCache full:https://registry.npmmirror.com/cliui set size:13583 disposed:false
1370 http fetch GET 200 https://registry.npmmirror.com/get-caller-file 75ms (cache miss)
1371 silly packumentCache full:https://registry.npmmirror.com/get-caller-file set size:3962 disposed:false
1372 http fetch GET 200 https://registry.npmmirror.com/readdirp 76ms (cache miss)
1373 silly packumentCache full:https://registry.npmmirror.com/readdirp set size:17999 disposed:false
1374 http fetch GET 200 https://registry.npmmirror.com/require-directory 86ms (cache miss)
1375 silly packumentCache full:https://registry.npmmirror.com/require-directory set size:5300 disposed:false
1376 silly fetch manifest @jridgewell/sourcemap-codec@^1.4.15
1377 silly packumentCache full:https://registry.npmmirror.com/@jridgewell%2fsourcemap-codec cache-hit
1378 silly fetch manifest @volar/kit@~2.4.23
1379 silly packumentCache full:https://registry.npmmirror.com/@volar%2fkit cache-miss
1380 http fetch GET 200 https://registry.npmmirror.com/@volar%2fkit 94ms (cache miss)
1381 silly packumentCache full:https://registry.npmmirror.com/@volar%2fkit set size:97222 disposed:false
1382 silly fetch manifest typescript@*
1383 silly packumentCache full:https://registry.npmmirror.com/typescript cache-miss
1384 http cache https://registry.npmmirror.com/typescript 47ms (cache hit)
1385 silly packumentCache full:https://registry.npmmirror.com/typescript set size:14143151 disposed:false
1386 silly fetch manifest @volar/language-core@~2.4.23
1387 silly packumentCache full:https://registry.npmmirror.com/@volar%2flanguage-core cache-miss
1388 http fetch GET 200 https://registry.npmmirror.com/@volar%2flanguage-core 707ms (cache miss)
1389 silly packumentCache full:https://registry.npmmirror.com/@volar%2flanguage-core set size:134887 disposed:false
1390 silly fetch manifest @volar/language-server@~2.4.23
1391 silly packumentCache full:https://registry.npmmirror.com/@volar%2flanguage-server cache-miss
1392 http fetch GET 200 https://registry.npmmirror.com/@volar%2flanguage-server 715ms (cache miss)
1393 silly packumentCache full:https://registry.npmmirror.com/@volar%2flanguage-server set size:140952 disposed:false
1394 silly fetch manifest @volar/language-service@~2.4.23
1395 silly packumentCache full:https://registry.npmmirror.com/@volar%2flanguage-service cache-miss
1396 http fetch GET 200 https://registry.npmmirror.com/@volar%2flanguage-service 900ms (cache miss)
1397 silly packumentCache full:https://registry.npmmirror.com/@volar%2flanguage-service set size:137923 disposed:false
1398 silly fetch manifest fast-glob@^3.2.12
1399 silly packumentCache full:https://registry.npmmirror.com/fast-glob cache-hit
1400 silly fetch manifest muggle-string@^0.4.1
1401 silly packumentCache full:https://registry.npmmirror.com/muggle-string cache-miss
1402 http fetch GET 200 https://registry.npmmirror.com/muggle-string 104ms (cache miss)
1403 silly packumentCache full:https://registry.npmmirror.com/muggle-string set size:6846 disposed:false
1404 silly fetch manifest volar-service-css@0.0.66
1405 silly packumentCache full:https://registry.npmmirror.com/volar-service-css cache-miss
1406 http fetch GET 200 https://registry.npmmirror.com/volar-service-css 107ms (cache miss)
1407 silly packumentCache full:https://registry.npmmirror.com/volar-service-css set size:26637 disposed:false
1408 silly fetch manifest volar-service-emmet@0.0.66
1409 silly packumentCache full:https://registry.npmmirror.com/volar-service-emmet cache-miss
1410 http fetch GET 200 https://registry.npmmirror.com/volar-service-emmet 213ms (cache miss)
1411 silly packumentCache full:https://registry.npmmirror.com/volar-service-emmet set size:27052 disposed:false
1412 silly fetch manifest volar-service-html@0.0.66
1413 silly packumentCache full:https://registry.npmmirror.com/volar-service-html cache-miss
1414 http fetch GET 200 https://registry.npmmirror.com/volar-service-html 98ms (cache miss)
1415 silly packumentCache full:https://registry.npmmirror.com/volar-service-html set size:26552 disposed:false
1416 silly fetch manifest volar-service-prettier@0.0.66
1417 silly packumentCache full:https://registry.npmmirror.com/volar-service-prettier cache-miss
1418 http fetch GET 200 https://registry.npmmirror.com/volar-service-prettier 58ms (cache miss)
1419 silly packumentCache full:https://registry.npmmirror.com/volar-service-prettier set size:27454 disposed:false
1420 silly fetch manifest prettier@^3.0.0
1421 silly packumentCache full:https://registry.npmmirror.com/prettier cache-miss
1422 http fetch GET 200 https://registry.npmmirror.com/prettier 55ms (cache miss)
1423 silly packumentCache full:https://registry.npmmirror.com/prettier set size:92682 disposed:false
1424 silly fetch manifest volar-service-typescript@0.0.66
1425 silly packumentCache full:https://registry.npmmirror.com/volar-service-typescript cache-miss
1426 http fetch GET 200 https://registry.npmmirror.com/volar-service-typescript 693ms (cache miss)
1427 silly packumentCache full:https://registry.npmmirror.com/volar-service-typescript set size:29138 disposed:false
1428 silly fetch manifest volar-service-typescript-twoslash-queries@0.0.66
1429 silly packumentCache full:https://registry.npmmirror.com/volar-service-typescript-twoslash-queries cache-miss
1430 http fetch GET 200 https://registry.npmmirror.com/volar-service-typescript-twoslash-queries 672ms (cache miss)
1431 silly packumentCache full:https://registry.npmmirror.com/volar-service-typescript-twoslash-queries set size:26569 disposed:false
1432 silly fetch manifest volar-service-yaml@0.0.66
1433 silly packumentCache full:https://registry.npmmirror.com/volar-service-yaml cache-miss
1434 http fetch GET 200 https://registry.npmmirror.com/volar-service-yaml 686ms (cache miss)
1435 silly packumentCache full:https://registry.npmmirror.com/volar-service-yaml set size:21002 disposed:false
1436 silly fetch manifest vscode-html-languageservice@^5.5.2
1437 silly packumentCache full:https://registry.npmmirror.com/vscode-html-languageservice cache-miss
1438 http fetch GET 200 https://registry.npmmirror.com/vscode-html-languageservice 583ms (cache miss)
1439 silly packumentCache full:https://registry.npmmirror.com/vscode-html-languageservice set size:59868 disposed:false
1440 silly fetch manifest vscode-uri@^3.1.0
1441 silly packumentCache full:https://registry.npmmirror.com/vscode-uri cache-miss
1442 http fetch GET 200 https://registry.npmmirror.com/vscode-uri 51ms (cache miss)
1443 silly packumentCache full:https://registry.npmmirror.com/vscode-uri set size:15527 disposed:false
1444 silly placeDep ROOT @jridgewell/sourcemap-codec@1.5.5 OK for: @astrojs/language-server@2.16.0 want: ^1.4.15
1445 silly placeDep ROOT @volar/kit@2.4.23 OK for: @astrojs/language-server@2.16.0 want: ~2.4.23
1446 silly placeDep ROOT @volar/language-core@2.4.23 OK for: @astrojs/language-server@2.16.0 want: ~2.4.23
1447 silly placeDep ROOT @volar/language-server@2.4.23 OK for: @astrojs/language-server@2.16.0 want: ~2.4.23
1448 silly placeDep ROOT @volar/language-service@2.4.23 OK for: @astrojs/language-server@2.16.0 want: ~2.4.23
1449 silly placeDep ROOT fast-glob@3.3.3 OK for: @astrojs/language-server@2.16.0 want: ^3.2.12
1450 silly placeDep ROOT muggle-string@0.4.1 OK for: @astrojs/language-server@2.16.0 want: ^0.4.1
1451 silly placeDep ROOT volar-service-css@0.0.66 OK for: @astrojs/language-server@2.16.0 want: 0.0.66
1452 silly placeDep ROOT volar-service-emmet@0.0.66 OK for: @astrojs/language-server@2.16.0 want: 0.0.66
1453 silly placeDep ROOT volar-service-html@0.0.66 OK for: @astrojs/language-server@2.16.0 want: 0.0.66
1454 silly placeDep ROOT volar-service-prettier@0.0.66 OK for: @astrojs/language-server@2.16.0 want: 0.0.66
1455 silly placeDep ROOT volar-service-typescript@0.0.66 OK for: @astrojs/language-server@2.16.0 want: 0.0.66
1456 silly placeDep ROOT volar-service-typescript-twoslash-queries@0.0.66 OK for: @astrojs/language-server@2.16.0 want: 0.0.66
1457 silly placeDep ROOT volar-service-yaml@0.0.66 OK for: @astrojs/language-server@2.16.0 want: 0.0.66
1458 silly placeDep ROOT vscode-html-languageservice@5.6.0 OK for: @astrojs/language-server@2.16.0 want: ^5.5.2
1459 silly placeDep ROOT vscode-uri@3.1.0 OK for: @astrojs/language-server@2.16.0 want: ^3.1.0
1460 silly fetch manifest @volar/language-service@2.4.23
1461 silly packumentCache full:https://registry.npmmirror.com/@volar%2flanguage-service cache-hit
1462 silly fetch manifest @volar/typescript@2.4.23
1463 silly packumentCache full:https://registry.npmmirror.com/@volar%2ftypescript cache-miss
1464 silly fetch manifest typesafe-path@^0.2.2
1465 silly packumentCache full:https://registry.npmmirror.com/typesafe-path cache-miss
1466 silly fetch manifest vscode-languageserver-textdocument@^1.0.11
1467 silly packumentCache full:https://registry.npmmirror.com/vscode-languageserver-textdocument cache-miss
1468 silly fetch manifest vscode-uri@^3.0.8
1469 silly packumentCache full:https://registry.npmmirror.com/vscode-uri cache-hit
1470 silly fetch manifest @volar/source-map@2.4.23
1471 silly packumentCache full:https://registry.npmmirror.com/@volar%2fsource-map cache-miss
1472 silly fetch manifest @volar/language-service@2.4.23
1473 silly packumentCache full:https://registry.npmmirror.com/@volar%2flanguage-service cache-hit
1474 silly fetch manifest @volar/typescript@2.4.23
1475 silly packumentCache full:https://registry.npmmirror.com/@volar%2ftypescript cache-miss
1476 silly fetch manifest path-browserify@^1.0.1
1477 silly packumentCache full:https://registry.npmmirror.com/path-browserify cache-miss
1478 silly fetch manifest request-light@^0.7.0
1479 silly packumentCache full:https://registry.npmmirror.com/request-light cache-miss
1480 silly fetch manifest vscode-languageserver@^9.0.1
1481 silly packumentCache full:https://registry.npmmirror.com/vscode-languageserver cache-miss
1482 silly fetch manifest vscode-languageserver-protocol@^3.17.5
1483 silly packumentCache full:https://registry.npmmirror.com/vscode-languageserver-protocol cache-miss
1484 silly fetch manifest vscode-languageserver-textdocument@^1.0.11
1485 silly packumentCache full:https://registry.npmmirror.com/vscode-languageserver-textdocument cache-miss
1486 silly fetch manifest vscode-uri@^3.0.8
1487 silly packumentCache full:https://registry.npmmirror.com/vscode-uri cache-hit
1488 silly fetch manifest vscode-languageserver-protocol@^3.17.5
1489 silly packumentCache full:https://registry.npmmirror.com/vscode-languageserver-protocol cache-miss
1490 silly fetch manifest vscode-languageserver-textdocument@^1.0.11
1491 silly packumentCache full:https://registry.npmmirror.com/vscode-languageserver-textdocument cache-miss
1492 silly fetch manifest vscode-uri@^3.0.8
1493 silly packumentCache full:https://registry.npmmirror.com/vscode-uri cache-hit
1494 silly fetch manifest @nodelib/fs.stat@^2.0.2
1495 silly packumentCache full:https://registry.npmmirror.com/@nodelib%2ffs.stat cache-miss
1496 silly fetch manifest @nodelib/fs.walk@^1.2.3
1497 silly packumentCache full:https://registry.npmmirror.com/@nodelib%2ffs.walk cache-miss
1498 silly fetch manifest glob-parent@^5.1.2
1499 silly packumentCache full:https://registry.npmmirror.com/glob-parent cache-hit
1500 silly fetch manifest merge2@^1.3.0
1501 silly packumentCache full:https://registry.npmmirror.com/merge2 cache-miss
1502 silly fetch manifest vscode-css-languageservice@^6.3.0
1503 silly packumentCache full:https://registry.npmmirror.com/vscode-css-languageservice cache-miss
1504 silly fetch manifest vscode-languageserver-textdocument@^1.0.11
1505 silly packumentCache full:https://registry.npmmirror.com/vscode-languageserver-textdocument cache-miss
1506 silly fetch manifest vscode-uri@^3.0.8
1507 silly packumentCache full:https://registry.npmmirror.com/vscode-uri cache-hit
1508 silly fetch manifest @emmetio/css-parser@github:ramya-rao-a/css-parser#vscode
1509 silly fetch manifest @vscode/emmet-helper@^2.9.3
1510 silly packumentCache full:https://registry.npmmirror.com/@vscode%2femmet-helper cache-miss
1511 silly fetch manifest vscode-uri@^3.0.8
1512 silly packumentCache full:https://registry.npmmirror.com/vscode-uri cache-hit
1513 silly fetch manifest vscode-html-languageservice@^5.3.0
1514 silly packumentCache full:https://registry.npmmirror.com/vscode-html-languageservice cache-hit
1515 silly fetch manifest vscode-languageserver-textdocument@^1.0.11
1516 silly packumentCache full:https://registry.npmmirror.com/vscode-languageserver-textdocument cache-miss
1517 silly fetch manifest vscode-uri@^3.0.8
1518 silly packumentCache full:https://registry.npmmirror.com/vscode-uri cache-hit
1519 silly fetch manifest vscode-uri@^3.0.8
1520 silly packumentCache full:https://registry.npmmirror.com/vscode-uri cache-hit
1521 silly fetch manifest path-browserify@^1.0.1
1522 silly packumentCache full:https://registry.npmmirror.com/path-browserify cache-miss
1523 silly fetch manifest semver@^7.6.2
1524 silly packumentCache full:https://registry.npmmirror.com/semver cache-hit
1525 silly fetch manifest typescript-auto-import-cache@^0.3.5
1526 silly packumentCache full:https://registry.npmmirror.com/typescript-auto-import-cache cache-miss
1527 silly fetch manifest vscode-languageserver-textdocument@^1.0.11
1528 silly packumentCache full:https://registry.npmmirror.com/vscode-languageserver-textdocument cache-miss
1529 silly fetch manifest vscode-nls@^5.2.0
1530 silly packumentCache full:https://registry.npmmirror.com/vscode-nls cache-miss
1531 silly fetch manifest yaml-language-server@~1.19.2
1532 silly packumentCache full:https://registry.npmmirror.com/yaml-language-server cache-miss
1533 silly fetch manifest @vscode/l10n@^0.0.18
1534 silly packumentCache full:https://registry.npmmirror.com/@vscode%2fl10n cache-miss
1535 silly fetch manifest vscode-languageserver-textdocument@^1.0.12
1536 silly packumentCache full:https://registry.npmmirror.com/vscode-languageserver-textdocument cache-miss
1537 silly fetch manifest vscode-languageserver-types@^3.17.5
1538 silly packumentCache full:https://registry.npmmirror.com/vscode-languageserver-types cache-miss
1539 http fetch GET 200 https://registry.npmmirror.com/typesafe-path 181ms (cache miss)
1540 silly packumentCache full:https://registry.npmmirror.com/typesafe-path set size:5018 disposed:false
1541 http fetch GET 200 https://registry.npmmirror.com/path-browserify 185ms (cache miss)
1542 silly packumentCache full:https://registry.npmmirror.com/path-browserify set size:3449 disposed:false
1543 http fetch GET 200 https://registry.npmmirror.com/@nodelib%2ffs.walk 185ms (cache miss)
1544 silly packumentCache full:https://registry.npmmirror.com/@nodelib%2ffs.walk set size:8290 disposed:false
1545 http fetch GET 200 https://registry.npmmirror.com/request-light 188ms (cache miss)
1546 silly packumentCache full:https://registry.npmmirror.com/request-light set size:14004 disposed:false
1547 http fetch GET 200 https://registry.npmmirror.com/vscode-languageserver-textdocument 188ms (cache miss)
1548 silly packumentCache full:https://registry.npmmirror.com/vscode-languageserver-textdocument set size:13331 disposed:false
1549 http fetch GET 200 https://registry.npmmirror.com/@nodelib%2ffs.stat 189ms (cache miss)
1550 silly packumentCache full:https://registry.npmmirror.com/@nodelib%2ffs.stat set size:6496 disposed:false
1551 http fetch GET 200 https://registry.npmmirror.com/merge2 192ms (cache miss)
1552 silly packumentCache full:https://registry.npmmirror.com/merge2 set size:8713 disposed:false
1553 http fetch GET 200 https://registry.npmmirror.com/vscode-languageserver-textdocument 200ms (cache miss)
1554 silly packumentCache full:https://registry.npmmirror.com/vscode-languageserver-textdocument set size:13331 disposed:false
1555 silly packumentCache full:https://registry.npmmirror.com/vscode-languageserver-textdocument dispose
1556 http fetch GET 200 https://registry.npmmirror.com/vscode-languageserver-textdocument 198ms (cache miss)
1557 silly packumentCache full:https://registry.npmmirror.com/vscode-languageserver-textdocument set size:13331 disposed:true
1558 silly packumentCache full:https://registry.npmmirror.com/vscode-languageserver-textdocument dispose
1559 http fetch GET 200 https://registry.npmmirror.com/path-browserify 205ms (cache miss)
1560 silly packumentCache full:https://registry.npmmirror.com/path-browserify set size:3449 disposed:false
1561 silly packumentCache full:https://registry.npmmirror.com/path-browserify dispose
1562 http fetch GET 200 https://registry.npmmirror.com/vscode-languageserver-textdocument 212ms (cache miss)
1563 silly packumentCache full:https://registry.npmmirror.com/vscode-languageserver-textdocument set size:13331 disposed:true
1564 silly packumentCache full:https://registry.npmmirror.com/vscode-languageserver-textdocument dispose
1565 http fetch GET 200 https://registry.npmmirror.com/vscode-languageserver-textdocument 212ms (cache miss)
1566 silly packumentCache full:https://registry.npmmirror.com/vscode-languageserver-textdocument set size:13331 disposed:true
1567 silly packumentCache full:https://registry.npmmirror.com/vscode-languageserver-textdocument dispose
1568 http fetch GET 200 https://registry.npmmirror.com/vscode-languageserver-textdocument 209ms (cache miss)
1569 silly packumentCache full:https://registry.npmmirror.com/vscode-languageserver-textdocument set size:13331 disposed:true
1570 silly packumentCache full:https://registry.npmmirror.com/vscode-languageserver-textdocument dispose
1571 http fetch GET 200 https://registry.npmmirror.com/vscode-languageserver-textdocument 213ms (cache miss)
1572 silly packumentCache full:https://registry.npmmirror.com/vscode-languageserver-textdocument set size:13331 disposed:true
1573 silly packumentCache full:https://registry.npmmirror.com/vscode-languageserver-textdocument dispose
1574 http fetch GET 200 https://registry.npmmirror.com/@vscode%2femmet-helper 217ms (cache miss)
1575 silly packumentCache full:https://registry.npmmirror.com/@vscode%2femmet-helper set size:11620 disposed:false
1576 http fetch GET 200 https://registry.npmmirror.com/@volar%2ftypescript 226ms (cache miss)
1577 silly packumentCache full:https://registry.npmmirror.com/@volar%2ftypescript set size:121717 disposed:false
1578 http fetch GET 200 https://registry.npmmirror.com/vscode-languageserver-protocol 234ms (cache miss)
1579 silly packumentCache full:https://registry.npmmirror.com/vscode-languageserver-protocol set size:62150 disposed:false
1580 http fetch GET 200 https://registry.npmmirror.com/vscode-languageserver-protocol 240ms (cache miss)
1581 silly packumentCache full:https://registry.npmmirror.com/vscode-languageserver-protocol set size:62150 disposed:false
1582 silly packumentCache full:https://registry.npmmirror.com/vscode-languageserver-protocol dispose
1583 http fetch GET 200 https://registry.npmmirror.com/@volar%2ftypescript 245ms (cache miss)
1584 silly packumentCache full:https://registry.npmmirror.com/@volar%2ftypescript set size:121717 disposed:false
1585 silly packumentCache full:https://registry.npmmirror.com/@volar%2ftypescript dispose
1586 http fetch GET 200 https://registry.npmmirror.com/vscode-nls 239ms (cache miss)
1587 silly packumentCache full:https://registry.npmmirror.com/vscode-nls set size:16017 disposed:false
1588 http fetch GET 200 https://registry.npmmirror.com/vscode-languageserver 252ms (cache miss)
1589 silly packumentCache full:https://registry.npmmirror.com/vscode-languageserver set size:88045 disposed:false
1590 http fetch GET 200 https://registry.npmmirror.com/@vscode%2fl10n 254ms (cache miss)
1591 silly packumentCache full:https://registry.npmmirror.com/@vscode%2fl10n set size:15928 disposed:false
1592 http fetch GET 200 https://registry.npmmirror.com/@volar%2fsource-map 264ms (cache miss)
1593 silly packumentCache full:https://registry.npmmirror.com/@volar%2fsource-map set size:226576 disposed:false
1594 http fetch GET 200 https://registry.npmmirror.com/vscode-css-languageservice 265ms (cache miss)
1595 silly packumentCache full:https://registry.npmmirror.com/vscode-css-languageservice set size:79606 disposed:false
1596 http fetch GET 200 https://registry.npmmirror.com/vscode-languageserver-types 264ms (cache miss)
1597 silly packumentCache full:https://registry.npmmirror.com/vscode-languageserver-types set size:43234 disposed:false
1598 http fetch GET 200 https://registry.npmmirror.com/yaml-language-server 285ms (cache miss)
1599 silly packumentCache full:https://registry.npmmirror.com/yaml-language-server set size:317794 disposed:false
1600 http fetch GET 200 https://registry.npmmirror.com/typescript-auto-import-cache 298ms (cache miss)
1601 silly packumentCache full:https://registry.npmmirror.com/typescript-auto-import-cache set size:6154 disposed:false
1602 silly fetch manifest fast-xml-parser@^5.3.0
1603 silly packumentCache full:https://registry.npmmirror.com/fast-xml-parser cache-miss
1604 http fetch GET 200 https://registry.npmmirror.com/fast-xml-parser 370ms (cache miss)
1605 silly packumentCache full:https://registry.npmmirror.com/fast-xml-parser set size:78336 disposed:false
1606 silly placeDep ROOT fast-xml-parser@5.3.2 OK for: @astrojs/rss@4.0.13 want: ^5.3.0
1607 silly placeDep ROOT picocolors@1.1.1 OK for: @astrojs/rss@4.0.13 want: ^1.1.1
1608 silly fetch manifest strnum@^2.1.0
1609 silly packumentCache full:https://registry.npmmirror.com/strnum cache-miss
1610 http fetch GET 200 https://registry.npmmirror.com/strnum 96ms (cache miss)
1611 silly packumentCache full:https://registry.npmmirror.com/strnum set size:7537 disposed:false
1612 silly fetch manifest sitemap@^8.0.0
1613 silly packumentCache full:https://registry.npmmirror.com/sitemap cache-miss
1614 http fetch GET 200 https://registry.npmmirror.com/sitemap 55ms (cache miss)
1615 silly packumentCache full:https://registry.npmmirror.com/sitemap set size:36961 disposed:false
1616 silly fetch manifest stream-replace-string@^2.0.0
1617 silly packumentCache full:https://registry.npmmirror.com/stream-replace-string cache-miss
1618 http fetch GET 200 https://registry.npmmirror.com/stream-replace-string 46ms (cache miss)
1619 silly packumentCache full:https://registry.npmmirror.com/stream-replace-string set size:6781 disposed:false
1620 silly placeDep ROOT sitemap@8.0.2 OK for: @astrojs/sitemap@3.6.0 want: ^8.0.0
1621 silly placeDep ROOT stream-replace-string@2.0.0 OK for: @astrojs/sitemap@3.6.0 want: ^2.0.0
1622 silly placeDep ROOT zod@3.25.76 OK for: @astrojs/sitemap@3.6.0 want: ^3.25.76
1623 silly fetch manifest @types/node@^17.0.5
1624 silly packumentCache full:https://registry.npmmirror.com/@types%2fnode cache-miss
1625 silly fetch manifest @types/sax@^1.2.1
1626 silly packumentCache full:https://registry.npmmirror.com/@types%2fsax cache-miss
1627 silly fetch manifest arg@^5.0.0
1628 silly packumentCache full:https://registry.npmmirror.com/arg cache-hit
1629 silly fetch manifest sax@^1.4.1
1630 silly packumentCache full:https://registry.npmmirror.com/sax cache-hit
1631 http cache https://registry.npmmirror.com/@types%2fnode 39ms (cache hit)
1632 silly packumentCache full:https://registry.npmmirror.com/@types%2fnode set size:9925431 disposed:false
1633 http fetch GET 200 https://registry.npmmirror.com/@types%2fsax 197ms (cache miss)
1634 silly packumentCache full:https://registry.npmmirror.com/@types%2fsax set size:7936 disposed:false
1635 silly fetch manifest svelte@^5.1.16
1636 silly packumentCache full:https://registry.npmmirror.com/svelte cache-hit
1637 silly fetch manifest @types/node@^18.0.0 || ^20.0.0 || >=22.0.0
1638 silly packumentCache full:https://registry.npmmirror.com/@types%2fnode cache-miss
1639 http cache https://registry.npmmirror.com/@types%2fnode 30ms (cache hit)
1640 silly packumentCache full:https://registry.npmmirror.com/@types%2fnode set size:9925431 disposed:false
1641 silly fetch manifest jiti@>=1.21.0
1642 silly packumentCache full:https://registry.npmmirror.com/jiti cache-hit
1643 silly fetch manifest less@*
1644 silly packumentCache full:https://registry.npmmirror.com/less cache-miss
1645 http fetch GET 200 https://registry.npmmirror.com/less 62ms (cache miss)
1646 silly packumentCache full:https://registry.npmmirror.com/less set size:46465 disposed:false
1647 silly fetch manifest lightningcss@^1.21.0
1648 silly packumentCache full:https://registry.npmmirror.com/lightningcss cache-miss
1649 http fetch GET 200 https://registry.npmmirror.com/lightningcss 55ms (cache miss)
1650 silly packumentCache full:https://registry.npmmirror.com/lightningcss set size:30737 disposed:false
1651 silly fetch manifest sass@*
1652 silly packumentCache full:https://registry.npmmirror.com/sass cache-miss
1653 http fetch GET 200 https://registry.npmmirror.com/sass 53ms (cache miss)
1654 silly packumentCache full:https://registry.npmmirror.com/sass set size:121562 disposed:false
1655 silly fetch manifest sass-embedded@*
1656 silly packumentCache full:https://registry.npmmirror.com/sass-embedded cache-miss
1657 http fetch GET 200 https://registry.npmmirror.com/sass-embedded 53ms (cache miss)
1658 silly packumentCache full:https://registry.npmmirror.com/sass-embedded set size:70655 disposed:false
1659 silly fetch manifest stylus@*
1660 silly packumentCache full:https://registry.npmmirror.com/stylus cache-hit
1661 silly fetch manifest sugarss@*
1662 silly packumentCache full:https://registry.npmmirror.com/sugarss cache-miss
1663 http fetch GET 200 https://registry.npmmirror.com/sugarss 36ms (cache miss)
1664 silly packumentCache full:https://registry.npmmirror.com/sugarss set size:8151 disposed:false
1665 silly fetch manifest postcss@^8.3.3
1666 silly packumentCache full:https://registry.npmmirror.com/postcss cache-hit
1667 silly fetch manifest terser@^5.16.0
1668 silly packumentCache full:https://registry.npmmirror.com/terser cache-miss
1669 http fetch GET 200 https://registry.npmmirror.com/terser 82ms (cache miss)
1670 silly packumentCache full:https://registry.npmmirror.com/terser set size:108920 disposed:false
1671 silly fetch manifest tsx@^4.8.1
1672 silly packumentCache full:https://registry.npmmirror.com/tsx cache-miss
1673 http fetch GET 200 https://registry.npmmirror.com/tsx 77ms (cache miss)
1674 silly packumentCache full:https://registry.npmmirror.com/tsx set size:67009 disposed:false
1675 silly fetch manifest yaml@^2.4.2
1676 silly packumentCache full:https://registry.npmmirror.com/yaml cache-miss
1677 http fetch GET 200 https://registry.npmmirror.com/yaml 47ms (cache miss)
1678 silly packumentCache full:https://registry.npmmirror.com/yaml set size:52583 disposed:false
1679 silly fetch manifest typescript@^5.3.3
1680 silly packumentCache full:https://registry.npmmirror.com/typescript cache-miss
1681 http cache https://registry.npmmirror.com/typescript 44ms (cache hit)
1682 silly packumentCache full:https://registry.npmmirror.com/typescript set size:14143151 disposed:false
1683 silly placeDep ROOT @sveltejs/vite-plugin-svelte@5.1.1 OK for: @astrojs/svelte@7.2.2 want: ^5.1.1
1684 silly placeDep ROOT vite@6.4.1 OK for: @sveltejs/vite-plugin-svelte@5.1.1 want: ^6.0.0
1685 silly placeDep ROOT svelte2tsx@0.7.45 OK for: @astrojs/svelte@7.2.2 want: ^0.7.42
1686 silly fetch manifest @sveltejs/vite-plugin-svelte-inspector@^4.0.1
1687 silly packumentCache full:https://registry.npmmirror.com/@sveltejs%2fvite-plugin-svelte-inspector cache-miss
1688 silly fetch manifest debug@^4.4.1
1689 silly packumentCache full:https://registry.npmmirror.com/debug cache-hit
1690 silly fetch manifest deepmerge@^4.3.1
1691 silly packumentCache full:https://registry.npmmirror.com/deepmerge cache-hit
1692 silly fetch manifest magic-string@^0.30.17
1693 silly packumentCache full:https://registry.npmmirror.com/magic-string cache-hit
1694 silly fetch manifest vitefu@^1.0.6
1695 silly packumentCache full:https://registry.npmmirror.com/vitefu cache-hit
1696 silly fetch manifest fdir@^6.4.4
1697 silly packumentCache full:https://registry.npmmirror.com/fdir cache-miss
1698 silly fetch manifest picomatch@^4.0.2
1699 silly packumentCache full:https://registry.npmmirror.com/picomatch cache-hit
1700 silly fetch manifest rollup@^4.34.9
1701 silly packumentCache full:https://registry.npmmirror.com/rollup cache-hit
1702 silly fetch manifest tinyglobby@^0.2.13
1703 silly packumentCache full:https://registry.npmmirror.com/tinyglobby cache-hit
1704 silly fetch manifest fsevents@~2.3.3
1705 silly packumentCache full:https://registry.npmmirror.com/fsevents cache-miss
1706 silly fetch manifest dedent-js@^1.0.1
1707 silly packumentCache full:https://registry.npmmirror.com/dedent-js cache-miss
1708 silly fetch manifest scule@^1.3.0
1709 silly packumentCache full:https://registry.npmmirror.com/scule cache-miss
1710 http fetch GET 200 https://registry.npmmirror.com/fsevents 51ms (cache miss)
1711 silly packumentCache full:https://registry.npmmirror.com/fsevents set size:16302 disposed:false
1712 http fetch GET 200 https://registry.npmmirror.com/scule 56ms (cache miss)
1713 silly packumentCache full:https://registry.npmmirror.com/scule set size:9795 disposed:false
1714 http fetch GET 200 https://registry.npmmirror.com/fdir 58ms (cache miss)
1715 silly packumentCache full:https://registry.npmmirror.com/fdir set size:21942 disposed:false
1716 http fetch GET 200 https://registry.npmmirror.com/@sveltejs%2fvite-plugin-svelte-inspector 101ms (cache miss)
1717 silly packumentCache full:https://registry.npmmirror.com/@sveltejs%2fvite-plugin-svelte-inspector set size:10999 disposed:false
1718 http fetch GET 200 https://registry.npmmirror.com/dedent-js 182ms (cache miss)
1719 silly packumentCache full:https://registry.npmmirror.com/dedent-js set size:1712 disposed:false
1720 silly fetch manifest autoprefixer@^10.4.21
1721 silly packumentCache full:https://registry.npmmirror.com/autoprefixer cache-miss
1722 http fetch GET 200 https://registry.npmmirror.com/autoprefixer 91ms (cache miss)
1723 silly packumentCache full:https://registry.npmmirror.com/autoprefixer set size:128603 disposed:false
1724 silly fetch manifest postcss@^8.5.3
1725 silly packumentCache full:https://registry.npmmirror.com/postcss cache-hit
1726 silly fetch manifest postcss-load-config@^4.0.2
1727 silly packumentCache full:https://registry.npmmirror.com/postcss-load-config cache-hit
1728 silly fetch manifest ts-node@>=9.0.0
1729 silly packumentCache full:https://registry.npmmirror.com/ts-node cache-miss
1730 http fetch GET 200 https://registry.npmmirror.com/ts-node 78ms (cache miss)
1731 silly packumentCache full:https://registry.npmmirror.com/ts-node set size:71828 disposed:false
1732 silly fetch manifest @swc/core@>=1.2.50
1733 silly packumentCache full:https://registry.npmmirror.com/@swc%2fcore cache-miss
1734 http fetch GET 200 https://registry.npmmirror.com/@swc%2fcore 192ms (cache miss)
1735 silly packumentCache full:https://registry.npmmirror.com/@swc%2fcore set size:521550 disposed:false
1736 silly fetch manifest @swc/helpers@>=0.5.17
1737 silly packumentCache full:https://registry.npmmirror.com/@swc%2fhelpers cache-miss
1738 http fetch GET 200 https://registry.npmmirror.com/@swc%2fhelpers 127ms (cache miss)
1739 silly packumentCache full:https://registry.npmmirror.com/@swc%2fhelpers set size:96208 disposed:false
1740 silly fetch manifest @swc/wasm@>=1.2.50
1741 silly packumentCache full:https://registry.npmmirror.com/@swc%2fwasm cache-miss
1742 http fetch GET 200 https://registry.npmmirror.com/@swc%2fwasm 108ms (cache miss)
1743 silly packumentCache full:https://registry.npmmirror.com/@swc%2fwasm set size:368361 disposed:false
1744 silly fetch manifest @types/node@*
1745 silly packumentCache full:https://registry.npmmirror.com/@types%2fnode cache-miss
1746 http cache https://registry.npmmirror.com/@types%2fnode 33ms (cache hit)
1747 silly packumentCache full:https://registry.npmmirror.com/@types%2fnode set size:9925431 disposed:false
1748 silly fetch manifest typescript@>=2.7
1749 silly packumentCache full:https://registry.npmmirror.com/typescript cache-miss
1750 http cache https://registry.npmmirror.com/typescript 42ms (cache hit)
1751 silly packumentCache full:https://registry.npmmirror.com/typescript set size:14143151 disposed:false
1752 silly placeDep ROOT autoprefixer@10.4.22 OK for: @astrojs/tailwind@6.0.2 want: ^10.4.21
1753 silly placeDep ROOT postcss-load-config@4.0.2 OK for: @astrojs/tailwind@6.0.2 want: ^4.0.2
1754 silly fetch manifest browserslist@^4.27.0
1755 silly packumentCache full:https://registry.npmmirror.com/browserslist cache-miss
1756 silly fetch manifest caniuse-lite@^1.0.30001754
1757 silly packumentCache full:https://registry.npmmirror.com/caniuse-lite cache-miss
1758 silly fetch manifest fraction.js@^5.3.4
1759 silly packumentCache full:https://registry.npmmirror.com/fraction.js cache-miss
1760 silly fetch manifest normalize-range@^0.1.2
1761 silly packumentCache full:https://registry.npmmirror.com/normalize-range cache-miss
1762 silly fetch manifest lilconfig@^3.0.0
1763 silly packumentCache full:https://registry.npmmirror.com/lilconfig cache-hit
1764 silly fetch manifest yaml@^2.3.4
1765 silly packumentCache full:https://registry.npmmirror.com/yaml cache-hit
1766 http fetch GET 200 https://registry.npmmirror.com/normalize-range 48ms (cache miss)
1767 silly packumentCache full:https://registry.npmmirror.com/normalize-range set size:3266 disposed:false
1768 http fetch GET 200 https://registry.npmmirror.com/browserslist 69ms (cache miss)
1769 silly packumentCache full:https://registry.npmmirror.com/browserslist set size:73967 disposed:false
1770 http fetch GET 200 https://registry.npmmirror.com/fraction.js 80ms (cache miss)
1771 silly packumentCache full:https://registry.npmmirror.com/fraction.js set size:31162 disposed:false
1772 http fetch GET 200 https://registry.npmmirror.com/caniuse-lite 138ms (cache miss)
1773 silly packumentCache full:https://registry.npmmirror.com/caniuse-lite set size:354375 disposed:false
1774 silly fetch manifest @volar/typescript@~2.4.23
1775 silly packumentCache full:https://registry.npmmirror.com/@volar%2ftypescript cache-hit
1776 silly fetch manifest semver@^7.3.8
1777 silly packumentCache full:https://registry.npmmirror.com/semver cache-hit
1778 silly placeDep ROOT @volar/typescript@2.4.23 OK for: @astrojs/ts-plugin@1.10.5 want: ~2.4.23
1779 silly placeDep ROOT semver@7.7.3 OK for: @astrojs/ts-plugin@1.10.5 want: ^7.3.8
1780 silly placeDep ROOT vscode-languageserver-textdocument@1.0.12 OK for: @astrojs/ts-plugin@1.10.5 want: ^1.0.11
1781 silly fetch manifest yaml@^2.5.0
1782 silly packumentCache full:https://registry.npmmirror.com/yaml cache-hit
1783 silly placeDep ROOT yaml@2.8.1 OK for: @astrojs/yaml2ts@0.2.2 want: ^2.5.0
1784 silly placeDep ROOT @biomejs/cli-darwin-arm64@2.3.5 OK for: @biomejs/biome@2.3.5 want: 2.3.5
1785 silly placeDep ROOT @biomejs/cli-darwin-x64@2.3.5 OK for: @biomejs/biome@2.3.5 want: 2.3.5
1786 silly placeDep ROOT @biomejs/cli-linux-arm64@2.3.5 OK for: @biomejs/biome@2.3.5 want: 2.3.5
1787 silly placeDep ROOT @biomejs/cli-linux-arm64-musl@2.3.5 OK for: @biomejs/biome@2.3.5 want: 2.3.5
1788 silly placeDep ROOT @biomejs/cli-linux-x64@2.3.5 OK for: @biomejs/biome@2.3.5 want: 2.3.5
1789 silly placeDep ROOT @biomejs/cli-linux-x64-musl@2.3.5 OK for: @biomejs/biome@2.3.5 want: 2.3.5
1790 silly placeDep ROOT @biomejs/cli-win32-arm64@2.3.5 OK for: @biomejs/biome@2.3.5 want: 2.3.5
1791 silly placeDep ROOT @biomejs/cli-win32-x64@2.3.5 OK for: @biomejs/biome@2.3.5 want: 2.3.5
1792 silly placeDep ROOT hast-util-select@6.0.4 OK for: @expressive-code/core@0.41.3 want: ^6.0.2
1793 silly placeDep ROOT hast-util-to-html@9.0.5 OK for: @expressive-code/core@0.41.3 want: ^9.0.1
1794 silly placeDep ROOT hast-util-to-text@4.0.2 OK for: @expressive-code/core@0.41.3 want: ^4.0.1
1795 silly placeDep ROOT postcss-nested@6.2.0 OK for: @expressive-code/core@0.41.3 want: ^6.0.1
1796 silly placeDep ROOT unist-util-visit-parents@6.0.2 OK for: @expressive-code/core@0.41.3 want: ^6.0.1
1797 silly fetch manifest bcp-47-match@^2.0.0
1798 silly packumentCache full:https://registry.npmmirror.com/bcp-47-match cache-miss
1799 silly fetch manifest css-selector-parser@^3.0.0
1800 silly packumentCache full:https://registry.npmmirror.com/css-selector-parser cache-miss
1801 silly fetch manifest devlop@^1.0.0
1802 silly packumentCache full:https://registry.npmmirror.com/devlop cache-miss
1803 silly fetch manifest direction@^2.0.0
1804 silly packumentCache full:https://registry.npmmirror.com/direction cache-miss
1805 silly fetch manifest hast-util-has-property@^3.0.0
1806 silly packumentCache full:https://registry.npmmirror.com/hast-util-has-property cache-miss
1807 silly fetch manifest hast-util-whitespace@^3.0.0
1808 silly packumentCache full:https://registry.npmmirror.com/hast-util-whitespace cache-miss
1809 silly fetch manifest nth-check@^2.0.0
1810 silly packumentCache full:https://registry.npmmirror.com/nth-check cache-miss
1811 silly fetch manifest zwitch@^2.0.0
1812 silly packumentCache full:https://registry.npmmirror.com/zwitch cache-miss
1813 silly fetch manifest ccount@^2.0.0
1814 silly packumentCache full:https://registry.npmmirror.com/ccount cache-miss
1815 silly fetch manifest hast-util-whitespace@^3.0.0
1816 silly packumentCache full:https://registry.npmmirror.com/hast-util-whitespace cache-miss
1817 silly fetch manifest html-void-elements@^3.0.0
1818 silly packumentCache full:https://registry.npmmirror.com/html-void-elements cache-miss
1819 silly fetch manifest mdast-util-to-hast@^13.0.0
1820 silly packumentCache full:https://registry.npmmirror.com/mdast-util-to-hast cache-miss
1821 silly fetch manifest stringify-entities@^4.0.0
1822 silly packumentCache full:https://registry.npmmirror.com/stringify-entities cache-miss
1823 silly fetch manifest zwitch@^2.0.4
1824 silly packumentCache full:https://registry.npmmirror.com/zwitch cache-miss
1825 silly fetch manifest unist-util-find-after@^5.0.0
1826 silly packumentCache full:https://registry.npmmirror.com/unist-util-find-after cache-hit
1827 silly fetch manifest postcss-selector-parser@^6.1.1
1828 silly packumentCache full:https://registry.npmmirror.com/postcss-selector-parser cache-hit
1829 http fetch GET 200 https://registry.npmmirror.com/nth-check 55ms (cache miss)
1830 silly packumentCache full:https://registry.npmmirror.com/nth-check set size:6555 disposed:false
1831 http fetch GET 200 https://registry.npmmirror.com/hast-util-whitespace 82ms (cache miss)
1832 silly packumentCache full:https://registry.npmmirror.com/hast-util-whitespace set size:8149 disposed:false
1833 http fetch GET 200 https://registry.npmmirror.com/hast-util-whitespace 84ms (cache miss)
1834 silly packumentCache full:https://registry.npmmirror.com/hast-util-whitespace set size:8149 disposed:false
1835 silly packumentCache full:https://registry.npmmirror.com/hast-util-whitespace dispose
1836 http fetch GET 200 https://registry.npmmirror.com/stringify-entities 84ms (cache miss)
1837 silly packumentCache full:https://registry.npmmirror.com/stringify-entities set size:12353 disposed:false
1838 http fetch GET 200 https://registry.npmmirror.com/mdast-util-to-hast 85ms (cache miss)
1839 silly packumentCache full:https://registry.npmmirror.com/mdast-util-to-hast set size:44371 disposed:false
1840 http fetch GET 200 https://registry.npmmirror.com/ccount 91ms (cache miss)
1841 silly packumentCache full:https://registry.npmmirror.com/ccount set size:6405 disposed:false
1842 http fetch GET 200 https://registry.npmmirror.com/devlop 103ms (cache miss)
1843 silly packumentCache full:https://registry.npmmirror.com/devlop set size:6112 disposed:false
1844 http fetch GET 200 https://registry.npmmirror.com/html-void-elements 103ms (cache miss)
1845 silly packumentCache full:https://registry.npmmirror.com/html-void-elements set size:6840 disposed:false
1846 http fetch GET 200 https://registry.npmmirror.com/bcp-47-match 105ms (cache miss)
1847 silly packumentCache full:https://registry.npmmirror.com/bcp-47-match set size:8707 disposed:false
1848 http fetch GET 200 https://registry.npmmirror.com/css-selector-parser 107ms (cache miss)
1849 silly packumentCache full:https://registry.npmmirror.com/css-selector-parser set size:15665 disposed:false
1850 http fetch GET 200 https://registry.npmmirror.com/hast-util-has-property 113ms (cache miss)
1851 silly packumentCache full:https://registry.npmmirror.com/hast-util-has-property set size:8075 disposed:false
1852 http fetch GET 200 https://registry.npmmirror.com/zwitch 137ms (cache miss)
1853 silly packumentCache full:https://registry.npmmirror.com/zwitch set size:8964 disposed:false
1854 http fetch GET 200 https://registry.npmmirror.com/zwitch 139ms (cache miss)
1855 silly packumentCache full:https://registry.npmmirror.com/zwitch set size:8964 disposed:false
1856 silly packumentCache full:https://registry.npmmirror.com/zwitch dispose
1857 http fetch GET 200 https://registry.npmmirror.com/direction 157ms (cache miss)
1858 silly packumentCache full:https://registry.npmmirror.com/direction set size:8826 disposed:false
1859 silly placeDep ROOT @iconify/types@2.0.0 OK for: @iconify-json/fa6-brands@1.2.6 want: *
1860 silly placeDep ROOT @rollup/pluginutils@5.3.0 OK for: @rollup/plugin-yaml@4.1.2 want: ^5.0.1
1861 silly placeDep ROOT js-yaml@4.1.1 OK for: @rollup/plugin-yaml@4.1.2 want: ^4.1.0
1862 silly placeDep ROOT tosource@2.0.0-alpha.3 OK for: @rollup/plugin-yaml@4.1.2 want: ^2.0.0-alpha.3
1863 silly fetch manifest @types/estree@^1.0.0
1864 silly packumentCache full:https://registry.npmmirror.com/@types%2festree cache-hit
1865 silly fetch manifest estree-walker@^2.0.2
1866 silly packumentCache full:https://registry.npmmirror.com/estree-walker cache-hit
1867 silly placeDep ROOT @types/estree@1.0.8 OK for: @rollup/pluginutils@5.3.0 want: ^1.0.0
1868 silly placeDep ROOT estree-walker@2.0.2 OK for: @rollup/pluginutils@5.3.0 want: ^2.0.2
1869 silly placeDep ROOT picomatch@4.0.3 OK for: @rollup/pluginutils@5.3.0 want: ^4.0.2
1870 silly fetch manifest @sveltejs/vite-plugin-svelte@^5.0.0
1871 silly packumentCache full:https://registry.npmmirror.com/@sveltejs%2fvite-plugin-svelte cache-hit
1872 silly fetch manifest svelte@^5.0.0
1873 silly packumentCache full:https://registry.npmmirror.com/svelte cache-hit
1874 silly fetch manifest vite@^6.0.0
1875 silly packumentCache full:https://registry.npmmirror.com/vite cache-miss
1876 http cache https://registry.npmmirror.com/vite 105ms (cache hit)
1877 silly packumentCache full:https://registry.npmmirror.com/vite set size:38426241 disposed:false
1878 silly placeDep ROOT @sveltejs/vite-plugin-svelte-inspector@4.0.1 OK for: @sveltejs/vite-plugin-svelte@5.1.1 want: ^4.0.1
1879 silly placeDep ROOT debug@4.4.3 OK for: @sveltejs/vite-plugin-svelte@5.1.1 want: ^4.4.1
1880 silly placeDep ROOT deepmerge@4.3.1 OK for: @sveltejs/vite-plugin-svelte@5.1.1 want: ^4.3.1
1881 silly placeDep ROOT magic-string@0.30.21 OK for: @sveltejs/vite-plugin-svelte@5.1.1 want: ^0.30.17
1882 silly placeDep ROOT vitefu@1.1.1 OK for: @sveltejs/vite-plugin-svelte@5.1.1 want: ^1.0.6
1883 silly fetch manifest debug@^4.3.7
1884 silly packumentCache full:https://registry.npmmirror.com/debug cache-hit
1885 silly fetch manifest ms@^2.1.3
1886 silly packumentCache full:https://registry.npmmirror.com/ms cache-miss
1887 http fetch GET 200 https://registry.npmmirror.com/ms 48ms (cache miss)
1888 silly packumentCache full:https://registry.npmmirror.com/ms set size:15985 disposed:false
1889 silly placeDep ROOT @swup/a11y-plugin@5.0.0 OK for: @swup/astro@1.7.0 want: ^5.0.0
1890 silly placeDep ROOT swup@4.8.2 OK for: @swup/a11y-plugin@5.0.0 want: ^4.0.0
1891 silly placeDep ROOT @swup/body-class-plugin@3.3.0 OK for: @swup/astro@1.7.0 want: ^3.0.0
1892 silly placeDep ROOT @swup/debug-plugin@4.1.0 OK for: @swup/astro@1.7.0 want: ^4.0.0
1893 silly placeDep ROOT @swup/fade-theme@2.0.2 OK for: @swup/astro@1.7.0 want: ^2.0.0
1894 silly placeDep ROOT @swup/forms-plugin@3.6.0 OK for: @swup/astro@1.7.0 want: ^3.0.0
1895 silly placeDep ROOT @swup/fragment-plugin@1.1.2 OK for: @swup/astro@1.7.0 want: ^1.1.2
1896 silly placeDep ROOT @swup/head-plugin@2.3.1 OK for: @swup/astro@1.7.0 want: ^2.0.0
1897 silly placeDep ROOT @swup/overlay-theme@2.0.2 OK for: @swup/astro@1.7.0 want: ^2.0.0
1898 silly placeDep ROOT @swup/parallel-plugin@0.4.0 OK for: @swup/astro@1.7.0 want: ^0.4.0
1899 silly placeDep ROOT @swup/preload-plugin@3.2.11 OK for: @swup/astro@1.7.0 want: ^3.0.0
1900 silly placeDep ROOT @swup/progress-plugin@3.2.0 OK for: @swup/astro@1.7.0 want: ^3.0.0
1901 silly placeDep ROOT @swup/route-name-plugin@4.1.0 OK for: @swup/astro@1.7.0 want: ^4.0.0
1902 silly placeDep ROOT @swup/scripts-plugin@2.1.0 OK for: @swup/astro@1.7.0 want: ^2.0.0
1903 silly placeDep ROOT @swup/scroll-plugin@3.3.2 OK for: @swup/astro@1.7.0 want: ^3.0.0
1904 silly placeDep ROOT @swup/slide-theme@2.0.2 OK for: @swup/astro@1.7.0 want: ^2.0.0
1905 silly placeDep ROOT swup-morph-plugin@1.3.0 OK for: @swup/astro@1.7.0 want: ^1.0.0
1906 silly fetch manifest @swup/plugin@^4.0.0
1907 silly packumentCache full:https://registry.npmmirror.com/@swup%2fplugin cache-miss
1908 silly fetch manifest focus-options-polyfill@^1.5.0
1909 silly packumentCache full:https://registry.npmmirror.com/focus-options-polyfill cache-miss
1910 silly fetch manifest delegate-it@^6.0.0
1911 silly packumentCache full:https://registry.npmmirror.com/delegate-it cache-miss
1912 silly fetch manifest opencollective-postinstall@^2.0.2
1913 silly packumentCache full:https://registry.npmmirror.com/opencollective-postinstall cache-miss
1914 silly fetch manifest path-to-regexp@^6.2.1
1915 silly packumentCache full:https://registry.npmmirror.com/path-to-regexp cache-miss
1916 silly fetch manifest @swup/plugin@^4.0.0
1917 silly packumentCache full:https://registry.npmmirror.com/@swup%2fplugin cache-miss
1918 silly fetch manifest @swup/plugin@^4.0.0
1919 silly packumentCache full:https://registry.npmmirror.com/@swup%2fplugin cache-miss
1920 silly fetch manifest @swup/theme@^2.0.0
1921 silly packumentCache full:https://registry.npmmirror.com/@swup%2ftheme cache-miss
1922 silly fetch manifest @swup/plugin@^4.0.0
1923 silly packumentCache full:https://registry.npmmirror.com/@swup%2fplugin cache-miss
1924 silly fetch manifest @swup/plugin@^4.0.0
1925 silly packumentCache full:https://registry.npmmirror.com/@swup%2fplugin cache-miss
1926 silly fetch manifest @swup/plugin@^4.0.0
1927 silly packumentCache full:https://registry.npmmirror.com/@swup%2fplugin cache-miss
1928 silly fetch manifest @swup/theme@^2.0.0
1929 silly packumentCache full:https://registry.npmmirror.com/@swup%2ftheme cache-miss
1930 silly fetch manifest @swup/plugin@^3.0.0
1931 silly packumentCache full:https://registry.npmmirror.com/@swup%2fplugin cache-miss
1932 silly fetch manifest @swup/plugin@^4.0.0
1933 silly packumentCache full:https://registry.npmmirror.com/@swup%2fplugin cache-miss
1934 silly fetch manifest @swup/plugin@^4.0.0
1935 silly packumentCache full:https://registry.npmmirror.com/@swup%2fplugin cache-miss
1936 silly fetch manifest @swup/plugin@^3.0.0
1937 silly packumentCache full:https://registry.npmmirror.com/@swup%2fplugin cache-miss
1938 silly fetch manifest @swup/plugin@^4.0.0
1939 silly packumentCache full:https://registry.npmmirror.com/@swup%2fplugin cache-miss
1940 silly fetch manifest @swup/plugin@^4.0.0
1941 silly packumentCache full:https://registry.npmmirror.com/@swup%2fplugin cache-miss
1942 silly fetch manifest scrl@^2.0.0
1943 silly packumentCache full:https://registry.npmmirror.com/scrl cache-miss
1944 silly fetch manifest @swup/theme@^2.0.0
1945 silly packumentCache full:https://registry.npmmirror.com/@swup%2ftheme cache-miss
1946 silly fetch manifest @swup/plugin@^4.0.0
1947 silly packumentCache full:https://registry.npmmirror.com/@swup%2fplugin cache-miss
1948 silly fetch manifest morphdom@^2.7.0
1949 silly packumentCache full:https://registry.npmmirror.com/morphdom cache-miss
1950 http fetch GET 200 https://registry.npmmirror.com/path-to-regexp 56ms (cache miss)
1951 silly packumentCache full:https://registry.npmmirror.com/path-to-regexp set size:28070 disposed:false
1952 http fetch GET 200 https://registry.npmmirror.com/opencollective-postinstall 69ms (cache miss)
1953 silly packumentCache full:https://registry.npmmirror.com/opencollective-postinstall set size:8413 disposed:false
1954 http fetch GET 200 https://registry.npmmirror.com/focus-options-polyfill 108ms (cache miss)
1955 silly packumentCache full:https://registry.npmmirror.com/focus-options-polyfill set size:4051 disposed:false
1956 http fetch GET 200 https://registry.npmmirror.com/@swup%2fplugin 203ms (cache miss)
1957 silly packumentCache full:https://registry.npmmirror.com/@swup%2fplugin set size:undefined disposed:false
1958 http fetch GET 200 https://registry.npmmirror.com/@swup%2fplugin 213ms (cache miss)
1959 silly packumentCache full:https://registry.npmmirror.com/@swup%2fplugin set size:undefined disposed:false
1960 http fetch GET 200 https://registry.npmmirror.com/@swup%2fplugin 212ms (cache miss)
1961 silly packumentCache full:https://registry.npmmirror.com/@swup%2fplugin set size:undefined disposed:false
1962 http fetch GET 200 https://registry.npmmirror.com/@swup%2fplugin 212ms (cache miss)
1963 silly packumentCache full:https://registry.npmmirror.com/@swup%2fplugin set size:undefined disposed:false
1964 http fetch GET 200 https://registry.npmmirror.com/@swup%2fplugin 214ms (cache miss)
1965 silly packumentCache full:https://registry.npmmirror.com/@swup%2fplugin set size:undefined disposed:false
1966 http fetch GET 200 https://registry.npmmirror.com/@swup%2fplugin 217ms (cache miss)
1967 silly packumentCache full:https://registry.npmmirror.com/@swup%2fplugin set size:undefined disposed:false
1968 http fetch GET 200 https://registry.npmmirror.com/@swup%2fplugin 215ms (cache miss)
1969 silly packumentCache full:https://registry.npmmirror.com/@swup%2fplugin set size:undefined disposed:false
1970 http fetch GET 200 https://registry.npmmirror.com/@swup%2fplugin 217ms (cache miss)
1971 silly packumentCache full:https://registry.npmmirror.com/@swup%2fplugin set size:undefined disposed:false
1972 http fetch GET 200 https://registry.npmmirror.com/@swup%2fplugin 217ms (cache miss)
1973 silly packumentCache full:https://registry.npmmirror.com/@swup%2fplugin set size:undefined disposed:false
1974 http fetch GET 200 https://registry.npmmirror.com/@swup%2fplugin 219ms (cache miss)
1975 silly packumentCache full:https://registry.npmmirror.com/@swup%2fplugin set size:undefined disposed:false
1976 http fetch GET 200 https://registry.npmmirror.com/@swup%2fplugin 219ms (cache miss)
1977 silly packumentCache full:https://registry.npmmirror.com/@swup%2fplugin set size:undefined disposed:false
1978 http fetch GET 200 https://registry.npmmirror.com/delegate-it 225ms (cache miss)
1979 silly packumentCache full:https://registry.npmmirror.com/delegate-it set size:undefined disposed:false
1980 http fetch GET 200 https://registry.npmmirror.com/@swup%2fplugin 230ms (cache miss)
1981 silly packumentCache full:https://registry.npmmirror.com/@swup%2fplugin set size:undefined disposed:false
1982 http fetch GET 200 https://registry.npmmirror.com/@swup%2ftheme 235ms (cache miss)
1983 silly packumentCache full:https://registry.npmmirror.com/@swup%2ftheme set size:undefined disposed:false
1984 http fetch GET 200 https://registry.npmmirror.com/@swup%2fplugin 235ms (cache miss)
1985 silly packumentCache full:https://registry.npmmirror.com/@swup%2fplugin set size:16529 disposed:false
1986 http fetch GET 200 https://registry.npmmirror.com/@swup%2ftheme 238ms (cache miss)
1987 silly packumentCache full:https://registry.npmmirror.com/@swup%2ftheme set size:undefined disposed:false
1988 http fetch GET 200 https://registry.npmmirror.com/@swup%2ftheme 238ms (cache miss)
1989 silly packumentCache full:https://registry.npmmirror.com/@swup%2ftheme set size:17514 disposed:false
1990 http fetch GET 200 https://registry.npmmirror.com/scrl 307ms (cache miss)
1991 silly packumentCache full:https://registry.npmmirror.com/scrl set size:3607 disposed:false
1992 http fetch GET 200 https://registry.npmmirror.com/morphdom 308ms (cache miss)
1993 silly packumentCache full:https://registry.npmmirror.com/morphdom set size:34706 disposed:false
1994 silly placeDep ROOT @swup/plugin@4.0.0 OK for: @swup/a11y-plugin@5.0.0 want: ^4.0.0
1995 silly placeDep ROOT focus-options-polyfill@1.6.0 OK for: @swup/a11y-plugin@5.0.0 want: ^1.5.0
1996 silly placeDep ROOT @swup/theme@2.1.0 OK for: @swup/fade-theme@2.0.2 want: ^2.0.0
1997 silly placeDep node_modules/@swup/parallel-plugin @swup/plugin@3.0.1 OK for: @swup/parallel-plugin@0.4.0 want: ^3.0.0
1998 silly fetch manifest @swup/browserslist-config@^1.0.0
1999 silly packumentCache full:https://registry.npmmirror.com/@swup%2fbrowserslist-config cache-miss
2000 silly fetch manifest @swup/prettier-config@^1.0.0
2001 silly packumentCache full:https://registry.npmmirror.com/@swup%2fprettier-config cache-miss
2002 silly fetch manifest chalk@^5.2.0
2003 silly packumentCache full:https://registry.npmmirror.com/chalk cache-miss
2004 silly fetch manifest microbundle@^0.15.1
2005 silly packumentCache full:https://registry.npmmirror.com/microbundle cache-miss
2006 silly fetch manifest prettier@^2.7.1
2007 silly packumentCache full:https://registry.npmmirror.com/prettier cache-hit
2008 silly fetch manifest shelljs@^0.8.5
2009 silly packumentCache full:https://registry.npmmirror.com/shelljs cache-miss
2010 silly fetch manifest shelljs-live@^0.0.5
2011 silly packumentCache full:https://registry.npmmirror.com/shelljs-live cache-miss
2012 http fetch GET 200 https://registry.npmmirror.com/chalk 73ms (cache miss)
2013 silly packumentCache full:https://registry.npmmirror.com/chalk set size:24910 disposed:false
2014 http fetch GET 200 https://registry.npmmirror.com/shelljs 78ms (cache miss)
2015 silly packumentCache full:https://registry.npmmirror.com/shelljs set size:28563 disposed:false
2016 http fetch GET 200 https://registry.npmmirror.com/microbundle 99ms (cache miss)
2017 silly packumentCache full:https://registry.npmmirror.com/microbundle set size:35059 disposed:false
2018 http fetch GET 200 https://registry.npmmirror.com/@swup%2fbrowserslist-config 140ms (cache miss)
2019 silly packumentCache full:https://registry.npmmirror.com/@swup%2fbrowserslist-config set size:2779 disposed:false
2020 http fetch GET 200 https://registry.npmmirror.com/shelljs-live 158ms (cache miss)
2021 silly packumentCache full:https://registry.npmmirror.com/shelljs-live set size:1996 disposed:false
2022 http fetch GET 200 https://registry.npmmirror.com/@swup%2fprettier-config 171ms (cache miss)
2023 silly packumentCache full:https://registry.npmmirror.com/@swup%2fprettier-config set size:2148 disposed:false
2024 silly placeDep node_modules/@swup/route-name-plugin @swup/plugin@3.0.1 OK for: @swup/route-name-plugin@4.1.0 want: ^3.0.0
2025 silly placeDep ROOT scrl@2.0.0 OK for: @swup/scroll-plugin@3.3.2 want: ^2.0.0
2026 silly placeDep ROOT postcss-selector-parser@6.0.10 OK for: @tailwindcss/typography@0.5.19 want: 6.0.10
2027 silly fetch manifest util-deprecate@^1.0.2
2028 silly packumentCache full:https://registry.npmmirror.com/util-deprecate cache-miss
2029 http fetch GET 200 https://registry.npmmirror.com/util-deprecate 43ms (cache miss)
2030 silly packumentCache full:https://registry.npmmirror.com/util-deprecate set size:2289 disposed:false
2031 silly placeDep ROOT postcss-selector-parser@7.1.0 REPLACE for: @csstools/selector-resolve-nested@3.1.0 want: ^7.0.0
2032 silly placeDep node_modules/@tailwindcss/typography postcss-selector-parser@6.0.10 OK for: @tailwindcss/typography@0.5.19 want: 6.0.10
2033 silly placeDep ROOT @types/unist@3.0.3 OK for: @types/hast@3.0.4 want: *
2034 silly placeDep ROOT @types/linkify-it@5.0.0 OK for: @types/markdown-it@14.1.2 want: ^5
2035 silly placeDep ROOT @types/mdurl@2.0.0 OK for: @types/markdown-it@14.1.2 want: ^2
2036 silly placeDep ROOT htmlparser2@8.0.2 OK for: @types/sanitize-html@2.16.0 want: ^8.0.0
2037 silly fetch manifest domelementtype@^2.3.0
2038 silly packumentCache full:https://registry.npmmirror.com/domelementtype cache-miss
2039 silly fetch manifest domhandler@^5.0.3
2040 silly packumentCache full:https://registry.npmmirror.com/domhandler cache-miss
2041 silly fetch manifest domutils@^3.0.1
2042 silly packumentCache full:https://registry.npmmirror.com/domutils cache-miss
2043 http fetch GET 200 https://registry.npmmirror.com/domhandler 52ms (cache miss)
2044 silly packumentCache full:https://registry.npmmirror.com/domhandler set size:16024 disposed:false
2045 http fetch GET 200 https://registry.npmmirror.com/domelementtype 53ms (cache miss)
2046 silly packumentCache full:https://registry.npmmirror.com/domelementtype set size:6022 disposed:false
2047 http fetch GET 200 https://registry.npmmirror.com/domutils 58ms (cache miss)
2048 silly packumentCache full:https://registry.npmmirror.com/domutils set size:17287 disposed:false
2049 silly placeDep ROOT typesafe-path@0.2.2 OK for: @volar/kit@2.4.23 want: ^0.2.2
2050 silly placeDep ROOT @volar/source-map@2.4.23 OK for: @volar/language-core@2.4.23 want: 2.4.23
2051 silly placeDep ROOT path-browserify@1.0.1 OK for: @volar/language-server@2.4.23 want: ^1.0.1
2052 silly placeDep ROOT request-light@0.7.0 OK for: @volar/language-server@2.4.23 want: ^0.7.0
2053 silly placeDep ROOT vscode-languageserver@9.0.1 OK for: @volar/language-server@2.4.23 want: ^9.0.1
2054 silly placeDep ROOT vscode-languageserver-protocol@3.17.5 OK for: @volar/language-server@2.4.23 want: ^3.17.5
2055 silly fetch manifest vscode-languageserver-protocol@3.17.5
2056 silly packumentCache full:https://registry.npmmirror.com/vscode-languageserver-protocol cache-hit
2057 silly fetch manifest vscode-jsonrpc@8.2.0
2058 silly packumentCache full:https://registry.npmmirror.com/vscode-jsonrpc cache-miss
2059 silly fetch manifest vscode-languageserver-types@3.17.5
2060 silly packumentCache full:https://registry.npmmirror.com/vscode-languageserver-types cache-hit
2061 http fetch GET 200 https://registry.npmmirror.com/vscode-jsonrpc 71ms (cache miss)
2062 silly packumentCache full:https://registry.npmmirror.com/vscode-jsonrpc set size:52374 disposed:false
2063 silly fetch manifest typescript@^5.0.0
2064 silly packumentCache full:https://registry.npmmirror.com/typescript cache-miss
2065 http cache https://registry.npmmirror.com/typescript 36ms (cache hit)
2066 silly packumentCache full:https://registry.npmmirror.com/typescript set size:14143151 disposed:false
2067 silly fetch manifest @azure/app-configuration@^1.8.0
2068 silly packumentCache full:https://registry.npmmirror.com/@azure%2fapp-configuration cache-miss
2069 http fetch GET 200 https://registry.npmmirror.com/@azure%2fapp-configuration 796ms (cache miss)
2070 silly packumentCache full:https://registry.npmmirror.com/@azure%2fapp-configuration set size:367939 disposed:false
2071 silly fetch manifest @azure/cosmos@^4.2.0
2072 silly packumentCache full:https://registry.npmmirror.com/@azure%2fcosmos cache-miss
2073 http fetch GET 200 https://registry.npmmirror.com/@azure%2fcosmos 215ms (cache miss)
2074 silly packumentCache full:https://registry.npmmirror.com/@azure%2fcosmos set size:577441 disposed:false
2075 silly fetch manifest @azure/data-tables@^13.3.0
2076 silly packumentCache full:https://registry.npmmirror.com/@azure%2fdata-tables cache-miss
2077 http fetch GET 200 https://registry.npmmirror.com/@azure%2fdata-tables 630ms (cache miss)
2078 silly packumentCache full:https://registry.npmmirror.com/@azure%2fdata-tables set size:339914 disposed:false
2079 silly fetch manifest @azure/identity@^4.6.0
2080 silly packumentCache full:https://registry.npmmirror.com/@azure%2fidentity cache-miss
2081 http fetch GET 200 https://registry.npmmirror.com/@azure%2fidentity 589ms (cache miss)
2082 silly packumentCache full:https://registry.npmmirror.com/@azure%2fidentity set size:548129 disposed:false
2083 silly fetch manifest @azure/keyvault-secrets@^4.9.0
2084 silly packumentCache full:https://registry.npmmirror.com/@azure%2fkeyvault-secrets cache-miss
2085 http fetch GET 200 https://registry.npmmirror.com/@azure%2fkeyvault-secrets 203ms (cache miss)
2086 silly packumentCache full:https://registry.npmmirror.com/@azure%2fkeyvault-secrets set size:358395 disposed:false
2087 silly fetch manifest @azure/storage-blob@^12.26.0
2088 silly packumentCache full:https://registry.npmmirror.com/@azure%2fstorage-blob cache-miss
2089 http fetch GET 200 https://registry.npmmirror.com/@azure%2fstorage-blob 356ms (cache miss)
2090 silly packumentCache full:https://registry.npmmirror.com/@azure%2fstorage-blob set size:454697 disposed:false
2091 silly fetch manifest @capacitor/preferences@^6.0.3 || ^7.0.0
2092 silly packumentCache full:https://registry.npmmirror.com/@capacitor%2fpreferences cache-miss
2093 http fetch GET 200 https://registry.npmmirror.com/@capacitor%2fpreferences 531ms (cache miss)
2094 silly packumentCache full:https://registry.npmmirror.com/@capacitor%2fpreferences set size:468436 disposed:false
2095 silly fetch manifest @capacitor/core@>=7.0.0
2096 silly packumentCache full:https://registry.npmmirror.com/@capacitor%2fcore cache-miss
2097 http fetch GET 200 https://registry.npmmirror.com/@capacitor%2fcore 462ms (cache miss)
2098 silly packumentCache full:https://registry.npmmirror.com/@capacitor%2fcore set size:534807 disposed:false
2099 silly fetch manifest @deno/kv@>=0.9.0
2100 silly packumentCache full:https://registry.npmmirror.com/@deno%2fkv cache-miss
2101 http fetch GET 200 https://registry.npmmirror.com/@deno%2fkv 84ms (cache miss)
2102 silly packumentCache full:https://registry.npmmirror.com/@deno%2fkv set size:8761 disposed:false
2103 silly fetch manifest @netlify/blobs@^6.5.0 || ^7.0.0 || ^8.1.0 || ^9.0.0 || ^10.0.0
2104 silly packumentCache full:https://registry.npmmirror.com/@netlify%2fblobs cache-miss
2105 http fetch GET 200 https://registry.npmmirror.com/@netlify%2fblobs 710ms (cache miss)
2106 silly packumentCache full:https://registry.npmmirror.com/@netlify%2fblobs set size:48092 disposed:false
2107 silly fetch manifest @planetscale/database@^1.19.0
2108 silly packumentCache full:https://registry.npmmirror.com/@planetscale%2fdatabase cache-miss
2109 http fetch GET 200 https://registry.npmmirror.com/@planetscale%2fdatabase 102ms (cache miss)
2110 silly packumentCache full:https://registry.npmmirror.com/@planetscale%2fdatabase set size:28675 disposed:false
2111 silly fetch manifest @upstash/redis@^1.34.3
2112 silly packumentCache full:https://registry.npmmirror.com/@upstash%2fredis cache-miss
2113 http fetch GET 200 https://registry.npmmirror.com/@upstash%2fredis 626ms (cache miss)
2114 silly packumentCache full:https://registry.npmmirror.com/@upstash%2fredis set size:539851 disposed:false
2115 silly fetch manifest @vercel/blob@>=0.27.1
2116 silly packumentCache full:https://registry.npmmirror.com/@vercel%2fblob cache-miss
2117 http fetch GET 200 https://registry.npmmirror.com/@vercel%2fblob 355ms (cache miss)
2118 silly packumentCache full:https://registry.npmmirror.com/@vercel%2fblob set size:112112 disposed:false
2119 silly fetch manifest @vercel/functions@^2.2.12 || ^3.0.0
2120 silly packumentCache full:https://registry.npmmirror.com/@vercel%2ffunctions cache-miss
2121 http fetch GET 200 https://registry.npmmirror.com/@vercel%2ffunctions 108ms (cache miss)
2122 silly packumentCache full:https://registry.npmmirror.com/@vercel%2ffunctions set size:22427 disposed:false
2123 silly fetch manifest @aws-sdk/credential-provider-web-identity@*
2124 silly packumentCache full:https://registry.npmmirror.com/@aws-sdk%2fcredential-provider-web-identity cache-miss
2125 http fetch GET 200 https://registry.npmmirror.com/@aws-sdk%2fcredential-provider-web-identity 125ms (cache miss)
2126 silly packumentCache full:https://registry.npmmirror.com/@aws-sdk%2fcredential-provider-web-identity set size:114054 disposed:false
2127 silly fetch manifest @vercel/kv@^1.0.1
2128 silly packumentCache full:https://registry.npmmirror.com/@vercel%2fkv cache-miss
2129 http fetch GET 200 https://registry.npmmirror.com/@vercel%2fkv 108ms (cache miss)
2130 silly packumentCache full:https://registry.npmmirror.com/@vercel%2fkv set size:23371 disposed:false
2131 silly fetch manifest aws4fetch@^1.0.20
2132 silly packumentCache full:https://registry.npmmirror.com/aws4fetch cache-miss
2133 http fetch GET 200 https://registry.npmmirror.com/aws4fetch 85ms (cache miss)
2134 silly packumentCache full:https://registry.npmmirror.com/aws4fetch set size:23148 disposed:false
2135 silly fetch manifest db0@>=0.2.1
2136 silly packumentCache full:https://registry.npmmirror.com/db0 cache-miss
2137 http fetch GET 200 https://registry.npmmirror.com/db0 104ms (cache miss)
2138 silly packumentCache full:https://registry.npmmirror.com/db0 set size:18062 disposed:false
2139 silly fetch manifest @electric-sql/pglite@*
2140 silly packumentCache full:https://registry.npmmirror.com/@electric-sql%2fpglite cache-miss
2141 http fetch GET 200 https://registry.npmmirror.com/@electric-sql%2fpglite 102ms (cache miss)
2142 silly packumentCache full:https://registry.npmmirror.com/@electric-sql%2fpglite set size:36079 disposed:false
2143 silly fetch manifest @libsql/client@*
2144 silly packumentCache full:https://registry.npmmirror.com/@libsql%2fclient cache-miss
2145 http fetch GET 200 https://registry.npmmirror.com/@libsql%2fclient 94ms (cache miss)
2146 silly packumentCache full:https://registry.npmmirror.com/@libsql%2fclient set size:55674 disposed:false
2147 silly fetch manifest better-sqlite3@*
2148 silly packumentCache full:https://registry.npmmirror.com/better-sqlite3 cache-miss
2149 http fetch GET 200 https://registry.npmmirror.com/better-sqlite3 82ms (cache miss)
2150 silly packumentCache full:https://registry.npmmirror.com/better-sqlite3 set size:59496 disposed:false
2151 silly fetch manifest drizzle-orm@*
2152 silly packumentCache full:https://registry.npmmirror.com/drizzle-orm cache-miss
2153 http fetch GET 200 https://registry.npmmirror.com/drizzle-orm 1393ms (cache miss)
2154 silly packumentCache full:https://registry.npmmirror.com/drizzle-orm set size:6843233 disposed:false
2155 silly fetch manifest @aws-sdk/client-rds-data@>=3
2156 silly packumentCache full:https://registry.npmmirror.com/@aws-sdk%2fclient-rds-data cache-miss
2157 http fetch GET 200 https://registry.npmmirror.com/@aws-sdk%2fclient-rds-data 216ms (cache miss)
2158 silly packumentCache full:https://registry.npmmirror.com/@aws-sdk%2fclient-rds-data set size:384241 disposed:false
2159 silly fetch manifest @cloudflare/workers-types@>=4
2160 silly packumentCache full:https://registry.npmmirror.com/@cloudflare%2fworkers-types cache-miss
2161 http fetch GET 200 https://registry.npmmirror.com/@cloudflare%2fworkers-types 659ms (cache miss)
2162 silly packumentCache full:https://registry.npmmirror.com/@cloudflare%2fworkers-types set size:145976 disposed:false
2163 silly fetch manifest @libsql/client-wasm@>=0.10.0
2164 silly packumentCache full:https://registry.npmmirror.com/@libsql%2fclient-wasm cache-miss
2165 http fetch GET 200 https://registry.npmmirror.com/@libsql%2fclient-wasm 748ms (cache miss)
2166 silly packumentCache full:https://registry.npmmirror.com/@libsql%2fclient-wasm set size:20652 disposed:false
2167 silly fetch manifest @neondatabase/serverless@>=0.10.0
2168 silly packumentCache full:https://registry.npmmirror.com/@neondatabase%2fserverless cache-miss
2169 http fetch GET 200 https://registry.npmmirror.com/@neondatabase%2fserverless 134ms (cache miss)
2170 silly packumentCache full:https://registry.npmmirror.com/@neondatabase%2fserverless set size:49461 disposed:false
2171 silly fetch manifest @op-engineering/op-sqlite@>=2
2172 silly packumentCache full:https://registry.npmmirror.com/@op-engineering%2fop-sqlite cache-miss
2173 http fetch GET 200 https://registry.npmmirror.com/@op-engineering%2fop-sqlite 122ms (cache miss)
2174 silly packumentCache full:https://registry.npmmirror.com/@op-engineering%2fop-sqlite set size:65010 disposed:false
2175 silly fetch manifest react@*
2176 silly packumentCache full:https://registry.npmmirror.com/react cache-miss
2177 http fetch GET 200 https://registry.npmmirror.com/react 345ms (cache miss)
2178 silly packumentCache full:https://registry.npmmirror.com/react set size:1145021 disposed:false
2179 silly fetch manifest react-native@*
2180 silly packumentCache full:https://registry.npmmirror.com/react-native cache-miss
2181 http fetch GET 200 https://registry.npmmirror.com/react-native 1682ms (cache miss)
2182 silly packumentCache full:https://registry.npmmirror.com/react-native set size:1630989 disposed:false
2183 silly fetch manifest @types/react@^19.1.1
2184 silly packumentCache full:https://registry.npmmirror.com/@types%2freact cache-miss
2185 http fetch GET 200 https://registry.npmmirror.com/@types%2freact 471ms (cache miss)
2186 silly packumentCache full:https://registry.npmmirror.com/@types%2freact set size:324496 disposed:false
2187 silly fetch manifest @opentelemetry/api@^1.4.1
2188 silly packumentCache full:https://registry.npmmirror.com/@opentelemetry%2fapi cache-miss
2189 http fetch GET 200 https://registry.npmmirror.com/@opentelemetry%2fapi 1371ms (cache miss)
2190 silly packumentCache full:https://registry.npmmirror.com/@opentelemetry%2fapi set size:33848 disposed:false
2191 silly fetch manifest @prisma/client@*
2192 silly packumentCache full:https://registry.npmmirror.com/@prisma%2fclient cache-miss
2193 http fetch GET 200 https://registry.npmmirror.com/@prisma%2fclient 800ms (cache miss)
2194 silly packumentCache full:https://registry.npmmirror.com/@prisma%2fclient set size:7528590 disposed:false
2195 silly fetch manifest prisma@*
2196 silly packumentCache full:https://registry.npmmirror.com/prisma cache-miss
2197 http fetch GET 200 https://registry.npmmirror.com/prisma 1147ms (cache miss)
2198 silly packumentCache full:https://registry.npmmirror.com/prisma set size:5647038 disposed:false
2199 silly fetch manifest typescript@>=5.1.0
2200 silly packumentCache full:https://registry.npmmirror.com/typescript cache-miss
2201 http cache https://registry.npmmirror.com/typescript 55ms (cache hit)
2202 silly packumentCache full:https://registry.npmmirror.com/typescript set size:14143151 disposed:false
2203 silly fetch manifest @tidbcloud/serverless@*
2204 silly packumentCache full:https://registry.npmmirror.com/@tidbcloud%2fserverless cache-miss
2205 http fetch GET 200 https://registry.npmmirror.com/@tidbcloud%2fserverless 95ms (cache miss)
2206 silly packumentCache full:https://registry.npmmirror.com/@tidbcloud%2fserverless set size:8082 disposed:false
2207 silly fetch manifest @types/better-sqlite3@*
2208 silly packumentCache full:https://registry.npmmirror.com/@types%2fbetter-sqlite3 cache-miss
2209 http fetch GET 200 https://registry.npmmirror.com/@types%2fbetter-sqlite3 104ms (cache miss)
2210 silly packumentCache full:https://registry.npmmirror.com/@types%2fbetter-sqlite3 set size:17677 disposed:false
2211 silly fetch manifest @types/pg@*
2212 silly packumentCache full:https://registry.npmmirror.com/@types%2fpg cache-miss
2213 http fetch GET 200 https://registry.npmmirror.com/@types%2fpg 421ms (cache miss)
2214 silly packumentCache full:https://registry.npmmirror.com/@types%2fpg set size:37957 disposed:false
2215 silly fetch manifest @types/sql.js@*
2216 silly packumentCache full:https://registry.npmmirror.com/@types%2fsql.js cache-miss
2217 http fetch GET 200 https://registry.npmmirror.com/@types%2fsql.js 107ms (cache miss)
2218 silly packumentCache full:https://registry.npmmirror.com/@types%2fsql.js set size:9472 disposed:false
2219 silly fetch manifest @vercel/postgres@>=0.8.0
2220 silly packumentCache full:https://registry.npmmirror.com/@vercel%2fpostgres cache-miss
2221 http fetch GET 200 https://registry.npmmirror.com/@vercel%2fpostgres 134ms (cache miss)
2222 silly packumentCache full:https://registry.npmmirror.com/@vercel%2fpostgres set size:46884 disposed:false
2223 silly fetch manifest @xata.io/client@*
2224 silly packumentCache full:https://registry.npmmirror.com/@xata.io%2fclient cache-miss
2225 http fetch GET 200 https://registry.npmmirror.com/@xata.io%2fclient 885ms (cache miss)
2226 silly packumentCache full:https://registry.npmmirror.com/@xata.io%2fclient set size:3030066 disposed:false
2227 silly fetch manifest bun-types@*
2228 silly packumentCache full:https://registry.npmmirror.com/bun-types cache-miss
2229 http fetch GET 200 https://registry.npmmirror.com/bun-types 249ms (cache miss)
2230 silly packumentCache full:https://registry.npmmirror.com/bun-types set size:435612 disposed:false
2231 silly fetch manifest expo-sqlite@>=14.0.0
2232 silly packumentCache full:https://registry.npmmirror.com/expo-sqlite cache-miss
2233 http fetch GET 200 https://registry.npmmirror.com/expo-sqlite 158ms (cache miss)
2234 silly packumentCache full:https://registry.npmmirror.com/expo-sqlite set size:93397 disposed:false
2235 silly fetch manifest expo@*
2236 silly packumentCache full:https://registry.npmmirror.com/expo cache-miss
2237 http fetch GET 200 https://registry.npmmirror.com/expo 220ms (cache miss)
2238 silly packumentCache full:https://registry.npmmirror.com/expo set size:427994 disposed:false
2239 silly fetch manifest @expo/dom-webview@*
2240 silly packumentCache full:https://registry.npmmirror.com/@expo%2fdom-webview cache-miss
2241 http fetch GET 200 https://registry.npmmirror.com/@expo%2fdom-webview 176ms (cache miss)
2242 silly packumentCache full:https://registry.npmmirror.com/@expo%2fdom-webview set size:31791 disposed:false
2243 silly fetch manifest @expo/metro-runtime@*
2244 silly packumentCache full:https://registry.npmmirror.com/@expo%2fmetro-runtime cache-miss
2245 http fetch GET 200 https://registry.npmmirror.com/@expo%2fmetro-runtime 92ms (cache miss)
2246 silly packumentCache full:https://registry.npmmirror.com/@expo%2fmetro-runtime set size:75781 disposed:false
2247 silly fetch manifest react-dom@*
2248 silly packumentCache full:https://registry.npmmirror.com/react-dom cache-miss
2249 http fetch GET 200 https://registry.npmmirror.com/react-dom 838ms (cache miss)
2250 silly packumentCache full:https://registry.npmmirror.com/react-dom set size:1291374 disposed:false
2251 silly fetch manifest react-native-webview@*
2252 silly packumentCache full:https://registry.npmmirror.com/react-native-webview cache-miss
2253 http fetch GET 200 https://registry.npmmirror.com/react-native-webview 687ms (cache miss)
2254 silly packumentCache full:https://registry.npmmirror.com/react-native-webview set size:139213 disposed:false
2255 silly fetch manifest gel@>=2
2256 silly packumentCache full:https://registry.npmmirror.com/gel cache-miss
2257 http fetch GET 200 https://registry.npmmirror.com/gel 100ms (cache miss)
2258 silly packumentCache full:https://registry.npmmirror.com/gel set size:39569 disposed:false
2259 silly fetch manifest knex@*
2260 silly packumentCache full:https://registry.npmmirror.com/knex cache-miss
2261 http fetch GET 200 https://registry.npmmirror.com/knex 120ms (cache miss)
2262 silly packumentCache full:https://registry.npmmirror.com/knex set size:135493 disposed:false
2263 silly fetch manifest kysely@*
2264 silly packumentCache full:https://registry.npmmirror.com/kysely cache-miss
2265 http fetch GET 200 https://registry.npmmirror.com/kysely 112ms (cache miss)
2266 silly packumentCache full:https://registry.npmmirror.com/kysely set size:117409 disposed:false
2267 silly fetch manifest mysql2@>=2
2268 silly packumentCache full:https://registry.npmmirror.com/mysql2 cache-miss
2269 http fetch GET 200 https://registry.npmmirror.com/mysql2 61ms (cache miss)
2270 silly packumentCache full:https://registry.npmmirror.com/mysql2 set size:85411 disposed:false
2271 silly fetch manifest pg@>=8
2272 silly packumentCache full:https://registry.npmmirror.com/pg cache-miss
2273 http fetch GET 200 https://registry.npmmirror.com/pg 71ms (cache miss)
2274 silly packumentCache full:https://registry.npmmirror.com/pg set size:67749 disposed:false
2275 silly fetch manifest pg-native@>=3.0.1
2276 silly packumentCache full:https://registry.npmmirror.com/pg-native cache-miss
2277 http fetch GET 200 https://registry.npmmirror.com/pg-native 74ms (cache miss)
2278 silly packumentCache full:https://registry.npmmirror.com/pg-native set size:19422 disposed:false
2279 silly fetch manifest postgres@>=3
2280 silly packumentCache full:https://registry.npmmirror.com/postgres cache-miss
2281 http fetch GET 200 https://registry.npmmirror.com/postgres 104ms (cache miss)
2282 silly packumentCache full:https://registry.npmmirror.com/postgres set size:57438 disposed:false
2283 silly fetch manifest sql.js@>=1
2284 silly packumentCache full:https://registry.npmmirror.com/sql.js cache-miss
2285 http fetch GET 200 https://registry.npmmirror.com/sql.js 86ms (cache miss)
2286 silly packumentCache full:https://registry.npmmirror.com/sql.js set size:22606 disposed:false
2287 silly fetch manifest sqlite3@>=5
2288 silly packumentCache full:https://registry.npmmirror.com/sqlite3 cache-miss
2289 http fetch GET 200 https://registry.npmmirror.com/sqlite3 69ms (cache miss)
2290 silly packumentCache full:https://registry.npmmirror.com/sqlite3 set size:49704 disposed:false
2291 silly fetch manifest idb-keyval@^6.2.1
2292 silly packumentCache full:https://registry.npmmirror.com/idb-keyval cache-miss
2293 http fetch GET 200 https://registry.npmmirror.com/idb-keyval 75ms (cache miss)
2294 silly packumentCache full:https://registry.npmmirror.com/idb-keyval set size:19917 disposed:false
2295 silly fetch manifest ioredis@^5.4.2
2296 silly packumentCache full:https://registry.npmmirror.com/ioredis cache-miss
2297 http fetch GET 200 https://registry.npmmirror.com/ioredis 68ms (cache miss)
2298 silly packumentCache full:https://registry.npmmirror.com/ioredis set size:117636 disposed:false
2299 silly fetch manifest uploadthing@^7.4.4
2300 silly packumentCache full:https://registry.npmmirror.com/uploadthing cache-miss
2301 http fetch GET 200 https://registry.npmmirror.com/uploadthing 110ms (cache miss)
2302 silly packumentCache full:https://registry.npmmirror.com/uploadthing set size:158984 disposed:false
2303 silly fetch manifest express@*
2304 silly packumentCache full:https://registry.npmmirror.com/express cache-miss
2305 http fetch GET 200 https://registry.npmmirror.com/express 85ms (cache miss)
2306 silly packumentCache full:https://registry.npmmirror.com/express set size:91840 disposed:false
2307 silly fetch manifest h3@*
2308 silly packumentCache full:https://registry.npmmirror.com/h3 cache-miss
2309 http fetch GET 200 https://registry.npmmirror.com/h3 122ms (cache miss)
2310 silly packumentCache full:https://registry.npmmirror.com/h3 set size:85974 disposed:false
2311 silly fetch manifest crossws@^0.4.1
2312 silly packumentCache full:https://registry.npmmirror.com/crossws cache-miss
2313 http fetch GET 200 https://registry.npmmirror.com/crossws 73ms (cache miss)
2314 silly packumentCache full:https://registry.npmmirror.com/crossws set size:12618 disposed:false
2315 silly fetch manifest srvx@>=0.7.1
2316 silly packumentCache full:https://registry.npmmirror.com/srvx cache-miss
2317 http fetch GET 200 https://registry.npmmirror.com/srvx 90ms (cache miss)
2318 silly packumentCache full:https://registry.npmmirror.com/srvx set size:25902 disposed:false
2319 silly fetch manifest tailwindcss@^3.0.0 || ^4.0.0-beta.0
2320 silly packumentCache full:https://registry.npmmirror.com/tailwindcss cache-miss
2321 http cache https://registry.npmmirror.com/tailwindcss 28ms (cache hit)
2322 silly packumentCache full:https://registry.npmmirror.com/tailwindcss set size:9822085 disposed:false
2323 silly fetch manifest typescript@^4.9.4 || ^5.0.2
2324 silly packumentCache full:https://registry.npmmirror.com/typescript cache-miss
2325 http cache https://registry.npmmirror.com/typescript 40ms (cache hit)
2326 silly packumentCache full:https://registry.npmmirror.com/typescript set size:14143151 disposed:false
2327 silly placeDep ROOT @oslojs/encoding@1.1.0 OK for: astro@5.15.8 want: ^1.1.0
2328 silly placeDep ROOT acorn@8.15.0 OK for: astro@5.15.8 want: ^8.15.0
2329 silly placeDep ROOT aria-query@5.3.2 OK for: astro@5.15.8 want: ^5.3.2
2330 silly placeDep ROOT axobject-query@4.1.0 OK for: astro@5.15.8 want: ^4.1.0
2331 silly placeDep ROOT boxen@8.0.1 OK for: astro@5.15.8 want: 8.0.1
2332 silly placeDep ROOT ci-info@4.3.1 OK for: astro@5.15.8 want: ^4.3.1
2333 silly placeDep ROOT clsx@2.1.1 OK for: astro@5.15.8 want: ^2.1.1
2334 silly placeDep ROOT common-ancestor-path@1.0.1 OK for: astro@5.15.8 want: ^1.0.1
2335 silly placeDep ROOT cookie@1.0.2 OK for: astro@5.15.8 want: ^1.0.2
2336 silly placeDep ROOT cssesc@3.0.0 OK for: astro@5.15.8 want: ^3.0.0
2337 silly placeDep ROOT deterministic-object-hash@2.0.2 OK for: astro@5.15.8 want: ^2.0.2
2338 silly placeDep ROOT devalue@5.5.0 OK for: astro@5.15.8 want: ^5.4.2
2339 silly placeDep ROOT diff@5.2.0 OK for: astro@5.15.8 want: ^5.2.0
2340 silly placeDep ROOT dlv@1.1.3 OK for: astro@5.15.8 want: ^1.1.3
2341 silly placeDep ROOT dset@3.1.4 OK for: astro@5.15.8 want: ^3.1.4
2342 silly placeDep ROOT es-module-lexer@1.7.0 OK for: astro@5.15.8 want: ^1.7.0
2343 silly placeDep ROOT esbuild@0.25.12 OK for: astro@5.15.8 want: ^0.25.0
2344 silly placeDep node_modules/astro estree-walker@3.0.3 OK for: astro@5.15.8 want: ^3.0.3
2345 silly placeDep ROOT flattie@1.1.1 OK for: astro@5.15.8 want: ^1.1.1
2346 silly placeDep ROOT fontace@0.3.1 OK for: astro@5.15.8 want: ~0.3.1
2347 silly placeDep ROOT github-slugger@2.0.0 OK for: astro@5.15.8 want: ^2.0.0
2348 silly placeDep ROOT html-escaper@3.0.3 OK for: astro@5.15.8 want: 3.0.3
2349 silly placeDep ROOT http-cache-semantics@4.2.0 OK for: astro@5.15.8 want: ^4.2.0
2350 silly placeDep ROOT import-meta-resolve@4.2.0 OK for: astro@5.15.8 want: ^4.2.0
2351 silly placeDep ROOT magicast@0.5.1 OK for: astro@5.15.8 want: ^0.5.1
2352 silly placeDep ROOT mrmime@2.0.1 OK for: astro@5.15.8 want: ^2.0.1
2353 silly placeDep ROOT neotraverse@0.6.18 OK for: astro@5.15.8 want: ^0.6.18
2354 silly placeDep ROOT p-limit@6.2.0 OK for: astro@5.15.8 want: ^6.2.0
2355 silly placeDep ROOT p-queue@8.1.1 OK for: astro@5.15.8 want: ^8.1.1
2356 silly placeDep ROOT package-manager-detector@1.5.0 OK for: astro@5.15.8 want: ^1.5.0
2357 silly placeDep ROOT prompts@2.4.2 OK for: astro@5.15.8 want: ^2.4.2
2358 silly placeDep ROOT rehype@13.0.2 OK for: astro@5.15.8 want: ^13.0.2
2359 silly placeDep ROOT shiki@3.15.0 OK for: astro@5.15.8 want: ^3.15.0
2360 silly placeDep ROOT smol-toml@1.5.2 OK for: astro@5.15.8 want: ^1.4.2
2361 silly placeDep ROOT tinyexec@1.0.2 OK for: astro@5.15.8 want: ^1.0.2
2362 silly placeDep ROOT tinyglobby@0.2.15 OK for: astro@5.15.8 want: ^0.2.15
2363 silly placeDep ROOT tsconfck@3.1.6 OK for: astro@5.15.8 want: ^3.1.6
2364 silly placeDep ROOT ultrahtml@1.6.0 OK for: astro@5.15.8 want: ^1.6.0
2365 silly placeDep ROOT unifont@0.6.0 OK for: astro@5.15.8 want: ~0.6.0
2366 silly placeDep ROOT unstorage@1.17.2 OK for: astro@5.15.8 want: ^1.17.2
2367 silly placeDep ROOT vfile@6.0.3 OK for: astro@5.15.8 want: ^6.0.3
2368 silly placeDep ROOT xxhash-wasm@1.1.0 OK for: astro@5.15.8 want: ^1.1.0
2369 silly placeDep ROOT yargs-parser@21.1.1 OK for: astro@5.15.8 want: ^21.1.1
2370 silly placeDep ROOT yocto-spinner@0.2.3 OK for: astro@5.15.8 want: ^0.2.3
2371 silly placeDep ROOT zod-to-json-schema@3.24.6 OK for: astro@5.15.8 want: ^3.24.6
2372 silly placeDep ROOT zod-to-ts@1.2.0 OK for: astro@5.15.8 want: ^1.2.0
2373 silly fetch manifest ansi-align@^3.0.1
2374 silly packumentCache full:https://registry.npmmirror.com/ansi-align cache-miss
2375 silly fetch manifest camelcase@^8.0.0
2376 silly packumentCache full:https://registry.npmmirror.com/camelcase cache-miss
2377 silly fetch manifest chalk@^5.3.0
2378 silly packumentCache full:https://registry.npmmirror.com/chalk cache-hit
2379 silly fetch manifest cli-boxes@^3.0.0
2380 silly packumentCache full:https://registry.npmmirror.com/cli-boxes cache-miss
2381 silly fetch manifest string-width@^7.2.0
2382 silly packumentCache full:https://registry.npmmirror.com/string-width cache-hit
2383 silly fetch manifest type-fest@^4.21.0
2384 silly packumentCache full:https://registry.npmmirror.com/type-fest cache-miss
2385 silly fetch manifest widest-line@^5.0.0
2386 silly packumentCache full:https://registry.npmmirror.com/widest-line cache-miss
2387 silly fetch manifest wrap-ansi@^9.0.0
2388 silly packumentCache full:https://registry.npmmirror.com/wrap-ansi cache-miss
2389 silly fetch manifest base-64@^1.0.0
2390 silly packumentCache full:https://registry.npmmirror.com/base-64 cache-miss
2391 silly fetch manifest @esbuild/aix-ppc64@0.25.12
2392 silly packumentCache full:https://registry.npmmirror.com/@esbuild%2faix-ppc64 cache-miss
2393 silly fetch manifest @esbuild/android-arm@0.25.12
2394 silly packumentCache full:https://registry.npmmirror.com/@esbuild%2fandroid-arm cache-miss
2395 silly fetch manifest @esbuild/android-arm64@0.25.12
2396 silly packumentCache full:https://registry.npmmirror.com/@esbuild%2fandroid-arm64 cache-miss
2397 silly fetch manifest @esbuild/android-x64@0.25.12
2398 silly packumentCache full:https://registry.npmmirror.com/@esbuild%2fandroid-x64 cache-miss
2399 silly fetch manifest @esbuild/darwin-arm64@0.25.12
2400 silly packumentCache full:https://registry.npmmirror.com/@esbuild%2fdarwin-arm64 cache-miss
2401 silly fetch manifest @esbuild/darwin-x64@0.25.12
2402 silly packumentCache full:https://registry.npmmirror.com/@esbuild%2fdarwin-x64 cache-miss
2403 silly fetch manifest @esbuild/freebsd-arm64@0.25.12
2404 silly packumentCache full:https://registry.npmmirror.com/@esbuild%2ffreebsd-arm64 cache-miss
2405 silly fetch manifest @esbuild/freebsd-x64@0.25.12
2406 silly packumentCache full:https://registry.npmmirror.com/@esbuild%2ffreebsd-x64 cache-miss
2407 silly fetch manifest @esbuild/linux-arm@0.25.12
2408 silly packumentCache full:https://registry.npmmirror.com/@esbuild%2flinux-arm cache-miss
2409 silly fetch manifest @esbuild/linux-arm64@0.25.12
2410 silly packumentCache full:https://registry.npmmirror.com/@esbuild%2flinux-arm64 cache-miss
2411 silly fetch manifest @esbuild/linux-ia32@0.25.12
2412 silly packumentCache full:https://registry.npmmirror.com/@esbuild%2flinux-ia32 cache-miss
2413 silly fetch manifest @esbuild/linux-loong64@0.25.12
2414 silly packumentCache full:https://registry.npmmirror.com/@esbuild%2flinux-loong64 cache-miss
2415 silly fetch manifest @esbuild/linux-mips64el@0.25.12
2416 silly packumentCache full:https://registry.npmmirror.com/@esbuild%2flinux-mips64el cache-miss
2417 silly fetch manifest @esbuild/linux-ppc64@0.25.12
2418 silly packumentCache full:https://registry.npmmirror.com/@esbuild%2flinux-ppc64 cache-miss
2419 silly fetch manifest @esbuild/linux-riscv64@0.25.12
2420 silly packumentCache full:https://registry.npmmirror.com/@esbuild%2flinux-riscv64 cache-miss
2421 silly fetch manifest @esbuild/linux-s390x@0.25.12
2422 silly packumentCache full:https://registry.npmmirror.com/@esbuild%2flinux-s390x cache-miss
2423 silly fetch manifest @esbuild/linux-x64@0.25.12
2424 silly packumentCache full:https://registry.npmmirror.com/@esbuild%2flinux-x64 cache-miss
2425 silly fetch manifest @esbuild/netbsd-arm64@0.25.12
2426 silly packumentCache full:https://registry.npmmirror.com/@esbuild%2fnetbsd-arm64 cache-miss
2427 silly fetch manifest @esbuild/netbsd-x64@0.25.12
2428 silly packumentCache full:https://registry.npmmirror.com/@esbuild%2fnetbsd-x64 cache-miss
2429 silly fetch manifest @esbuild/openbsd-arm64@0.25.12
2430 silly packumentCache full:https://registry.npmmirror.com/@esbuild%2fopenbsd-arm64 cache-miss
2431 silly fetch manifest @esbuild/openbsd-x64@0.25.12
2432 silly packumentCache full:https://registry.npmmirror.com/@esbuild%2fopenbsd-x64 cache-miss
2433 silly fetch manifest @esbuild/openharmony-arm64@0.25.12
2434 silly packumentCache full:https://registry.npmmirror.com/@esbuild%2fopenharmony-arm64 cache-miss
2435 silly fetch manifest @esbuild/sunos-x64@0.25.12
2436 silly packumentCache full:https://registry.npmmirror.com/@esbuild%2fsunos-x64 cache-miss
2437 silly fetch manifest @esbuild/win32-arm64@0.25.12
2438 silly packumentCache full:https://registry.npmmirror.com/@esbuild%2fwin32-arm64 cache-miss
2439 http fetch GET 200 https://registry.npmmirror.com/ansi-align 143ms (cache miss)
2440 silly packumentCache full:https://registry.npmmirror.com/ansi-align set size:3697 disposed:false
2441 silly fetch manifest @esbuild/win32-ia32@0.25.12
2442 silly packumentCache full:https://registry.npmmirror.com/@esbuild%2fwin32-ia32 cache-miss
2443 http fetch GET 200 https://registry.npmmirror.com/@esbuild%2faix-ppc64 169ms (cache miss)
2444 silly packumentCache full:https://registry.npmmirror.com/@esbuild%2faix-ppc64 set size:12697 disposed:false
2445 silly fetch manifest @esbuild/win32-x64@0.25.12
2446 silly packumentCache full:https://registry.npmmirror.com/@esbuild%2fwin32-x64 cache-miss
2447 http fetch GET 200 https://registry.npmmirror.com/@esbuild%2fandroid-arm64 174ms (cache miss)
2448 silly packumentCache full:https://registry.npmmirror.com/@esbuild%2fandroid-arm64 set size:57694 disposed:false
2449 silly fetch manifest @types/fontkit@^2.0.8
2450 silly packumentCache full:https://registry.npmmirror.com/@types%2ffontkit cache-miss
2451 http fetch GET 200 https://registry.npmmirror.com/@esbuild%2ffreebsd-arm64 176ms (cache miss)
2452 silly packumentCache full:https://registry.npmmirror.com/@esbuild%2ffreebsd-arm64 set size:56988 disposed:false
2453 silly fetch manifest fontkit@^2.0.4
2454 silly packumentCache full:https://registry.npmmirror.com/fontkit cache-miss
2455 http fetch GET 200 https://registry.npmmirror.com/@esbuild%2fandroid-x64 183ms (cache miss)
2456 silly packumentCache full:https://registry.npmmirror.com/@esbuild%2fandroid-x64 set size:57169 disposed:false
2457 silly fetch manifest yocto-queue@^1.1.1
2458 silly packumentCache full:https://registry.npmmirror.com/yocto-queue cache-miss
2459 http fetch GET 200 https://registry.npmmirror.com/cli-boxes 186ms (cache miss)
2460 silly packumentCache full:https://registry.npmmirror.com/cli-boxes set size:3994 disposed:false
2461 silly fetch manifest eventemitter3@^5.0.1
2462 silly packumentCache full:https://registry.npmmirror.com/eventemitter3 cache-miss
2463 http fetch GET 200 https://registry.npmmirror.com/camelcase 187ms (cache miss)
2464 silly packumentCache full:https://registry.npmmirror.com/camelcase set size:12780 disposed:false
2465 silly fetch manifest p-timeout@^6.1.2
2466 silly packumentCache full:https://registry.npmmirror.com/p-timeout cache-miss
2467 http fetch GET 200 https://registry.npmmirror.com/widest-line 189ms (cache miss)
2468 silly packumentCache full:https://registry.npmmirror.com/widest-line set size:3781 disposed:false
2469 silly fetch manifest kleur@^3.0.3
2470 silly packumentCache full:https://registry.npmmirror.com/kleur cache-hit
2471 silly fetch manifest sisteransi@^1.0.5
2472 silly packumentCache full:https://registry.npmmirror.com/sisteransi cache-miss
2473 http fetch GET 200 https://registry.npmmirror.com/wrap-ansi 190ms (cache miss)
2474 silly packumentCache full:https://registry.npmmirror.com/wrap-ansi set size:9927 disposed:false
2475 silly fetch manifest rehype-parse@^9.0.0
2476 silly packumentCache full:https://registry.npmmirror.com/rehype-parse cache-miss
2477 http fetch GET 200 https://registry.npmmirror.com/@esbuild%2ffreebsd-x64 202ms (cache miss)
2478 silly packumentCache full:https://registry.npmmirror.com/@esbuild%2ffreebsd-x64 set size:57278 disposed:false
2479 silly fetch manifest rehype-stringify@^10.0.0
2480 silly packumentCache full:https://registry.npmmirror.com/rehype-stringify cache-miss
2481 http fetch GET 200 https://registry.npmmirror.com/base-64 208ms (cache miss)
2482 silly packumentCache full:https://registry.npmmirror.com/base-64 set size:3166 disposed:false
2483 silly fetch manifest @shikijs/vscode-textmate@^10.0.2
2484 silly packumentCache full:https://registry.npmmirror.com/@shikijs%2fvscode-textmate cache-miss
2485 http fetch GET 200 https://registry.npmmirror.com/@esbuild%2fdarwin-arm64 215ms (cache miss)
2486 silly packumentCache full:https://registry.npmmirror.com/@esbuild%2fdarwin-arm64 set size:57441 disposed:false
2487 silly fetch manifest @shikijs/core@3.15.0
2488 silly packumentCache full:https://registry.npmmirror.com/@shikijs%2fcore cache-miss
2489 http fetch GET 200 https://registry.npmmirror.com/@esbuild%2fdarwin-x64 216ms (cache miss)
2490 silly packumentCache full:https://registry.npmmirror.com/@esbuild%2fdarwin-x64 set size:57032 disposed:false
2491 silly fetch manifest @shikijs/engine-javascript@3.15.0
2492 silly packumentCache full:https://registry.npmmirror.com/@shikijs%2fengine-javascript cache-miss
2493 http fetch GET 200 https://registry.npmmirror.com/@esbuild%2fandroid-arm 225ms (cache miss)
2494 silly packumentCache full:https://registry.npmmirror.com/@esbuild%2fandroid-arm set size:67382 disposed:false
2495 silly fetch manifest @shikijs/engine-oniguruma@3.15.0
2496 silly packumentCache full:https://registry.npmmirror.com/@shikijs%2fengine-oniguruma cache-miss
2497 http fetch GET 200 https://registry.npmmirror.com/type-fest 762ms (cache miss)
2498 silly packumentCache full:https://registry.npmmirror.com/type-fest set size:110796 disposed:false
2499 silly fetch manifest @shikijs/themes@3.15.0
2500 silly packumentCache full:https://registry.npmmirror.com/@shikijs%2fthemes cache-miss
2501 http fetch GET 200 https://registry.npmmirror.com/@esbuild%2fnetbsd-arm64 3509ms (cache miss)
2502 silly packumentCache full:https://registry.npmmirror.com/@esbuild%2fnetbsd-arm64 set size:7058 disposed:false
2503 silly fetch manifest @shikijs/langs@3.15.0
2504 silly packumentCache full:https://registry.npmmirror.com/@shikijs%2flangs cache-miss
2505 http fetch GET 200 https://registry.npmmirror.com/@esbuild%2fopenbsd-arm64 3522ms (cache miss)
2506 silly packumentCache full:https://registry.npmmirror.com/@esbuild%2fopenbsd-arm64 set size:8285 disposed:false
2507 silly fetch manifest @shikijs/types@3.15.0
2508 silly packumentCache full:https://registry.npmmirror.com/@shikijs%2ftypes cache-miss
2509 http fetch GET 200 https://registry.npmmirror.com/@esbuild%2fnetbsd-x64 3523ms (cache miss)
2510 silly packumentCache full:https://registry.npmmirror.com/@esbuild%2fnetbsd-x64 set size:57193 disposed:false
2511 silly fetch manifest fdir@^6.5.0
2512 silly packumentCache full:https://registry.npmmirror.com/fdir cache-hit
2513 silly fetch manifest css-tree@^3.0.0
2514 silly packumentCache full:https://registry.npmmirror.com/css-tree cache-miss
2515 http fetch GET 200 https://registry.npmmirror.com/@esbuild%2fopenharmony-arm64 3531ms (cache miss)
2516 silly packumentCache full:https://registry.npmmirror.com/@esbuild%2fopenharmony-arm64 set size:4273 disposed:false
2517 silly fetch manifest ofetch@^1.4.1
2518 silly packumentCache full:https://registry.npmmirror.com/ofetch cache-miss
2519 http fetch GET 200 https://registry.npmmirror.com/@esbuild%2flinux-mips64el 3534ms (cache miss)
2520 silly packumentCache full:https://registry.npmmirror.com/@esbuild%2flinux-mips64el set size:57231 disposed:false
2521 silly fetch manifest ohash@^2.0.0
2522 silly packumentCache full:https://registry.npmmirror.com/ohash cache-miss
2523 http fetch GET 200 https://registry.npmmirror.com/@esbuild%2flinux-s390x 3535ms (cache miss)
2524 silly packumentCache full:https://registry.npmmirror.com/@esbuild%2flinux-s390x set size:57229 disposed:false
2525 silly fetch manifest anymatch@^3.1.3
2526 silly packumentCache full:https://registry.npmmirror.com/anymatch cache-miss
2527 http fetch GET 200 https://registry.npmmirror.com/@esbuild%2flinux-loong64 3539ms (cache miss)
2528 silly packumentCache full:https://registry.npmmirror.com/@esbuild%2flinux-loong64 set size:76697 disposed:false
2529 silly fetch manifest destr@^2.0.5
2530 silly packumentCache full:https://registry.npmmirror.com/destr cache-miss
2531 http fetch GET 200 https://registry.npmmirror.com/@esbuild%2flinux-riscv64 3544ms (cache miss)
2532 silly packumentCache full:https://registry.npmmirror.com/@esbuild%2flinux-riscv64 set size:57369 disposed:false
2533 silly fetch manifest h3@^1.15.4
2534 silly packumentCache full:https://registry.npmmirror.com/h3 cache-hit
2535 silly fetch manifest lru-cache@^10.4.3
2536 silly packumentCache full:https://registry.npmmirror.com/lru-cache cache-miss
2537 http fetch GET 200 https://registry.npmmirror.com/@esbuild%2flinux-ia32 3548ms (cache miss)
2538 silly packumentCache full:https://registry.npmmirror.com/@esbuild%2flinux-ia32 set size:57328 disposed:false
2539 silly fetch manifest node-fetch-native@^1.6.7
2540 silly packumentCache full:https://registry.npmmirror.com/node-fetch-native cache-miss
2541 http fetch GET 200 https://registry.npmmirror.com/@esbuild%2flinux-arm 3607ms (cache miss)
2542 silly packumentCache full:https://registry.npmmirror.com/@esbuild%2flinux-arm set size:56645 disposed:false
2543 silly fetch manifest ofetch@^1.5.0
2544 silly packumentCache full:https://registry.npmmirror.com/ofetch cache-miss
2545 http fetch GET 200 https://registry.npmmirror.com/@esbuild%2flinux-arm64 3609ms (cache miss)
2546 silly packumentCache full:https://registry.npmmirror.com/@esbuild%2flinux-arm64 set size:57149 disposed:false
2547 silly fetch manifest ufo@^1.6.1
2548 silly packumentCache full:https://registry.npmmirror.com/ufo cache-miss
2549 http fetch GET 200 https://registry.npmmirror.com/@esbuild%2flinux-ppc64 3610ms (cache miss)
2550 silly packumentCache full:https://registry.npmmirror.com/@esbuild%2flinux-ppc64 set size:57199 disposed:false
2551 silly fetch manifest vfile-message@^4.0.0
2552 silly packumentCache full:https://registry.npmmirror.com/vfile-message cache-miss
2553 http fetch GET 200 https://registry.npmmirror.com/@esbuild%2flinux-x64 3611ms (cache miss)
2554 silly packumentCache full:https://registry.npmmirror.com/@esbuild%2flinux-x64 set size:57098 disposed:false
2555 silly fetch manifest yoctocolors@^2.1.1
2556 silly packumentCache full:https://registry.npmmirror.com/yoctocolors cache-miss
2557 http fetch GET 200 https://registry.npmmirror.com/@esbuild%2fopenbsd-x64 3743ms (cache miss)
2558 silly packumentCache full:https://registry.npmmirror.com/@esbuild%2fopenbsd-x64 set size:57305 disposed:false
2559 http fetch GET 200 https://registry.npmmirror.com/@esbuild%2fwin32-arm64 4131ms (cache miss)
2560 silly packumentCache full:https://registry.npmmirror.com/@esbuild%2fwin32-arm64 set size:57257 disposed:false
2561 http fetch GET 200 https://registry.npmmirror.com/yocto-queue 6606ms (cache miss)
2562 silly packumentCache full:https://registry.npmmirror.com/yocto-queue set size:4829 disposed:false
2563 http fetch GET 200 https://registry.npmmirror.com/@esbuild%2fsunos-x64 6802ms (cache miss)
2564 silly packumentCache full:https://registry.npmmirror.com/@esbuild%2fsunos-x64 set size:57219 disposed:false
2565 http fetch GET 200 https://registry.npmmirror.com/fontkit 6642ms (cache miss)
2566 silly packumentCache full:https://registry.npmmirror.com/fontkit set size:22145 disposed:false
2567 http fetch GET 200 https://registry.npmmirror.com/@types%2ffontkit 6719ms (cache miss)
2568 silly packumentCache full:https://registry.npmmirror.com/@types%2ffontkit set size:7861 disposed:false
2569 http fetch GET 200 https://registry.npmmirror.com/@shikijs%2fvscode-textmate 6687ms (cache miss)
2570 silly packumentCache full:https://registry.npmmirror.com/@shikijs%2fvscode-textmate set size:5479 disposed:false
2571 http fetch GET 200 https://registry.npmmirror.com/rehype-stringify 6692ms (cache miss)
2572 silly packumentCache full:https://registry.npmmirror.com/rehype-stringify set size:12886 disposed:false
2573 http fetch GET 200 https://registry.npmmirror.com/@esbuild%2fwin32-ia32 6755ms (cache miss)
2574 silly packumentCache full:https://registry.npmmirror.com/@esbuild%2fwin32-ia32 set size:57671 disposed:false
2575 http fetch GET 200 https://registry.npmmirror.com/eventemitter3 6713ms (cache miss)
2576 silly packumentCache full:https://registry.npmmirror.com/eventemitter3 set size:14827 disposed:false
2577 http fetch GET 200 https://registry.npmmirror.com/sisteransi 6711ms (cache miss)
2578 silly packumentCache full:https://registry.npmmirror.com/sisteransi set size:3997 disposed:false
2579 http fetch GET 200 https://registry.npmmirror.com/@esbuild%2fwin32-x64 6731ms (cache miss)
2580 silly packumentCache full:https://registry.npmmirror.com/@esbuild%2fwin32-x64 set size:57500 disposed:false
2581 http fetch GET 200 https://registry.npmmirror.com/p-timeout 6715ms (cache miss)
2582 silly packumentCache full:https://registry.npmmirror.com/p-timeout set size:13740 disposed:false
2583 http fetch GET 200 https://registry.npmmirror.com/rehype-parse 6788ms (cache miss)
2584 silly packumentCache full:https://registry.npmmirror.com/rehype-parse set size:14629 disposed:false
2585 http fetch GET 200 https://registry.npmmirror.com/@shikijs%2fengine-javascript 6764ms (cache miss)
2586 silly packumentCache full:https://registry.npmmirror.com/@shikijs%2fengine-javascript set size:28580 disposed:false
2587 http fetch GET 200 https://registry.npmmirror.com/@shikijs%2fcore 6767ms (cache miss)
2588 silly packumentCache full:https://registry.npmmirror.com/@shikijs%2fcore set size:49978 disposed:false
2589 http fetch GET 200 https://registry.npmmirror.com/@shikijs%2fengine-oniguruma 6872ms (cache miss)
2590 silly packumentCache full:https://registry.npmmirror.com/@shikijs%2fengine-oniguruma set size:28079 disposed:false
2591 http fetch GET 200 https://registry.npmmirror.com/css-tree 4226ms (cache miss)
2592 silly packumentCache full:https://registry.npmmirror.com/css-tree set size:34387 disposed:false
2593 http fetch GET 200 https://registry.npmmirror.com/@shikijs%2ftypes 4246ms (cache miss)
2594 silly packumentCache full:https://registry.npmmirror.com/@shikijs%2ftypes set size:27225 disposed:false
2595 http fetch GET 200 https://registry.npmmirror.com/destr 4252ms (cache miss)
2596 silly packumentCache full:https://registry.npmmirror.com/destr set size:13520 disposed:false
2597 http fetch GET 200 https://registry.npmmirror.com/node-fetch-native 4278ms (cache miss)
2598 silly packumentCache full:https://registry.npmmirror.com/node-fetch-native set size:28037 disposed:false
2599 http fetch GET 200 https://registry.npmmirror.com/@shikijs%2fthemes 7072ms (cache miss)
2600 silly packumentCache full:https://registry.npmmirror.com/@shikijs%2fthemes set size:27952 disposed:false
2601 http fetch GET 200 https://registry.npmmirror.com/ohash 4307ms (cache miss)
2602 silly packumentCache full:https://registry.npmmirror.com/ohash set size:19476 disposed:false
2603 http fetch GET 200 https://registry.npmmirror.com/yoctocolors 4230ms (cache miss)
2604 silly packumentCache full:https://registry.npmmirror.com/yoctocolors set size:6782 disposed:false
2605 http fetch GET 200 https://registry.npmmirror.com/ofetch 4313ms (cache miss)
2606 silly packumentCache full:https://registry.npmmirror.com/ofetch set size:20350 disposed:false
2607 http fetch GET 200 https://registry.npmmirror.com/anymatch 4310ms (cache miss)
2608 silly packumentCache full:https://registry.npmmirror.com/anymatch set size:8660 disposed:false
2609 http fetch GET 200 https://registry.npmmirror.com/lru-cache 4301ms (cache miss)
2610 silly packumentCache full:https://registry.npmmirror.com/lru-cache set size:98526 disposed:false
2611 http fetch GET 200 https://registry.npmmirror.com/ofetch 4246ms (cache miss)
2612 silly packumentCache full:https://registry.npmmirror.com/ofetch set size:20350 disposed:false
2613 silly packumentCache full:https://registry.npmmirror.com/ofetch dispose
2614 http fetch GET 200 https://registry.npmmirror.com/ufo 4245ms (cache miss)
2615 silly packumentCache full:https://registry.npmmirror.com/ufo set size:33977 disposed:false
2616 http fetch GET 200 https://registry.npmmirror.com/@shikijs%2flangs 4346ms (cache miss)
2617 silly packumentCache full:https://registry.npmmirror.com/@shikijs%2flangs set size:62326 disposed:false
2618 http fetch GET 200 https://registry.npmmirror.com/vfile-message 4259ms (cache miss)
2619 silly packumentCache full:https://registry.npmmirror.com/vfile-message set size:16122 disposed:false
2620 silly placeDep ROOT rehype-expressive-code@0.41.3 OK for: astro-expressive-code@0.41.3 want: ^0.41.3
2621 silly fetch manifest expressive-code@^0.41.3
2622 silly packumentCache full:https://registry.npmmirror.com/expressive-code cache-miss
2623 http fetch GET 200 https://registry.npmmirror.com/expressive-code 2562ms (cache miss)
2624 silly packumentCache full:https://registry.npmmirror.com/expressive-code set size:undefined disposed:false
2625 silly placeDep ROOT @iconify/tools@4.1.4 OK for: astro-icon@1.1.5 want: ^4.0.5
2626 silly placeDep ROOT @iconify/utils@2.3.0 OK for: astro-icon@1.1.5 want: ^2.1.30
2627 silly fetch manifest @iconify/utils@^2.3.0
2628 silly packumentCache full:https://registry.npmmirror.com/@iconify%2futils cache-hit
2629 silly fetch manifest @types/tar@^6.1.13
2630 silly packumentCache full:https://registry.npmmirror.com/@types%2ftar cache-miss
2631 silly fetch manifest axios@^1.12.1
2632 silly packumentCache full:https://registry.npmmirror.com/axios cache-miss
2633 silly fetch manifest cheerio@1.0.0
2634 silly packumentCache full:https://registry.npmmirror.com/cheerio cache-miss
2635 silly fetch manifest extract-zip@^2.0.1
2636 silly packumentCache full:https://registry.npmmirror.com/extract-zip cache-miss
2637 silly fetch manifest local-pkg@^0.5.1
2638 silly packumentCache full:https://registry.npmmirror.com/local-pkg cache-miss
2639 silly fetch manifest pathe@^1.1.2
2640 silly packumentCache full:https://registry.npmmirror.com/pathe cache-miss
2641 silly fetch manifest svgo@^3.3.2
2642 silly packumentCache full:https://registry.npmmirror.com/svgo cache-miss
2643 silly fetch manifest tar@^6.2.1
2644 silly packumentCache full:https://registry.npmmirror.com/tar cache-miss
2645 silly fetch manifest globals@^15.14.0
2646 silly packumentCache full:https://registry.npmmirror.com/globals cache-miss
2647 silly fetch manifest kolorist@^1.8.0
2648 silly packumentCache full:https://registry.npmmirror.com/kolorist cache-miss
2649 silly fetch manifest local-pkg@^1.0.0
2650 silly packumentCache full:https://registry.npmmirror.com/local-pkg cache-miss
2651 silly fetch manifest mlly@^1.7.4
2652 silly packumentCache full:https://registry.npmmirror.com/mlly cache-miss
2653 http fetch GET 200 https://registry.npmmirror.com/local-pkg 1079ms (cache miss)
2654 silly packumentCache full:https://registry.npmmirror.com/local-pkg set size:9718 disposed:false
2655 http fetch GET 200 https://registry.npmmirror.com/local-pkg 1102ms (cache miss)
2656 silly packumentCache full:https://registry.npmmirror.com/local-pkg set size:9718 disposed:false
2657 silly packumentCache full:https://registry.npmmirror.com/local-pkg dispose
2658 http fetch GET 200 https://registry.npmmirror.com/extract-zip 1104ms (cache miss)
2659 silly packumentCache full:https://registry.npmmirror.com/extract-zip set size:8359 disposed:false
2660 http fetch GET 200 https://registry.npmmirror.com/mlly 1103ms (cache miss)
2661 silly packumentCache full:https://registry.npmmirror.com/mlly set size:51735 disposed:false
2662 http fetch GET 200 https://registry.npmmirror.com/svgo 1108ms (cache miss)
2663 silly packumentCache full:https://registry.npmmirror.com/svgo set size:41543 disposed:false
2664 http fetch GET 200 https://registry.npmmirror.com/@types%2ftar 1121ms (cache miss)
2665 silly packumentCache full:https://registry.npmmirror.com/@types%2ftar set size:13687 disposed:false
2666 http fetch GET 200 https://registry.npmmirror.com/pathe 1124ms (cache miss)
2667 silly packumentCache full:https://registry.npmmirror.com/pathe set size:20527 disposed:false
2668 http fetch GET 200 https://registry.npmmirror.com/cheerio 1126ms (cache miss)
2669 silly packumentCache full:https://registry.npmmirror.com/cheerio set size:28287 disposed:false
2670 http fetch GET 200 https://registry.npmmirror.com/kolorist 1131ms (cache miss)
2671 silly packumentCache full:https://registry.npmmirror.com/kolorist set size:11047 disposed:false
2672 http fetch GET 200 https://registry.npmmirror.com/globals 1179ms (cache miss)
2673 silly packumentCache full:https://registry.npmmirror.com/globals set size:46582 disposed:false
2674 http fetch GET 200 https://registry.npmmirror.com/axios 1188ms (cache miss)
2675 silly packumentCache full:https://registry.npmmirror.com/axios set size:114501 disposed:false
2676 http fetch GET 200 https://registry.npmmirror.com/tar 1276ms (cache miss)
2677 silly packumentCache full:https://registry.npmmirror.com/tar set size:62447 disposed:false
2678 silly placeDep ROOT @types/tar@6.1.13 OK for: @iconify/tools@4.1.4 want: ^6.1.13
2679 silly placeDep ROOT axios@1.13.2 OK for: @iconify/tools@4.1.4 want: ^1.12.1
2680 silly placeDep ROOT cheerio@1.0.0 OK for: @iconify/tools@4.1.4 want: 1.0.0
2681 silly placeDep ROOT domhandler@5.0.3 OK for: @iconify/tools@4.1.4 want: ^5.0.3
2682 silly placeDep ROOT extract-zip@2.0.1 OK for: @iconify/tools@4.1.4 want: ^2.0.1
2683 silly placeDep ROOT local-pkg@0.5.1 OK for: @iconify/tools@4.1.4 want: ^0.5.1
2684 silly placeDep ROOT pathe@1.1.2 OK for: @iconify/tools@4.1.4 want: ^1.1.2
2685 silly placeDep ROOT svgo@3.3.2 OK for: @iconify/tools@4.1.4 want: ^3.3.2
2686 silly placeDep ROOT tar@6.2.1 OK for: @iconify/tools@4.1.4 want: ^6.2.1
2687 silly fetch manifest minipass@^4.0.0
2688 silly packumentCache full:https://registry.npmmirror.com/minipass cache-miss
2689 silly fetch manifest follow-redirects@^1.15.6
2690 silly packumentCache full:https://registry.npmmirror.com/follow-redirects cache-miss
2691 silly fetch manifest form-data@^4.0.4
2692 silly packumentCache full:https://registry.npmmirror.com/form-data cache-miss
2693 silly fetch manifest proxy-from-env@^1.1.0
2694 silly packumentCache full:https://registry.npmmirror.com/proxy-from-env cache-miss
2695 silly fetch manifest cheerio-select@^2.1.0
2696 silly packumentCache full:https://registry.npmmirror.com/cheerio-select cache-miss
2697 silly fetch manifest dom-serializer@^2.0.0
2698 silly packumentCache full:https://registry.npmmirror.com/dom-serializer cache-miss
2699 silly fetch manifest domutils@^3.1.0
2700 silly packumentCache full:https://registry.npmmirror.com/domutils cache-hit
2701 silly fetch manifest encoding-sniffer@^0.2.0
2702 silly packumentCache full:https://registry.npmmirror.com/encoding-sniffer cache-miss
2703 silly fetch manifest htmlparser2@^9.1.0
2704 silly packumentCache full:https://registry.npmmirror.com/htmlparser2 cache-hit
2705 silly fetch manifest parse5@^7.1.2
2706 silly packumentCache full:https://registry.npmmirror.com/parse5 cache-miss
2707 silly fetch manifest parse5-htmlparser2-tree-adapter@^7.0.0
2708 silly packumentCache full:https://registry.npmmirror.com/parse5-htmlparser2-tree-adapter cache-miss
2709 silly fetch manifest parse5-parser-stream@^7.1.2
2710 silly packumentCache full:https://registry.npmmirror.com/parse5-parser-stream cache-miss
2711 silly fetch manifest undici@^6.19.5
2712 silly packumentCache full:https://registry.npmmirror.com/undici cache-miss
2713 silly fetch manifest whatwg-mimetype@^4.0.0
2714 silly packumentCache full:https://registry.npmmirror.com/whatwg-mimetype cache-miss
2715 silly fetch manifest get-stream@^5.1.0
2716 silly packumentCache full:https://registry.npmmirror.com/get-stream cache-miss
2717 silly fetch manifest yauzl@^2.10.0
2718 silly packumentCache full:https://registry.npmmirror.com/yauzl cache-miss
2719 silly fetch manifest @types/yauzl@^2.9.1
2720 silly packumentCache full:https://registry.npmmirror.com/@types%2fyauzl cache-miss
2721 silly fetch manifest mlly@^1.7.3
2722 silly packumentCache full:https://registry.npmmirror.com/mlly cache-hit
2723 silly fetch manifest pkg-types@^1.2.1
2724 silly packumentCache full:https://registry.npmmirror.com/pkg-types cache-miss
2725 silly fetch manifest @trysound/sax@0.2.0
2726 silly packumentCache full:https://registry.npmmirror.com/@trysound%2fsax cache-miss
2727 silly fetch manifest commander@^7.2.0
2728 silly packumentCache full:https://registry.npmmirror.com/commander cache-hit
2729 silly fetch manifest css-tree@^2.3.1
2730 silly packumentCache full:https://registry.npmmirror.com/css-tree cache-hit
2731 silly fetch manifest css-what@^6.1.0
2732 silly packumentCache full:https://registry.npmmirror.com/css-what cache-miss
2733 silly fetch manifest csso@^5.0.5
2734 silly packumentCache full:https://registry.npmmirror.com/csso cache-miss
2735 silly fetch manifest chownr@^2.0.0
2736 silly packumentCache full:https://registry.npmmirror.com/chownr cache-miss
2737 silly fetch manifest fs-minipass@^2.0.0
2738 silly packumentCache full:https://registry.npmmirror.com/fs-minipass cache-miss
2739 silly fetch manifest minipass@^5.0.0
2740 silly packumentCache full:https://registry.npmmirror.com/minipass cache-miss
2741 silly fetch manifest minizlib@^2.1.1
2742 silly packumentCache full:https://registry.npmmirror.com/minizlib cache-miss
2743 silly fetch manifest mkdirp@^1.0.3
2744 silly packumentCache full:https://registry.npmmirror.com/mkdirp cache-miss
2745 silly fetch manifest yallist@^4.0.0
2746 silly packumentCache full:https://registry.npmmirror.com/yallist cache-miss
2747 http fetch GET 200 https://registry.npmmirror.com/proxy-from-env 588ms (cache miss)
2748 silly packumentCache full:https://registry.npmmirror.com/proxy-from-env set size:4747 disposed:false
2749 http fetch GET 200 https://registry.npmmirror.com/cheerio-select 595ms (cache miss)
2750 silly packumentCache full:https://registry.npmmirror.com/cheerio-select set size:7788 disposed:false
2751 http fetch GET 200 https://registry.npmmirror.com/form-data 615ms (cache miss)
2752 silly packumentCache full:https://registry.npmmirror.com/form-data set size:25141 disposed:false
2753 http fetch GET 200 https://registry.npmmirror.com/parse5 618ms (cache miss)
2754 silly packumentCache full:https://registry.npmmirror.com/parse5 set size:20797 disposed:false
2755 http fetch GET 200 https://registry.npmmirror.com/@types%2fyauzl 620ms (cache miss)
2756 silly packumentCache full:https://registry.npmmirror.com/@types%2fyauzl set size:4157 disposed:false
2757 http fetch GET 200 https://registry.npmmirror.com/parse5-htmlparser2-tree-adapter 629ms (cache miss)
2758 silly packumentCache full:https://registry.npmmirror.com/parse5-htmlparser2-tree-adapter set size:4795 disposed:false
2759 http fetch GET 200 https://registry.npmmirror.com/encoding-sniffer 636ms (cache miss)
2760 silly packumentCache full:https://registry.npmmirror.com/encoding-sniffer set size:7530 disposed:false
2761 http fetch GET 200 https://registry.npmmirror.com/parse5-parser-stream 639ms (cache miss)
2762 silly packumentCache full:https://registry.npmmirror.com/parse5-parser-stream set size:8148 disposed:false
2763 http fetch GET 200 https://registry.npmmirror.com/minipass 649ms (cache miss)
2764 silly packumentCache full:https://registry.npmmirror.com/minipass set size:56998 disposed:false
2765 http fetch GET 200 https://registry.npmmirror.com/yauzl 650ms (cache miss)
2766 silly packumentCache full:https://registry.npmmirror.com/yauzl set size:27850 disposed:false
2767 http fetch GET 200 https://registry.npmmirror.com/whatwg-mimetype 664ms (cache miss)
2768 silly packumentCache full:https://registry.npmmirror.com/whatwg-mimetype set size:5592 disposed:false
2769 http fetch GET 200 https://registry.npmmirror.com/undici 666ms (cache miss)
2770 silly packumentCache full:https://registry.npmmirror.com/undici set size:167176 disposed:false
2771 http fetch GET 200 https://registry.npmmirror.com/follow-redirects 699ms (cache miss)
2772 silly packumentCache full:https://registry.npmmirror.com/follow-redirects set size:29692 disposed:false
2773 http fetch GET 200 https://registry.npmmirror.com/@trysound%2fsax 723ms (cache miss)
2774 silly packumentCache full:https://registry.npmmirror.com/@trysound%2fsax set size:5178 disposed:false
2775 http fetch GET 200 https://registry.npmmirror.com/minipass 725ms (cache miss)
2776 silly packumentCache full:https://registry.npmmirror.com/minipass set size:56998 disposed:false
2777 silly packumentCache full:https://registry.npmmirror.com/minipass dispose
2778 http fetch GET 200 https://registry.npmmirror.com/css-what 734ms (cache miss)
2779 silly packumentCache full:https://registry.npmmirror.com/css-what set size:14078 disposed:false
2780 http fetch GET 200 https://registry.npmmirror.com/csso 738ms (cache miss)
2781 silly packumentCache full:https://registry.npmmirror.com/csso set size:35796 disposed:false
2782 http fetch GET 200 https://registry.npmmirror.com/chownr 740ms (cache miss)
2783 silly packumentCache full:https://registry.npmmirror.com/chownr set size:4259 disposed:false
2784 http fetch GET 200 https://registry.npmmirror.com/pkg-types 742ms (cache miss)
2785 silly packumentCache full:https://registry.npmmirror.com/pkg-types set size:21591 disposed:false
2786 http fetch GET 200 https://registry.npmmirror.com/fs-minipass 773ms (cache miss)
2787 silly packumentCache full:https://registry.npmmirror.com/fs-minipass set size:10246 disposed:false
2788 http fetch GET 200 https://registry.npmmirror.com/get-stream 833ms (cache miss)
2789 silly packumentCache full:https://registry.npmmirror.com/get-stream set size:11935 disposed:false
2790 http fetch GET 200 https://registry.npmmirror.com/dom-serializer 835ms (cache miss)
2791 silly packumentCache full:https://registry.npmmirror.com/dom-serializer set size:10150 disposed:false
2792 http fetch GET 200 https://registry.npmmirror.com/mkdirp 829ms (cache miss)
2793 silly packumentCache full:https://registry.npmmirror.com/mkdirp set size:23347 disposed:false
2794 http fetch GET 200 https://registry.npmmirror.com/yallist 834ms (cache miss)
2795 silly packumentCache full:https://registry.npmmirror.com/yallist set size:7662 disposed:false
2796 http fetch GET 200 https://registry.npmmirror.com/minizlib 835ms (cache miss)
2797 silly packumentCache full:https://registry.npmmirror.com/minizlib set size:9523 disposed:false
2798 silly placeDep ROOT globals@15.15.0 OK for: @iconify/utils@2.3.0 want: ^15.14.0
2799 silly placeDep ROOT kolorist@1.8.0 OK for: @iconify/utils@2.3.0 want: ^1.8.0
2800 silly placeDep node_modules/@iconify/utils local-pkg@1.1.2 OK for: @iconify/utils@2.3.0 want: ^1.0.0
2801 silly placeDep ROOT mlly@1.8.0 OK for: @iconify/utils@2.3.0 want: ^1.7.4
2802 silly fetch manifest pkg-types@^2.3.0
2803 silly packumentCache full:https://registry.npmmirror.com/pkg-types cache-hit
2804 silly fetch manifest quansync@^0.2.11
2805 silly packumentCache full:https://registry.npmmirror.com/quansync cache-miss
2806 silly fetch manifest pathe@^2.0.3
2807 silly packumentCache full:https://registry.npmmirror.com/pathe cache-hit
2808 silly fetch manifest pkg-types@^1.3.1
2809 silly packumentCache full:https://registry.npmmirror.com/pkg-types cache-hit
2810 http fetch GET 200 https://registry.npmmirror.com/quansync 231ms (cache miss)
2811 silly packumentCache full:https://registry.npmmirror.com/quansync set size:11755 disposed:false
2812 silly placeDep ROOT @types/node@24.10.1 OK for: @types/tar@6.1.13 want: *
2813 silly placeDep ROOT minipass@4.2.8 OK for: @types/tar@6.1.13 want: ^4.0.0
2814 silly fetch manifest undici-types@~7.16.0
2815 silly packumentCache full:https://registry.npmmirror.com/undici-types cache-miss
2816 http fetch GET 200 https://registry.npmmirror.com/undici-types 71ms (cache miss)
2817 silly packumentCache full:https://registry.npmmirror.com/undici-types set size:29159 disposed:false
2818 silly placeDep ROOT undici-types@7.16.0 OK for: @types/node@24.10.1 want: ~7.16.0
2819 silly placeDep ROOT browserslist@4.28.0 OK for: autoprefixer@10.4.22 want: ^4.27.0
2820 silly placeDep ROOT caniuse-lite@1.0.30001755 OK for: autoprefixer@10.4.22 want: ^1.0.30001754
2821 silly placeDep ROOT fraction.js@5.3.4 OK for: autoprefixer@10.4.22 want: ^5.3.4
2822 silly placeDep ROOT normalize-range@0.1.2 OK for: autoprefixer@10.4.22 want: ^0.1.2
2823 silly placeDep ROOT postcss-value-parser@4.2.0 OK for: autoprefixer@10.4.22 want: ^4.2.0
2824 silly fetch manifest baseline-browser-mapping@^2.8.25
2825 silly packumentCache full:https://registry.npmmirror.com/baseline-browser-mapping cache-miss
2826 silly fetch manifest electron-to-chromium@^1.5.249
2827 silly packumentCache full:https://registry.npmmirror.com/electron-to-chromium cache-miss
2828 silly fetch manifest node-releases@^2.0.27
2829 silly packumentCache full:https://registry.npmmirror.com/node-releases cache-miss
2830 silly fetch manifest update-browserslist-db@^1.1.4
2831 silly packumentCache full:https://registry.npmmirror.com/update-browserslist-db cache-miss
2832 http fetch GET 200 https://registry.npmmirror.com/node-releases 147ms (cache miss)
2833 silly packumentCache full:https://registry.npmmirror.com/node-releases set size:37475 disposed:false
2834 http fetch GET 200 https://registry.npmmirror.com/update-browserslist-db 151ms (cache miss)
2835 silly packumentCache full:https://registry.npmmirror.com/update-browserslist-db set size:16356 disposed:false
2836 http fetch GET 200 https://registry.npmmirror.com/baseline-browser-mapping 277ms (cache miss)
2837 silly packumentCache full:https://registry.npmmirror.com/baseline-browser-mapping set size:43478 disposed:false
2838 http fetch GET 200 https://registry.npmmirror.com/electron-to-chromium 336ms (cache miss)
2839 silly packumentCache full:https://registry.npmmirror.com/electron-to-chromium set size:794034 disposed:false
2840 silly placeDep ROOT follow-redirects@1.15.11 OK for: axios@1.13.2 want: ^1.15.6
2841 silly placeDep ROOT form-data@4.0.5 OK for: axios@1.13.2 want: ^4.0.4
2842 silly placeDep ROOT proxy-from-env@1.1.0 OK for: axios@1.13.2 want: ^1.1.0
2843 silly fetch manifest asynckit@^0.4.0
2844 silly packumentCache full:https://registry.npmmirror.com/asynckit cache-miss
2845 silly fetch manifest combined-stream@^1.0.8
2846 silly packumentCache full:https://registry.npmmirror.com/combined-stream cache-miss
2847 silly fetch manifest es-set-tostringtag@^2.1.0
2848 silly packumentCache full:https://registry.npmmirror.com/es-set-tostringtag cache-miss
2849 silly fetch manifest hasown@^2.0.2
2850 silly packumentCache full:https://registry.npmmirror.com/hasown cache-miss
2851 silly fetch manifest mime-types@^2.1.12
2852 silly packumentCache full:https://registry.npmmirror.com/mime-types cache-miss
2853 http fetch GET 200 https://registry.npmmirror.com/hasown 61ms (cache miss)
2854 silly packumentCache full:https://registry.npmmirror.com/hasown set size:3832 disposed:false
2855 http fetch GET 200 https://registry.npmmirror.com/es-set-tostringtag 66ms (cache miss)
2856 silly packumentCache full:https://registry.npmmirror.com/es-set-tostringtag set size:6558 disposed:false
2857 http fetch GET 200 https://registry.npmmirror.com/combined-stream 67ms (cache miss)
2858 silly packumentCache full:https://registry.npmmirror.com/combined-stream set size:7154 disposed:false
2859 http fetch GET 200 https://registry.npmmirror.com/mime-types 89ms (cache miss)
2860 silly packumentCache full:https://registry.npmmirror.com/mime-types set size:20910 disposed:false
2861 http fetch GET 200 https://registry.npmmirror.com/asynckit 118ms (cache miss)
2862 silly packumentCache full:https://registry.npmmirror.com/asynckit set size:4567 disposed:false
2863 silly placeDep ROOT ansi-align@3.0.1 OK for: boxen@8.0.1 want: ^3.0.1
2864 silly placeDep ROOT camelcase@8.0.0 OK for: boxen@8.0.1 want: ^8.0.0
2865 silly placeDep ROOT chalk@5.6.2 OK for: boxen@8.0.1 want: ^5.3.0
2866 silly placeDep ROOT cli-boxes@3.0.0 OK for: boxen@8.0.1 want: ^3.0.0
2867 silly placeDep ROOT string-width@7.2.0 OK for: boxen@8.0.1 want: ^7.2.0
2868 silly placeDep ROOT type-fest@4.41.0 OK for: boxen@8.0.1 want: ^4.21.0
2869 silly placeDep ROOT widest-line@5.0.0 OK for: boxen@8.0.1 want: ^5.0.0
2870 silly placeDep ROOT wrap-ansi@9.0.2 OK for: boxen@8.0.1 want: ^9.0.0
2871 silly fetch manifest string-width@^4.1.0
2872 silly packumentCache full:https://registry.npmmirror.com/string-width cache-hit
2873 silly fetch manifest emoji-regex@^10.3.0
2874 silly packumentCache full:https://registry.npmmirror.com/emoji-regex cache-miss
2875 silly fetch manifest get-east-asian-width@^1.0.0
2876 silly packumentCache full:https://registry.npmmirror.com/get-east-asian-width cache-miss
2877 silly fetch manifest strip-ansi@^7.1.0
2878 silly packumentCache full:https://registry.npmmirror.com/strip-ansi cache-miss
2879 silly fetch manifest ansi-styles@^6.2.1
2880 silly packumentCache full:https://registry.npmmirror.com/ansi-styles cache-miss
2881 silly fetch manifest strip-ansi@^7.1.0
2882 silly packumentCache full:https://registry.npmmirror.com/strip-ansi cache-miss
2883 http fetch GET 200 https://registry.npmmirror.com/emoji-regex 78ms (cache miss)
2884 silly packumentCache full:https://registry.npmmirror.com/emoji-regex set size:17651 disposed:false
2885 http fetch GET 200 https://registry.npmmirror.com/get-east-asian-width 126ms (cache miss)
2886 silly packumentCache full:https://registry.npmmirror.com/get-east-asian-width set size:4117 disposed:false
2887 http fetch GET 200 https://registry.npmmirror.com/strip-ansi 156ms (cache miss)
2888 silly packumentCache full:https://registry.npmmirror.com/strip-ansi set size:7820 disposed:false
2889 http fetch GET 200 https://registry.npmmirror.com/ansi-styles 168ms (cache miss)
2890 silly packumentCache full:https://registry.npmmirror.com/ansi-styles set size:13769 disposed:false
2891 http fetch GET 200 https://registry.npmmirror.com/strip-ansi 171ms (cache miss)
2892 silly packumentCache full:https://registry.npmmirror.com/strip-ansi set size:7820 disposed:false
2893 silly packumentCache full:https://registry.npmmirror.com/strip-ansi dispose
2894 silly placeDep node_modules/ansi-align string-width@4.2.3 OK for: ansi-align@3.0.1 want: ^4.1.0
2895 silly fetch manifest emoji-regex@^8.0.0
2896 silly packumentCache full:https://registry.npmmirror.com/emoji-regex cache-hit
2897 silly fetch manifest is-fullwidth-code-point@^3.0.0
2898 silly packumentCache full:https://registry.npmmirror.com/is-fullwidth-code-point cache-miss
2899 silly fetch manifest strip-ansi@^6.0.1
2900 silly packumentCache full:https://registry.npmmirror.com/strip-ansi cache-hit
2901 http fetch GET 200 https://registry.npmmirror.com/is-fullwidth-code-point 67ms (cache miss)
2902 silly packumentCache full:https://registry.npmmirror.com/is-fullwidth-code-point set size:3385 disposed:false
2903 silly fetch manifest browserslist@>= 4.21.0
2904 silly packumentCache full:https://registry.npmmirror.com/browserslist cache-hit
2905 silly placeDep ROOT baseline-browser-mapping@2.8.29 OK for: browserslist@4.28.0 want: ^2.8.25
2906 silly placeDep ROOT electron-to-chromium@1.5.255 OK for: browserslist@4.28.0 want: ^1.5.249
2907 silly placeDep ROOT node-releases@2.0.27 OK for: browserslist@4.28.0 want: ^2.0.27
2908 silly placeDep ROOT update-browserslist-db@1.1.4 OK for: browserslist@4.28.0 want: ^1.1.4
2909 silly fetch manifest escalade@^3.2.0
2910 silly packumentCache full:https://registry.npmmirror.com/escalade cache-hit
2911 silly placeDep ROOT cheerio-select@2.1.0 OK for: cheerio@1.0.0 want: ^2.1.0
2912 silly placeDep ROOT dom-serializer@2.0.0 OK for: cheerio@1.0.0 want: ^2.0.0
2913 silly placeDep ROOT domutils@3.2.2 OK for: cheerio@1.0.0 want: ^3.1.0
2914 silly placeDep ROOT encoding-sniffer@0.2.1 OK for: cheerio@1.0.0 want: ^0.2.0
2915 silly placeDep node_modules/cheerio htmlparser2@9.1.0 OK for: cheerio@1.0.0 want: ^9.1.0
2916 silly placeDep ROOT parse5@7.3.0 OK for: cheerio@1.0.0 want: ^7.1.2
2917 silly placeDep ROOT parse5-htmlparser2-tree-adapter@7.1.0 OK for: cheerio@1.0.0 want: ^7.0.0
2918 silly placeDep ROOT parse5-parser-stream@7.1.2 OK for: cheerio@1.0.0 want: ^7.1.2
2919 silly placeDep ROOT undici@6.22.0 OK for: cheerio@1.0.0 want: ^6.19.5
2920 silly placeDep ROOT whatwg-mimetype@4.0.0 OK for: cheerio@1.0.0 want: ^4.0.0
2921 silly fetch manifest boolbase@^1.0.0
2922 silly packumentCache full:https://registry.npmmirror.com/boolbase cache-miss
2923 silly fetch manifest entities@^4.2.0
2924 silly packumentCache full:https://registry.npmmirror.com/entities cache-hit
2925 silly fetch manifest iconv-lite@^0.6.3
2926 silly packumentCache full:https://registry.npmmirror.com/iconv-lite cache-miss
2927 silly fetch manifest whatwg-encoding@^3.1.1
2928 silly packumentCache full:https://registry.npmmirror.com/whatwg-encoding cache-miss
2929 silly fetch manifest entities@^4.5.0
2930 silly packumentCache full:https://registry.npmmirror.com/entities cache-hit
2931 silly fetch manifest entities@^6.0.0
2932 silly packumentCache full:https://registry.npmmirror.com/entities cache-hit
2933 http fetch GET 200 https://registry.npmmirror.com/iconv-lite 1292ms (cache miss)
2934 silly packumentCache full:https://registry.npmmirror.com/iconv-lite set size:18252 disposed:false
2935 http fetch GET 200 https://registry.npmmirror.com/whatwg-encoding 1452ms (cache miss)
2936 silly packumentCache full:https://registry.npmmirror.com/whatwg-encoding set size:5494 disposed:false
2937 http fetch GET 200 https://registry.npmmirror.com/boolbase 2002ms (cache miss)
2938 silly packumentCache full:https://registry.npmmirror.com/boolbase set size:1164 disposed:false
2939 silly placeDep ROOT boolbase@1.0.0 OK for: cheerio-select@2.1.0 want: ^1.0.0
2940 silly placeDep ROOT css-select@5.2.2 OK for: cheerio-select@2.1.0 want: ^5.1.0
2941 silly placeDep ROOT css-what@6.2.2 OK for: cheerio-select@2.1.0 want: ^6.1.0
2942 silly placeDep ROOT domelementtype@2.3.0 OK for: cheerio-select@2.1.0 want: ^2.3.0
2943 silly fetch manifest nth-check@^2.0.1
2944 silly packumentCache full:https://registry.npmmirror.com/nth-check cache-hit
2945 silly placeDep ROOT readdirp@4.1.2 OK for: chokidar@4.0.3 want: ^4.0.1
2946 silly placeDep ROOT nth-check@2.1.1 OK for: css-select@5.2.2 want: ^2.0.1
2947 silly placeDep ROOT ms@2.1.3 OK for: debug@4.4.3 want: ^2.1.3
2948 silly placeDep ROOT base-64@1.0.0 OK for: deterministic-object-hash@2.0.2 want: ^1.0.0
2949 silly placeDep ROOT entities@4.5.0 OK for: dom-serializer@2.0.0 want: ^4.2.0
2950 silly placeDep ROOT iconv-lite@0.6.3 OK for: encoding-sniffer@0.2.1 want: ^0.6.3
2951 silly placeDep ROOT whatwg-encoding@3.1.1 OK for: encoding-sniffer@0.2.1 want: ^3.1.1
2952 silly fetch manifest safer-buffer@>= 2.1.2 < 3.0.0
2953 silly packumentCache full:https://registry.npmmirror.com/safer-buffer cache-miss
2954 http fetch GET 200 https://registry.npmmirror.com/safer-buffer 546ms (cache miss)
2955 silly packumentCache full:https://registry.npmmirror.com/safer-buffer set size:6036 disposed:false
2956 silly placeDep ROOT @esbuild/aix-ppc64@0.25.12 OK for: esbuild@0.25.12 want: 0.25.12
2957 silly placeDep ROOT @esbuild/android-arm@0.25.12 OK for: esbuild@0.25.12 want: 0.25.12
2958 silly placeDep ROOT @esbuild/android-arm64@0.25.12 OK for: esbuild@0.25.12 want: 0.25.12
2959 silly placeDep ROOT @esbuild/android-x64@0.25.12 OK for: esbuild@0.25.12 want: 0.25.12
2960 silly placeDep ROOT @esbuild/darwin-arm64@0.25.12 OK for: esbuild@0.25.12 want: 0.25.12
2961 silly placeDep ROOT @esbuild/darwin-x64@0.25.12 OK for: esbuild@0.25.12 want: 0.25.12
2962 silly placeDep ROOT @esbuild/freebsd-arm64@0.25.12 OK for: esbuild@0.25.12 want: 0.25.12
2963 silly placeDep ROOT @esbuild/freebsd-x64@0.25.12 OK for: esbuild@0.25.12 want: 0.25.12
2964 silly placeDep ROOT @esbuild/linux-arm@0.25.12 OK for: esbuild@0.25.12 want: 0.25.12
2965 silly placeDep ROOT @esbuild/linux-arm64@0.25.12 OK for: esbuild@0.25.12 want: 0.25.12
2966 silly placeDep ROOT @esbuild/linux-ia32@0.25.12 OK for: esbuild@0.25.12 want: 0.25.12
2967 silly placeDep ROOT @esbuild/linux-loong64@0.25.12 OK for: esbuild@0.25.12 want: 0.25.12
2968 silly placeDep ROOT @esbuild/linux-mips64el@0.25.12 OK for: esbuild@0.25.12 want: 0.25.12
2969 silly placeDep ROOT @esbuild/linux-ppc64@0.25.12 OK for: esbuild@0.25.12 want: 0.25.12
2970 silly placeDep ROOT @esbuild/linux-riscv64@0.25.12 OK for: esbuild@0.25.12 want: 0.25.12
2971 silly placeDep ROOT @esbuild/linux-s390x@0.25.12 OK for: esbuild@0.25.12 want: 0.25.12
2972 silly placeDep ROOT @esbuild/linux-x64@0.25.12 OK for: esbuild@0.25.12 want: 0.25.12
2973 silly placeDep ROOT @esbuild/netbsd-arm64@0.25.12 OK for: esbuild@0.25.12 want: 0.25.12
2974 silly placeDep ROOT @esbuild/netbsd-x64@0.25.12 OK for: esbuild@0.25.12 want: 0.25.12
2975 silly placeDep ROOT @esbuild/openbsd-arm64@0.25.12 OK for: esbuild@0.25.12 want: 0.25.12
2976 silly placeDep ROOT @esbuild/openbsd-x64@0.25.12 OK for: esbuild@0.25.12 want: 0.25.12
2977 silly placeDep ROOT @esbuild/openharmony-arm64@0.25.12 OK for: esbuild@0.25.12 want: 0.25.12
2978 silly placeDep ROOT @esbuild/sunos-x64@0.25.12 OK for: esbuild@0.25.12 want: 0.25.12
2979 silly placeDep ROOT @esbuild/win32-arm64@0.25.12 OK for: esbuild@0.25.12 want: 0.25.12
2980 silly placeDep ROOT @esbuild/win32-ia32@0.25.12 OK for: esbuild@0.25.12 want: 0.25.12
2981 silly placeDep ROOT @esbuild/win32-x64@0.25.12 OK for: esbuild@0.25.12 want: 0.25.12
2982 silly placeDep ROOT @types/yauzl@2.10.3 OK for: extract-zip@2.0.1 want: ^2.9.1
2983 silly placeDep ROOT get-stream@5.2.0 OK for: extract-zip@2.0.1 want: ^5.1.0
2984 silly placeDep ROOT yauzl@2.10.0 OK for: extract-zip@2.0.1 want: ^2.10.0
2985 silly fetch manifest pump@^3.0.0
2986 silly packumentCache full:https://registry.npmmirror.com/pump cache-miss
2987 silly fetch manifest fd-slicer@~1.1.0
2988 silly packumentCache full:https://registry.npmmirror.com/fd-slicer cache-miss
2989 silly fetch manifest buffer-crc32@~0.2.3
2990 silly packumentCache full:https://registry.npmmirror.com/buffer-crc32 cache-miss
2991 http fetch GET 200 https://registry.npmmirror.com/pump 171ms (cache miss)
2992 silly packumentCache full:https://registry.npmmirror.com/pump set size:8429 disposed:false
2993 http fetch GET 200 https://registry.npmmirror.com/buffer-crc32 176ms (cache miss)
2994 silly packumentCache full:https://registry.npmmirror.com/buffer-crc32 set size:8666 disposed:false
2995 http fetch GET 200 https://registry.npmmirror.com/fd-slicer 188ms (cache miss)
2996 silly packumentCache full:https://registry.npmmirror.com/fd-slicer set size:6184 disposed:false
2997 silly placeDep ROOT @nodelib/fs.stat@2.0.5 OK for: fast-glob@3.3.3 want: ^2.0.2
2998 silly placeDep ROOT @nodelib/fs.walk@1.2.8 OK for: fast-glob@3.3.3 want: ^1.2.3
2999 silly placeDep ROOT glob-parent@5.1.2 OK for: fast-glob@3.3.3 want: ^5.1.2
3000 silly placeDep ROOT merge2@1.4.1 OK for: fast-glob@3.3.3 want: ^1.3.0
3001 silly placeDep ROOT micromatch@4.0.8 OK for: fast-glob@3.3.3 want: ^4.0.8
3002 silly fetch manifest @nodelib/fs.scandir@2.1.5
3003 silly packumentCache full:https://registry.npmmirror.com/@nodelib%2ffs.scandir cache-miss
3004 silly fetch manifest fastq@^1.6.0
3005 silly packumentCache full:https://registry.npmmirror.com/fastq cache-miss
3006 silly fetch manifest is-glob@^4.0.1
3007 silly packumentCache full:https://registry.npmmirror.com/is-glob cache-hit
3008 silly fetch manifest braces@^3.0.3
3009 silly packumentCache full:https://registry.npmmirror.com/braces cache-miss
3010 silly fetch manifest picomatch@^2.3.1
3011 silly packumentCache full:https://registry.npmmirror.com/picomatch cache-hit
3012 http fetch GET 200 https://registry.npmmirror.com/braces 46ms (cache miss)
3013 silly packumentCache full:https://registry.npmmirror.com/braces set size:22104 disposed:false
3014 http fetch GET 200 https://registry.npmmirror.com/fastq 55ms (cache miss)
3015 silly packumentCache full:https://registry.npmmirror.com/fastq set size:14087 disposed:false
3016 http fetch GET 200 https://registry.npmmirror.com/@nodelib%2ffs.scandir 62ms (cache miss)
3017 silly packumentCache full:https://registry.npmmirror.com/@nodelib%2ffs.scandir set size:8538 disposed:false
3018 silly placeDep ROOT @nodelib/fs.scandir@2.1.5 OK for: @nodelib/fs.walk@1.2.8 want: 2.1.5
3019 silly placeDep ROOT fastq@1.19.1 OK for: @nodelib/fs.walk@1.2.8 want: ^1.6.0
3020 silly fetch manifest run-parallel@^1.1.9
3021 silly packumentCache full:https://registry.npmmirror.com/run-parallel cache-miss
3022 silly fetch manifest reusify@^1.0.4
3023 silly packumentCache full:https://registry.npmmirror.com/reusify cache-miss
3024 http fetch GET 200 https://registry.npmmirror.com/reusify 176ms (cache miss)
3025 silly packumentCache full:https://registry.npmmirror.com/reusify set size:4443 disposed:false
3026 http fetch GET 200 https://registry.npmmirror.com/run-parallel 177ms (cache miss)
3027 silly packumentCache full:https://registry.npmmirror.com/run-parallel set size:6640 disposed:false
3028 silly placeDep ROOT run-parallel@1.2.0 OK for: @nodelib/fs.scandir@2.1.5 want: ^1.1.9
3029 silly fetch manifest queue-microtask@^1.2.2
3030 silly packumentCache full:https://registry.npmmirror.com/queue-microtask cache-miss
3031 http fetch GET 200 https://registry.npmmirror.com/queue-microtask 62ms (cache miss)
3032 silly packumentCache full:https://registry.npmmirror.com/queue-microtask set size:6139 disposed:false
3033 silly placeDep ROOT strnum@2.1.1 OK for: fast-xml-parser@5.3.2 want: ^2.1.0
3034 silly placeDep ROOT reusify@1.1.0 OK for: fastq@1.19.1 want: ^1.0.4
3035 silly placeDep ROOT @types/fontkit@2.0.8 OK for: fontace@0.3.1 want: ^2.0.8
3036 silly placeDep ROOT fontkit@2.0.4 OK for: fontace@0.3.1 want: ^2.0.4
3037 silly fetch manifest @swc/helpers@^0.5.12
3038 silly packumentCache full:https://registry.npmmirror.com/@swc%2fhelpers cache-hit
3039 silly fetch manifest brotli@^1.3.2
3040 silly packumentCache full:https://registry.npmmirror.com/brotli cache-miss
3041 silly fetch manifest clone@^2.1.2
3042 silly packumentCache full:https://registry.npmmirror.com/clone cache-miss
3043 silly fetch manifest dfa@^1.2.0
3044 silly packumentCache full:https://registry.npmmirror.com/dfa cache-miss
3045 silly fetch manifest fast-deep-equal@^3.1.3
3046 silly packumentCache full:https://registry.npmmirror.com/fast-deep-equal cache-miss
3047 silly fetch manifest restructure@^3.0.0
3048 silly packumentCache full:https://registry.npmmirror.com/restructure cache-miss
3049 silly fetch manifest tiny-inflate@^1.0.3
3050 silly packumentCache full:https://registry.npmmirror.com/tiny-inflate cache-miss
3051 silly fetch manifest unicode-properties@^1.4.0
3052 silly packumentCache full:https://registry.npmmirror.com/unicode-properties cache-miss
3053 silly fetch manifest unicode-trie@^2.0.0
3054 silly packumentCache full:https://registry.npmmirror.com/unicode-trie cache-miss
3055 http fetch GET 200 https://registry.npmmirror.com/fast-deep-equal 59ms (cache miss)
3056 silly packumentCache full:https://registry.npmmirror.com/fast-deep-equal set size:6487 disposed:false
3057 http fetch GET 200 https://registry.npmmirror.com/brotli 145ms (cache miss)
3058 silly packumentCache full:https://registry.npmmirror.com/brotli set size:5028 disposed:false
3059 http fetch GET 200 https://registry.npmmirror.com/clone 147ms (cache miss)
3060 silly packumentCache full:https://registry.npmmirror.com/clone set size:12703 disposed:false
3061 http fetch GET 200 https://registry.npmmirror.com/tiny-inflate 165ms (cache miss)
3062 silly packumentCache full:https://registry.npmmirror.com/tiny-inflate set size:2215 disposed:false
3063 http fetch GET 200 https://registry.npmmirror.com/dfa 254ms (cache miss)
3064 silly packumentCache full:https://registry.npmmirror.com/dfa set size:3533 disposed:false
3065 http fetch GET 200 https://registry.npmmirror.com/unicode-properties 255ms (cache miss)
3066 silly packumentCache full:https://registry.npmmirror.com/unicode-properties set size:5829 disposed:false
3067 http fetch GET 200 https://registry.npmmirror.com/restructure 256ms (cache miss)
3068 silly packumentCache full:https://registry.npmmirror.com/restructure set size:13487 disposed:false
3069 http fetch GET 200 https://registry.npmmirror.com/unicode-trie 255ms (cache miss)
3070 silly packumentCache full:https://registry.npmmirror.com/unicode-trie set size:3917 disposed:false
3071 silly placeDep ROOT @swc/helpers@0.5.17 OK for: fontkit@2.0.4 want: ^0.5.12
3072 silly placeDep ROOT brotli@1.3.3 OK for: fontkit@2.0.4 want: ^1.3.2
3073 silly placeDep ROOT clone@2.1.2 OK for: fontkit@2.0.4 want: ^2.1.2
3074 silly placeDep ROOT dfa@1.2.0 OK for: fontkit@2.0.4 want: ^1.2.0
3075 silly placeDep ROOT fast-deep-equal@3.1.3 OK for: fontkit@2.0.4 want: ^3.1.3
3076 silly placeDep ROOT restructure@3.0.2 OK for: fontkit@2.0.4 want: ^3.0.0
3077 silly placeDep ROOT tiny-inflate@1.0.3 OK for: fontkit@2.0.4 want: ^1.0.3
3078 silly placeDep ROOT unicode-properties@1.4.1 OK for: fontkit@2.0.4 want: ^1.4.0
3079 silly placeDep ROOT unicode-trie@2.0.0 OK for: fontkit@2.0.4 want: ^2.0.0
3080 silly fetch manifest tslib@^2.8.0
3081 silly packumentCache full:https://registry.npmmirror.com/tslib cache-miss
3082 silly fetch manifest base64-js@^1.1.2
3083 silly packumentCache full:https://registry.npmmirror.com/base64-js cache-miss
3084 silly fetch manifest base64-js@^1.3.0
3085 silly packumentCache full:https://registry.npmmirror.com/base64-js cache-miss
3086 silly fetch manifest pako@^0.2.5
3087 silly packumentCache full:https://registry.npmmirror.com/pako cache-hit
3088 http fetch GET 200 https://registry.npmmirror.com/tslib 2598ms (cache miss)
3089 silly packumentCache full:https://registry.npmmirror.com/tslib set size:33172 disposed:false
3090 http fetch GET 200 https://registry.npmmirror.com/base64-js 2622ms (cache miss)
3091 silly packumentCache full:https://registry.npmmirror.com/base64-js set size:11923 disposed:false
3092 http fetch GET 200 https://registry.npmmirror.com/base64-js 2625ms (cache miss)
3093 silly packumentCache full:https://registry.npmmirror.com/base64-js set size:11923 disposed:false
3094 silly packumentCache full:https://registry.npmmirror.com/base64-js dispose
3095 silly placeDep ROOT tslib@2.8.1 OK for: @swc/helpers@0.5.17 want: ^2.8.0
3096 silly placeDep ROOT base64-js@1.5.1 OK for: brotli@1.3.3 want: ^1.1.2
3097 silly placeDep node_modules/fontmin @types/node@12.20.55 OK for: fontmin@1.1.1 want: ^12.20.55
3098 silly placeDep ROOT @types/through2@2.0.41 OK for: fontmin@1.1.1 want: ^2.0.38
3099 silly placeDep ROOT b3b@0.0.1 OK for: fontmin@1.1.1 want: ^0.0.1
3100 silly placeDep ROOT buffer-to-vinyl@1.1.0 OK for: fontmin@1.1.1 want: ^1.0.0
3101 silly placeDep ROOT code-points@2.0.0-1 OK for: fontmin@1.1.1 want: ^2.0.0-1
3102 silly placeDep ROOT concat-stream@2.0.0 OK for: fontmin@1.1.1 want: ^2.0.0
3103 silly placeDep ROOT fonteditor-core@2.4.1 OK for: fontmin@1.1.1 want: ~2.4.0
3104 silly placeDep ROOT get-stdin@8.0.0 OK for: fontmin@1.1.1 want: ^8.0.0
3105 silly placeDep ROOT is-otf@0.1.2 OK for: fontmin@1.1.1 want: ^0.1.2
3106 silly placeDep ROOT is-svg@4.4.0 OK for: fontmin@1.1.1 want: ^4.2.1
3107 silly placeDep ROOT is-ttf@0.2.2 OK for: fontmin@1.1.1 want: ^0.2.2
3108 silly placeDep ROOT lodash@4.17.21 OK for: fontmin@1.1.1 want: ^4.17.10
3109 silly placeDep ROOT meow@9.0.0 OK for: fontmin@1.1.1 want: ^9.0.0
3110 silly placeDep ROOT pako@2.1.0 OK for: fontmin@1.1.1 want: ^2.0.3
3111 silly placeDep ROOT replace-ext@2.0.0 OK for: fontmin@1.1.1 want: ^2.0.0
3112 silly placeDep ROOT stream-combiner@0.2.2 OK for: fontmin@1.1.1 want: ^0.2.1
3113 silly placeDep ROOT through2@4.0.2 OK for: fontmin@1.1.1 want: ^4.0.2
3114 silly placeDep ROOT ttf2woff2@4.0.5 OK for: fontmin@1.1.1 want: ^4.0.1
3115 silly placeDep ROOT vinyl-fs@3.0.3 OK for: fontmin@1.1.1 want: ^3.0.3
3116 silly fetch manifest file-type@^3.1.0
3117 silly packumentCache full:https://registry.npmmirror.com/file-type cache-miss
3118 silly fetch manifest readable-stream@^2.0.2
3119 silly packumentCache full:https://registry.npmmirror.com/readable-stream cache-miss
3120 silly fetch manifest uuid@^2.0.1
3121 silly packumentCache full:https://registry.npmmirror.com/uuid cache-miss
3122 silly fetch manifest vinyl@^1.0.0
3123 silly packumentCache full:https://registry.npmmirror.com/vinyl cache-miss
3124 silly fetch manifest code-point@^1.0.1
3125 silly packumentCache full:https://registry.npmmirror.com/code-point cache-miss
3126 silly fetch manifest buffer-from@^1.0.0
3127 silly packumentCache full:https://registry.npmmirror.com/buffer-from cache-miss
3128 silly fetch manifest inherits@^2.0.3
3129 silly packumentCache full:https://registry.npmmirror.com/inherits cache-miss
3130 silly fetch manifest readable-stream@^3.0.2
3131 silly packumentCache full:https://registry.npmmirror.com/readable-stream cache-miss
3132 silly fetch manifest typedarray@^0.0.6
3133 silly packumentCache full:https://registry.npmmirror.com/typedarray cache-miss
3134 silly fetch manifest @xmldom/xmldom@^0.8.3
3135 silly packumentCache full:https://registry.npmmirror.com/@xmldom%2fxmldom cache-miss
3136 silly fetch manifest fast-xml-parser@^4.1.3
3137 silly packumentCache full:https://registry.npmmirror.com/fast-xml-parser cache-hit
3138 silly fetch manifest @types/minimist@^1.2.0
3139 silly packumentCache full:https://registry.npmmirror.com/@types%2fminimist cache-miss
3140 silly fetch manifest camelcase-keys@^6.2.2
3141 silly packumentCache full:https://registry.npmmirror.com/camelcase-keys cache-miss
3142 silly fetch manifest decamelize@^1.2.0
3143 silly packumentCache full:https://registry.npmmirror.com/decamelize cache-miss
3144 silly fetch manifest decamelize-keys@^1.1.0
3145 silly packumentCache full:https://registry.npmmirror.com/decamelize-keys cache-miss
3146 silly fetch manifest hard-rejection@^2.1.0
3147 silly packumentCache full:https://registry.npmmirror.com/hard-rejection cache-miss
3148 silly fetch manifest minimist-options@4.1.0
3149 silly packumentCache full:https://registry.npmmirror.com/minimist-options cache-miss
3150 silly fetch manifest normalize-package-data@^3.0.0
3151 silly packumentCache full:https://registry.npmmirror.com/normalize-package-data cache-miss
3152 silly fetch manifest read-pkg-up@^7.0.1
3153 silly packumentCache full:https://registry.npmmirror.com/read-pkg-up cache-miss
3154 silly fetch manifest redent@^3.0.0
3155 silly packumentCache full:https://registry.npmmirror.com/redent cache-miss
3156 silly fetch manifest trim-newlines@^3.0.0
3157 silly packumentCache full:https://registry.npmmirror.com/trim-newlines cache-miss
3158 silly fetch manifest type-fest@^0.18.0
3159 silly packumentCache full:https://registry.npmmirror.com/type-fest cache-hit
3160 silly fetch manifest yargs-parser@^20.2.3
3161 silly packumentCache full:https://registry.npmmirror.com/yargs-parser cache-hit
3162 silly fetch manifest duplexer@~0.1.1
3163 silly packumentCache full:https://registry.npmmirror.com/duplexer cache-miss
3164 silly fetch manifest through@~2.3.4
3165 silly packumentCache full:https://registry.npmmirror.com/through cache-miss
3166 silly fetch manifest readable-stream@3
3167 silly packumentCache full:https://registry.npmmirror.com/readable-stream cache-miss
3168 silly fetch manifest bindings@^1.5.0
3169 silly packumentCache full:https://registry.npmmirror.com/bindings cache-miss
3170 silly fetch manifest bufferstreams@^3.0.0
3171 silly packumentCache full:https://registry.npmmirror.com/bufferstreams cache-miss
3172 silly fetch manifest nan@^2.14.2
3173 silly packumentCache full:https://registry.npmmirror.com/nan cache-miss
3174 silly fetch manifest node-gyp@^9.0.0
3175 silly packumentCache full:https://registry.npmmirror.com/node-gyp cache-miss
3176 silly fetch manifest fs-mkdirp-stream@^1.0.0
3177 silly packumentCache full:https://registry.npmmirror.com/fs-mkdirp-stream cache-miss
3178 silly fetch manifest glob-stream@^6.1.0
3179 silly packumentCache full:https://registry.npmmirror.com/glob-stream cache-miss
3180 silly fetch manifest graceful-fs@^4.0.0
3181 silly packumentCache full:https://registry.npmmirror.com/graceful-fs cache-miss
3182 silly fetch manifest is-valid-glob@^1.0.0
3183 silly packumentCache full:https://registry.npmmirror.com/is-valid-glob cache-miss
3184 http fetch GET 200 https://registry.npmmirror.com/uuid 1873ms (cache miss)
3185 silly packumentCache full:https://registry.npmmirror.com/uuid set size:32850 disposed:false
3186 silly fetch manifest lazystream@^1.0.0
3187 silly packumentCache full:https://registry.npmmirror.com/lazystream cache-miss
3188 http fetch GET 200 https://registry.npmmirror.com/vinyl 1891ms (cache miss)
3189 silly packumentCache full:https://registry.npmmirror.com/vinyl set size:16133 disposed:false
3190 silly fetch manifest lead@^1.0.0
3191 silly packumentCache full:https://registry.npmmirror.com/lead cache-miss
3192 http fetch GET 200 https://registry.npmmirror.com/@types%2fminimist 1898ms (cache miss)
3193 silly packumentCache full:https://registry.npmmirror.com/@types%2fminimist set size:6059 disposed:false
3194 silly fetch manifest object.assign@^4.0.4
3195 silly packumentCache full:https://registry.npmmirror.com/object.assign cache-miss
3196 http fetch GET 200 https://registry.npmmirror.com/readable-stream 1903ms (cache miss)
3197 silly packumentCache full:https://registry.npmmirror.com/readable-stream set size:40678 disposed:false
3198 silly fetch manifest pumpify@^1.3.5
3199 silly packumentCache full:https://registry.npmmirror.com/pumpify cache-miss
3200 http fetch GET 200 https://registry.npmmirror.com/readable-stream 1908ms (cache miss)
3201 silly packumentCache full:https://registry.npmmirror.com/readable-stream set size:40678 disposed:false
3202 silly packumentCache full:https://registry.npmmirror.com/readable-stream dispose
3203 silly fetch manifest readable-stream@^2.3.3
3204 silly packumentCache full:https://registry.npmmirror.com/readable-stream cache-hit
3205 silly fetch manifest remove-bom-buffer@^3.0.0
3206 silly packumentCache full:https://registry.npmmirror.com/remove-bom-buffer cache-miss
3207 http fetch GET 200 https://registry.npmmirror.com/@xmldom%2fxmldom 1916ms (cache miss)
3208 silly packumentCache full:https://registry.npmmirror.com/@xmldom%2fxmldom set size:37263 disposed:false
3209 silly fetch manifest remove-bom-stream@^1.2.0
3210 silly packumentCache full:https://registry.npmmirror.com/remove-bom-stream cache-miss
3211 http fetch GET 200 https://registry.npmmirror.com/decamelize-keys 1938ms (cache miss)
3212 silly packumentCache full:https://registry.npmmirror.com/decamelize-keys set size:5396 disposed:false
3213 silly fetch manifest resolve-options@^1.1.0
3214 silly packumentCache full:https://registry.npmmirror.com/resolve-options cache-miss
3215 http fetch GET 200 https://registry.npmmirror.com/buffer-from 1942ms (cache miss)
3216 silly packumentCache full:https://registry.npmmirror.com/buffer-from set size:3455 disposed:false
3217 silly fetch manifest through2@^2.0.0
3218 silly packumentCache full:https://registry.npmmirror.com/through2 cache-hit
3219 silly fetch manifest to-through@^2.0.0
3220 silly packumentCache full:https://registry.npmmirror.com/to-through cache-miss
3221 http fetch GET 200 https://registry.npmmirror.com/decamelize 1943ms (cache miss)
3222 silly packumentCache full:https://registry.npmmirror.com/decamelize set size:5860 disposed:false
3223 silly fetch manifest value-or-function@^3.0.0
3224 silly packumentCache full:https://registry.npmmirror.com/value-or-function cache-miss
3225 http fetch GET 200 https://registry.npmmirror.com/camelcase-keys 1946ms (cache miss)
3226 silly packumentCache full:https://registry.npmmirror.com/camelcase-keys set size:15611 disposed:false
3227 silly fetch manifest vinyl@^2.0.0
3228 silly packumentCache full:https://registry.npmmirror.com/vinyl cache-hit
3229 silly fetch manifest vinyl-sourcemap@^1.1.0
3230 silly packumentCache full:https://registry.npmmirror.com/vinyl-sourcemap cache-miss
3231 http fetch GET 200 https://registry.npmmirror.com/file-type 1950ms (cache miss)
3232 silly packumentCache full:https://registry.npmmirror.com/file-type set size:76374 disposed:false
3233 http fetch GET 200 https://registry.npmmirror.com/hard-rejection 1952ms (cache miss)
3234 silly packumentCache full:https://registry.npmmirror.com/hard-rejection set size:2942 disposed:false
3235 http fetch GET 200 https://registry.npmmirror.com/inherits 1953ms (cache miss)
3236 silly packumentCache full:https://registry.npmmirror.com/inherits set size:3419 disposed:false
3237 http fetch GET 200 https://registry.npmmirror.com/typedarray 1956ms (cache miss)
3238 silly packumentCache full:https://registry.npmmirror.com/typedarray set size:4959 disposed:false
3239 http fetch GET 200 https://registry.npmmirror.com/code-point 1969ms (cache miss)
3240 silly packumentCache full:https://registry.npmmirror.com/code-point set size:4304 disposed:false
3241 http fetch GET 200 https://registry.npmmirror.com/trim-newlines 2218ms (cache miss)
3242 silly packumentCache full:https://registry.npmmirror.com/trim-newlines set size:6175 disposed:false
3243 http fetch GET 200 https://registry.npmmirror.com/redent 2219ms (cache miss)
3244 silly packumentCache full:https://registry.npmmirror.com/redent set size:2644 disposed:false
3245 http fetch GET 200 https://registry.npmmirror.com/minimist-options 2221ms (cache miss)
3246 silly packumentCache full:https://registry.npmmirror.com/minimist-options set size:5084 disposed:false
3247 http fetch GET 200 https://registry.npmmirror.com/read-pkg-up 2227ms (cache miss)
3248 silly packumentCache full:https://registry.npmmirror.com/read-pkg-up set size:6995 disposed:false
3249 http fetch GET 200 https://registry.npmmirror.com/readable-stream 2231ms (cache miss)
3250 silly packumentCache full:https://registry.npmmirror.com/readable-stream set size:40678 disposed:true
3251 silly packumentCache full:https://registry.npmmirror.com/readable-stream dispose
3252 http fetch GET 200 https://registry.npmmirror.com/duplexer 2243ms (cache miss)
3253 silly packumentCache full:https://registry.npmmirror.com/duplexer set size:2803 disposed:false
3254 http fetch GET 200 https://registry.npmmirror.com/through 2244ms (cache miss)
3255 silly packumentCache full:https://registry.npmmirror.com/through set size:7128 disposed:false
3256 http fetch GET 200 https://registry.npmmirror.com/normalize-package-data 2246ms (cache miss)
3257 silly packumentCache full:https://registry.npmmirror.com/normalize-package-data set size:23859 disposed:false
3258 http fetch GET 200 https://registry.npmmirror.com/node-gyp 2257ms (cache miss)
3259 silly packumentCache full:https://registry.npmmirror.com/node-gyp set size:50721 disposed:false
3260 http fetch GET 200 https://registry.npmmirror.com/bindings 2266ms (cache miss)
3261 silly packumentCache full:https://registry.npmmirror.com/bindings set size:6584 disposed:false
3262 http fetch GET 200 https://registry.npmmirror.com/fs-mkdirp-stream 2270ms (cache miss)
3263 silly packumentCache full:https://registry.npmmirror.com/fs-mkdirp-stream set size:4789 disposed:false
3264 http fetch GET 200 https://registry.npmmirror.com/nan 2273ms (cache miss)
3265 silly packumentCache full:https://registry.npmmirror.com/nan set size:37073 disposed:false
3266 http fetch GET 200 https://registry.npmmirror.com/bufferstreams 2287ms (cache miss)
3267 silly packumentCache full:https://registry.npmmirror.com/bufferstreams set size:9608 disposed:false
3268 http fetch GET 200 https://registry.npmmirror.com/is-valid-glob 2295ms (cache miss)
3269 silly packumentCache full:https://registry.npmmirror.com/is-valid-glob set size:3511 disposed:false
3270 http fetch GET 200 https://registry.npmmirror.com/glob-stream 2330ms (cache miss)
3271 silly packumentCache full:https://registry.npmmirror.com/glob-stream set size:17775 disposed:false
3272 http fetch GET 200 https://registry.npmmirror.com/graceful-fs 2387ms (cache miss)
3273 silly packumentCache full:https://registry.npmmirror.com/graceful-fs set size:23015 disposed:false
3274 http fetch GET 200 https://registry.npmmirror.com/lazystream 520ms (cache miss)
3275 silly packumentCache full:https://registry.npmmirror.com/lazystream set size:4184 disposed:false
3276 http fetch GET 200 https://registry.npmmirror.com/object.assign 498ms (cache miss)
3277 silly packumentCache full:https://registry.npmmirror.com/object.assign set size:15538 disposed:false
3278 http fetch GET 200 https://registry.npmmirror.com/remove-bom-buffer 492ms (cache miss)
3279 silly packumentCache full:https://registry.npmmirror.com/remove-bom-buffer set size:2837 disposed:false
3280 http fetch GET 200 https://registry.npmmirror.com/pumpify 498ms (cache miss)
3281 silly packumentCache full:https://registry.npmmirror.com/pumpify set size:6647 disposed:false
3282 http fetch GET 200 https://registry.npmmirror.com/vinyl-sourcemap 461ms (cache miss)
3283 silly packumentCache full:https://registry.npmmirror.com/vinyl-sourcemap set size:6202 disposed:false
3284 http fetch GET 200 https://registry.npmmirror.com/remove-bom-stream 494ms (cache miss)
3285 silly packumentCache full:https://registry.npmmirror.com/remove-bom-stream set size:3970 disposed:false
3286 http fetch GET 200 https://registry.npmmirror.com/lead 521ms (cache miss)
3287 silly packumentCache full:https://registry.npmmirror.com/lead set size:4456 disposed:false
3288 http fetch GET 200 https://registry.npmmirror.com/resolve-options 476ms (cache miss)
3289 silly packumentCache full:https://registry.npmmirror.com/resolve-options set size:4366 disposed:false
3290 http fetch GET 200 https://registry.npmmirror.com/value-or-function 475ms (cache miss)
3291 silly packumentCache full:https://registry.npmmirror.com/value-or-function set size:5444 disposed:false
3292 http fetch GET 200 https://registry.npmmirror.com/to-through 512ms (cache miss)
3293 silly packumentCache full:https://registry.npmmirror.com/to-through set size:3985 disposed:false
3294 silly placeDep ROOT file-type@3.9.0 OK for: buffer-to-vinyl@1.1.0 want: ^3.1.0
3295 silly placeDep ROOT readable-stream@2.3.8 OK for: buffer-to-vinyl@1.1.0 want: ^2.0.2
3296 silly placeDep ROOT uuid@2.0.3 OK for: buffer-to-vinyl@1.1.0 want: ^2.0.1
3297 silly placeDep ROOT vinyl@1.2.0 OK for: buffer-to-vinyl@1.1.0 want: ^1.0.0
3298 silly fetch manifest core-util-is@~1.0.0
3299 silly packumentCache full:https://registry.npmmirror.com/core-util-is cache-miss
3300 silly fetch manifest inherits@~2.0.3
3301 silly packumentCache full:https://registry.npmmirror.com/inherits cache-hit
3302 silly fetch manifest isarray@~1.0.0
3303 silly packumentCache full:https://registry.npmmirror.com/isarray cache-miss
3304 silly fetch manifest process-nextick-args@~2.0.0
3305 silly packumentCache full:https://registry.npmmirror.com/process-nextick-args cache-miss
3306 silly fetch manifest safe-buffer@~5.1.1
3307 silly packumentCache full:https://registry.npmmirror.com/safe-buffer cache-miss
3308 silly fetch manifest string_decoder@~1.1.1
3309 silly packumentCache full:https://registry.npmmirror.com/string_decoder cache-miss
3310 silly fetch manifest util-deprecate@~1.0.1
3311 silly packumentCache full:https://registry.npmmirror.com/util-deprecate cache-hit
3312 silly fetch manifest clone@^1.0.0
3313 silly packumentCache full:https://registry.npmmirror.com/clone cache-hit
3314 silly fetch manifest clone-stats@^0.0.1
3315 silly packumentCache full:https://registry.npmmirror.com/clone-stats cache-miss
3316 silly fetch manifest replace-ext@0.0.1
3317 silly packumentCache full:https://registry.npmmirror.com/replace-ext cache-hit
3318 http fetch GET 200 https://registry.npmmirror.com/core-util-is 43ms (cache miss)
3319 silly packumentCache full:https://registry.npmmirror.com/core-util-is set size:1796 disposed:false
3320 http fetch GET 200 https://registry.npmmirror.com/isarray 44ms (cache miss)
3321 silly packumentCache full:https://registry.npmmirror.com/isarray set size:3703 disposed:false
3322 http fetch GET 200 https://registry.npmmirror.com/safe-buffer 50ms (cache miss)
3323 silly packumentCache full:https://registry.npmmirror.com/safe-buffer set size:11685 disposed:false
3324 http fetch GET 200 https://registry.npmmirror.com/process-nextick-args 54ms (cache miss)
3325 silly packumentCache full:https://registry.npmmirror.com/process-nextick-args set size:3341 disposed:false
3326 http fetch GET 200 https://registry.npmmirror.com/clone-stats 73ms (cache miss)
3327 silly packumentCache full:https://registry.npmmirror.com/clone-stats set size:1859 disposed:false
3328 http fetch GET 200 https://registry.npmmirror.com/string_decoder 77ms (cache miss)
3329 silly packumentCache full:https://registry.npmmirror.com/string_decoder set size:5759 disposed:false
3330 silly placeDep ROOT code-point@1.1.0 OK for: code-points@2.0.0-1 want: ^1.0.1
3331 silly placeDep ROOT buffer-from@1.1.2 OK for: concat-stream@2.0.0 want: ^1.0.0
3332 silly placeDep ROOT inherits@2.0.4 OK for: concat-stream@2.0.0 want: ^2.0.3
3333 silly placeDep node_modules/concat-stream readable-stream@3.6.2 OK for: concat-stream@2.0.0 want: ^3.0.2
3334 silly placeDep ROOT typedarray@0.0.6 OK for: concat-stream@2.0.0 want: ^0.0.6
3335 silly fetch manifest string_decoder@^1.1.1
3336 silly packumentCache full:https://registry.npmmirror.com/string_decoder cache-hit
3337 silly fetch manifest util-deprecate@^1.0.1
3338 silly packumentCache full:https://registry.npmmirror.com/util-deprecate cache-hit
3339 silly placeDep ROOT @xmldom/xmldom@0.8.11 OK for: fonteditor-core@2.4.1 want: ^0.8.3
3340 silly placeDep ROOT asynckit@0.4.0 OK for: form-data@4.0.5 want: ^0.4.0
3341 silly placeDep ROOT combined-stream@1.0.8 OK for: form-data@4.0.5 want: ^1.0.8
3342 silly placeDep ROOT es-set-tostringtag@2.1.0 OK for: form-data@4.0.5 want: ^2.1.0
3343 silly placeDep ROOT hasown@2.0.2 OK for: form-data@4.0.5 want: ^2.0.2
3344 silly placeDep ROOT mime-types@2.1.35 OK for: form-data@4.0.5 want: ^2.1.12
3345 silly fetch manifest delayed-stream@~1.0.0
3346 silly packumentCache full:https://registry.npmmirror.com/delayed-stream cache-miss
3347 silly fetch manifest es-errors@^1.3.0
3348 silly packumentCache full:https://registry.npmmirror.com/es-errors cache-miss
3349 silly fetch manifest get-intrinsic@^1.2.6
3350 silly packumentCache full:https://registry.npmmirror.com/get-intrinsic cache-miss
3351 silly fetch manifest has-tostringtag@^1.0.2
3352 silly packumentCache full:https://registry.npmmirror.com/has-tostringtag cache-miss
3353 silly fetch manifest function-bind@^1.1.2
3354 silly packumentCache full:https://registry.npmmirror.com/function-bind cache-miss
3355 silly fetch manifest mime-db@1.52.0
3356 silly packumentCache full:https://registry.npmmirror.com/mime-db cache-miss
3357 http fetch GET 200 https://registry.npmmirror.com/has-tostringtag 169ms (cache miss)
3358 silly packumentCache full:https://registry.npmmirror.com/has-tostringtag set size:3448 disposed:false
3359 http fetch GET 200 https://registry.npmmirror.com/delayed-stream 170ms (cache miss)
3360 silly packumentCache full:https://registry.npmmirror.com/delayed-stream set size:4333 disposed:false
3361 http fetch GET 200 https://registry.npmmirror.com/function-bind 169ms (cache miss)
3362 silly packumentCache full:https://registry.npmmirror.com/function-bind set size:4376 disposed:false
3363 http fetch GET 200 https://registry.npmmirror.com/es-errors 171ms (cache miss)
3364 silly packumentCache full:https://registry.npmmirror.com/es-errors set size:4030 disposed:false
3365 http fetch GET 200 https://registry.npmmirror.com/get-intrinsic 184ms (cache miss)
3366 silly packumentCache full:https://registry.npmmirror.com/get-intrinsic set size:11575 disposed:false
3367 http fetch GET 200 https://registry.npmmirror.com/mime-db 187ms (cache miss)
3368 silly packumentCache full:https://registry.npmmirror.com/mime-db set size:24206 disposed:false
3369 silly placeDep ROOT delayed-stream@1.0.0 OK for: combined-stream@1.0.8 want: ~1.0.0
3370 silly placeDep ROOT es-errors@1.3.0 OK for: es-set-tostringtag@2.1.0 want: ^1.3.0
3371 silly placeDep ROOT get-intrinsic@1.3.0 OK for: es-set-tostringtag@2.1.0 want: ^1.2.6
3372 silly placeDep ROOT has-tostringtag@1.0.2 OK for: es-set-tostringtag@2.1.0 want: ^1.0.2
3373 silly fetch manifest call-bind-apply-helpers@^1.0.2
3374 silly packumentCache full:https://registry.npmmirror.com/call-bind-apply-helpers cache-miss
3375 silly fetch manifest es-define-property@^1.0.1
3376 silly packumentCache full:https://registry.npmmirror.com/es-define-property cache-miss
3377 silly fetch manifest es-object-atoms@^1.1.1
3378 silly packumentCache full:https://registry.npmmirror.com/es-object-atoms cache-miss
3379 silly fetch manifest get-proto@^1.0.1
3380 silly packumentCache full:https://registry.npmmirror.com/get-proto cache-miss
3381 silly fetch manifest gopd@^1.2.0
3382 silly packumentCache full:https://registry.npmmirror.com/gopd cache-miss
3383 silly fetch manifest has-symbols@^1.1.0
3384 silly packumentCache full:https://registry.npmmirror.com/has-symbols cache-miss
3385 silly fetch manifest math-intrinsics@^1.1.0
3386 silly packumentCache full:https://registry.npmmirror.com/math-intrinsics cache-miss
3387 silly fetch manifest has-symbols@^1.0.3
3388 silly packumentCache full:https://registry.npmmirror.com/has-symbols cache-miss
3389 http fetch GET 200 https://registry.npmmirror.com/es-object-atoms 135ms (cache miss)
3390 silly packumentCache full:https://registry.npmmirror.com/es-object-atoms set size:3862 disposed:false
3391 http fetch GET 200 https://registry.npmmirror.com/has-symbols 135ms (cache miss)
3392 silly packumentCache full:https://registry.npmmirror.com/has-symbols set size:5325 disposed:false
3393 http fetch GET 200 https://registry.npmmirror.com/has-symbols 137ms (cache miss)
3394 silly packumentCache full:https://registry.npmmirror.com/has-symbols set size:5325 disposed:false
3395 silly packumentCache full:https://registry.npmmirror.com/has-symbols dispose
3396 http fetch GET 200 https://registry.npmmirror.com/math-intrinsics 145ms (cache miss)
3397 silly packumentCache full:https://registry.npmmirror.com/math-intrinsics set size:3012 disposed:false
3398 http fetch GET 200 https://registry.npmmirror.com/call-bind-apply-helpers 148ms (cache miss)
3399 silly packumentCache full:https://registry.npmmirror.com/call-bind-apply-helpers set size:3532 disposed:false
3400 http fetch GET 200 https://registry.npmmirror.com/get-proto 151ms (cache miss)
3401 silly packumentCache full:https://registry.npmmirror.com/get-proto set size:2799 disposed:false
3402 http fetch GET 200 https://registry.npmmirror.com/gopd 156ms (cache miss)
3403 silly packumentCache full:https://registry.npmmirror.com/gopd set size:3962 disposed:false
3404 http fetch GET 200 https://registry.npmmirror.com/es-define-property 212ms (cache miss)
3405 silly packumentCache full:https://registry.npmmirror.com/es-define-property set size:2896 disposed:false
3406 silly placeDep ROOT call-bind-apply-helpers@1.0.2 OK for: get-intrinsic@1.3.0 want: ^1.0.2
3407 silly placeDep ROOT es-define-property@1.0.1 OK for: get-intrinsic@1.3.0 want: ^1.0.1
3408 silly placeDep ROOT es-object-atoms@1.1.1 OK for: get-intrinsic@1.3.0 want: ^1.1.1
3409 silly placeDep ROOT function-bind@1.1.2 OK for: get-intrinsic@1.3.0 want: ^1.1.2
3410 silly placeDep ROOT get-proto@1.0.1 OK for: get-intrinsic@1.3.0 want: ^1.0.1
3411 silly placeDep ROOT gopd@1.2.0 OK for: get-intrinsic@1.3.0 want: ^1.2.0
3412 silly placeDep ROOT has-symbols@1.1.0 OK for: get-intrinsic@1.3.0 want: ^1.1.0
3413 silly placeDep ROOT math-intrinsics@1.1.0 OK for: get-intrinsic@1.3.0 want: ^1.1.0
3414 silly fetch manifest dunder-proto@^1.0.1
3415 silly packumentCache full:https://registry.npmmirror.com/dunder-proto cache-miss
3416 http fetch GET 200 https://registry.npmmirror.com/dunder-proto 1060ms (cache miss)
3417 silly packumentCache full:https://registry.npmmirror.com/dunder-proto set size:2798 disposed:false
3418 silly placeDep ROOT dunder-proto@1.0.1 OK for: get-proto@1.0.1 want: ^1.0.1
3419 silly placeDep ROOT pump@3.0.3 OK for: get-stream@5.2.0 want: ^3.0.0
3420 silly fetch manifest end-of-stream@^1.1.0
3421 silly packumentCache full:https://registry.npmmirror.com/end-of-stream cache-miss
3422 silly fetch manifest once@^1.3.1
3423 silly packumentCache full:https://registry.npmmirror.com/once cache-miss
3424 http fetch GET 200 https://registry.npmmirror.com/once 215ms (cache miss)
3425 silly packumentCache full:https://registry.npmmirror.com/once set size:3210 disposed:false
3426 http fetch GET 200 https://registry.npmmirror.com/end-of-stream 228ms (cache miss)
3427 silly packumentCache full:https://registry.npmmirror.com/end-of-stream set size:5278 disposed:false
3428 silly placeDep ROOT is-glob@4.0.3 OK for: glob-parent@5.1.2 want: ^4.0.1
3429 silly fetch manifest is-extglob@^2.1.1
3430 silly packumentCache full:https://registry.npmmirror.com/is-extglob cache-miss
3431 http fetch GET 200 https://registry.npmmirror.com/is-extglob 107ms (cache miss)
3432 silly packumentCache full:https://registry.npmmirror.com/is-extglob set size:3363 disposed:false
3433 silly placeDep ROOT bcp-47-match@2.0.3 OK for: hast-util-select@6.0.4 want: ^2.0.0
3434 silly placeDep ROOT comma-separated-tokens@2.0.3 OK for: hast-util-select@6.0.4 want: ^2.0.0
3435 silly placeDep ROOT css-selector-parser@3.2.0 OK for: hast-util-select@6.0.4 want: ^3.0.0
3436 silly placeDep ROOT devlop@1.1.0 OK for: hast-util-select@6.0.4 want: ^1.0.0
3437 silly placeDep ROOT direction@2.0.1 OK for: hast-util-select@6.0.4 want: ^2.0.0
3438 silly placeDep ROOT hast-util-has-property@3.0.0 OK for: hast-util-select@6.0.4 want: ^3.0.0
3439 silly placeDep ROOT hast-util-to-string@3.0.1 OK for: hast-util-select@6.0.4 want: ^3.0.0
3440 silly placeDep ROOT hast-util-whitespace@3.0.0 OK for: hast-util-select@6.0.4 want: ^3.0.0
3441 silly placeDep ROOT property-information@7.1.0 OK for: hast-util-select@6.0.4 want: ^7.0.0
3442 silly placeDep ROOT space-separated-tokens@2.0.2 OK for: hast-util-select@6.0.4 want: ^2.0.0
3443 silly placeDep ROOT zwitch@2.0.4 OK for: hast-util-select@6.0.4 want: ^2.0.0
3444 silly fetch manifest dequal@^2.0.0
3445 silly packumentCache full:https://registry.npmmirror.com/dequal cache-miss
3446 http fetch GET 200 https://registry.npmmirror.com/dequal 132ms (cache miss)
3447 silly packumentCache full:https://registry.npmmirror.com/dequal set size:5565 disposed:false
3448 silly placeDep ROOT dequal@2.0.3 OK for: devlop@1.1.0 want: ^2.0.0
3449 silly placeDep ROOT ccount@2.0.1 OK for: hast-util-to-html@9.0.5 want: ^2.0.0
3450 silly placeDep ROOT html-void-elements@3.0.0 OK for: hast-util-to-html@9.0.5 want: ^3.0.0
3451 silly placeDep ROOT mdast-util-to-hast@13.2.0 OK for: hast-util-to-html@9.0.5 want: ^13.0.0
3452 silly placeDep ROOT stringify-entities@4.0.4 OK for: hast-util-to-html@9.0.5 want: ^4.0.0
3453 silly fetch manifest micromark-util-sanitize-uri@^2.0.0
3454 silly packumentCache full:https://registry.npmmirror.com/micromark-util-sanitize-uri cache-miss
3455 silly fetch manifest trim-lines@^3.0.0
3456 silly packumentCache full:https://registry.npmmirror.com/trim-lines cache-miss
3457 silly fetch manifest unist-util-position@^5.0.0
3458 silly packumentCache full:https://registry.npmmirror.com/unist-util-position cache-miss
3459 silly fetch manifest character-entities-html4@^2.0.0
3460 silly packumentCache full:https://registry.npmmirror.com/character-entities-html4 cache-miss
3461 silly fetch manifest character-entities-legacy@^3.0.0
3462 silly packumentCache full:https://registry.npmmirror.com/character-entities-legacy cache-miss
3463 http fetch GET 200 https://registry.npmmirror.com/unist-util-position 103ms (cache miss)
3464 silly packumentCache full:https://registry.npmmirror.com/unist-util-position set size:11240 disposed:false
3465 http fetch GET 200 https://registry.npmmirror.com/trim-lines 104ms (cache miss)
3466 silly packumentCache full:https://registry.npmmirror.com/trim-lines set size:7250 disposed:false
3467 http fetch GET 200 https://registry.npmmirror.com/character-entities-html4 105ms (cache miss)
3468 silly packumentCache full:https://registry.npmmirror.com/character-entities-html4 set size:6563 disposed:false
3469 http fetch GET 200 https://registry.npmmirror.com/micromark-util-sanitize-uri 113ms (cache miss)
3470 silly packumentCache full:https://registry.npmmirror.com/micromark-util-sanitize-uri set size:7045 disposed:false
3471 http fetch GET 200 https://registry.npmmirror.com/character-entities-legacy 120ms (cache miss)
3472 silly packumentCache full:https://registry.npmmirror.com/character-entities-legacy set size:6779 disposed:false
3473 silly placeDep ROOT hast-util-is-element@3.0.0 OK for: hast-util-to-text@4.0.2 want: ^3.0.0
3474 silly placeDep ROOT unist-util-find-after@5.0.0 OK for: hast-util-to-text@4.0.2 want: ^5.0.0
3475 silly placeDep ROOT hast-util-parse-selector@4.0.0 OK for: hastscript@9.0.1 want: ^4.0.0
3476 silly placeDep ROOT safer-buffer@2.1.2 OK for: iconv-lite@0.6.3 want: >= 2.1.2 < 3.0.0
3477 silly placeDep ROOT is-extglob@2.1.1 OK for: is-glob@4.0.3 want: ^2.1.1
3478 silly placeDep node_modules/is-svg fast-xml-parser@4.5.3 OK for: is-svg@4.4.0 want: ^4.1.3
3479 silly fetch manifest strnum@^1.1.1
3480 silly packumentCache full:https://registry.npmmirror.com/strnum cache-hit
3481 silly placeDep ROOT argparse@2.0.1 OK for: js-yaml@4.1.1 want: ^2.0.1
3482 silly placeDep ROOT commander@8.3.0 OK for: katex@0.16.25 want: ^8.3.0
3483 silly placeDep ROOT pkg-types@1.3.1 OK for: local-pkg@0.5.1 want: ^1.2.1
3484 silly fetch manifest confbox@^0.1.8
3485 silly packumentCache full:https://registry.npmmirror.com/confbox cache-miss
3486 silly fetch manifest pathe@^2.0.1
3487 silly packumentCache full:https://registry.npmmirror.com/pathe cache-hit
3488 http fetch GET 200 https://registry.npmmirror.com/confbox 46ms (cache miss)
3489 silly packumentCache full:https://registry.npmmirror.com/confbox set size:8273 disposed:false
3490 silly placeDep ROOT source-map-js@1.2.1 OK for: magicast@0.5.1 want: ^1.2.1
3491 silly placeDep ROOT linkify-it@5.0.0 OK for: markdown-it@14.1.0 want: ^5.0.0
3492 silly placeDep ROOT mdurl@2.0.0 OK for: markdown-it@14.1.0 want: ^2.0.0
3493 silly placeDep ROOT punycode.js@2.3.1 OK for: markdown-it@14.1.0 want: ^2.3.1
3494 silly placeDep ROOT uc.micro@2.1.0 OK for: markdown-it@14.1.0 want: ^2.1.0
3495 silly fetch manifest uc.micro@^2.0.0
3496 silly packumentCache full:https://registry.npmmirror.com/uc.micro cache-hit
3497 silly placeDep ROOT @ungap/structured-clone@1.3.0 OK for: mdast-util-to-hast@13.2.0 want: ^1.0.0
3498 silly placeDep ROOT micromark-util-sanitize-uri@2.0.1 OK for: mdast-util-to-hast@13.2.0 want: ^2.0.0
3499 silly placeDep ROOT trim-lines@3.0.1 OK for: mdast-util-to-hast@13.2.0 want: ^3.0.0
3500 silly placeDep ROOT unist-util-position@5.0.0 OK for: mdast-util-to-hast@13.2.0 want: ^5.0.0
3501 silly fetch manifest micromark-util-character@^2.0.0
3502 silly packumentCache full:https://registry.npmmirror.com/micromark-util-character cache-miss
3503 silly fetch manifest micromark-util-encode@^2.0.0
3504 silly packumentCache full:https://registry.npmmirror.com/micromark-util-encode cache-miss
3505 silly fetch manifest micromark-util-symbol@^2.0.0
3506 silly packumentCache full:https://registry.npmmirror.com/micromark-util-symbol cache-miss
3507 http fetch GET 200 https://registry.npmmirror.com/micromark-util-character 61ms (cache miss)
3508 silly packumentCache full:https://registry.npmmirror.com/micromark-util-character set size:8216 disposed:false
3509 http fetch GET 200 https://registry.npmmirror.com/micromark-util-encode 62ms (cache miss)
3510 silly packumentCache full:https://registry.npmmirror.com/micromark-util-encode set size:6178 disposed:false
3511 http fetch GET 200 https://registry.npmmirror.com/micromark-util-symbol 69ms (cache miss)
3512 silly packumentCache full:https://registry.npmmirror.com/micromark-util-symbol set size:6253 disposed:false
3513 silly placeDep ROOT @types/minimist@1.2.5 OK for: meow@9.0.0 want: ^1.2.0
3514 silly placeDep ROOT camelcase-keys@6.2.2 OK for: meow@9.0.0 want: ^6.2.2
3515 silly placeDep ROOT decamelize@1.2.0 OK for: meow@9.0.0 want: ^1.2.0
3516 silly placeDep ROOT decamelize-keys@1.1.1 OK for: meow@9.0.0 want: ^1.1.0
3517 silly placeDep ROOT hard-rejection@2.1.0 OK for: meow@9.0.0 want: ^2.1.0
3518 silly placeDep ROOT minimist-options@4.1.0 OK for: meow@9.0.0 want: 4.1.0
3519 silly placeDep ROOT normalize-package-data@3.0.3 OK for: meow@9.0.0 want: ^3.0.0
3520 silly placeDep ROOT read-pkg-up@7.0.1 OK for: meow@9.0.0 want: ^7.0.1
3521 silly placeDep ROOT redent@3.0.0 OK for: meow@9.0.0 want: ^3.0.0
3522 silly placeDep ROOT trim-newlines@3.0.1 OK for: meow@9.0.0 want: ^3.0.0
3523 silly placeDep node_modules/meow type-fest@0.18.1 OK for: meow@9.0.0 want: ^0.18.0
3524 silly placeDep node_modules/meow yargs-parser@20.2.9 OK for: meow@9.0.0 want: ^20.2.3
3525 silly fetch manifest camelcase@^5.3.1
3526 silly packumentCache full:https://registry.npmmirror.com/camelcase cache-hit
3527 silly fetch manifest map-obj@^4.0.0
3528 silly packumentCache full:https://registry.npmmirror.com/map-obj cache-miss
3529 silly fetch manifest quick-lru@^4.0.1
3530 silly packumentCache full:https://registry.npmmirror.com/quick-lru cache-miss
3531 silly fetch manifest map-obj@^1.0.0
3532 silly packumentCache full:https://registry.npmmirror.com/map-obj cache-miss
3533 silly fetch manifest arrify@^1.0.1
3534 silly packumentCache full:https://registry.npmmirror.com/arrify cache-miss
3535 silly fetch manifest is-plain-obj@^1.1.0
3536 silly packumentCache full:https://registry.npmmirror.com/is-plain-obj cache-miss
3537 silly fetch manifest kind-of@^6.0.3
3538 silly packumentCache full:https://registry.npmmirror.com/kind-of cache-miss
3539 silly fetch manifest hosted-git-info@^4.0.1
3540 silly packumentCache full:https://registry.npmmirror.com/hosted-git-info cache-miss
3541 silly fetch manifest is-core-module@^2.5.0
3542 silly packumentCache full:https://registry.npmmirror.com/is-core-module cache-miss
3543 silly fetch manifest validate-npm-package-license@^3.0.1
3544 silly packumentCache full:https://registry.npmmirror.com/validate-npm-package-license cache-miss
3545 silly fetch manifest find-up@^4.1.0
3546 silly packumentCache full:https://registry.npmmirror.com/find-up cache-miss
3547 silly fetch manifest read-pkg@^5.2.0
3548 silly packumentCache full:https://registry.npmmirror.com/read-pkg cache-miss
3549 silly fetch manifest type-fest@^0.8.1
3550 silly packumentCache full:https://registry.npmmirror.com/type-fest cache-hit
3551 silly fetch manifest indent-string@^4.0.0
3552 silly packumentCache full:https://registry.npmmirror.com/indent-string cache-miss
3553 silly fetch manifest strip-indent@^3.0.0
3554 silly packumentCache full:https://registry.npmmirror.com/strip-indent cache-miss
3555 http fetch GET 200 https://registry.npmmirror.com/is-plain-obj 54ms (cache miss)
3556 silly packumentCache full:https://registry.npmmirror.com/is-plain-obj set size:4299 disposed:false
3557 http fetch GET 200 https://registry.npmmirror.com/quick-lru 55ms (cache miss)
3558 silly packumentCache full:https://registry.npmmirror.com/quick-lru set size:12518 disposed:false
3559 http fetch GET 200 https://registry.npmmirror.com/map-obj 70ms (cache miss)
3560 silly packumentCache full:https://registry.npmmirror.com/map-obj set size:7833 disposed:false
3561 http fetch GET 200 https://registry.npmmirror.com/strip-indent 73ms (cache miss)
3562 silly packumentCache full:https://registry.npmmirror.com/strip-indent set size:4685 disposed:false
3563 http fetch GET 200 https://registry.npmmirror.com/map-obj 75ms (cache miss)
3564 silly packumentCache full:https://registry.npmmirror.com/map-obj set size:7833 disposed:false
3565 silly packumentCache full:https://registry.npmmirror.com/map-obj dispose
3566 http fetch GET 200 https://registry.npmmirror.com/read-pkg 75ms (cache miss)
3567 silly packumentCache full:https://registry.npmmirror.com/read-pkg set size:8770 disposed:false
3568 http fetch GET 200 https://registry.npmmirror.com/validate-npm-package-license 77ms (cache miss)
3569 silly packumentCache full:https://registry.npmmirror.com/validate-npm-package-license set size:4319 disposed:false
3570 http fetch GET 200 https://registry.npmmirror.com/indent-string 77ms (cache miss)
3571 silly packumentCache full:https://registry.npmmirror.com/indent-string set size:5610 disposed:false
3572 http fetch GET 200 https://registry.npmmirror.com/is-core-module 78ms (cache miss)
3573 silly packumentCache full:https://registry.npmmirror.com/is-core-module set size:14031 disposed:false
3574 http fetch GET 200 https://registry.npmmirror.com/arrify 80ms (cache miss)
3575 silly packumentCache full:https://registry.npmmirror.com/arrify set size:2579 disposed:false
3576 http fetch GET 200 https://registry.npmmirror.com/kind-of 79ms (cache miss)
3577 silly packumentCache full:https://registry.npmmirror.com/kind-of set size:13226 disposed:false
3578 http fetch GET 200 https://registry.npmmirror.com/hosted-git-info 83ms (cache miss)
3579 silly packumentCache full:https://registry.npmmirror.com/hosted-git-info set size:31457 disposed:false
3580 http fetch GET 200 https://registry.npmmirror.com/find-up 87ms (cache miss)
3581 silly packumentCache full:https://registry.npmmirror.com/find-up set size:8955 disposed:false
3582 silly placeDep node_modules/camelcase-keys camelcase@5.3.1 OK for: camelcase-keys@6.2.2 want: ^5.3.1
3583 silly placeDep ROOT map-obj@4.3.0 OK for: camelcase-keys@6.2.2 want: ^4.0.0
3584 silly placeDep ROOT quick-lru@4.0.1 OK for: camelcase-keys@6.2.2 want: ^4.0.1
3585 silly placeDep node_modules/decamelize-keys map-obj@1.0.1 OK for: decamelize-keys@1.1.1 want: ^1.0.0
3586 silly placeDep ROOT micromark-util-character@2.1.1 OK for: micromark-util-sanitize-uri@2.0.1 want: ^2.0.0
3587 silly placeDep ROOT micromark-util-encode@2.0.1 OK for: micromark-util-sanitize-uri@2.0.1 want: ^2.0.0
3588 silly placeDep ROOT micromark-util-symbol@2.0.1 OK for: micromark-util-sanitize-uri@2.0.1 want: ^2.0.0
3589 silly fetch manifest micromark-util-types@^2.0.0
3590 silly packumentCache full:https://registry.npmmirror.com/micromark-util-types cache-miss
3591 http fetch GET 200 https://registry.npmmirror.com/micromark-util-types 88ms (cache miss)
3592 silly packumentCache full:https://registry.npmmirror.com/micromark-util-types set size:6647 disposed:false
3593 silly placeDep ROOT micromark-util-types@2.0.2 OK for: micromark-util-character@2.1.1 want: ^2.0.0
3594 silly placeDep ROOT braces@3.0.3 OK for: micromatch@4.0.8 want: ^3.0.3
3595 silly placeDep node_modules/micromatch picomatch@2.3.1 OK for: micromatch@4.0.8 want: ^2.3.1
3596 silly fetch manifest fill-range@^7.1.1
3597 silly packumentCache full:https://registry.npmmirror.com/fill-range cache-miss
3598 http fetch GET 200 https://registry.npmmirror.com/fill-range 69ms (cache miss)
3599 silly packumentCache full:https://registry.npmmirror.com/fill-range set size:14257 disposed:false
3600 silly placeDep ROOT fill-range@7.1.1 OK for: braces@3.0.3 want: ^7.1.1
3601 silly fetch manifest to-regex-range@^5.0.1
3602 silly packumentCache full:https://registry.npmmirror.com/to-regex-range cache-miss
3603 http fetch GET 200 https://registry.npmmirror.com/to-regex-range 149ms (cache miss)
3604 silly packumentCache full:https://registry.npmmirror.com/to-regex-range set size:11477 disposed:false
3605 silly placeDep ROOT to-regex-range@5.0.1 OK for: fill-range@7.1.1 want: ^5.0.1
3606 silly fetch manifest is-number@^7.0.0
3607 silly packumentCache full:https://registry.npmmirror.com/is-number cache-miss
3608 http fetch GET 200 https://registry.npmmirror.com/is-number 75ms (cache miss)
3609 silly packumentCache full:https://registry.npmmirror.com/is-number set size:7889 disposed:false
3610 silly placeDep ROOT mime-db@1.52.0 OK for: mime-types@2.1.35 want: 1.52.0
3611 silly placeDep ROOT arrify@1.0.1 OK for: minimist-options@4.1.0 want: ^1.0.1
3612 silly placeDep ROOT is-plain-obj@1.1.0 OK for: minimist-options@4.1.0 want: ^1.1.0
3613 silly placeDep ROOT kind-of@6.0.3 OK for: minimist-options@4.1.0 want: ^6.0.3
3614 silly placeDep node_modules/mlly pathe@2.0.3 OK for: mlly@1.8.0 want: ^2.0.3
3615 silly placeDep ROOT ufo@1.6.1 OK for: mlly@1.8.0 want: ^1.6.1
3616 silly placeDep ROOT he@1.2.0 OK for: node-html-parser@7.0.1 want: 1.2.0
3617 silly placeDep ROOT hosted-git-info@4.1.0 OK for: normalize-package-data@3.0.3 want: ^4.0.1
3618 silly placeDep ROOT is-core-module@2.16.1 OK for: normalize-package-data@3.0.3 want: ^2.5.0
3619 silly placeDep ROOT validate-npm-package-license@3.0.4 OK for: normalize-package-data@3.0.3 want: ^3.0.1
3620 silly fetch manifest lru-cache@^6.0.0
3621 silly packumentCache full:https://registry.npmmirror.com/lru-cache cache-hit
3622 silly fetch manifest spdx-correct@^3.0.0
3623 silly packumentCache full:https://registry.npmmirror.com/spdx-correct cache-miss
3624 silly fetch manifest spdx-expression-parse@^3.0.0
3625 silly packumentCache full:https://registry.npmmirror.com/spdx-expression-parse cache-miss
3626 http fetch GET 200 https://registry.npmmirror.com/spdx-expression-parse 4579ms (cache miss)
3627 silly packumentCache full:https://registry.npmmirror.com/spdx-expression-parse set size:6429 disposed:false
3628 http fetch GET 200 https://registry.npmmirror.com/spdx-correct 4580ms (cache miss)
3629 silly packumentCache full:https://registry.npmmirror.com/spdx-correct set size:7485 disposed:false
3630 silly placeDep ROOT lru-cache@6.0.0 OK for: hosted-git-info@4.1.0 want: ^6.0.0
3631 silly placeDep ROOT yallist@4.0.0 OK for: lru-cache@6.0.0 want: ^4.0.0
3632 silly placeDep ROOT yocto-queue@1.2.2 OK for: p-limit@6.2.0 want: ^1.1.1
3633 silly placeDep ROOT eventemitter3@5.0.1 OK for: p-queue@8.1.1 want: ^5.0.1
3634 silly placeDep ROOT p-timeout@6.1.4 OK for: p-queue@8.1.1 want: ^6.1.2
3635 silly placeDep ROOT @pagefind/darwin-arm64@1.4.0 OK for: pagefind@1.4.0 want: 1.4.0
3636 silly placeDep ROOT @pagefind/darwin-x64@1.4.0 OK for: pagefind@1.4.0 want: 1.4.0
3637 silly placeDep ROOT @pagefind/freebsd-x64@1.4.0 OK for: pagefind@1.4.0 want: 1.4.0
3638 silly placeDep ROOT @pagefind/linux-arm64@1.4.0 OK for: pagefind@1.4.0 want: 1.4.0
3639 silly placeDep ROOT @pagefind/linux-x64@1.4.0 OK for: pagefind@1.4.0 want: 1.4.0
3640 silly placeDep ROOT @pagefind/windows-x64@1.4.0 OK for: pagefind@1.4.0 want: 1.4.0
3641 silly placeDep node_modules/parse5 entities@6.0.1 OK for: parse5@7.3.0 want: ^6.0.0
3642 silly placeDep ROOT confbox@0.1.8 OK for: pkg-types@1.3.1 want: ^0.1.8
3643 silly placeDep node_modules/pkg-types pathe@2.0.3 OK for: pkg-types@1.3.1 want: ^2.0.1
3644 silly placeDep ROOT nanoid@3.3.11 OK for: postcss@8.5.6 want: ^3.3.11
3645 silly placeDep ROOT read-cache@1.0.0 OK for: postcss-import@16.1.1 want: ^1.0.0
3646 silly placeDep ROOT resolve@1.22.11 OK for: postcss-import@16.1.1 want: ^1.1.7
3647 silly fetch manifest pify@^2.3.0
3648 silly packumentCache full:https://registry.npmmirror.com/pify cache-miss
3649 silly fetch manifest path-parse@^1.0.7
3650 silly packumentCache full:https://registry.npmmirror.com/path-parse cache-miss
3651 silly fetch manifest supports-preserve-symlinks-flag@^1.0.0
3652 silly packumentCache full:https://registry.npmmirror.com/supports-preserve-symlinks-flag cache-miss
3653 http fetch GET 200 https://registry.npmmirror.com/pify 4565ms (cache miss)
3654 silly packumentCache full:https://registry.npmmirror.com/pify set size:8568 disposed:false
3655 http fetch GET 200 https://registry.npmmirror.com/supports-preserve-symlinks-flag 4576ms (cache miss)
3656 silly packumentCache full:https://registry.npmmirror.com/supports-preserve-symlinks-flag set size:2816 disposed:false
3657 http fetch GET 200 https://registry.npmmirror.com/path-parse 4582ms (cache miss)
3658 silly packumentCache full:https://registry.npmmirror.com/path-parse set size:2940 disposed:false
3659 silly placeDep ROOT lilconfig@3.1.3 OK for: postcss-load-config@4.0.2 want: ^3.0.0
3660 silly placeDep node_modules/postcss-nested postcss-selector-parser@6.1.2 OK for: postcss-nested@6.2.0 want: ^6.1.1
3661 silly placeDep ROOT util-deprecate@1.0.2 OK for: postcss-selector-parser@7.1.0 want: ^1.0.2
3662 silly placeDep node_modules/prompts kleur@3.0.3 OK for: prompts@2.4.2 want: ^3.0.3
3663 silly placeDep ROOT sisteransi@1.0.5 OK for: prompts@2.4.2 want: ^1.0.5
3664 silly placeDep ROOT end-of-stream@1.4.5 OK for: pump@3.0.3 want: ^1.1.0
3665 silly placeDep ROOT once@1.4.0 OK for: pump@3.0.3 want: ^1.3.1
3666 silly fetch manifest once@^1.4.0
3667 silly packumentCache full:https://registry.npmmirror.com/once cache-hit
3668 silly fetch manifest wrappy@1
3669 silly packumentCache full:https://registry.npmmirror.com/wrappy cache-miss
3670 http fetch GET 200 https://registry.npmmirror.com/wrappy 93ms (cache miss)
3671 silly packumentCache full:https://registry.npmmirror.com/wrappy set size:2201 disposed:false
3672 silly placeDep ROOT wrappy@1.0.2 OK for: once@1.4.0 want: 1
3673 silly placeDep ROOT pify@2.3.0 OK for: read-cache@1.0.0 want: ^2.3.0
3674 silly placeDep ROOT find-up@4.1.0 OK for: read-pkg-up@7.0.1 want: ^4.1.0
3675 silly placeDep ROOT read-pkg@5.2.0 OK for: read-pkg-up@7.0.1 want: ^5.2.0
3676 silly placeDep node_modules/read-pkg-up type-fest@0.8.1 OK for: read-pkg-up@7.0.1 want: ^0.8.1
3677 silly fetch manifest locate-path@^5.0.0
3678 silly packumentCache full:https://registry.npmmirror.com/locate-path cache-miss
3679 silly fetch manifest path-exists@^4.0.0
3680 silly packumentCache full:https://registry.npmmirror.com/path-exists cache-miss
3681 silly fetch manifest @types/normalize-package-data@^2.4.0
3682 silly packumentCache full:https://registry.npmmirror.com/@types%2fnormalize-package-data cache-miss
3683 silly fetch manifest normalize-package-data@^2.5.0
3684 silly packumentCache full:https://registry.npmmirror.com/normalize-package-data cache-hit
3685 silly fetch manifest parse-json@^5.0.0
3686 silly packumentCache full:https://registry.npmmirror.com/parse-json cache-miss
3687 silly fetch manifest type-fest@^0.6.0
3688 silly packumentCache full:https://registry.npmmirror.com/type-fest cache-hit
3689 http fetch GET 200 https://registry.npmmirror.com/@types%2fnormalize-package-data 156ms (cache miss)
3690 silly packumentCache full:https://registry.npmmirror.com/@types%2fnormalize-package-data set size:3272 disposed:false
3691 http fetch GET 200 https://registry.npmmirror.com/parse-json 157ms (cache miss)
3692 silly packumentCache full:https://registry.npmmirror.com/parse-json set size:10810 disposed:false
3693 http fetch GET 200 https://registry.npmmirror.com/path-exists 165ms (cache miss)
3694 silly packumentCache full:https://registry.npmmirror.com/path-exists set size:3293 disposed:false
3695 http fetch GET 200 https://registry.npmmirror.com/locate-path 166ms (cache miss)
3696 silly packumentCache full:https://registry.npmmirror.com/locate-path set size:7506 disposed:false
3697 silly placeDep ROOT locate-path@5.0.0 OK for: find-up@4.1.0 want: ^5.0.0
3698 silly placeDep ROOT path-exists@4.0.0 OK for: find-up@4.1.0 want: ^4.0.0
3699 silly fetch manifest p-locate@^4.1.0
3700 silly packumentCache full:https://registry.npmmirror.com/p-locate cache-miss
3701 http fetch GET 200 https://registry.npmmirror.com/p-locate 101ms (cache miss)
3702 silly packumentCache full:https://registry.npmmirror.com/p-locate set size:4265 disposed:false
3703 silly placeDep ROOT p-locate@4.1.0 OK for: locate-path@5.0.0 want: ^4.1.0
3704 silly fetch manifest p-limit@^2.2.0
3705 silly packumentCache full:https://registry.npmmirror.com/p-limit cache-hit
3706 silly placeDep node_modules/p-locate p-limit@2.3.0 OK for: p-locate@4.1.0 want: ^2.2.0
3707 silly fetch manifest p-try@^2.0.0
3708 silly packumentCache full:https://registry.npmmirror.com/p-try cache-miss
3709 http fetch GET 200 https://registry.npmmirror.com/p-try 54ms (cache miss)
3710 silly packumentCache full:https://registry.npmmirror.com/p-try set size:3142 disposed:false
3711 silly placeDep ROOT @types/normalize-package-data@2.4.4 OK for: read-pkg@5.2.0 want: ^2.4.0
3712 silly placeDep node_modules/read-pkg normalize-package-data@2.5.0 OK for: read-pkg@5.2.0 want: ^2.5.0
3713 silly placeDep ROOT parse-json@5.2.0 OK for: read-pkg@5.2.0 want: ^5.0.0
3714 silly placeDep node_modules/read-pkg type-fest@0.6.0 OK for: read-pkg@5.2.0 want: ^0.6.0
3715 silly fetch manifest hosted-git-info@^2.1.4
3716 silly packumentCache full:https://registry.npmmirror.com/hosted-git-info cache-hit
3717 silly fetch manifest semver@2 || 3 || 4 || 5
3718 silly packumentCache full:https://registry.npmmirror.com/semver cache-hit
3719 silly fetch manifest error-ex@^1.3.1
3720 silly packumentCache full:https://registry.npmmirror.com/error-ex cache-miss
3721 silly fetch manifest json-parse-even-better-errors@^2.3.0
3722 silly packumentCache full:https://registry.npmmirror.com/json-parse-even-better-errors cache-miss
3723 silly fetch manifest lines-and-columns@^1.1.6
3724 silly packumentCache full:https://registry.npmmirror.com/lines-and-columns cache-miss
3725 http fetch GET 200 https://registry.npmmirror.com/error-ex 141ms (cache miss)
3726 silly packumentCache full:https://registry.npmmirror.com/error-ex set size:6692 disposed:false
3727 http fetch GET 200 https://registry.npmmirror.com/json-parse-even-better-errors 144ms (cache miss)
3728 silly packumentCache full:https://registry.npmmirror.com/json-parse-even-better-errors set size:7663 disposed:false
3729 http fetch GET 200 https://registry.npmmirror.com/lines-and-columns 167ms (cache miss)
3730 silly packumentCache full:https://registry.npmmirror.com/lines-and-columns set size:17877 disposed:false
3731 silly placeDep ROOT error-ex@1.3.4 OK for: parse-json@5.2.0 want: ^1.3.1
3732 silly placeDep ROOT json-parse-even-better-errors@2.3.1 OK for: parse-json@5.2.0 want: ^2.3.0
3733 silly placeDep ROOT lines-and-columns@1.2.4 OK for: parse-json@5.2.0 want: ^1.1.6
3734 silly fetch manifest is-arrayish@^0.2.1
3735 silly packumentCache full:https://registry.npmmirror.com/is-arrayish cache-miss
3736 http fetch GET 200 https://registry.npmmirror.com/is-arrayish 43ms (cache miss)
3737 silly packumentCache full:https://registry.npmmirror.com/is-arrayish set size:3618 disposed:false
3738 silly placeDep ROOT is-arrayish@0.2.1 OK for: error-ex@1.3.4 want: ^0.2.1
3739 silly placeDep ROOT core-util-is@1.0.3 OK for: readable-stream@2.3.8 want: ~1.0.0
3740 silly placeDep ROOT isarray@1.0.0 OK for: readable-stream@2.3.8 want: ~1.0.0
3741 silly placeDep ROOT process-nextick-args@2.0.1 OK for: readable-stream@2.3.8 want: ~2.0.0
3742 silly placeDep ROOT safe-buffer@5.1.2 OK for: readable-stream@2.3.8 want: ~5.1.1
3743 silly placeDep ROOT string_decoder@1.1.1 OK for: readable-stream@2.3.8 want: ~1.1.1
3744 silly placeDep ROOT indent-string@4.0.0 OK for: redent@3.0.0 want: ^4.0.0
3745 silly placeDep ROOT strip-indent@3.0.0 OK for: redent@3.0.0 want: ^3.0.0
3746 silly fetch manifest min-indent@^1.0.0
3747 silly packumentCache full:https://registry.npmmirror.com/min-indent cache-miss
3748 http fetch GET 200 https://registry.npmmirror.com/min-indent 114ms (cache miss)
3749 silly packumentCache full:https://registry.npmmirror.com/min-indent set size:1750 disposed:false
3750 silly placeDep ROOT rehype-parse@9.0.1 OK for: rehype@13.0.2 want: ^9.0.0
3751 silly placeDep ROOT rehype-stringify@10.0.1 OK for: rehype@13.0.2 want: ^10.0.0
3752 silly placeDep ROOT unified@11.0.5 OK for: rehype@13.0.2 want: ^11.0.0
3753 silly fetch manifest hast-util-from-html@^2.0.0
3754 silly packumentCache full:https://registry.npmmirror.com/hast-util-from-html cache-miss
3755 silly fetch manifest bail@^2.0.0
3756 silly packumentCache full:https://registry.npmmirror.com/bail cache-miss
3757 silly fetch manifest extend@^3.0.0
3758 silly packumentCache full:https://registry.npmmirror.com/extend cache-miss
3759 silly fetch manifest is-plain-obj@^4.0.0
3760 silly packumentCache full:https://registry.npmmirror.com/is-plain-obj cache-hit
3761 silly fetch manifest trough@^2.0.0
3762 silly packumentCache full:https://registry.npmmirror.com/trough cache-miss
3763 http fetch GET 200 https://registry.npmmirror.com/bail 108ms (cache miss)
3764 silly packumentCache full:https://registry.npmmirror.com/bail set size:6121 disposed:false
3765 http fetch GET 200 https://registry.npmmirror.com/trough 108ms (cache miss)
3766 silly packumentCache full:https://registry.npmmirror.com/trough set size:10402 disposed:false
3767 http fetch GET 200 https://registry.npmmirror.com/hast-util-from-html 138ms (cache miss)
3768 silly packumentCache full:https://registry.npmmirror.com/hast-util-from-html set size:15076 disposed:false
3769 http fetch GET 200 https://registry.npmmirror.com/extend 139ms (cache miss)
3770 silly packumentCache full:https://registry.npmmirror.com/extend set size:5756 disposed:false
3771 silly placeDep ROOT hast-util-heading-rank@3.0.0 OK for: rehype-autolink-headings@7.1.0 want: ^3.0.0
3772 silly placeDep ROOT expressive-code@0.41.3 OK for: rehype-expressive-code@0.41.3 want: ^0.41.3
3773 silly fetch manifest @expressive-code/plugin-frames@^0.41.3
3774 silly packumentCache full:https://registry.npmmirror.com/@expressive-code%2fplugin-frames cache-miss
3775 silly fetch manifest @expressive-code/plugin-shiki@^0.41.3
3776 silly packumentCache full:https://registry.npmmirror.com/@expressive-code%2fplugin-shiki cache-miss
3777 silly fetch manifest @expressive-code/plugin-text-markers@^0.41.3
3778 silly packumentCache full:https://registry.npmmirror.com/@expressive-code%2fplugin-text-markers cache-miss
3779 http fetch GET 200 https://registry.npmmirror.com/@expressive-code%2fplugin-shiki 1964ms (cache miss)
3780 silly packumentCache full:https://registry.npmmirror.com/@expressive-code%2fplugin-shiki set size:31778 disposed:false
3781 http fetch GET 200 https://registry.npmmirror.com/@expressive-code%2fplugin-frames 2011ms (cache miss)
3782 silly packumentCache full:https://registry.npmmirror.com/@expressive-code%2fplugin-frames set size:undefined disposed:false
3783 http fetch GET 200 https://registry.npmmirror.com/@expressive-code%2fplugin-text-markers 2048ms (cache miss)
3784 silly packumentCache full:https://registry.npmmirror.com/@expressive-code%2fplugin-text-markers set size:undefined disposed:false
3785 silly placeDep ROOT @expressive-code/plugin-frames@0.41.3 OK for: expressive-code@0.41.3 want: ^0.41.3
3786 silly placeDep ROOT @expressive-code/plugin-shiki@0.41.3 OK for: expressive-code@0.41.3 want: ^0.41.3
3787 silly placeDep ROOT @expressive-code/plugin-text-markers@0.41.3 OK for: expressive-code@0.41.3 want: ^0.41.3
3788 silly placeDep ROOT @types/katex@0.16.7 OK for: rehype-katex@7.0.1 want: ^0.16.0
3789 silly placeDep ROOT hast-util-from-html-isomorphic@2.0.0 OK for: rehype-katex@7.0.1 want: ^2.0.0
3790 silly fetch manifest hast-util-from-dom@^5.0.0
3791 silly packumentCache full:https://registry.npmmirror.com/hast-util-from-dom cache-miss
3792 silly fetch manifest unist-util-remove-position@^5.0.0
3793 silly packumentCache full:https://registry.npmmirror.com/unist-util-remove-position cache-miss
3794 http fetch GET 200 https://registry.npmmirror.com/hast-util-from-dom 2760ms (cache miss)
3795 silly packumentCache full:https://registry.npmmirror.com/hast-util-from-dom set size:12007 disposed:false
3796 http fetch GET 200 https://registry.npmmirror.com/unist-util-remove-position 2766ms (cache miss)
3797 silly packumentCache full:https://registry.npmmirror.com/unist-util-remove-position set size:10398 disposed:false
3798 silly placeDep ROOT hast-util-from-dom@5.0.1 OK for: hast-util-from-html-isomorphic@2.0.0 want: ^5.0.0
3799 silly placeDep ROOT hast-util-from-html@2.0.3 OK for: hast-util-from-html-isomorphic@2.0.0 want: ^2.0.0
3800 silly placeDep ROOT unist-util-remove-position@5.0.0 OK for: hast-util-from-html-isomorphic@2.0.0 want: ^5.0.0
3801 silly fetch manifest web-namespaces@^2.0.0
3802 silly packumentCache full:https://registry.npmmirror.com/web-namespaces cache-miss
3803 silly fetch manifest hast-util-from-parse5@^8.0.0
3804 silly packumentCache full:https://registry.npmmirror.com/hast-util-from-parse5 cache-miss
3805 http fetch GET 200 https://registry.npmmirror.com/hast-util-from-parse5 657ms (cache miss)
3806 silly packumentCache full:https://registry.npmmirror.com/hast-util-from-parse5 set size:16707 disposed:false
3807 http fetch GET 200 https://registry.npmmirror.com/web-namespaces 661ms (cache miss)
3808 silly packumentCache full:https://registry.npmmirror.com/web-namespaces set size:6071 disposed:false
3809 silly placeDep ROOT web-namespaces@2.0.1 OK for: hast-util-from-dom@5.0.1 want: ^2.0.0
3810 silly placeDep ROOT hast-util-from-parse5@8.0.3 OK for: hast-util-from-html@2.0.3 want: ^8.0.0
3811 silly placeDep ROOT vfile-message@4.0.3 OK for: hast-util-from-html@2.0.3 want: ^4.0.0
3812 silly fetch manifest vfile-location@^5.0.0
3813 silly packumentCache full:https://registry.npmmirror.com/vfile-location cache-miss
3814 silly fetch manifest unist-util-stringify-position@^4.0.0
3815 silly packumentCache full:https://registry.npmmirror.com/unist-util-stringify-position cache-miss
3816 http fetch GET 200 https://registry.npmmirror.com/unist-util-stringify-position 196ms (cache miss)
3817 silly packumentCache full:https://registry.npmmirror.com/unist-util-stringify-position set size:11357 disposed:false
3818 http fetch GET 200 https://registry.npmmirror.com/vfile-location 235ms (cache miss)
3819 silly packumentCache full:https://registry.npmmirror.com/vfile-location set size:12311 disposed:false
3820 silly placeDep ROOT vfile-location@5.0.3 OK for: hast-util-from-parse5@8.0.3 want: ^5.0.0
3821 silly placeDep ROOT mdast-util-directive@3.1.0 OK for: remark-directive@3.0.1 want: ^3.0.0
3822 silly placeDep ROOT micromark-extension-directive@3.0.2 OK for: remark-directive@3.0.1 want: ^3.0.0
3823 silly fetch manifest mdast-util-from-markdown@^2.0.0
3824 silly packumentCache full:https://registry.npmmirror.com/mdast-util-from-markdown cache-miss
3825 silly fetch manifest mdast-util-to-markdown@^2.0.0
3826 silly packumentCache full:https://registry.npmmirror.com/mdast-util-to-markdown cache-miss
3827 silly fetch manifest parse-entities@^4.0.0
3828 silly packumentCache full:https://registry.npmmirror.com/parse-entities cache-miss
3829 silly fetch manifest micromark-factory-space@^2.0.0
3830 silly packumentCache full:https://registry.npmmirror.com/micromark-factory-space cache-miss
3831 silly fetch manifest micromark-factory-whitespace@^2.0.0
3832 silly packumentCache full:https://registry.npmmirror.com/micromark-factory-whitespace cache-miss
3833 silly fetch manifest parse-entities@^4.0.0
3834 silly packumentCache full:https://registry.npmmirror.com/parse-entities cache-miss
3835 http fetch GET 200 https://registry.npmmirror.com/mdast-util-from-markdown 1055ms (cache miss)
3836 silly packumentCache full:https://registry.npmmirror.com/mdast-util-from-markdown set size:22966 disposed:false
3837 http fetch GET 200 https://registry.npmmirror.com/mdast-util-to-markdown 1112ms (cache miss)
3838 silly packumentCache full:https://registry.npmmirror.com/mdast-util-to-markdown set size:27987 disposed:false
3839 http fetch GET 200 https://registry.npmmirror.com/parse-entities 1254ms (cache miss)
3840 silly packumentCache full:https://registry.npmmirror.com/parse-entities set size:12657 disposed:false
3841 http fetch GET 200 https://registry.npmmirror.com/parse-entities 1324ms (cache miss)
3842 silly packumentCache full:https://registry.npmmirror.com/parse-entities set size:12657 disposed:false
3843 silly packumentCache full:https://registry.npmmirror.com/parse-entities dispose
3844 http fetch GET 200 https://registry.npmmirror.com/micromark-factory-space 3767ms (cache miss)
3845 silly packumentCache full:https://registry.npmmirror.com/micromark-factory-space set size:5891 disposed:false
3846 http fetch GET 200 https://registry.npmmirror.com/micromark-factory-whitespace 3767ms (cache miss)
3847 silly packumentCache full:https://registry.npmmirror.com/micromark-factory-whitespace set size:5742 disposed:false
3848 silly placeDep ROOT mdast-util-from-markdown@2.0.2 OK for: mdast-util-directive@3.1.0 want: ^2.0.0
3849 silly placeDep ROOT mdast-util-to-markdown@2.1.2 OK for: mdast-util-directive@3.1.0 want: ^2.0.0
3850 silly placeDep ROOT parse-entities@4.0.2 OK for: mdast-util-directive@3.1.0 want: ^4.0.0
3851 silly fetch manifest decode-named-character-reference@^1.0.0
3852 silly packumentCache full:https://registry.npmmirror.com/decode-named-character-reference cache-miss
3853 silly fetch manifest micromark@^4.0.0
3854 silly packumentCache full:https://registry.npmmirror.com/micromark cache-miss
3855 silly fetch manifest micromark-util-decode-numeric-character-reference@^2.0.0
3856 silly packumentCache full:https://registry.npmmirror.com/micromark-util-decode-numeric-character-reference cache-miss
3857 silly fetch manifest micromark-util-decode-string@^2.0.0
3858 silly packumentCache full:https://registry.npmmirror.com/micromark-util-decode-string cache-miss
3859 silly fetch manifest micromark-util-normalize-identifier@^2.0.0
3860 silly packumentCache full:https://registry.npmmirror.com/micromark-util-normalize-identifier cache-miss
3861 silly fetch manifest longest-streak@^3.0.0
3862 silly packumentCache full:https://registry.npmmirror.com/longest-streak cache-miss
3863 silly fetch manifest mdast-util-phrasing@^4.0.0
3864 silly packumentCache full:https://registry.npmmirror.com/mdast-util-phrasing cache-miss
3865 silly fetch manifest micromark-util-classify-character@^2.0.0
3866 silly packumentCache full:https://registry.npmmirror.com/micromark-util-classify-character cache-miss
3867 silly fetch manifest micromark-util-decode-string@^2.0.0
3868 silly packumentCache full:https://registry.npmmirror.com/micromark-util-decode-string cache-miss
3869 silly fetch manifest @types/unist@^2.0.0
3870 silly packumentCache full:https://registry.npmmirror.com/@types%2funist cache-hit
3871 silly fetch manifest character-reference-invalid@^2.0.0
3872 silly packumentCache full:https://registry.npmmirror.com/character-reference-invalid cache-miss
3873 silly fetch manifest decode-named-character-reference@^1.0.0
3874 silly packumentCache full:https://registry.npmmirror.com/decode-named-character-reference cache-miss
3875 silly fetch manifest is-alphanumerical@^2.0.0
3876 silly packumentCache full:https://registry.npmmirror.com/is-alphanumerical cache-miss
3877 silly fetch manifest is-decimal@^2.0.0
3878 silly packumentCache full:https://registry.npmmirror.com/is-decimal cache-miss
3879 silly fetch manifest is-hexadecimal@^2.0.0
3880 silly packumentCache full:https://registry.npmmirror.com/is-hexadecimal cache-miss
3881 http fetch GET 200 https://registry.npmmirror.com/decode-named-character-reference 342ms (cache miss)
3882 silly packumentCache full:https://registry.npmmirror.com/decode-named-character-reference set size:6779 disposed:false
3883 http fetch GET 200 https://registry.npmmirror.com/decode-named-character-reference 382ms (cache miss)
3884 silly packumentCache full:https://registry.npmmirror.com/decode-named-character-reference set size:6779 disposed:false
3885 silly packumentCache full:https://registry.npmmirror.com/decode-named-character-reference dispose
3886 http fetch GET 200 https://registry.npmmirror.com/is-decimal 410ms (cache miss)
3887 silly packumentCache full:https://registry.npmmirror.com/is-decimal set size:5353 disposed:false
3888 http fetch GET 200 https://registry.npmmirror.com/character-reference-invalid 414ms (cache miss)
3889 silly packumentCache full:https://registry.npmmirror.com/character-reference-invalid set size:6893 disposed:false
3890 http fetch GET 200 https://registry.npmmirror.com/micromark-util-normalize-identifier 417ms (cache miss)
3891 silly packumentCache full:https://registry.npmmirror.com/micromark-util-normalize-identifier set size:5610 disposed:false
3892 http fetch GET 200 https://registry.npmmirror.com/micromark-util-decode-string 419ms (cache miss)
3893 silly packumentCache full:https://registry.npmmirror.com/micromark-util-decode-string set size:5723 disposed:false
3894 http fetch GET 200 https://registry.npmmirror.com/longest-streak 420ms (cache miss)
3895 silly packumentCache full:https://registry.npmmirror.com/longest-streak set size:7358 disposed:false
3896 http fetch GET 200 https://registry.npmmirror.com/micromark-util-decode-numeric-character-reference 422ms (cache miss)
3897 silly packumentCache full:https://registry.npmmirror.com/micromark-util-decode-numeric-character-reference set size:5106 disposed:false
3898 http fetch GET 200 https://registry.npmmirror.com/micromark-util-decode-string 422ms (cache miss)
3899 silly packumentCache full:https://registry.npmmirror.com/micromark-util-decode-string set size:5723 disposed:false
3900 silly packumentCache full:https://registry.npmmirror.com/micromark-util-decode-string dispose
3901 http fetch GET 200 https://registry.npmmirror.com/is-alphanumerical 421ms (cache miss)
3902 silly packumentCache full:https://registry.npmmirror.com/is-alphanumerical set size:5430 disposed:false
3903 http fetch GET 200 https://registry.npmmirror.com/micromark-util-classify-character 422ms (cache miss)
3904 silly packumentCache full:https://registry.npmmirror.com/micromark-util-classify-character set size:5673 disposed:false
3905 http fetch GET 200 https://registry.npmmirror.com/mdast-util-phrasing 423ms (cache miss)
3906 silly packumentCache full:https://registry.npmmirror.com/mdast-util-phrasing set size:7944 disposed:false
3907 http fetch GET 200 https://registry.npmmirror.com/micromark 426ms (cache miss)
3908 silly packumentCache full:https://registry.npmmirror.com/micromark set size:29143 disposed:false
3909 http fetch GET 200 https://registry.npmmirror.com/is-hexadecimal 519ms (cache miss)
3910 silly packumentCache full:https://registry.npmmirror.com/is-hexadecimal set size:5391 disposed:false
3911 silly placeDep ROOT decode-named-character-reference@1.2.0 OK for: mdast-util-from-markdown@2.0.2 want: ^1.0.0
3912 silly placeDep ROOT micromark@4.0.2 OK for: mdast-util-from-markdown@2.0.2 want: ^4.0.0
3913 silly placeDep ROOT micromark-util-decode-numeric-character-reference@2.0.2 OK for: mdast-util-from-markdown@2.0.2 want: ^2.0.0
3914 silly placeDep ROOT micromark-util-decode-string@2.0.1 OK for: mdast-util-from-markdown@2.0.2 want: ^2.0.0
3915 silly placeDep ROOT micromark-util-normalize-identifier@2.0.1 OK for: mdast-util-from-markdown@2.0.2 want: ^2.0.0
3916 silly placeDep ROOT unist-util-stringify-position@4.0.0 OK for: mdast-util-from-markdown@2.0.2 want: ^4.0.0
3917 silly fetch manifest character-entities@^2.0.0
3918 silly packumentCache full:https://registry.npmmirror.com/character-entities cache-miss
3919 silly fetch manifest @types/debug@^4.0.0
3920 silly packumentCache full:https://registry.npmmirror.com/@types%2fdebug cache-miss
3921 silly fetch manifest micromark-core-commonmark@^2.0.0
3922 silly packumentCache full:https://registry.npmmirror.com/micromark-core-commonmark cache-miss
3923 silly fetch manifest micromark-util-chunked@^2.0.0
3924 silly packumentCache full:https://registry.npmmirror.com/micromark-util-chunked cache-miss
3925 silly fetch manifest micromark-util-combine-extensions@^2.0.0
3926 silly packumentCache full:https://registry.npmmirror.com/micromark-util-combine-extensions cache-miss
3927 silly fetch manifest micromark-util-resolve-all@^2.0.0
3928 silly packumentCache full:https://registry.npmmirror.com/micromark-util-resolve-all cache-miss
3929 silly fetch manifest micromark-util-subtokenize@^2.0.0
3930 silly packumentCache full:https://registry.npmmirror.com/micromark-util-subtokenize cache-miss
3931 http fetch GET 200 https://registry.npmmirror.com/character-entities 176ms (cache miss)
3932 silly packumentCache full:https://registry.npmmirror.com/character-entities set size:7960 disposed:false
3933 http fetch GET 200 https://registry.npmmirror.com/micromark-util-resolve-all 181ms (cache miss)
3934 silly packumentCache full:https://registry.npmmirror.com/micromark-util-resolve-all set size:5858 disposed:false
3935 http fetch GET 200 https://registry.npmmirror.com/micromark-util-subtokenize 303ms (cache miss)
3936 silly packumentCache full:https://registry.npmmirror.com/micromark-util-subtokenize set size:7522 disposed:false
3937 http fetch GET 200 https://registry.npmmirror.com/micromark-util-chunked 338ms (cache miss)
3938 silly packumentCache full:https://registry.npmmirror.com/micromark-util-chunked set size:5719 disposed:false
3939 http fetch GET 200 https://registry.npmmirror.com/micromark-core-commonmark 407ms (cache miss)
3940 silly packumentCache full:https://registry.npmmirror.com/micromark-core-commonmark set size:10141 disposed:false
3941 http fetch GET 200 https://registry.npmmirror.com/micromark-util-combine-extensions 424ms (cache miss)
3942 silly packumentCache full:https://registry.npmmirror.com/micromark-util-combine-extensions set size:5485 disposed:false
3943 http fetch GET 200 https://registry.npmmirror.com/@types%2fdebug 426ms (cache miss)
3944 silly packumentCache full:https://registry.npmmirror.com/@types%2fdebug set size:9523 disposed:false
3945 silly placeDep ROOT character-entities@2.0.2 OK for: decode-named-character-reference@1.2.0 want: ^2.0.0
3946 silly placeDep ROOT longest-streak@3.1.0 OK for: mdast-util-to-markdown@2.1.2 want: ^3.0.0
3947 silly placeDep ROOT mdast-util-phrasing@4.1.0 OK for: mdast-util-to-markdown@2.1.2 want: ^4.0.0
3948 silly placeDep ROOT micromark-util-classify-character@2.0.1 OK for: mdast-util-to-markdown@2.1.2 want: ^2.0.0
3949 silly placeDep ROOT unist-util-is@6.0.1 OK for: mdast-util-phrasing@4.1.0 want: ^6.0.0
3950 silly placeDep ROOT @types/debug@4.1.12 OK for: micromark@4.0.2 want: ^4.0.0
3951 silly placeDep ROOT micromark-core-commonmark@2.0.3 OK for: micromark@4.0.2 want: ^2.0.0
3952 silly placeDep ROOT micromark-factory-space@2.0.1 OK for: micromark@4.0.2 want: ^2.0.0
3953 silly placeDep ROOT micromark-util-chunked@2.0.1 OK for: micromark@4.0.2 want: ^2.0.0
3954 silly placeDep ROOT micromark-util-combine-extensions@2.0.1 OK for: micromark@4.0.2 want: ^2.0.0
3955 silly placeDep ROOT micromark-util-resolve-all@2.0.1 OK for: micromark@4.0.2 want: ^2.0.0
3956 silly placeDep ROOT micromark-util-subtokenize@2.1.0 OK for: micromark@4.0.2 want: ^2.0.0
3957 silly fetch manifest @types/ms@*
3958 silly packumentCache full:https://registry.npmmirror.com/@types%2fms cache-miss
3959 silly fetch manifest micromark-factory-destination@^2.0.0
3960 silly packumentCache full:https://registry.npmmirror.com/micromark-factory-destination cache-miss
3961 silly fetch manifest micromark-factory-label@^2.0.0
3962 silly packumentCache full:https://registry.npmmirror.com/micromark-factory-label cache-miss
3963 silly fetch manifest micromark-factory-title@^2.0.0
3964 silly packumentCache full:https://registry.npmmirror.com/micromark-factory-title cache-miss
3965 silly fetch manifest micromark-util-html-tag-name@^2.0.0
3966 silly packumentCache full:https://registry.npmmirror.com/micromark-util-html-tag-name cache-miss
3967 http fetch GET 200 https://registry.npmmirror.com/micromark-factory-destination 161ms (cache miss)
3968 silly packumentCache full:https://registry.npmmirror.com/micromark-factory-destination set size:5777 disposed:false
3969 http fetch GET 200 https://registry.npmmirror.com/micromark-factory-label 222ms (cache miss)
3970 silly packumentCache full:https://registry.npmmirror.com/micromark-factory-label set size:6352 disposed:false
3971 http fetch GET 200 https://registry.npmmirror.com/micromark-util-html-tag-name 224ms (cache miss)
3972 silly packumentCache full:https://registry.npmmirror.com/micromark-util-html-tag-name set size:6593 disposed:false
3973 http fetch GET 200 https://registry.npmmirror.com/micromark-factory-title 268ms (cache miss)
3974 silly packumentCache full:https://registry.npmmirror.com/micromark-factory-title set size:6323 disposed:false
3975 http fetch GET 200 https://registry.npmmirror.com/@types%2fms 508ms (cache miss)
3976 silly packumentCache full:https://registry.npmmirror.com/@types%2fms set size:6494 disposed:false
3977 silly placeDep ROOT @types/ms@2.1.0 OK for: @types/debug@4.1.12 want: *
3978 silly placeDep ROOT micromark-factory-destination@2.0.1 OK for: micromark-core-commonmark@2.0.3 want: ^2.0.0
3979 silly placeDep ROOT micromark-factory-label@2.0.1 OK for: micromark-core-commonmark@2.0.3 want: ^2.0.0
3980 silly placeDep ROOT micromark-factory-title@2.0.1 OK for: micromark-core-commonmark@2.0.3 want: ^2.0.0
3981 silly placeDep ROOT micromark-factory-whitespace@2.0.1 OK for: micromark-core-commonmark@2.0.3 want: ^2.0.0
3982 silly placeDep ROOT micromark-util-html-tag-name@2.0.1 OK for: micromark-core-commonmark@2.0.3 want: ^2.0.0
3983 silly placeDep node_modules/parse-entities @types/unist@2.0.11 OK for: parse-entities@4.0.2 want: ^2.0.0
3984 silly placeDep ROOT character-entities-legacy@3.0.0 OK for: parse-entities@4.0.2 want: ^3.0.0
3985 silly placeDep ROOT character-reference-invalid@2.0.1 OK for: parse-entities@4.0.2 want: ^2.0.0
3986 silly placeDep ROOT is-alphanumerical@2.0.1 OK for: parse-entities@4.0.2 want: ^2.0.0
3987 silly placeDep ROOT is-decimal@2.0.1 OK for: parse-entities@4.0.2 want: ^2.0.0
3988 silly placeDep ROOT is-hexadecimal@2.0.1 OK for: parse-entities@4.0.2 want: ^2.0.0
3989 silly fetch manifest is-alphabetical@^2.0.0
3990 silly packumentCache full:https://registry.npmmirror.com/is-alphabetical cache-miss
3991 http fetch GET 200 https://registry.npmmirror.com/is-alphabetical 68ms (cache miss)
3992 silly packumentCache full:https://registry.npmmirror.com/is-alphabetical set size:5433 disposed:false
3993 silly placeDep ROOT is-alphabetical@2.0.1 OK for: is-alphanumerical@2.0.1 want: ^2.0.0
3994 silly placeDep node_modules/remark-directive-rehype hastscript@7.2.0 OK for: remark-directive-rehype@0.4.2 want: ^7.0.2
3995 silly placeDep ROOT unist-util-map@3.1.3 OK for: remark-directive-rehype@0.4.2 want: ^3.1.2
3996 silly fetch manifest @types/hast@^2.0.0
3997 silly packumentCache full:https://registry.npmmirror.com/@types%2fhast cache-hit
3998 silly fetch manifest hast-util-parse-selector@^3.0.0
3999 silly packumentCache full:https://registry.npmmirror.com/hast-util-parse-selector cache-hit
4000 silly fetch manifest property-information@^6.0.0
4001 silly packumentCache full:https://registry.npmmirror.com/property-information cache-hit
4002 silly placeDep ROOT mdast-util-math@3.0.0 OK for: remark-math@6.0.0 want: ^3.0.0
4003 silly placeDep ROOT micromark-extension-math@3.1.0 OK for: remark-math@6.0.0 want: ^3.0.0
4004 silly placeDep node_modules/remark-sectionize unist-util-find-after@4.0.1 OK for: remark-sectionize@2.1.0 want: ^4.0.1
4005 silly placeDep node_modules/remark-sectionize unist-util-visit@4.1.2 OK for: remark-sectionize@2.1.0 want: ^4.1.2
4006 silly fetch manifest unist-util-is@^5.0.0
4007 silly packumentCache full:https://registry.npmmirror.com/unist-util-is cache-hit
4008 silly fetch manifest unist-util-is@^5.0.0
4009 silly packumentCache full:https://registry.npmmirror.com/unist-util-is cache-hit
4010 silly fetch manifest unist-util-visit-parents@^5.1.1
4011 silly packumentCache full:https://registry.npmmirror.com/unist-util-visit-parents cache-hit
4012 silly placeDep ROOT path-parse@1.0.7 OK for: resolve@1.22.11 want: ^1.0.7
4013 silly placeDep ROOT supports-preserve-symlinks-flag@1.0.0 OK for: resolve@1.22.11 want: ^1.0.0
4014 silly placeDep ROOT queue-microtask@1.2.3 OK for: run-parallel@1.2.0 want: ^1.2.2
4015 silly placeDep ROOT escape-string-regexp@4.0.0 OK for: sanitize-html@2.17.0 want: ^4.0.0
4016 silly placeDep ROOT is-plain-object@5.0.0 OK for: sanitize-html@2.17.0 want: ^5.0.0
4017 silly placeDep ROOT parse-srcset@1.0.2 OK for: sanitize-html@2.17.0 want: ^1.0.2
4018 silly placeDep ROOT @shuding/opentype.js@1.4.0-beta.0 OK for: satori@0.18.3 want: 1.4.0-beta.0
4019 silly placeDep ROOT css-background-parser@0.1.0 OK for: satori@0.18.3 want: ^0.1.0
4020 silly placeDep ROOT css-box-shadow@1.0.0-3 OK for: satori@0.18.3 want: 1.0.0-3
4021 silly placeDep ROOT css-gradient-parser@0.0.17 OK for: satori@0.18.3 want: ^0.0.17
4022 silly placeDep ROOT css-to-react-native@3.2.0 OK for: satori@0.18.3 want: ^3.0.0
4023 silly placeDep ROOT emoji-regex-xs@2.0.1 OK for: satori@0.18.3 want: ^2.0.1
4024 silly placeDep ROOT escape-html@1.0.3 OK for: satori@0.18.3 want: ^1.0.3
4025 silly placeDep ROOT linebreak@1.1.0 OK for: satori@0.18.3 want: ^1.1.0
4026 silly placeDep ROOT parse-css-color@0.2.1 OK for: satori@0.18.3 want: ^0.2.1
4027 silly placeDep ROOT yoga-layout@3.2.1 OK for: satori@0.18.3 want: ^3.2.1
4028 silly fetch manifest fflate@^0.7.3
4029 silly packumentCache full:https://registry.npmmirror.com/fflate cache-miss
4030 silly fetch manifest string.prototype.codepointat@^0.2.1
4031 silly packumentCache full:https://registry.npmmirror.com/string.prototype.codepointat cache-miss
4032 silly fetch manifest camelize@^1.0.0
4033 silly packumentCache full:https://registry.npmmirror.com/camelize cache-miss
4034 silly fetch manifest css-color-keywords@^1.0.0
4035 silly packumentCache full:https://registry.npmmirror.com/css-color-keywords cache-miss
4036 silly fetch manifest base64-js@0.0.8
4037 silly packumentCache full:https://registry.npmmirror.com/base64-js cache-hit
4038 silly fetch manifest color-name@^1.1.4
4039 silly packumentCache full:https://registry.npmmirror.com/color-name cache-miss
4040 silly fetch manifest hex-rgb@^4.1.0
4041 silly packumentCache full:https://registry.npmmirror.com/hex-rgb cache-miss
4042 http fetch GET 200 https://registry.npmmirror.com/color-name 151ms (cache miss)
4043 silly packumentCache full:https://registry.npmmirror.com/color-name set size:5264 disposed:false
4044 http fetch GET 200 https://registry.npmmirror.com/fflate 158ms (cache miss)
4045 silly packumentCache full:https://registry.npmmirror.com/fflate set size:33468 disposed:false
4046 http fetch GET 200 https://registry.npmmirror.com/string.prototype.codepointat 178ms (cache miss)
4047 silly packumentCache full:https://registry.npmmirror.com/string.prototype.codepointat set size:4293 disposed:false
4048 http fetch GET 200 https://registry.npmmirror.com/hex-rgb 191ms (cache miss)
4049 silly packumentCache full:https://registry.npmmirror.com/hex-rgb set size:3689 disposed:false
4050 http fetch GET 200 https://registry.npmmirror.com/camelize 199ms (cache miss)
4051 silly packumentCache full:https://registry.npmmirror.com/camelize set size:4668 disposed:false
4052 http fetch GET 200 https://registry.npmmirror.com/css-color-keywords 207ms (cache miss)
4053 silly packumentCache full:https://registry.npmmirror.com/css-color-keywords set size:1675 disposed:false
4054 silly placeDep ROOT fflate@0.7.4 OK for: @shuding/opentype.js@1.4.0-beta.0 want: ^0.7.3
4055 silly placeDep ROOT string.prototype.codepointat@0.2.1 OK for: @shuding/opentype.js@1.4.0-beta.0 want: ^0.2.1
4056 silly placeDep ROOT camelize@1.0.1 OK for: css-to-react-native@3.2.0 want: ^1.0.0
4057 silly placeDep ROOT css-color-keywords@1.0.0 OK for: css-to-react-native@3.2.0 want: ^1.0.0
4058 silly placeDep node_modules/linebreak base64-js@0.0.8 OK for: linebreak@1.1.0 want: 0.0.8
4059 silly placeDep ROOT color-name@1.1.4 OK for: parse-css-color@0.2.1 want: ^1.1.4
4060 silly placeDep ROOT hex-rgb@4.3.0 OK for: parse-css-color@0.2.1 want: ^4.1.0
4061 silly placeDep ROOT @img/colour@1.0.0 OK for: sharp@0.34.5 want: ^1.0.0
4062 silly placeDep ROOT @img/sharp-darwin-arm64@0.34.5 OK for: sharp@0.34.5 want: 0.34.5
4063 silly placeDep ROOT @img/sharp-darwin-x64@0.34.5 OK for: sharp@0.34.5 want: 0.34.5
4064 silly placeDep ROOT @img/sharp-libvips-darwin-arm64@1.2.4 OK for: sharp@0.34.5 want: 1.2.4
4065 silly placeDep ROOT @img/sharp-libvips-darwin-x64@1.2.4 OK for: sharp@0.34.5 want: 1.2.4
4066 silly placeDep ROOT @img/sharp-libvips-linux-arm@1.2.4 OK for: sharp@0.34.5 want: 1.2.4
4067 silly placeDep ROOT @img/sharp-libvips-linux-arm64@1.2.4 OK for: sharp@0.34.5 want: 1.2.4
4068 silly placeDep ROOT @img/sharp-libvips-linux-ppc64@1.2.4 OK for: sharp@0.34.5 want: 1.2.4
4069 silly placeDep ROOT @img/sharp-libvips-linux-riscv64@1.2.4 OK for: sharp@0.34.5 want: 1.2.4
4070 silly placeDep ROOT @img/sharp-libvips-linux-s390x@1.2.4 OK for: sharp@0.34.5 want: 1.2.4
4071 silly placeDep ROOT @img/sharp-libvips-linux-x64@1.2.4 OK for: sharp@0.34.5 want: 1.2.4
4072 silly placeDep ROOT @img/sharp-libvips-linuxmusl-arm64@1.2.4 OK for: sharp@0.34.5 want: 1.2.4
4073 silly placeDep ROOT @img/sharp-libvips-linuxmusl-x64@1.2.4 OK for: sharp@0.34.5 want: 1.2.4
4074 silly placeDep ROOT @img/sharp-linux-arm@0.34.5 OK for: sharp@0.34.5 want: 0.34.5
4075 silly placeDep ROOT @img/sharp-linux-arm64@0.34.5 OK for: sharp@0.34.5 want: 0.34.5
4076 silly placeDep ROOT @img/sharp-linux-ppc64@0.34.5 OK for: sharp@0.34.5 want: 0.34.5
4077 silly placeDep ROOT @img/sharp-linux-riscv64@0.34.5 OK for: sharp@0.34.5 want: 0.34.5
4078 silly placeDep ROOT @img/sharp-linux-s390x@0.34.5 OK for: sharp@0.34.5 want: 0.34.5
4079 silly placeDep ROOT @img/sharp-linux-x64@0.34.5 OK for: sharp@0.34.5 want: 0.34.5
4080 silly placeDep ROOT @img/sharp-linuxmusl-arm64@0.34.5 OK for: sharp@0.34.5 want: 0.34.5
4081 silly placeDep ROOT @img/sharp-linuxmusl-x64@0.34.5 OK for: sharp@0.34.5 want: 0.34.5
4082 silly placeDep ROOT @img/sharp-wasm32@0.34.5 OK for: sharp@0.34.5 want: 0.34.5
4083 silly placeDep ROOT @img/sharp-win32-arm64@0.34.5 OK for: sharp@0.34.5 want: 0.34.5
4084 silly placeDep ROOT @img/sharp-win32-ia32@0.34.5 OK for: sharp@0.34.5 want: 0.34.5
4085 silly placeDep ROOT @img/sharp-win32-x64@0.34.5 OK for: sharp@0.34.5 want: 0.34.5
4086 silly placeDep ROOT detect-libc@2.1.2 OK for: sharp@0.34.5 want: ^2.1.2
4087 silly fetch manifest @emnapi/runtime@^1.7.0
4088 silly packumentCache full:https://registry.npmmirror.com/@emnapi%2fruntime cache-miss
4089 http fetch GET 200 https://registry.npmmirror.com/@emnapi%2fruntime 254ms (cache miss)
4090 silly packumentCache full:https://registry.npmmirror.com/@emnapi%2fruntime set size:24466 disposed:false
4091 silly placeDep ROOT @emnapi/runtime@1.7.1 OK for: @img/sharp-wasm32@0.34.5 want: ^1.7.0
4092 silly placeDep ROOT @shikijs/core@3.15.0 OK for: shiki@3.15.0 want: 3.15.0
4093 silly placeDep ROOT @shikijs/engine-javascript@3.15.0 OK for: shiki@3.15.0 want: 3.15.0
4094 silly placeDep ROOT @shikijs/engine-oniguruma@3.15.0 OK for: shiki@3.15.0 want: 3.15.0
4095 silly placeDep ROOT @shikijs/langs@3.15.0 OK for: shiki@3.15.0 want: 3.15.0
4096 silly placeDep ROOT @shikijs/themes@3.15.0 OK for: shiki@3.15.0 want: 3.15.0
4097 silly placeDep ROOT @shikijs/types@3.15.0 OK for: shiki@3.15.0 want: 3.15.0
4098 silly placeDep ROOT @shikijs/vscode-textmate@10.0.2 OK for: shiki@3.15.0 want: ^10.0.2
4099 silly fetch manifest oniguruma-to-es@^4.3.3
4100 silly packumentCache full:https://registry.npmmirror.com/oniguruma-to-es cache-miss
4101 http fetch GET 200 https://registry.npmmirror.com/oniguruma-to-es 171ms (cache miss)
4102 silly packumentCache full:https://registry.npmmirror.com/oniguruma-to-es set size:29381 disposed:false
4103 silly placeDep ROOT oniguruma-to-es@4.3.3 OK for: @shikijs/engine-javascript@3.15.0 want: ^4.3.3
4104 silly fetch manifest oniguruma-parser@^0.12.1
4105 silly packumentCache full:https://registry.npmmirror.com/oniguruma-parser cache-miss
4106 silly fetch manifest regex@^6.0.1
4107 silly packumentCache full:https://registry.npmmirror.com/regex cache-miss
4108 silly fetch manifest regex-recursion@^6.0.2
4109 silly packumentCache full:https://registry.npmmirror.com/regex-recursion cache-miss
4110 http fetch GET 200 https://registry.npmmirror.com/oniguruma-parser 206ms (cache miss)
4111 silly packumentCache full:https://registry.npmmirror.com/oniguruma-parser set size:16359 disposed:false
4112 http fetch GET 200 https://registry.npmmirror.com/regex-recursion 212ms (cache miss)
4113 silly packumentCache full:https://registry.npmmirror.com/regex-recursion set size:8936 disposed:false
4114 http fetch GET 200 https://registry.npmmirror.com/regex 224ms (cache miss)
4115 silly packumentCache full:https://registry.npmmirror.com/regex set size:33103 disposed:false
4116 silly placeDep ROOT oniguruma-parser@0.12.1 OK for: oniguruma-to-es@4.3.3 want: ^0.12.1
4117 silly placeDep ROOT regex@6.0.1 OK for: oniguruma-to-es@4.3.3 want: ^6.0.1
4118 silly placeDep ROOT regex-recursion@6.0.2 OK for: oniguruma-to-es@4.3.3 want: ^6.0.2
4119 silly fetch manifest regex-utilities@^2.3.0
4120 silly packumentCache full:https://registry.npmmirror.com/regex-utilities cache-miss
4121 silly fetch manifest regex-utilities@^2.3.0
4122 silly packumentCache full:https://registry.npmmirror.com/regex-utilities cache-miss
4123 http fetch GET 200 https://registry.npmmirror.com/regex-utilities 118ms (cache miss)
4124 silly packumentCache full:https://registry.npmmirror.com/regex-utilities set size:5101 disposed:false
4125 http fetch GET 200 https://registry.npmmirror.com/regex-utilities 122ms (cache miss)
4126 silly packumentCache full:https://registry.npmmirror.com/regex-utilities set size:5101 disposed:false
4127 silly packumentCache full:https://registry.npmmirror.com/regex-utilities dispose
4128 silly placeDep ROOT regex-utilities@2.3.0 OK for: regex@6.0.1 want: ^2.3.0
4129 silly placeDep node_modules/sitemap @types/node@17.0.45 OK for: sitemap@8.0.2 want: ^17.0.5
4130 silly placeDep ROOT @types/sax@1.2.7 OK for: sitemap@8.0.2 want: ^1.2.1
4131 silly placeDep ROOT arg@5.0.2 OK for: sitemap@8.0.2 want: ^5.0.0
4132 silly placeDep ROOT sax@1.4.3 OK for: sitemap@8.0.2 want: ^1.4.1
4133 silly placeDep ROOT duplexer@0.1.2 OK for: stream-combiner@0.2.2 want: ~0.1.1
4134 silly placeDep ROOT through@2.3.8 OK for: stream-combiner@0.2.2 want: ~2.3.4
4135 silly placeDep ROOT emoji-regex@10.6.0 OK for: string-width@7.2.0 want: ^10.3.0
4136 silly placeDep ROOT get-east-asian-width@1.4.0 OK for: string-width@7.2.0 want: ^1.0.0
4137 silly placeDep ROOT strip-ansi@7.1.2 OK for: string-width@7.2.0 want: ^7.1.0
4138 silly fetch manifest ansi-regex@^6.0.1
4139 silly packumentCache full:https://registry.npmmirror.com/ansi-regex cache-miss
4140 http fetch GET 200 https://registry.npmmirror.com/ansi-regex 45ms (cache miss)
4141 silly packumentCache full:https://registry.npmmirror.com/ansi-regex set size:9857 disposed:false
4142 silly placeDep ROOT character-entities-html4@2.1.0 OK for: stringify-entities@4.0.4 want: ^2.0.0
4143 silly placeDep ROOT ansi-regex@6.2.2 OK for: strip-ansi@7.1.2 want: ^6.0.1
4144 silly placeDep ROOT min-indent@1.0.1 OK for: strip-indent@3.0.0 want: ^1.0.0
4145 silly placeDep ROOT glob@10.5.0 OK for: stylus@0.64.0 want: ^10.4.5
4146 silly placeDep ROOT source-map@0.7.6 OK for: stylus@0.64.0 want: ^0.7.3
4147 silly fetch manifest foreground-child@^3.1.0
4148 silly packumentCache full:https://registry.npmmirror.com/foreground-child cache-miss
4149 silly fetch manifest jackspeak@^3.1.2
4150 silly packumentCache full:https://registry.npmmirror.com/jackspeak cache-miss
4151 silly fetch manifest minimatch@^9.0.4
4152 silly packumentCache full:https://registry.npmmirror.com/minimatch cache-miss
4153 silly fetch manifest minipass@^7.1.2
4154 silly packumentCache full:https://registry.npmmirror.com/minipass cache-hit
4155 silly fetch manifest package-json-from-dist@^1.0.0
4156 silly packumentCache full:https://registry.npmmirror.com/package-json-from-dist cache-miss
4157 silly fetch manifest path-scurry@^1.11.1
4158 silly packumentCache full:https://registry.npmmirror.com/path-scurry cache-miss
4159 http fetch GET 200 https://registry.npmmirror.com/minimatch 89ms (cache miss)
4160 silly packumentCache full:https://registry.npmmirror.com/minimatch set size:82781 disposed:false
4161 http fetch GET 200 https://registry.npmmirror.com/path-scurry 94ms (cache miss)
4162 silly packumentCache full:https://registry.npmmirror.com/path-scurry set size:31101 disposed:false
4163 http fetch GET 200 https://registry.npmmirror.com/package-json-from-dist 99ms (cache miss)
4164 silly packumentCache full:https://registry.npmmirror.com/package-json-from-dist set size:3058 disposed:false
4165 http fetch GET 200 https://registry.npmmirror.com/jackspeak 104ms (cache miss)
4166 silly packumentCache full:https://registry.npmmirror.com/jackspeak set size:46430 disposed:false
4167 http fetch GET 200 https://registry.npmmirror.com/foreground-child 142ms (cache miss)
4168 silly packumentCache full:https://registry.npmmirror.com/foreground-child set size:13823 disposed:false
4169 silly placeDep ROOT foreground-child@3.3.1 OK for: glob@10.5.0 want: ^3.1.0
4170 silly placeDep ROOT jackspeak@3.4.3 OK for: glob@10.5.0 want: ^3.1.2
4171 silly placeDep ROOT minimatch@9.0.5 OK for: glob@10.5.0 want: ^9.0.4
4172 silly placeDep node_modules/glob minipass@7.1.2 OK for: glob@10.5.0 want: ^7.1.2
4173 silly placeDep ROOT package-json-from-dist@1.0.1 OK for: glob@10.5.0 want: ^1.0.0
4174 silly placeDep ROOT path-scurry@1.11.1 OK for: glob@10.5.0 want: ^1.11.1
4175 silly fetch manifest cross-spawn@^7.0.6
4176 silly packumentCache full:https://registry.npmmirror.com/cross-spawn cache-miss
4177 silly fetch manifest signal-exit@^4.0.1
4178 silly packumentCache full:https://registry.npmmirror.com/signal-exit cache-miss
4179 silly fetch manifest @isaacs/cliui@^8.0.2
4180 silly packumentCache full:https://registry.npmmirror.com/@isaacs%2fcliui cache-miss
4181 silly fetch manifest @pkgjs/parseargs@^0.11.0
4182 silly packumentCache full:https://registry.npmmirror.com/@pkgjs%2fparseargs cache-miss
4183 silly fetch manifest brace-expansion@^2.0.1
4184 silly packumentCache full:https://registry.npmmirror.com/brace-expansion cache-miss
4185 silly fetch manifest lru-cache@^10.2.0
4186 silly packumentCache full:https://registry.npmmirror.com/lru-cache cache-hit
4187 silly fetch manifest minipass@^5.0.0 || ^6.0.2 || ^7.0.0
4188 silly packumentCache full:https://registry.npmmirror.com/minipass cache-hit
4189 http fetch GET 200 https://registry.npmmirror.com/signal-exit 87ms (cache miss)
4190 silly packumentCache full:https://registry.npmmirror.com/signal-exit set size:12847 disposed:false
4191 http fetch GET 200 https://registry.npmmirror.com/cross-spawn 89ms (cache miss)
4192 silly packumentCache full:https://registry.npmmirror.com/cross-spawn set size:19398 disposed:false
4193 http fetch GET 200 https://registry.npmmirror.com/@isaacs%2fcliui 97ms (cache miss)
4194 silly packumentCache full:https://registry.npmmirror.com/@isaacs%2fcliui set size:3852 disposed:false
4195 http fetch GET 200 https://registry.npmmirror.com/@pkgjs%2fparseargs 102ms (cache miss)
4196 silly packumentCache full:https://registry.npmmirror.com/@pkgjs%2fparseargs set size:19394 disposed:false
4197 http fetch GET 200 https://registry.npmmirror.com/brace-expansion 127ms (cache miss)
4198 silly packumentCache full:https://registry.npmmirror.com/brace-expansion set size:10160 disposed:false
4199 silly placeDep ROOT cross-spawn@7.0.6 OK for: foreground-child@3.3.1 want: ^7.0.6
4200 silly placeDep ROOT signal-exit@4.1.0 OK for: foreground-child@3.3.1 want: ^4.0.1
4201 silly fetch manifest path-key@^3.1.0
4202 silly packumentCache full:https://registry.npmmirror.com/path-key cache-miss
4203 silly fetch manifest shebang-command@^2.0.0
4204 silly packumentCache full:https://registry.npmmirror.com/shebang-command cache-miss
4205 silly fetch manifest which@^2.0.1
4206 silly packumentCache full:https://registry.npmmirror.com/which cache-miss
4207 http fetch GET 200 https://registry.npmmirror.com/path-key 235ms (cache miss)
4208 silly packumentCache full:https://registry.npmmirror.com/path-key set size:3439 disposed:false
4209 http fetch GET 200 https://registry.npmmirror.com/shebang-command 240ms (cache miss)
4210 silly packumentCache full:https://registry.npmmirror.com/shebang-command set size:2106 disposed:false
4211 http fetch GET 200 https://registry.npmmirror.com/which 241ms (cache miss)
4212 silly packumentCache full:https://registry.npmmirror.com/which set size:13986 disposed:false
4213 silly placeDep ROOT path-key@3.1.1 OK for: cross-spawn@7.0.6 want: ^3.1.0
4214 silly placeDep ROOT shebang-command@2.0.0 OK for: cross-spawn@7.0.6 want: ^2.0.0
4215 silly placeDep ROOT which@2.0.2 OK for: cross-spawn@7.0.6 want: ^2.0.1
4216 silly fetch manifest shebang-regex@^3.0.0
4217 silly packumentCache full:https://registry.npmmirror.com/shebang-regex cache-miss
4218 silly fetch manifest isexe@^2.0.0
4219 silly packumentCache full:https://registry.npmmirror.com/isexe cache-miss
4220 http fetch GET 200 https://registry.npmmirror.com/shebang-regex 86ms (cache miss)
4221 silly packumentCache full:https://registry.npmmirror.com/shebang-regex set size:2417 disposed:false
4222 http fetch GET 200 https://registry.npmmirror.com/isexe 90ms (cache miss)
4223 silly packumentCache full:https://registry.npmmirror.com/isexe set size:4993 disposed:false
4224 silly placeDep ROOT @isaacs/cliui@8.0.2 OK for: jackspeak@3.4.3 want: ^8.0.2
4225 silly placeDep ROOT @pkgjs/parseargs@0.11.0 OK for: jackspeak@3.4.3 want: ^0.11.0
4226 silly fetch manifest string-width@^5.1.2
4227 silly packumentCache full:https://registry.npmmirror.com/string-width cache-hit
4228 silly fetch manifest string-width-cjs@npm:string-width@^4.2.0
4229 silly packumentCache full:https://registry.npmmirror.com/string-width cache-hit
4230 silly fetch manifest strip-ansi-cjs@npm:strip-ansi@^6.0.1
4231 silly packumentCache full:https://registry.npmmirror.com/strip-ansi cache-hit
4232 silly fetch manifest wrap-ansi@^8.1.0
4233 silly packumentCache full:https://registry.npmmirror.com/wrap-ansi cache-hit
4234 silly fetch manifest wrap-ansi-cjs@npm:wrap-ansi@^7.0.0
4235 silly packumentCache full:https://registry.npmmirror.com/wrap-ansi cache-hit
4236 silly placeDep node_modules/@isaacs/cliui string-width@5.1.2 OK for: @isaacs/cliui@8.0.2 want: ^5.1.2
4237 silly placeDep ROOT string-width-cjs@4.2.3 OK for: @isaacs/cliui@8.0.2 want: npm:string-width@^4.2.0
4238 silly placeDep ROOT strip-ansi-cjs@6.0.1 OK for: @isaacs/cliui@8.0.2 want: npm:strip-ansi@^6.0.1
4239 silly placeDep node_modules/@isaacs/cliui wrap-ansi@8.1.0 OK for: @isaacs/cliui@8.0.2 want: ^8.1.0
4240 silly placeDep ROOT wrap-ansi-cjs@7.0.0 OK for: @isaacs/cliui@8.0.2 want: npm:wrap-ansi@^7.0.0
4241 silly fetch manifest eastasianwidth@^0.2.0
4242 silly packumentCache full:https://registry.npmmirror.com/eastasianwidth cache-miss
4243 silly fetch manifest emoji-regex@^9.2.2
4244 silly packumentCache full:https://registry.npmmirror.com/emoji-regex cache-hit
4245 silly fetch manifest ansi-regex@^5.0.1
4246 silly packumentCache full:https://registry.npmmirror.com/ansi-regex cache-hit
4247 silly fetch manifest ansi-styles@^6.1.0
4248 silly packumentCache full:https://registry.npmmirror.com/ansi-styles cache-hit
4249 silly fetch manifest ansi-styles@^4.0.0
4250 silly packumentCache full:https://registry.npmmirror.com/ansi-styles cache-hit
4251 silly fetch manifest strip-ansi@^6.0.0
4252 silly packumentCache full:https://registry.npmmirror.com/strip-ansi cache-hit
4253 http fetch GET 200 https://registry.npmmirror.com/eastasianwidth 39ms (cache miss)
4254 silly packumentCache full:https://registry.npmmirror.com/eastasianwidth set size:2598 disposed:false
4255 silly placeDep ROOT brace-expansion@2.0.2 OK for: minimatch@9.0.5 want: ^2.0.1
4256 silly fetch manifest balanced-match@^1.0.0
4257 silly packumentCache full:https://registry.npmmirror.com/balanced-match cache-miss
4258 http fetch GET 200 https://registry.npmmirror.com/balanced-match 43ms (cache miss)
4259 silly packumentCache full:https://registry.npmmirror.com/balanced-match set size:6837 disposed:false
4260 silly placeDep ROOT balanced-match@1.0.2 OK for: brace-expansion@2.0.2 want: ^1.0.0
4261 silly placeDep node_modules/path-scurry lru-cache@10.4.3 OK for: path-scurry@1.11.1 want: ^10.2.0
4262 silly placeDep node_modules/path-scurry minipass@7.1.2 OK for: path-scurry@1.11.1 want: ^5.0.0 || ^6.0.2 || ^7.0.0
4263 silly placeDep ROOT shebang-regex@3.0.0 OK for: shebang-command@2.0.0 want: ^3.0.0
4264 silly placeDep node_modules/string-width-cjs emoji-regex@8.0.0 OK for: string-width@4.2.3 want: ^8.0.0
4265 silly placeDep ROOT is-fullwidth-code-point@3.0.0 OK for: string-width@4.2.3 want: ^3.0.0
4266 silly placeDep node_modules/string-width-cjs strip-ansi@6.0.1 OK for: string-width@4.2.3 want: ^6.0.1
4267 silly placeDep node_modules/strip-ansi-cjs ansi-regex@5.0.1 OK for: strip-ansi@6.0.1 want: ^5.0.1
4268 silly placeDep ROOT @jridgewell/remapping@2.3.5 OK for: svelte@5.43.10 want: ^2.3.4
4269 silly placeDep ROOT @sveltejs/acorn-typescript@1.0.7 OK for: svelte@5.43.10 want: ^1.0.5
4270 silly placeDep ROOT esm-env@1.2.2 OK for: svelte@5.43.10 want: ^1.2.1
4271 silly placeDep ROOT esrap@2.1.3 OK for: svelte@5.43.10 want: ^2.1.0
4272 silly placeDep ROOT is-reference@3.0.3 OK for: svelte@5.43.10 want: ^3.0.3
4273 silly placeDep ROOT locate-character@3.0.0 OK for: svelte@5.43.10 want: ^3.0.0
4274 silly placeDep ROOT zimmerframe@1.1.4 OK for: svelte@5.43.10 want: ^1.1.2
4275 silly fetch manifest @jridgewell/gen-mapping@^0.3.5
4276 silly packumentCache full:https://registry.npmmirror.com/@jridgewell%2fgen-mapping cache-miss
4277 silly fetch manifest @jridgewell/trace-mapping@^0.3.24
4278 silly packumentCache full:https://registry.npmmirror.com/@jridgewell%2ftrace-mapping cache-miss
4279 http fetch GET 200 https://registry.npmmirror.com/@jridgewell%2fgen-mapping 61ms (cache miss)
4280 silly packumentCache full:https://registry.npmmirror.com/@jridgewell%2fgen-mapping set size:17889 disposed:false
4281 http fetch GET 200 https://registry.npmmirror.com/@jridgewell%2ftrace-mapping 83ms (cache miss)
4282 silly packumentCache full:https://registry.npmmirror.com/@jridgewell%2ftrace-mapping set size:40595 disposed:false
4283 silly placeDep ROOT @jridgewell/gen-mapping@0.3.13 OK for: @jridgewell/remapping@2.3.5 want: ^0.3.5
4284 silly placeDep ROOT @jridgewell/trace-mapping@0.3.31 OK for: @jridgewell/remapping@2.3.5 want: ^0.3.24
4285 silly fetch manifest @jridgewell/resolve-uri@^3.1.0
4286 silly packumentCache full:https://registry.npmmirror.com/@jridgewell%2fresolve-uri cache-miss
4287 http fetch GET 200 https://registry.npmmirror.com/@jridgewell%2fresolve-uri 218ms (cache miss)
4288 silly packumentCache full:https://registry.npmmirror.com/@jridgewell%2fresolve-uri set size:14497 disposed:false
4289 silly placeDep ROOT @jridgewell/resolve-uri@3.1.2 OK for: @jridgewell/trace-mapping@0.3.31 want: ^3.1.0
4290 silly placeDep ROOT dedent-js@1.0.1 OK for: svelte2tsx@0.7.45 want: ^1.0.1
4291 silly placeDep ROOT scule@1.3.0 OK for: svelte2tsx@0.7.45 want: ^1.3.0
4292 silly placeDep ROOT @trysound/sax@0.2.0 OK for: svgo@3.3.2 want: 0.2.0
4293 silly placeDep node_modules/svgo commander@7.2.0 OK for: svgo@3.3.2 want: ^7.2.0
4294 silly placeDep ROOT css-tree@2.3.1 OK for: svgo@3.3.2 want: ^2.3.1
4295 silly placeDep ROOT csso@5.0.5 OK for: svgo@3.3.2 want: ^5.0.5
4296 silly fetch manifest mdn-data@2.0.30
4297 silly packumentCache full:https://registry.npmmirror.com/mdn-data cache-miss
4298 silly fetch manifest css-tree@~2.2.0
4299 silly packumentCache full:https://registry.npmmirror.com/css-tree cache-hit
4300 http fetch GET 200 https://registry.npmmirror.com/mdn-data 52ms (cache miss)
4301 silly packumentCache full:https://registry.npmmirror.com/mdn-data set size:32981 disposed:false
4302 silly placeDep ROOT mdn-data@2.0.30 OK for: css-tree@2.3.1 want: 2.0.30
4303 silly placeDep node_modules/csso css-tree@2.2.1 OK for: csso@5.0.5 want: ~2.2.0
4304 silly fetch manifest mdn-data@2.0.28
4305 silly packumentCache full:https://registry.npmmirror.com/mdn-data cache-hit
4306 silly placeDep ROOT delegate-it@6.3.0 OK for: swup@4.8.2 want: ^6.0.0
4307 silly placeDep ROOT opencollective-postinstall@2.0.3 OK for: swup@4.8.2 want: ^2.0.2
4308 silly placeDep ROOT path-to-regexp@6.3.0 OK for: swup@4.8.2 want: ^6.2.1
4309 silly fetch manifest typed-query-selector@^2.11.2
4310 silly packumentCache full:https://registry.npmmirror.com/typed-query-selector cache-miss
4311 http fetch GET 200 https://registry.npmmirror.com/typed-query-selector 78ms (cache miss)
4312 silly packumentCache full:https://registry.npmmirror.com/typed-query-selector set size:21303 disposed:false
4313 silly placeDep ROOT typed-query-selector@2.12.0 OK for: delegate-it@6.3.0 want: ^2.11.2
4314 silly placeDep ROOT morphdom@2.7.7 OK for: swup-morph-plugin@1.3.0 want: ^2.7.0
4315 silly placeDep node_modules/tailwindcss chokidar@3.6.0 OK for: tailwindcss@3.4.18 want: ^3.6.0
4316 silly placeDep ROOT didyoumean@1.2.2 OK for: tailwindcss@3.4.18 want: ^1.2.2
4317 silly placeDep node_modules/tailwindcss glob-parent@6.0.2 OK for: tailwindcss@3.4.18 want: ^6.0.2
4318 silly placeDep ROOT jiti@1.21.7 OK for: tailwindcss@3.4.18 want: ^1.21.7
4319 silly placeDep ROOT normalize-path@3.0.0 OK for: tailwindcss@3.4.18 want: ^3.0.0
4320 silly placeDep ROOT object-hash@3.0.0 OK for: tailwindcss@3.4.18 want: ^3.0.0
4321 silly placeDep node_modules/tailwindcss postcss-import@15.1.0 OK for: tailwindcss@3.4.18 want: ^15.1.0
4322 silly placeDep ROOT postcss-js@4.1.0 OK for: tailwindcss@3.4.18 want: ^4.0.1
4323 silly placeDep node_modules/tailwindcss postcss-selector-parser@6.1.2 OK for: tailwindcss@3.4.18 want: ^6.1.2
4324 silly placeDep ROOT sucrase@3.35.0 OK for: tailwindcss@3.4.18 want: ^3.35.0
4325 silly fetch manifest anymatch@~3.1.2
4326 silly packumentCache full:https://registry.npmmirror.com/anymatch cache-hit
4327 silly fetch manifest is-binary-path@~2.1.0
4328 silly packumentCache full:https://registry.npmmirror.com/is-binary-path cache-miss
4329 silly fetch manifest normalize-path@~3.0.0
4330 silly packumentCache full:https://registry.npmmirror.com/normalize-path cache-hit
4331 silly fetch manifest readdirp@~3.6.0
4332 silly packumentCache full:https://registry.npmmirror.com/readdirp cache-hit
4333 silly fetch manifest fsevents@~2.3.2
4334 silly packumentCache full:https://registry.npmmirror.com/fsevents cache-hit
4335 silly fetch manifest camelcase-css@^2.0.1
4336 silly packumentCache full:https://registry.npmmirror.com/camelcase-css cache-miss
4337 silly fetch manifest commander@^4.0.0
4338 silly packumentCache full:https://registry.npmmirror.com/commander cache-hit
4339 silly fetch manifest mz@^2.7.0
4340 silly packumentCache full:https://registry.npmmirror.com/mz cache-miss
4341 silly fetch manifest pirates@^4.0.1
4342 silly packumentCache full:https://registry.npmmirror.com/pirates cache-miss
4343 silly fetch manifest ts-interface-checker@^0.1.9
4344 silly packumentCache full:https://registry.npmmirror.com/ts-interface-checker cache-miss
4345 http fetch GET 200 https://registry.npmmirror.com/pirates 198ms (cache miss)
4346 silly packumentCache full:https://registry.npmmirror.com/pirates set size:12553 disposed:false
4347 http fetch GET 200 https://registry.npmmirror.com/mz 211ms (cache miss)
4348 silly packumentCache full:https://registry.npmmirror.com/mz set size:7905 disposed:false
4349 http fetch GET 200 https://registry.npmmirror.com/camelcase-css 214ms (cache miss)
4350 silly packumentCache full:https://registry.npmmirror.com/camelcase-css set size:2461 disposed:false
4351 http fetch GET 200 https://registry.npmmirror.com/is-binary-path 218ms (cache miss)
4352 silly packumentCache full:https://registry.npmmirror.com/is-binary-path set size:3065 disposed:false
4353 http fetch GET 200 https://registry.npmmirror.com/ts-interface-checker 224ms (cache miss)
4354 silly packumentCache full:https://registry.npmmirror.com/ts-interface-checker set size:8429 disposed:false
4355 silly placeDep ROOT camelcase-css@2.0.1 OK for: postcss-js@4.1.0 want: ^2.0.1
4356 silly placeDep node_modules/sucrase commander@4.1.1 OK for: sucrase@3.35.0 want: ^4.0.0
4357 silly placeDep ROOT mz@2.7.0 OK for: sucrase@3.35.0 want: ^2.7.0
4358 silly placeDep ROOT pirates@4.0.7 OK for: sucrase@3.35.0 want: ^4.0.1
4359 silly placeDep ROOT ts-interface-checker@0.1.13 OK for: sucrase@3.35.0 want: ^0.1.9
4360 silly fetch manifest any-promise@^1.0.0
4361 silly packumentCache full:https://registry.npmmirror.com/any-promise cache-miss
4362 silly fetch manifest object-assign@^4.0.1
4363 silly packumentCache full:https://registry.npmmirror.com/object-assign cache-miss
4364 silly fetch manifest thenify-all@^1.0.0
4365 silly packumentCache full:https://registry.npmmirror.com/thenify-all cache-miss
4366 http fetch GET 200 https://registry.npmmirror.com/any-promise 270ms (cache miss)
4367 silly packumentCache full:https://registry.npmmirror.com/any-promise set size:5727 disposed:false
4368 http fetch GET 200 https://registry.npmmirror.com/thenify-all 279ms (cache miss)
4369 silly packumentCache full:https://registry.npmmirror.com/thenify-all set size:3730 disposed:false
4370 http fetch GET 200 https://registry.npmmirror.com/object-assign 283ms (cache miss)
4371 silly packumentCache full:https://registry.npmmirror.com/object-assign set size:5509 disposed:false
4372 silly placeDep ROOT any-promise@1.3.0 OK for: mz@2.7.0 want: ^1.0.0
4373 silly placeDep ROOT object-assign@4.1.1 OK for: mz@2.7.0 want: ^4.0.1
4374 silly placeDep ROOT thenify-all@1.6.0 OK for: mz@2.7.0 want: ^1.0.0
4375 silly fetch manifest thenify@>= 3.1.0 < 4
4376 silly packumentCache full:https://registry.npmmirror.com/thenify cache-miss
4377 http fetch GET 200 https://registry.npmmirror.com/thenify 59ms (cache miss)
4378 silly packumentCache full:https://registry.npmmirror.com/thenify set size:4663 disposed:false
4379 silly placeDep ROOT chownr@2.0.0 OK for: tar@6.2.1 want: ^2.0.0
4380 silly placeDep ROOT fs-minipass@2.1.0 OK for: tar@6.2.1 want: ^2.0.0
4381 silly placeDep node_modules/tar minipass@5.0.0 OK for: tar@6.2.1 want: ^5.0.0
4382 silly placeDep ROOT minizlib@2.1.2 OK for: tar@6.2.1 want: ^2.1.1
4383 silly placeDep ROOT mkdirp@1.0.4 OK for: tar@6.2.1 want: ^1.0.3
4384 silly fetch manifest minipass@^3.0.0
4385 silly packumentCache full:https://registry.npmmirror.com/minipass cache-hit
4386 silly fetch manifest minipass@^3.0.0
4387 silly packumentCache full:https://registry.npmmirror.com/minipass cache-hit
4388 silly placeDep node_modules/fs-minipass minipass@3.3.6 OK for: fs-minipass@2.1.0 want: ^3.0.0
4389 silly placeDep node_modules/minizlib minipass@3.3.6 OK for: minizlib@2.1.2 want: ^3.0.0
4390 silly placeDep ROOT thenify@3.3.1 OK for: thenify-all@1.6.0 want: >= 3.1.0 < 4
4391 silly placeDep node_modules/through2 readable-stream@3.6.2 OK for: through2@4.0.2 want: 3
4392 silly placeDep ROOT fdir@6.5.0 OK for: tinyglobby@0.2.15 want: ^6.5.0
4393 silly placeDep ROOT is-number@7.0.0 OK for: to-regex-range@5.0.1 want: ^7.0.0
4394 silly placeDep ROOT bindings@1.5.0 OK for: ttf2woff2@4.0.5 want: ^1.5.0
4395 silly placeDep ROOT bufferstreams@3.0.0 OK for: ttf2woff2@4.0.5 want: ^3.0.0
4396 silly placeDep ROOT nan@2.23.1 OK for: ttf2woff2@4.0.5 want: ^2.14.2
4397 silly placeDep ROOT node-gyp@9.4.1 OK for: ttf2woff2@4.0.5 want: ^9.0.0
4398 silly fetch manifest file-uri-to-path@1.0.0
4399 silly packumentCache full:https://registry.npmmirror.com/file-uri-to-path cache-miss
4400 silly fetch manifest readable-stream@^3.4.0
4401 silly packumentCache full:https://registry.npmmirror.com/readable-stream cache-hit
4402 silly fetch manifest env-paths@^2.2.0
4403 silly packumentCache full:https://registry.npmmirror.com/env-paths cache-miss
4404 silly fetch manifest exponential-backoff@^3.1.1
4405 silly packumentCache full:https://registry.npmmirror.com/exponential-backoff cache-miss
4406 silly fetch manifest glob@^7.1.4
4407 silly packumentCache full:https://registry.npmmirror.com/glob cache-hit
4408 silly fetch manifest graceful-fs@^4.2.6
4409 silly packumentCache full:https://registry.npmmirror.com/graceful-fs cache-hit
4410 silly fetch manifest make-fetch-happen@^10.0.3
4411 silly packumentCache full:https://registry.npmmirror.com/make-fetch-happen cache-miss
4412 silly fetch manifest nopt@^6.0.0
4413 silly packumentCache full:https://registry.npmmirror.com/nopt cache-miss
4414 silly fetch manifest npmlog@^6.0.0
4415 silly packumentCache full:https://registry.npmmirror.com/npmlog cache-miss
4416 silly fetch manifest rimraf@^3.0.2
4417 silly packumentCache full:https://registry.npmmirror.com/rimraf cache-miss
4418 http fetch GET 200 https://registry.npmmirror.com/env-paths 58ms (cache miss)
4419 silly packumentCache full:https://registry.npmmirror.com/env-paths set size:4862 disposed:false
4420 http fetch GET 200 https://registry.npmmirror.com/file-uri-to-path 64ms (cache miss)
4421 silly packumentCache full:https://registry.npmmirror.com/file-uri-to-path set size:3098 disposed:false
4422 http fetch GET 200 https://registry.npmmirror.com/nopt 94ms (cache miss)
4423 silly packumentCache full:https://registry.npmmirror.com/nopt set size:17998 disposed:false
4424 http fetch GET 200 https://registry.npmmirror.com/exponential-backoff 99ms (cache miss)
4425 silly packumentCache full:https://registry.npmmirror.com/exponential-backoff set size:9132 disposed:false
4426 http fetch GET 200 https://registry.npmmirror.com/npmlog 99ms (cache miss)
4427 silly packumentCache full:https://registry.npmmirror.com/npmlog set size:17343 disposed:false
4428 http fetch GET 200 https://registry.npmmirror.com/rimraf 108ms (cache miss)
4429 silly packumentCache full:https://registry.npmmirror.com/rimraf set size:42992 disposed:false
4430 http fetch GET 200 https://registry.npmmirror.com/make-fetch-happen 167ms (cache miss)
4431 silly packumentCache full:https://registry.npmmirror.com/make-fetch-happen set size:61362 disposed:false
4432 silly placeDep ROOT file-uri-to-path@1.0.0 OK for: bindings@1.5.0 want: 1.0.0
4433 silly placeDep node_modules/bufferstreams readable-stream@3.6.2 OK for: bufferstreams@3.0.0 want: ^3.4.0
4434 silly placeDep ROOT env-paths@2.2.1 OK for: node-gyp@9.4.1 want: ^2.2.0
4435 silly placeDep ROOT exponential-backoff@3.1.3 OK for: node-gyp@9.4.1 want: ^3.1.1
4436 silly placeDep node_modules/node-gyp glob@7.2.3 OK for: node-gyp@9.4.1 want: ^7.1.4
4437 silly placeDep ROOT graceful-fs@4.2.11 OK for: node-gyp@9.4.1 want: ^4.2.6
4438 silly placeDep ROOT make-fetch-happen@10.2.1 OK for: node-gyp@9.4.1 want: ^10.0.3
4439 silly placeDep ROOT nopt@6.0.0 OK for: node-gyp@9.4.1 want: ^6.0.0
4440 silly placeDep ROOT npmlog@6.0.2 OK for: node-gyp@9.4.1 want: ^6.0.0
4441 silly placeDep ROOT rimraf@3.0.2 OK for: node-gyp@9.4.1 want: ^3.0.2
4442 silly fetch manifest fs.realpath@^1.0.0
4443 silly packumentCache full:https://registry.npmmirror.com/fs.realpath cache-miss
4444 silly fetch manifest inflight@^1.0.4
4445 silly packumentCache full:https://registry.npmmirror.com/inflight cache-miss
4446 silly fetch manifest minimatch@^3.1.1
4447 silly packumentCache full:https://registry.npmmirror.com/minimatch cache-hit
4448 silly fetch manifest path-is-absolute@^1.0.0
4449 silly packumentCache full:https://registry.npmmirror.com/path-is-absolute cache-miss
4450 silly fetch manifest agentkeepalive@^4.2.1
4451 silly packumentCache full:https://registry.npmmirror.com/agentkeepalive cache-miss
4452 silly fetch manifest cacache@^16.1.0
4453 silly packumentCache full:https://registry.npmmirror.com/cacache cache-miss
4454 silly fetch manifest http-proxy-agent@^5.0.0
4455 silly packumentCache full:https://registry.npmmirror.com/http-proxy-agent cache-miss
4456 silly fetch manifest https-proxy-agent@^5.0.0
4457 silly packumentCache full:https://registry.npmmirror.com/https-proxy-agent cache-miss
4458 silly fetch manifest is-lambda@^1.0.1
4459 silly packumentCache full:https://registry.npmmirror.com/is-lambda cache-miss
4460 silly fetch manifest lru-cache@^7.7.1
4461 silly packumentCache full:https://registry.npmmirror.com/lru-cache cache-hit
4462 silly fetch manifest minipass@^3.1.6
4463 silly packumentCache full:https://registry.npmmirror.com/minipass cache-hit
4464 silly fetch manifest minipass-collect@^1.0.2
4465 silly packumentCache full:https://registry.npmmirror.com/minipass-collect cache-miss
4466 silly fetch manifest minipass-fetch@^2.0.3
4467 silly packumentCache full:https://registry.npmmirror.com/minipass-fetch cache-miss
4468 silly fetch manifest minipass-flush@^1.0.5
4469 silly packumentCache full:https://registry.npmmirror.com/minipass-flush cache-miss
4470 silly fetch manifest minipass-pipeline@^1.2.4
4471 silly packumentCache full:https://registry.npmmirror.com/minipass-pipeline cache-miss
4472 silly fetch manifest negotiator@^0.6.3
4473 silly packumentCache full:https://registry.npmmirror.com/negotiator cache-miss
4474 silly fetch manifest promise-retry@^2.0.1
4475 silly packumentCache full:https://registry.npmmirror.com/promise-retry cache-miss
4476 silly fetch manifest socks-proxy-agent@^7.0.0
4477 silly packumentCache full:https://registry.npmmirror.com/socks-proxy-agent cache-miss
4478 silly fetch manifest ssri@^9.0.0
4479 silly packumentCache full:https://registry.npmmirror.com/ssri cache-miss
4480 silly fetch manifest abbrev@^1.0.0
4481 silly packumentCache full:https://registry.npmmirror.com/abbrev cache-miss
4482 silly fetch manifest are-we-there-yet@^3.0.0
4483 silly packumentCache full:https://registry.npmmirror.com/are-we-there-yet cache-miss
4484 silly fetch manifest console-control-strings@^1.1.0
4485 silly packumentCache full:https://registry.npmmirror.com/console-control-strings cache-miss
4486 silly fetch manifest gauge@^4.0.3
4487 silly packumentCache full:https://registry.npmmirror.com/gauge cache-miss
4488 silly fetch manifest set-blocking@^2.0.0
4489 silly packumentCache full:https://registry.npmmirror.com/set-blocking cache-miss
4490 silly fetch manifest glob@^7.1.3
4491 silly packumentCache full:https://registry.npmmirror.com/glob cache-hit
4492 http fetch GET 200 https://registry.npmmirror.com/inflight 173ms (cache miss)
4493 silly packumentCache full:https://registry.npmmirror.com/inflight set size:3168 disposed:false
4494 http fetch GET 200 https://registry.npmmirror.com/path-is-absolute 175ms (cache miss)
4495 silly packumentCache full:https://registry.npmmirror.com/path-is-absolute set size:2115 disposed:false
4496 http fetch GET 200 https://registry.npmmirror.com/fs.realpath 178ms (cache miss)
4497 silly packumentCache full:https://registry.npmmirror.com/fs.realpath set size:1727 disposed:false
4498 http fetch GET 200 https://registry.npmmirror.com/http-proxy-agent 179ms (cache miss)
4499 silly packumentCache full:https://registry.npmmirror.com/http-proxy-agent set size:9877 disposed:false
4500 http fetch GET 200 https://registry.npmmirror.com/minipass-collect 179ms (cache miss)
4501 silly packumentCache full:https://registry.npmmirror.com/minipass-collect set size:3036 disposed:false
4502 http fetch GET 200 https://registry.npmmirror.com/is-lambda 182ms (cache miss)
4503 silly packumentCache full:https://registry.npmmirror.com/is-lambda set size:1656 disposed:false
4504 http fetch GET 200 https://registry.npmmirror.com/https-proxy-agent 183ms (cache miss)
4505 silly packumentCache full:https://registry.npmmirror.com/https-proxy-agent set size:14696 disposed:false
4506 http fetch GET 200 https://registry.npmmirror.com/cacache 186ms (cache miss)
4507 silly packumentCache full:https://registry.npmmirror.com/cacache set size:64660 disposed:false
4508 http fetch GET 200 https://registry.npmmirror.com/agentkeepalive 214ms (cache miss)
4509 silly packumentCache full:https://registry.npmmirror.com/agentkeepalive set size:23166 disposed:false
4510 http fetch GET 200 https://registry.npmmirror.com/minipass-pipeline 255ms (cache miss)
4511 silly packumentCache full:https://registry.npmmirror.com/minipass-pipeline set size:4432 disposed:false
4512 http fetch GET 200 https://registry.npmmirror.com/negotiator 256ms (cache miss)
4513 silly packumentCache full:https://registry.npmmirror.com/negotiator set size:10810 disposed:false
4514 http fetch GET 200 https://registry.npmmirror.com/ssri 269ms (cache miss)
4515 silly packumentCache full:https://registry.npmmirror.com/ssri set size:28217 disposed:false
4516 http fetch GET 200 https://registry.npmmirror.com/minipass-flush 273ms (cache miss)
4517 silly packumentCache full:https://registry.npmmirror.com/minipass-flush set size:2927 disposed:false
4518 http fetch GET 200 https://registry.npmmirror.com/promise-retry 282ms (cache miss)
4519 silly packumentCache full:https://registry.npmmirror.com/promise-retry set size:6558 disposed:false
4520 http fetch GET 200 https://registry.npmmirror.com/minipass-fetch 294ms (cache miss)
4521 silly packumentCache full:https://registry.npmmirror.com/minipass-fetch set size:19982 disposed:false
4522 http fetch GET 200 https://registry.npmmirror.com/socks-proxy-agent 358ms (cache miss)
4523 silly packumentCache full:https://registry.npmmirror.com/socks-proxy-agent set size:18734 disposed:false
4524 http fetch GET 200 https://registry.npmmirror.com/gauge 360ms (cache miss)
4525 silly packumentCache full:https://registry.npmmirror.com/gauge set size:26031 disposed:false
4526 http fetch GET 200 https://registry.npmmirror.com/abbrev 363ms (cache miss)
4527 silly packumentCache full:https://registry.npmmirror.com/abbrev set size:6529 disposed:false
4528 http fetch GET 200 https://registry.npmmirror.com/are-we-there-yet 405ms (cache miss)
4529 silly packumentCache full:https://registry.npmmirror.com/are-we-there-yet set size:12793 disposed:false
4530 http fetch GET 200 https://registry.npmmirror.com/set-blocking 438ms (cache miss)
4531 silly packumentCache full:https://registry.npmmirror.com/set-blocking set size:2111 disposed:false
4532 http fetch GET 200 https://registry.npmmirror.com/console-control-strings 485ms (cache miss)
4533 silly packumentCache full:https://registry.npmmirror.com/console-control-strings set size:2948 disposed:false
4534 silly placeDep ROOT agentkeepalive@4.6.0 OK for: make-fetch-happen@10.2.1 want: ^4.2.1
4535 silly placeDep ROOT cacache@16.1.3 OK for: make-fetch-happen@10.2.1 want: ^16.1.0
4536 silly placeDep ROOT http-proxy-agent@5.0.0 OK for: make-fetch-happen@10.2.1 want: ^5.0.0
4537 silly placeDep ROOT https-proxy-agent@5.0.1 OK for: make-fetch-happen@10.2.1 want: ^5.0.0
4538 silly placeDep ROOT is-lambda@1.0.1 OK for: make-fetch-happen@10.2.1 want: ^1.0.1
4539 silly placeDep node_modules/make-fetch-happen lru-cache@7.18.3 OK for: make-fetch-happen@10.2.1 want: ^7.7.1
4540 silly placeDep node_modules/make-fetch-happen minipass@3.3.6 OK for: make-fetch-happen@10.2.1 want: ^3.1.6
4541 silly placeDep ROOT minipass-collect@1.0.2 OK for: make-fetch-happen@10.2.1 want: ^1.0.2
4542 silly placeDep ROOT minipass-fetch@2.1.2 OK for: make-fetch-happen@10.2.1 want: ^2.0.3
4543 silly placeDep ROOT minipass-flush@1.0.5 OK for: make-fetch-happen@10.2.1 want: ^1.0.5
4544 silly placeDep ROOT minipass-pipeline@1.2.4 OK for: make-fetch-happen@10.2.1 want: ^1.2.4
4545 silly placeDep ROOT negotiator@0.6.4 OK for: make-fetch-happen@10.2.1 want: ^0.6.3
4546 silly placeDep ROOT promise-retry@2.0.1 OK for: make-fetch-happen@10.2.1 want: ^2.0.1
4547 silly placeDep ROOT socks-proxy-agent@7.0.0 OK for: make-fetch-happen@10.2.1 want: ^7.0.0
4548 silly placeDep ROOT ssri@9.0.1 OK for: make-fetch-happen@10.2.1 want: ^9.0.0
4549 silly fetch manifest humanize-ms@^1.2.1
4550 silly packumentCache full:https://registry.npmmirror.com/humanize-ms cache-miss
4551 silly fetch manifest @npmcli/fs@^2.1.0
4552 silly packumentCache full:https://registry.npmmirror.com/@npmcli%2ffs cache-miss
4553 silly fetch manifest @npmcli/move-file@^2.0.0
4554 silly packumentCache full:https://registry.npmmirror.com/@npmcli%2fmove-file cache-miss
4555 silly fetch manifest glob@^8.0.1
4556 silly packumentCache full:https://registry.npmmirror.com/glob cache-hit
4557 silly fetch manifest infer-owner@^1.0.4
4558 silly packumentCache full:https://registry.npmmirror.com/infer-owner cache-miss
4559 silly fetch manifest p-map@^4.0.0
4560 silly packumentCache full:https://registry.npmmirror.com/p-map cache-miss
4561 silly fetch manifest promise-inflight@^1.0.1
4562 silly packumentCache full:https://registry.npmmirror.com/promise-inflight cache-miss
4563 silly fetch manifest unique-filename@^2.0.0
4564 silly packumentCache full:https://registry.npmmirror.com/unique-filename cache-miss
4565 silly fetch manifest @tootallnate/once@2
4566 silly packumentCache full:https://registry.npmmirror.com/@tootallnate%2fonce cache-miss
4567 silly fetch manifest agent-base@6
4568 silly packumentCache full:https://registry.npmmirror.com/agent-base cache-miss
4569 silly fetch manifest agent-base@6
4570 silly packumentCache full:https://registry.npmmirror.com/agent-base cache-miss
4571 silly fetch manifest minipass-sized@^1.0.3
4572 silly packumentCache full:https://registry.npmmirror.com/minipass-sized cache-miss
4573 silly fetch manifest encoding@^0.1.13
4574 silly packumentCache full:https://registry.npmmirror.com/encoding cache-miss
4575 silly fetch manifest err-code@^2.0.2
4576 silly packumentCache full:https://registry.npmmirror.com/err-code cache-miss
4577 silly fetch manifest retry@^0.12.0
4578 silly packumentCache full:https://registry.npmmirror.com/retry cache-miss
4579 silly fetch manifest agent-base@^6.0.2
4580 silly packumentCache full:https://registry.npmmirror.com/agent-base cache-miss
4581 silly fetch manifest socks@^2.6.2
4582 silly packumentCache full:https://registry.npmmirror.com/socks cache-miss
4583 silly fetch manifest minipass@^3.1.1
4584 silly packumentCache full:https://registry.npmmirror.com/minipass cache-hit
4585 http fetch GET 200 https://registry.npmmirror.com/p-map 94ms (cache miss)
4586 silly packumentCache full:https://registry.npmmirror.com/p-map set size:12023 disposed:false
4587 http fetch GET 200 https://registry.npmmirror.com/unique-filename 94ms (cache miss)
4588 silly packumentCache full:https://registry.npmmirror.com/unique-filename set size:7105 disposed:false
4589 http fetch GET 200 https://registry.npmmirror.com/@npmcli%2ffs 98ms (cache miss)
4590 silly packumentCache full:https://registry.npmmirror.com/@npmcli%2ffs set size:13244 disposed:false
4591 http fetch GET 200 https://registry.npmmirror.com/promise-inflight 108ms (cache miss)
4592 silly packumentCache full:https://registry.npmmirror.com/promise-inflight set size:1673 disposed:false
4593 http fetch GET 200 https://registry.npmmirror.com/infer-owner 110ms (cache miss)
4594 silly packumentCache full:https://registry.npmmirror.com/infer-owner set size:1869 disposed:false
4595 http fetch GET 200 https://registry.npmmirror.com/@tootallnate%2fonce 109ms (cache miss)
4596 silly packumentCache full:https://registry.npmmirror.com/@tootallnate%2fonce set size:3975 disposed:false
4597 http fetch GET 200 https://registry.npmmirror.com/agent-base 109ms (cache miss)
4598 silly packumentCache full:https://registry.npmmirror.com/agent-base set size:12834 disposed:false
4599 http fetch GET 200 https://registry.npmmirror.com/agent-base 115ms (cache miss)
4600 silly packumentCache full:https://registry.npmmirror.com/agent-base set size:12834 disposed:false
4601 silly packumentCache full:https://registry.npmmirror.com/agent-base dispose
4602 http fetch GET 200 https://registry.npmmirror.com/agent-base 118ms (cache miss)
4603 silly packumentCache full:https://registry.npmmirror.com/agent-base set size:12834 disposed:true
4604 silly packumentCache full:https://registry.npmmirror.com/agent-base dispose
4605 http fetch GET 200 https://registry.npmmirror.com/@npmcli%2fmove-file 124ms (cache miss)
4606 silly packumentCache full:https://registry.npmmirror.com/@npmcli%2fmove-file set size:6526 disposed:false
4607 http fetch GET 200 https://registry.npmmirror.com/humanize-ms 133ms (cache miss)
4608 silly packumentCache full:https://registry.npmmirror.com/humanize-ms set size:3544 disposed:false
4609 http fetch GET 200 https://registry.npmmirror.com/err-code 131ms (cache miss)
4610 silly packumentCache full:https://registry.npmmirror.com/err-code set size:5384 disposed:false
4611 http fetch GET 200 https://registry.npmmirror.com/encoding 133ms (cache miss)
4612 silly packumentCache full:https://registry.npmmirror.com/encoding set size:4381 disposed:false
4613 http fetch GET 200 https://registry.npmmirror.com/retry 135ms (cache miss)
4614 silly packumentCache full:https://registry.npmmirror.com/retry set size:8151 disposed:false
4615 http fetch GET 200 https://registry.npmmirror.com/minipass-sized 139ms (cache miss)
4616 silly packumentCache full:https://registry.npmmirror.com/minipass-sized set size:2298 disposed:false
4617 http fetch GET 200 https://registry.npmmirror.com/socks 142ms (cache miss)
4618 silly packumentCache full:https://registry.npmmirror.com/socks set size:28191 disposed:false
4619 silly placeDep ROOT humanize-ms@1.2.1 OK for: agentkeepalive@4.6.0 want: ^1.2.1
4620 silly placeDep ROOT @npmcli/fs@2.1.2 OK for: cacache@16.1.3 want: ^2.1.0
4621 silly placeDep ROOT @npmcli/move-file@2.0.1 OK for: cacache@16.1.3 want: ^2.0.0
4622 silly placeDep node_modules/cacache glob@8.1.0 OK for: cacache@16.1.3 want: ^8.0.1
4623 silly placeDep ROOT infer-owner@1.0.4 OK for: cacache@16.1.3 want: ^1.0.4
4624 silly placeDep node_modules/cacache lru-cache@7.18.3 OK for: cacache@16.1.3 want: ^7.7.1
4625 silly placeDep node_modules/cacache minipass@3.3.6 OK for: cacache@16.1.3 want: ^3.1.6
4626 silly placeDep ROOT p-map@4.0.0 OK for: cacache@16.1.3 want: ^4.0.0
4627 silly placeDep ROOT promise-inflight@1.0.1 OK for: cacache@16.1.3 want: ^1.0.1
4628 silly placeDep ROOT unique-filename@2.0.1 OK for: cacache@16.1.3 want: ^2.0.0
4629 silly fetch manifest @gar/promisify@^1.1.3
4630 silly packumentCache full:https://registry.npmmirror.com/@gar%2fpromisify cache-miss
4631 silly fetch manifest minimatch@^5.0.1
4632 silly packumentCache full:https://registry.npmmirror.com/minimatch cache-hit
4633 silly fetch manifest aggregate-error@^3.0.0
4634 silly packumentCache full:https://registry.npmmirror.com/aggregate-error cache-miss
4635 silly fetch manifest unique-slug@^3.0.0
4636 silly packumentCache full:https://registry.npmmirror.com/unique-slug cache-miss
4637 http fetch GET 200 https://registry.npmmirror.com/@gar%2fpromisify 167ms (cache miss)
4638 silly packumentCache full:https://registry.npmmirror.com/@gar%2fpromisify set size:3868 disposed:false
4639 http fetch GET 200 https://registry.npmmirror.com/aggregate-error 181ms (cache miss)
4640 silly packumentCache full:https://registry.npmmirror.com/aggregate-error set size:5839 disposed:false
4641 http fetch GET 200 https://registry.npmmirror.com/unique-slug 222ms (cache miss)
4642 silly packumentCache full:https://registry.npmmirror.com/unique-slug set size:6040 disposed:false
4643 silly placeDep ROOT @gar/promisify@1.1.3 OK for: @npmcli/fs@2.1.2 want: ^1.1.3
4644 silly placeDep ROOT @tootallnate/once@2.0.0 OK for: http-proxy-agent@5.0.0 want: 2
4645 silly placeDep ROOT agent-base@6.0.2 OK for: http-proxy-agent@5.0.0 want: 6
4646 silly placeDep node_modules/minipass-collect minipass@3.3.6 OK for: minipass-collect@1.0.2 want: ^3.0.0
4647 silly placeDep ROOT encoding@0.1.13 OK for: minipass-fetch@2.1.2 want: ^0.1.13
4648 silly placeDep node_modules/minipass-fetch minipass@3.3.6 OK for: minipass-fetch@2.1.2 want: ^3.1.6
4649 silly placeDep ROOT minipass-sized@1.0.3 OK for: minipass-fetch@2.1.2 want: ^1.0.3
4650 silly placeDep node_modules/minipass-flush minipass@3.3.6 OK for: minipass-flush@1.0.5 want: ^3.0.0
4651 silly placeDep node_modules/minipass-pipeline minipass@3.3.6 OK for: minipass-pipeline@1.2.4 want: ^3.0.0
4652 silly placeDep node_modules/minipass-sized minipass@3.3.6 OK for: minipass-sized@1.0.3 want: ^3.0.0
4653 silly placeDep ROOT abbrev@1.1.1 OK for: nopt@6.0.0 want: ^1.0.0
4654 silly placeDep ROOT are-we-there-yet@3.0.1 OK for: npmlog@6.0.2 want: ^3.0.0
4655 silly placeDep ROOT console-control-strings@1.1.0 OK for: npmlog@6.0.2 want: ^1.1.0
4656 silly placeDep ROOT gauge@4.0.4 OK for: npmlog@6.0.2 want: ^4.0.3
4657 silly placeDep ROOT set-blocking@2.0.0 OK for: npmlog@6.0.2 want: ^2.0.0
4658 silly fetch manifest delegates@^1.0.0
4659 silly packumentCache full:https://registry.npmmirror.com/delegates cache-miss
4660 silly fetch manifest readable-stream@^3.6.0
4661 silly packumentCache full:https://registry.npmmirror.com/readable-stream cache-hit
4662 silly fetch manifest aproba@^1.0.3 || ^2.0.0
4663 silly packumentCache full:https://registry.npmmirror.com/aproba cache-miss
4664 silly fetch manifest color-support@^1.1.3
4665 silly packumentCache full:https://registry.npmmirror.com/color-support cache-miss
4666 silly fetch manifest has-unicode@^2.0.1
4667 silly packumentCache full:https://registry.npmmirror.com/has-unicode cache-miss
4668 silly fetch manifest signal-exit@^3.0.7
4669 silly packumentCache full:https://registry.npmmirror.com/signal-exit cache-hit
4670 silly fetch manifest wide-align@^1.1.5
4671 silly packumentCache full:https://registry.npmmirror.com/wide-align cache-miss
4672 http fetch GET 200 https://registry.npmmirror.com/aproba 127ms (cache miss)
4673 silly packumentCache full:https://registry.npmmirror.com/aproba set size:5436 disposed:false
4674 http fetch GET 200 https://registry.npmmirror.com/color-support 129ms (cache miss)
4675 silly packumentCache full:https://registry.npmmirror.com/color-support set size:4095 disposed:false
4676 http fetch GET 200 https://registry.npmmirror.com/delegates 137ms (cache miss)
4677 silly packumentCache full:https://registry.npmmirror.com/delegates set size:2448 disposed:false
4678 http fetch GET 200 https://registry.npmmirror.com/has-unicode 138ms (cache miss)
4679 silly packumentCache full:https://registry.npmmirror.com/has-unicode set size:2475 disposed:false
4680 http fetch GET 200 https://registry.npmmirror.com/wide-align 213ms (cache miss)
4681 silly packumentCache full:https://registry.npmmirror.com/wide-align set size:3659 disposed:false
4682 silly placeDep ROOT delegates@1.0.0 OK for: are-we-there-yet@3.0.1 want: ^1.0.0
4683 silly placeDep node_modules/are-we-there-yet readable-stream@3.6.2 OK for: are-we-there-yet@3.0.1 want: ^3.6.0
4684 silly placeDep ROOT aproba@2.1.0 OK for: gauge@4.0.4 want: ^1.0.3 || ^2.0.0
4685 silly placeDep ROOT color-support@1.1.3 OK for: gauge@4.0.4 want: ^1.1.3
4686 silly placeDep ROOT has-unicode@2.0.1 OK for: gauge@4.0.4 want: ^2.0.1
4687 silly placeDep node_modules/gauge signal-exit@3.0.7 OK for: gauge@4.0.4 want: ^3.0.7
4688 silly placeDep node_modules/gauge string-width@4.2.3 OK for: gauge@4.0.4 want: ^4.2.3
4689 silly placeDep node_modules/gauge strip-ansi@6.0.1 OK for: gauge@4.0.4 want: ^6.0.1
4690 silly placeDep ROOT wide-align@1.1.5 OK for: gauge@4.0.4 want: ^1.1.5
4691 silly fetch manifest string-width@^1.0.2 || 2 || 3 || 4
4692 silly packumentCache full:https://registry.npmmirror.com/string-width cache-hit
4693 silly placeDep ROOT aggregate-error@3.1.0 OK for: p-map@4.0.0 want: ^3.0.0
4694 silly fetch manifest clean-stack@^2.0.0
4695 silly packumentCache full:https://registry.npmmirror.com/clean-stack cache-miss
4696 http fetch GET 200 https://registry.npmmirror.com/clean-stack 146ms (cache miss)
4697 silly packumentCache full:https://registry.npmmirror.com/clean-stack set size:12183 disposed:false
4698 silly placeDep ROOT clean-stack@2.2.0 OK for: aggregate-error@3.1.0 want: ^2.0.0
4699 silly placeDep ROOT err-code@2.0.3 OK for: promise-retry@2.0.1 want: ^2.0.2
4700 silly placeDep ROOT retry@0.12.0 OK for: promise-retry@2.0.1 want: ^0.12.0
4701 silly placeDep node_modules/rimraf glob@7.2.3 OK for: rimraf@3.0.2 want: ^7.1.3
4702 silly placeDep ROOT socks@2.8.7 OK for: socks-proxy-agent@7.0.0 want: ^2.6.2
4703 silly fetch manifest ip-address@^10.0.1
4704 silly packumentCache full:https://registry.npmmirror.com/ip-address cache-miss
4705 silly fetch manifest smart-buffer@^4.2.0
4706 silly packumentCache full:https://registry.npmmirror.com/smart-buffer cache-miss
4707 http fetch GET 200 https://registry.npmmirror.com/smart-buffer 186ms (cache miss)
4708 silly packumentCache full:https://registry.npmmirror.com/smart-buffer set size:16293 disposed:false
4709 http fetch GET 200 https://registry.npmmirror.com/ip-address 226ms (cache miss)
4710 silly packumentCache full:https://registry.npmmirror.com/ip-address set size:20565 disposed:false
4711 silly placeDep ROOT ip-address@10.1.0 OK for: socks@2.8.7 want: ^10.0.1
4712 silly placeDep ROOT smart-buffer@4.2.0 OK for: socks@2.8.7 want: ^4.2.0
4713 silly placeDep node_modules/ssri minipass@3.3.6 OK for: ssri@9.0.1 want: ^3.1.1
4714 silly placeDep node_modules/unicode-trie pako@0.2.9 OK for: unicode-trie@2.0.0 want: ^0.2.5
4715 silly placeDep ROOT bail@2.0.2 OK for: unified@11.0.5 want: ^2.0.0
4716 silly placeDep ROOT extend@3.0.2 OK for: unified@11.0.5 want: ^3.0.0
4717 silly placeDep node_modules/unified is-plain-obj@4.1.0 OK for: unified@11.0.5 want: ^4.0.0
4718 silly placeDep ROOT trough@2.2.0 OK for: unified@11.0.5 want: ^2.0.0
4719 silly placeDep node_modules/unifont css-tree@3.1.0 OK for: unifont@0.6.0 want: ^3.0.0
4720 silly placeDep ROOT ofetch@1.5.1 OK for: unifont@0.6.0 want: ^1.4.1
4721 silly placeDep ROOT ohash@2.0.11 OK for: unifont@0.6.0 want: ^2.0.0
4722 silly fetch manifest mdn-data@2.12.2
4723 silly packumentCache full:https://registry.npmmirror.com/mdn-data cache-hit
4724 silly placeDep ROOT destr@2.0.5 OK for: ofetch@1.5.1 want: ^2.0.5
4725 silly placeDep ROOT node-fetch-native@1.6.7 OK for: ofetch@1.5.1 want: ^1.6.7
4726 silly placeDep ROOT unique-slug@3.0.0 OK for: unique-filename@2.0.1 want: ^3.0.0
4727 silly fetch manifest imurmurhash@^0.1.4
4728 silly packumentCache full:https://registry.npmmirror.com/imurmurhash cache-miss
4729 http fetch GET 200 https://registry.npmmirror.com/imurmurhash 265ms (cache miss)
4730 silly packumentCache full:https://registry.npmmirror.com/imurmurhash set size:3727 disposed:false
4731 silly placeDep ROOT imurmurhash@0.1.4 OK for: unique-slug@3.0.0 want: ^0.1.4
4732 silly placeDep node_modules/unist-util-map @types/unist@2.0.11 OK for: unist-util-map@3.1.3 want: ^2.0.0
4733 silly placeDep ROOT anymatch@3.1.3 OK for: unstorage@1.17.2 want: ^3.1.3
4734 silly placeDep ROOT h3@1.15.4 OK for: unstorage@1.17.2 want: ^1.15.4
4735 silly placeDep node_modules/unstorage lru-cache@10.4.3 OK for: unstorage@1.17.2 want: ^10.4.3
4736 silly fetch manifest picomatch@^2.0.4
4737 silly packumentCache full:https://registry.npmmirror.com/picomatch cache-hit
4738 silly fetch manifest cookie-es@^1.2.2
4739 silly packumentCache full:https://registry.npmmirror.com/cookie-es cache-miss
4740 silly fetch manifest crossws@^0.3.5
4741 silly packumentCache full:https://registry.npmmirror.com/crossws cache-hit
4742 silly fetch manifest defu@^6.1.4
4743 silly packumentCache full:https://registry.npmmirror.com/defu cache-miss
4744 silly fetch manifest iron-webcrypto@^1.2.1
4745 silly packumentCache full:https://registry.npmmirror.com/iron-webcrypto cache-miss
4746 silly fetch manifest node-mock-http@^1.0.2
4747 silly packumentCache full:https://registry.npmmirror.com/node-mock-http cache-miss
4748 silly fetch manifest radix3@^1.1.2
4749 silly packumentCache full:https://registry.npmmirror.com/radix3 cache-miss
4750 silly fetch manifest uncrypto@^0.1.3
4751 silly packumentCache full:https://registry.npmmirror.com/uncrypto cache-miss
4752 http fetch GET 200 https://registry.npmmirror.com/defu 161ms (cache miss)
4753 silly packumentCache full:https://registry.npmmirror.com/defu set size:17016 disposed:false
4754 http fetch GET 200 https://registry.npmmirror.com/iron-webcrypto 170ms (cache miss)
4755 silly packumentCache full:https://registry.npmmirror.com/iron-webcrypto set size:31087 disposed:false
4756 http fetch GET 200 https://registry.npmmirror.com/node-mock-http 203ms (cache miss)
4757 silly packumentCache full:https://registry.npmmirror.com/node-mock-http set size:5513 disposed:false
4758 http fetch GET 200 https://registry.npmmirror.com/cookie-es 205ms (cache miss)
4759 silly packumentCache full:https://registry.npmmirror.com/cookie-es set size:6719 disposed:false
4760 http fetch GET 200 https://registry.npmmirror.com/uncrypto 218ms (cache miss)
4761 silly packumentCache full:https://registry.npmmirror.com/uncrypto set size:5611 disposed:false
4762 http fetch GET 200 https://registry.npmmirror.com/radix3 240ms (cache miss)
4763 silly packumentCache full:https://registry.npmmirror.com/radix3 set size:12347 disposed:false
4764 silly placeDep node_modules/anymatch picomatch@2.3.1 OK for: anymatch@3.1.3 want: ^2.0.4
4765 silly placeDep ROOT cookie-es@1.2.2 OK for: h3@1.15.4 want: ^1.2.2
4766 silly placeDep ROOT crossws@0.3.5 OK for: h3@1.15.4 want: ^0.3.5
4767 silly placeDep ROOT defu@6.1.4 OK for: h3@1.15.4 want: ^6.1.4
4768 silly placeDep ROOT iron-webcrypto@1.2.1 OK for: h3@1.15.4 want: ^1.2.1
4769 silly placeDep ROOT node-mock-http@1.0.3 OK for: h3@1.15.4 want: ^1.0.2
4770 silly placeDep ROOT radix3@1.1.2 OK for: h3@1.15.4 want: ^1.1.2
4771 silly placeDep ROOT uncrypto@0.1.3 OK for: h3@1.15.4 want: ^0.1.3
4772 silly placeDep ROOT escalade@3.2.0 OK for: update-browserslist-db@1.1.4 want: ^3.2.0
4773 silly placeDep ROOT spdx-correct@3.2.0 OK for: validate-npm-package-license@3.0.4 want: ^3.0.0
4774 silly placeDep ROOT spdx-expression-parse@3.0.1 OK for: validate-npm-package-license@3.0.4 want: ^3.0.0
4775 silly fetch manifest spdx-license-ids@^3.0.0
4776 silly packumentCache full:https://registry.npmmirror.com/spdx-license-ids cache-miss
4777 silly fetch manifest spdx-exceptions@^2.1.0
4778 silly packumentCache full:https://registry.npmmirror.com/spdx-exceptions cache-miss
4779 silly fetch manifest spdx-license-ids@^3.0.0
4780 silly packumentCache full:https://registry.npmmirror.com/spdx-license-ids cache-miss
4781 http fetch GET 200 https://registry.npmmirror.com/spdx-license-ids 69ms (cache miss)
4782 silly packumentCache full:https://registry.npmmirror.com/spdx-license-ids set size:15039 disposed:false
4783 http fetch GET 200 https://registry.npmmirror.com/spdx-exceptions 71ms (cache miss)
4784 silly packumentCache full:https://registry.npmmirror.com/spdx-exceptions set size:4911 disposed:false
4785 http fetch GET 200 https://registry.npmmirror.com/spdx-license-ids 73ms (cache miss)
4786 silly packumentCache full:https://registry.npmmirror.com/spdx-license-ids set size:15039 disposed:false
4787 silly packumentCache full:https://registry.npmmirror.com/spdx-license-ids dispose
4788 silly placeDep ROOT spdx-license-ids@3.0.22 OK for: spdx-correct@3.2.0 want: ^3.0.0
4789 silly placeDep ROOT spdx-exceptions@2.5.0 OK for: spdx-expression-parse@3.0.1 want: ^2.1.0
4790 silly placeDep node_modules/vinyl clone@1.0.4 OK for: vinyl@1.2.0 want: ^1.0.0
4791 silly placeDep ROOT clone-stats@0.0.1 OK for: vinyl@1.2.0 want: ^0.0.1
4792 silly placeDep node_modules/vinyl replace-ext@0.0.1 OK for: vinyl@1.2.0 want: 0.0.1
4793 silly placeDep ROOT fs-mkdirp-stream@1.0.0 OK for: vinyl-fs@3.0.3 want: ^1.0.0
4794 silly placeDep ROOT glob-stream@6.1.0 OK for: vinyl-fs@3.0.3 want: ^6.1.0
4795 silly placeDep ROOT is-valid-glob@1.0.0 OK for: vinyl-fs@3.0.3 want: ^1.0.0
4796 silly placeDep ROOT lazystream@1.0.1 OK for: vinyl-fs@3.0.3 want: ^1.0.0
4797 silly placeDep ROOT lead@1.0.0 OK for: vinyl-fs@3.0.3 want: ^1.0.0
4798 silly placeDep ROOT object.assign@4.1.7 OK for: vinyl-fs@3.0.3 want: ^4.0.4
4799 silly placeDep ROOT pumpify@1.5.1 OK for: vinyl-fs@3.0.3 want: ^1.3.5
4800 silly placeDep ROOT remove-bom-buffer@3.0.0 OK for: vinyl-fs@3.0.3 want: ^3.0.0
4801 silly placeDep ROOT remove-bom-stream@1.2.0 OK for: vinyl-fs@3.0.3 want: ^1.2.0
4802 silly placeDep ROOT resolve-options@1.1.0 OK for: vinyl-fs@3.0.3 want: ^1.1.0
4803 silly placeDep node_modules/vinyl-fs through2@2.0.5 OK for: vinyl-fs@3.0.3 want: ^2.0.0
4804 silly placeDep ROOT to-through@2.0.0 OK for: vinyl-fs@3.0.3 want: ^2.0.0
4805 silly placeDep ROOT value-or-function@3.0.0 OK for: vinyl-fs@3.0.3 want: ^3.0.0
4806 silly placeDep node_modules/vinyl-fs vinyl@2.2.1 OK for: vinyl-fs@3.0.3 want: ^2.0.0
4807 silly placeDep ROOT vinyl-sourcemap@1.1.0 OK for: vinyl-fs@3.0.3 want: ^1.1.0
4808 silly fetch manifest through2@^2.0.3
4809 silly packumentCache full:https://registry.npmmirror.com/through2 cache-hit
4810 silly fetch manifest glob@^7.1.1
4811 silly packumentCache full:https://registry.npmmirror.com/glob cache-hit
4812 silly fetch manifest glob-parent@^3.1.0
4813 silly packumentCache full:https://registry.npmmirror.com/glob-parent cache-hit
4814 silly fetch manifest is-negated-glob@^1.0.0
4815 silly packumentCache full:https://registry.npmmirror.com/is-negated-glob cache-miss
4816 silly fetch manifest ordered-read-streams@^1.0.0
4817 silly packumentCache full:https://registry.npmmirror.com/ordered-read-streams cache-miss
4818 silly fetch manifest remove-trailing-separator@^1.0.1
4819 silly packumentCache full:https://registry.npmmirror.com/remove-trailing-separator cache-miss
4820 silly fetch manifest to-absolute-glob@^2.0.0
4821 silly packumentCache full:https://registry.npmmirror.com/to-absolute-glob cache-miss
4822 silly fetch manifest unique-stream@^2.0.2
4823 silly packumentCache full:https://registry.npmmirror.com/unique-stream cache-miss
4824 silly fetch manifest flush-write-stream@^1.0.2
4825 silly packumentCache full:https://registry.npmmirror.com/flush-write-stream cache-miss
4826 silly fetch manifest call-bind@^1.0.8
4827 silly packumentCache full:https://registry.npmmirror.com/call-bind cache-miss
4828 silly fetch manifest call-bound@^1.0.3
4829 silly packumentCache full:https://registry.npmmirror.com/call-bound cache-miss
4830 silly fetch manifest define-properties@^1.2.1
4831 silly packumentCache full:https://registry.npmmirror.com/define-properties cache-miss
4832 silly fetch manifest object-keys@^1.1.1
4833 silly packumentCache full:https://registry.npmmirror.com/object-keys cache-miss
4834 silly fetch manifest duplexify@^3.6.0
4835 silly packumentCache full:https://registry.npmmirror.com/duplexify cache-miss
4836 silly fetch manifest pump@^2.0.0
4837 silly packumentCache full:https://registry.npmmirror.com/pump cache-hit
4838 silly fetch manifest is-buffer@^1.1.5
4839 silly packumentCache full:https://registry.npmmirror.com/is-buffer cache-miss
4840 silly fetch manifest is-utf8@^0.2.1
4841 silly packumentCache full:https://registry.npmmirror.com/is-utf8 cache-miss
4842 silly fetch manifest through2@^2.0.3
4843 silly packumentCache full:https://registry.npmmirror.com/through2 cache-hit
4844 silly fetch manifest xtend@~4.0.1
4845 silly packumentCache full:https://registry.npmmirror.com/xtend cache-miss
4846 silly fetch manifest through2@^2.0.3
4847 silly packumentCache full:https://registry.npmmirror.com/through2 cache-hit
4848 silly fetch manifest clone-buffer@^1.0.0
4849 silly packumentCache full:https://registry.npmmirror.com/clone-buffer cache-miss
4850 silly fetch manifest clone-stats@^1.0.0
4851 silly packumentCache full:https://registry.npmmirror.com/clone-stats cache-hit
4852 silly fetch manifest cloneable-readable@^1.0.0
4853 silly packumentCache full:https://registry.npmmirror.com/cloneable-readable cache-miss
4854 silly fetch manifest remove-trailing-separator@^1.0.1
4855 silly packumentCache full:https://registry.npmmirror.com/remove-trailing-separator cache-miss
4856 silly fetch manifest replace-ext@^1.0.0
4857 silly packumentCache full:https://registry.npmmirror.com/replace-ext cache-hit
4858 silly fetch manifest append-buffer@^1.0.2
4859 silly packumentCache full:https://registry.npmmirror.com/append-buffer cache-miss
4860 silly fetch manifest convert-source-map@^1.5.0
4861 silly packumentCache full:https://registry.npmmirror.com/convert-source-map cache-miss
4862 silly fetch manifest normalize-path@^2.1.1
4863 silly packumentCache full:https://registry.npmmirror.com/normalize-path cache-hit
4864 silly fetch manifest now-and-later@^2.0.0
4865 silly packumentCache full:https://registry.npmmirror.com/now-and-later cache-miss
4866 http fetch GET 200 https://registry.npmmirror.com/call-bound 153ms (cache miss)
4867 silly packumentCache full:https://registry.npmmirror.com/call-bound set size:3859 disposed:false
4868 http fetch GET 200 https://registry.npmmirror.com/call-bind 154ms (cache miss)
4869 silly packumentCache full:https://registry.npmmirror.com/call-bind set size:5720 disposed:false
4870 http fetch GET 200 https://registry.npmmirror.com/object-keys 157ms (cache miss)
4871 silly packumentCache full:https://registry.npmmirror.com/object-keys set size:10709 disposed:false
4872 http fetch GET 200 https://registry.npmmirror.com/remove-trailing-separator 170ms (cache miss)
4873 silly packumentCache full:https://registry.npmmirror.com/remove-trailing-separator set size:2545 disposed:false
4874 http fetch GET 200 https://registry.npmmirror.com/define-properties 170ms (cache miss)
4875 silly packumentCache full:https://registry.npmmirror.com/define-properties set size:7369 disposed:false
4876 http fetch GET 200 https://registry.npmmirror.com/is-utf8 170ms (cache miss)
4877 silly packumentCache full:https://registry.npmmirror.com/is-utf8 set size:1477 disposed:false
4878 http fetch GET 200 https://registry.npmmirror.com/clone-buffer 202ms (cache miss)
4879 silly packumentCache full:https://registry.npmmirror.com/clone-buffer set size:1782 disposed:false
4880 http fetch GET 200 https://registry.npmmirror.com/xtend 204ms (cache miss)
4881 silly packumentCache full:https://registry.npmmirror.com/xtend set size:5032 disposed:false
4882 http fetch GET 200 https://registry.npmmirror.com/to-absolute-glob 208ms (cache miss)
4883 silly packumentCache full:https://registry.npmmirror.com/to-absolute-glob set size:6150 disposed:false
4884 http fetch GET 200 https://registry.npmmirror.com/unique-stream 209ms (cache miss)
4885 silly packumentCache full:https://registry.npmmirror.com/unique-stream set size:6811 disposed:false
4886 http fetch GET 200 https://registry.npmmirror.com/is-negated-glob 211ms (cache miss)
4887 silly packumentCache full:https://registry.npmmirror.com/is-negated-glob set size:2653 disposed:false
4888 http fetch GET 200 https://registry.npmmirror.com/is-buffer 208ms (cache miss)
4889 silly packumentCache full:https://registry.npmmirror.com/is-buffer set size:6203 disposed:false
4890 http fetch GET 200 https://registry.npmmirror.com/flush-write-stream 211ms (cache miss)
4891 silly packumentCache full:https://registry.npmmirror.com/flush-write-stream set size:3103 disposed:false
4892 http fetch GET 200 https://registry.npmmirror.com/ordered-read-streams 213ms (cache miss)
4893 silly packumentCache full:https://registry.npmmirror.com/ordered-read-streams set size:6410 disposed:false
4894 http fetch GET 200 https://registry.npmmirror.com/duplexify 212ms (cache miss)
4895 silly packumentCache full:https://registry.npmmirror.com/duplexify set size:12106 disposed:false
4896 http fetch GET 200 https://registry.npmmirror.com/remove-trailing-separator 236ms (cache miss)
4897 silly packumentCache full:https://registry.npmmirror.com/remove-trailing-separator set size:2545 disposed:false
4898 silly packumentCache full:https://registry.npmmirror.com/remove-trailing-separator dispose
4899 http fetch GET 200 https://registry.npmmirror.com/append-buffer 240ms (cache miss)
4900 silly packumentCache full:https://registry.npmmirror.com/append-buffer set size:2942 disposed:false
4901 http fetch GET 200 https://registry.npmmirror.com/cloneable-readable 244ms (cache miss)
4902 silly packumentCache full:https://registry.npmmirror.com/cloneable-readable set size:6356 disposed:false
4903 http fetch GET 200 https://registry.npmmirror.com/convert-source-map 248ms (cache miss)
4904 silly packumentCache full:https://registry.npmmirror.com/convert-source-map set size:13636 disposed:false
4905 http fetch GET 200 https://registry.npmmirror.com/now-and-later 262ms (cache miss)
4906 silly packumentCache full:https://registry.npmmirror.com/now-and-later set size:7627 disposed:false
4907 silly placeDep node_modules/fs-mkdirp-stream through2@2.0.5 OK for: fs-mkdirp-stream@1.0.0 want: ^2.0.3
4908 silly placeDep node_modules/glob-stream glob@7.2.3 OK for: glob-stream@6.1.0 want: ^7.1.1
4909 silly placeDep node_modules/glob-stream glob-parent@3.1.0 OK for: glob-stream@6.1.0 want: ^3.1.0
4910 silly placeDep ROOT is-negated-glob@1.0.0 OK for: glob-stream@6.1.0 want: ^1.0.0
4911 silly placeDep ROOT ordered-read-streams@1.0.1 OK for: glob-stream@6.1.0 want: ^1.0.0
4912 silly placeDep ROOT remove-trailing-separator@1.1.0 OK for: glob-stream@6.1.0 want: ^1.0.1
4913 silly placeDep ROOT to-absolute-glob@2.0.2 OK for: glob-stream@6.1.0 want: ^2.0.0
4914 silly placeDep ROOT unique-stream@2.4.0 OK for: glob-stream@6.1.0 want: ^2.0.2
4915 silly fetch manifest is-glob@^3.1.0
4916 silly packumentCache full:https://registry.npmmirror.com/is-glob cache-hit
4917 silly fetch manifest path-dirname@^1.0.0
4918 silly packumentCache full:https://registry.npmmirror.com/path-dirname cache-miss
4919 silly fetch manifest is-absolute@^1.0.0
4920 silly packumentCache full:https://registry.npmmirror.com/is-absolute cache-miss
4921 silly fetch manifest json-stable-stringify-without-jsonify@^1.0.1
4922 silly packumentCache full:https://registry.npmmirror.com/json-stable-stringify-without-jsonify cache-miss
4923 silly fetch manifest through2-filter@3.0.0
4924 silly packumentCache full:https://registry.npmmirror.com/through2-filter cache-miss
4925 http fetch GET 200 https://registry.npmmirror.com/is-absolute 88ms (cache miss)
4926 silly packumentCache full:https://registry.npmmirror.com/is-absolute set size:6648 disposed:false
4927 http fetch GET 200 https://registry.npmmirror.com/path-dirname 91ms (cache miss)
4928 silly packumentCache full:https://registry.npmmirror.com/path-dirname set size:1446 disposed:false
4929 http fetch GET 200 https://registry.npmmirror.com/json-stable-stringify-without-jsonify 106ms (cache miss)
4930 silly packumentCache full:https://registry.npmmirror.com/json-stable-stringify-without-jsonify set size:2302 disposed:false
4931 http fetch GET 200 https://registry.npmmirror.com/through2-filter 107ms (cache miss)
4932 silly packumentCache full:https://registry.npmmirror.com/through2-filter set size:5332 disposed:false
4933 silly placeDep ROOT flush-write-stream@1.1.1 OK for: lead@1.0.0 want: ^1.0.2
4934 silly placeDep ROOT call-bind@1.0.8 OK for: object.assign@4.1.7 want: ^1.0.8
4935 silly placeDep ROOT call-bound@1.0.4 OK for: object.assign@4.1.7 want: ^1.0.3
4936 silly placeDep ROOT define-properties@1.2.1 OK for: object.assign@4.1.7 want: ^1.2.1
4937 silly placeDep ROOT object-keys@1.1.1 OK for: object.assign@4.1.7 want: ^1.1.1
4938 silly fetch manifest set-function-length@^1.2.2
4939 silly packumentCache full:https://registry.npmmirror.com/set-function-length cache-miss
4940 silly fetch manifest define-data-property@^1.0.1
4941 silly packumentCache full:https://registry.npmmirror.com/define-data-property cache-miss
4942 silly fetch manifest has-property-descriptors@^1.0.0
4943 silly packumentCache full:https://registry.npmmirror.com/has-property-descriptors cache-miss
4944 http fetch GET 200 https://registry.npmmirror.com/set-function-length 2600ms (cache miss)
4945 silly packumentCache full:https://registry.npmmirror.com/set-function-length set size:5230 disposed:false
4946 http fetch GET 200 https://registry.npmmirror.com/define-data-property 2608ms (cache miss)
4947 silly packumentCache full:https://registry.npmmirror.com/define-data-property set size:5602 disposed:false
4948 http fetch GET 200 https://registry.npmmirror.com/has-property-descriptors 2613ms (cache miss)
4949 silly packumentCache full:https://registry.npmmirror.com/has-property-descriptors set size:4037 disposed:false
4950 silly placeDep ROOT set-function-length@1.2.2 OK for: call-bind@1.0.8 want: ^1.2.2
4951 silly fetch manifest define-data-property@^1.1.4
4952 silly packumentCache full:https://registry.npmmirror.com/define-data-property cache-hit
4953 silly fetch manifest has-property-descriptors@^1.0.2
4954 silly packumentCache full:https://registry.npmmirror.com/has-property-descriptors cache-hit
4955 silly placeDep ROOT define-data-property@1.1.4 OK for: define-properties@1.2.1 want: ^1.0.1
4956 silly placeDep ROOT has-property-descriptors@1.0.2 OK for: define-properties@1.2.1 want: ^1.0.0
4957 silly placeDep ROOT duplexify@3.7.1 OK for: pumpify@1.5.1 want: ^3.6.0
4958 silly placeDep node_modules/pumpify pump@2.0.1 OK for: pumpify@1.5.1 want: ^2.0.0
4959 silly fetch manifest stream-shift@^1.0.0
4960 silly packumentCache full:https://registry.npmmirror.com/stream-shift cache-miss
4961 http fetch GET 200 https://registry.npmmirror.com/stream-shift 1347ms (cache miss)
4962 silly packumentCache full:https://registry.npmmirror.com/stream-shift set size:2320 disposed:false
4963 silly placeDep ROOT stream-shift@1.0.3 OK for: duplexify@3.7.1 want: ^1.0.0
4964 silly placeDep ROOT is-buffer@1.1.6 OK for: remove-bom-buffer@3.0.0 want: ^1.1.5
4965 silly placeDep ROOT is-utf8@0.2.1 OK for: remove-bom-buffer@3.0.0 want: ^0.2.1
4966 silly placeDep node_modules/remove-bom-stream through2@2.0.5 OK for: remove-bom-stream@1.2.0 want: ^2.0.3
4967 silly placeDep ROOT is-absolute@1.0.0 OK for: to-absolute-glob@2.0.2 want: ^1.0.0
4968 silly fetch manifest is-relative@^1.0.0
4969 silly packumentCache full:https://registry.npmmirror.com/is-relative cache-miss
4970 silly fetch manifest is-windows@^1.0.1
4971 silly packumentCache full:https://registry.npmmirror.com/is-windows cache-miss
4972 http fetch GET 200 https://registry.npmmirror.com/is-windows 153ms (cache miss)
4973 silly packumentCache full:https://registry.npmmirror.com/is-windows set size:4432 disposed:false
4974 http fetch GET 200 https://registry.npmmirror.com/is-relative 177ms (cache miss)
4975 silly packumentCache full:https://registry.npmmirror.com/is-relative set size:4051 disposed:false
4976 silly placeDep ROOT is-relative@1.0.0 OK for: is-absolute@1.0.0 want: ^1.0.0
4977 silly placeDep ROOT is-windows@1.0.2 OK for: is-absolute@1.0.0 want: ^1.0.1
4978 silly fetch manifest is-unc-path@^1.0.0
4979 silly packumentCache full:https://registry.npmmirror.com/is-unc-path cache-miss
4980 http fetch GET 200 https://registry.npmmirror.com/is-unc-path 49ms (cache miss)
4981 silly packumentCache full:https://registry.npmmirror.com/is-unc-path set size:3382 disposed:false
4982 silly placeDep ROOT is-unc-path@1.0.0 OK for: is-relative@1.0.0 want: ^1.0.0
4983 silly fetch manifest unc-path-regex@^0.1.2
4984 silly packumentCache full:https://registry.npmmirror.com/unc-path-regex cache-miss
4985 http fetch GET 200 https://registry.npmmirror.com/unc-path-regex 61ms (cache miss)
4986 silly packumentCache full:https://registry.npmmirror.com/unc-path-regex set size:2653 disposed:false
4987 silly placeDep ROOT unc-path-regex@0.1.2 OK for: is-unc-path@1.0.0 want: ^0.1.2
4988 silly placeDep node_modules/to-through through2@2.0.5 OK for: to-through@2.0.0 want: ^2.0.3
4989 silly placeDep ROOT json-stable-stringify-without-jsonify@1.0.1 OK for: unique-stream@2.4.0 want: ^1.0.1
4990 silly placeDep ROOT through2-filter@3.0.0 OK for: unique-stream@2.4.0 want: 3.0.0
4991 silly fetch manifest through2@~2.0.0
4992 silly packumentCache full:https://registry.npmmirror.com/through2 cache-hit
4993 silly fetch manifest xtend@~4.0.0
4994 silly packumentCache full:https://registry.npmmirror.com/xtend cache-hit
4995 silly placeDep node_modules/through2-filter through2@2.0.5 OK for: through2-filter@3.0.0 want: ~2.0.0
4996 silly placeDep ROOT xtend@4.0.2 OK for: through2-filter@3.0.0 want: ~4.0.0
4997 silly placeDep ROOT append-buffer@1.0.2 OK for: vinyl-sourcemap@1.1.0 want: ^1.0.2
4998 silly placeDep ROOT convert-source-map@1.9.0 OK for: vinyl-sourcemap@1.1.0 want: ^1.5.0
4999 silly placeDep node_modules/vinyl-sourcemap normalize-path@2.1.1 OK for: vinyl-sourcemap@1.1.0 want: ^2.1.1
5000 silly placeDep ROOT now-and-later@2.0.1 OK for: vinyl-sourcemap@1.1.0 want: ^2.0.0
5001 silly placeDep node_modules/vinyl-sourcemap vinyl@2.2.1 OK for: vinyl-sourcemap@1.1.0 want: ^2.0.0
5002 silly fetch manifest buffer-equal@^1.0.0
5003 silly packumentCache full:https://registry.npmmirror.com/buffer-equal cache-miss
5004 http fetch GET 200 https://registry.npmmirror.com/buffer-equal 149ms (cache miss)
5005 silly packumentCache full:https://registry.npmmirror.com/buffer-equal set size:4137 disposed:false
5006 silly fetch manifest convert-source-map@^2.0.0
5007 silly packumentCache full:https://registry.npmmirror.com/convert-source-map cache-hit
5008 silly fetch manifest gensync@^1.0.0-beta.2
5009 silly packumentCache full:https://registry.npmmirror.com/gensync cache-miss
5010 http fetch GET 200 https://registry.npmmirror.com/gensync 80ms (cache miss)
5011 silly packumentCache full:https://registry.npmmirror.com/gensync set size:3930 disposed:false
5012 silly fetch manifest json5@^2.2.3
5013 silly packumentCache full:https://registry.npmmirror.com/json5 cache-miss
5014 http fetch GET 200 https://registry.npmmirror.com/json5 4364ms (cache miss)
5015 silly packumentCache full:https://registry.npmmirror.com/json5 set size:18850 disposed:false
5016 silly placeDep node_modules/@babel/core convert-source-map@2.0.0 OK for: @babel/core@7.28.5 want: ^2.0.0
5017 silly placeDep ROOT gensync@1.0.0-beta.2 OK for: @babel/core@7.28.5 want: ^1.0.0-beta.2
5018 silly placeDep ROOT json5@2.2.3 OK for: @babel/core@7.28.5 want: ^2.2.3
5019 silly placeDep ROOT buffer-equal@1.0.1 OK for: append-buffer@1.0.2 want: ^1.0.0
5020 silly placeDep ROOT fsevents@2.3.3 OK for: vite@6.4.1 want: ~2.3.3
5021 silly placeDep ROOT rollup@4.53.2 OK for: vite@6.4.1 want: ^4.34.9
5022 silly fetch manifest @rollup/rollup-darwin-arm64@4.53.2
5023 silly packumentCache full:https://registry.npmmirror.com/@rollup%2frollup-darwin-arm64 cache-miss
5024 silly fetch manifest @rollup/rollup-android-arm64@4.53.2
5025 silly packumentCache full:https://registry.npmmirror.com/@rollup%2frollup-android-arm64 cache-miss
5026 silly fetch manifest @rollup/rollup-win32-arm64-msvc@4.53.2
5027 silly packumentCache full:https://registry.npmmirror.com/@rollup%2frollup-win32-arm64-msvc cache-miss
5028 silly fetch manifest @rollup/rollup-freebsd-arm64@4.53.2
5029 silly packumentCache full:https://registry.npmmirror.com/@rollup%2frollup-freebsd-arm64 cache-miss
5030 silly fetch manifest @rollup/rollup-linux-arm64-gnu@4.53.2
5031 silly packumentCache full:https://registry.npmmirror.com/@rollup%2frollup-linux-arm64-gnu cache-miss
5032 silly fetch manifest @rollup/rollup-linux-arm64-musl@4.53.2
5033 silly packumentCache full:https://registry.npmmirror.com/@rollup%2frollup-linux-arm64-musl cache-miss
5034 silly fetch manifest @rollup/rollup-android-arm-eabi@4.53.2
5035 silly packumentCache full:https://registry.npmmirror.com/@rollup%2frollup-android-arm-eabi cache-miss
5036 silly fetch manifest @rollup/rollup-linux-arm-gnueabihf@4.53.2
5037 silly packumentCache full:https://registry.npmmirror.com/@rollup%2frollup-linux-arm-gnueabihf cache-miss
5038 silly fetch manifest @rollup/rollup-linux-arm-musleabihf@4.53.2
5039 silly packumentCache full:https://registry.npmmirror.com/@rollup%2frollup-linux-arm-musleabihf cache-miss
5040 silly fetch manifest @rollup/rollup-win32-ia32-msvc@4.53.2
5041 silly packumentCache full:https://registry.npmmirror.com/@rollup%2frollup-win32-ia32-msvc cache-miss
5042 silly fetch manifest @rollup/rollup-linux-loong64-gnu@4.53.2
5043 silly packumentCache full:https://registry.npmmirror.com/@rollup%2frollup-linux-loong64-gnu cache-miss
5044 silly fetch manifest @rollup/rollup-linux-riscv64-gnu@4.53.2
5045 silly packumentCache full:https://registry.npmmirror.com/@rollup%2frollup-linux-riscv64-gnu cache-miss
5046 silly fetch manifest @rollup/rollup-linux-riscv64-musl@4.53.2
5047 silly packumentCache full:https://registry.npmmirror.com/@rollup%2frollup-linux-riscv64-musl cache-miss
5048 silly fetch manifest @rollup/rollup-linux-ppc64-gnu@4.53.2
5049 silly packumentCache full:https://registry.npmmirror.com/@rollup%2frollup-linux-ppc64-gnu cache-miss
5050 silly fetch manifest @rollup/rollup-linux-s390x-gnu@4.53.2
5051 silly packumentCache full:https://registry.npmmirror.com/@rollup%2frollup-linux-s390x-gnu cache-miss
5052 silly fetch manifest @rollup/rollup-darwin-x64@4.53.2
5053 silly packumentCache full:https://registry.npmmirror.com/@rollup%2frollup-darwin-x64 cache-miss
5054 silly fetch manifest @rollup/rollup-win32-x64-gnu@4.53.2
5055 silly packumentCache full:https://registry.npmmirror.com/@rollup%2frollup-win32-x64-gnu cache-miss
5056 silly fetch manifest @rollup/rollup-win32-x64-msvc@4.53.2
5057 silly packumentCache full:https://registry.npmmirror.com/@rollup%2frollup-win32-x64-msvc cache-miss
5058 silly fetch manifest @rollup/rollup-freebsd-x64@4.53.2
5059 silly packumentCache full:https://registry.npmmirror.com/@rollup%2frollup-freebsd-x64 cache-miss
5060 silly fetch manifest @rollup/rollup-linux-x64-gnu@4.53.2
5061 silly packumentCache full:https://registry.npmmirror.com/@rollup%2frollup-linux-x64-gnu cache-miss
5062 silly fetch manifest @rollup/rollup-linux-x64-musl@4.53.2
5063 silly packumentCache full:https://registry.npmmirror.com/@rollup%2frollup-linux-x64-musl cache-miss
5064 silly fetch manifest @rollup/rollup-openharmony-arm64@4.53.2
5065 silly packumentCache full:https://registry.npmmirror.com/@rollup%2frollup-openharmony-arm64 cache-miss
5066 http fetch GET 200 https://registry.npmmirror.com/@rollup%2frollup-linux-arm64-musl 122ms (cache miss)
5067 silly packumentCache full:https://registry.npmmirror.com/@rollup%2frollup-linux-arm64-musl set size:54272 disposed:false
5068 http fetch GET 200 https://registry.npmmirror.com/@rollup%2frollup-linux-loong64-gnu 127ms (cache miss)
5069 silly packumentCache full:https://registry.npmmirror.com/@rollup%2frollup-linux-loong64-gnu set size:6640 disposed:false
5070 http fetch GET 200 https://registry.npmmirror.com/@rollup%2frollup-linux-arm-musleabihf 127ms (cache miss)
5071 silly packumentCache full:https://registry.npmmirror.com/@rollup%2frollup-linux-arm-musleabihf set size:42318 disposed:false
5072 http fetch GET 200 https://registry.npmmirror.com/@rollup%2frollup-linux-ppc64-gnu 128ms (cache miss)
5073 silly packumentCache full:https://registry.npmmirror.com/@rollup%2frollup-linux-ppc64-gnu set size:11507 disposed:false
5074 http fetch GET 200 https://registry.npmmirror.com/@rollup%2frollup-linux-riscv64-gnu 131ms (cache miss)
5075 silly packumentCache full:https://registry.npmmirror.com/@rollup%2frollup-linux-riscv64-gnu set size:48598 disposed:false
5076 http fetch GET 200 https://registry.npmmirror.com/@rollup%2frollup-linux-arm-gnueabihf 136ms (cache miss)
5077 silly packumentCache full:https://registry.npmmirror.com/@rollup%2frollup-linux-arm-gnueabihf set size:63647 disposed:false
5078 http fetch GET 200 https://registry.npmmirror.com/@rollup%2frollup-linux-arm64-gnu 151ms (cache miss)
5079 silly packumentCache full:https://registry.npmmirror.com/@rollup%2frollup-linux-arm64-gnu set size:63118 disposed:false
5080 http fetch GET 200 https://registry.npmmirror.com/@rollup%2frollup-freebsd-arm64 156ms (cache miss)
5081 silly packumentCache full:https://registry.npmmirror.com/@rollup%2frollup-freebsd-arm64 set size:31827 disposed:false
5082 http fetch GET 200 https://registry.npmmirror.com/@rollup%2frollup-android-arm64 163ms (cache miss)
5083 silly packumentCache full:https://registry.npmmirror.com/@rollup%2frollup-android-arm64 set size:63173 disposed:false
5084 http fetch GET 200 https://registry.npmmirror.com/@rollup%2frollup-android-arm-eabi 166ms (cache miss)
5085 silly packumentCache full:https://registry.npmmirror.com/@rollup%2frollup-android-arm-eabi set size:63087 disposed:false
5086 http fetch GET 200 https://registry.npmmirror.com/@rollup%2frollup-darwin-x64 167ms (cache miss)
5087 silly packumentCache full:https://registry.npmmirror.com/@rollup%2frollup-darwin-x64 set size:62953 disposed:false
5088 http fetch GET 200 https://registry.npmmirror.com/@rollup%2frollup-win32-ia32-msvc 172ms (cache miss)
5089 silly packumentCache full:https://registry.npmmirror.com/@rollup%2frollup-win32-ia32-msvc set size:63431 disposed:false
5090 http fetch GET 200 https://registry.npmmirror.com/@rollup%2frollup-linux-s390x-gnu 174ms (cache miss)
5091 silly packumentCache full:https://registry.npmmirror.com/@rollup%2frollup-linux-s390x-gnu set size:43650 disposed:false
5092 http fetch GET 200 https://registry.npmmirror.com/@rollup%2frollup-darwin-arm64 179ms (cache miss)
5093 silly packumentCache full:https://registry.npmmirror.com/@rollup%2frollup-darwin-arm64 set size:62867 disposed:false
5094 http fetch GET 200 https://registry.npmmirror.com/@rollup%2frollup-win32-arm64-msvc 184ms (cache miss)
5095 silly packumentCache full:https://registry.npmmirror.com/@rollup%2frollup-win32-arm64-msvc set size:63255 disposed:false
5096 http fetch GET 200 https://registry.npmmirror.com/@rollup%2frollup-openharmony-arm64 250ms (cache miss)
5097 silly packumentCache full:https://registry.npmmirror.com/@rollup%2frollup-openharmony-arm64 set size:7450 disposed:false
5098 http fetch GET 200 https://registry.npmmirror.com/@rollup%2frollup-linux-riscv64-musl 252ms (cache miss)
5099 silly packumentCache full:https://registry.npmmirror.com/@rollup%2frollup-linux-riscv64-musl set size:16616 disposed:false
5100 http fetch GET 200 https://registry.npmmirror.com/@rollup%2frollup-win32-x64-gnu 252ms (cache miss)
5101 silly packumentCache full:https://registry.npmmirror.com/@rollup%2frollup-win32-x64-gnu set size:5763 disposed:false
5102 http fetch GET 200 https://registry.npmmirror.com/@rollup%2frollup-linux-x64-gnu 253ms (cache miss)
5103 silly packumentCache full:https://registry.npmmirror.com/@rollup%2frollup-linux-x64-gnu set size:62792 disposed:false
5104 http fetch GET 200 https://registry.npmmirror.com/@rollup%2frollup-freebsd-x64 255ms (cache miss)
5105 silly packumentCache full:https://registry.npmmirror.com/@rollup%2frollup-freebsd-x64 set size:32176 disposed:false
5106 http fetch GET 200 https://registry.npmmirror.com/@rollup%2frollup-win32-x64-msvc 258ms (cache miss)
5107 silly packumentCache full:https://registry.npmmirror.com/@rollup%2frollup-win32-x64-msvc set size:62931 disposed:false
5108 http fetch GET 200 https://registry.npmmirror.com/@rollup%2frollup-linux-x64-musl 269ms (cache miss)
5109 silly packumentCache full:https://registry.npmmirror.com/@rollup%2frollup-linux-x64-musl set size:62958 disposed:false
5110 silly placeDep ROOT @rollup/rollup-android-arm-eabi@4.53.2 OK for: rollup@4.53.2 want: 4.53.2
5111 silly placeDep ROOT @rollup/rollup-android-arm64@4.53.2 OK for: rollup@4.53.2 want: 4.53.2
5112 silly placeDep ROOT @rollup/rollup-darwin-arm64@4.53.2 OK for: rollup@4.53.2 want: 4.53.2
5113 silly placeDep ROOT @rollup/rollup-darwin-x64@4.53.2 OK for: rollup@4.53.2 want: 4.53.2
5114 silly placeDep ROOT @rollup/rollup-freebsd-arm64@4.53.2 OK for: rollup@4.53.2 want: 4.53.2
5115 silly placeDep ROOT @rollup/rollup-freebsd-x64@4.53.2 OK for: rollup@4.53.2 want: 4.53.2
5116 silly placeDep ROOT @rollup/rollup-linux-arm-gnueabihf@4.53.2 OK for: rollup@4.53.2 want: 4.53.2
5117 silly placeDep ROOT @rollup/rollup-linux-arm-musleabihf@4.53.2 OK for: rollup@4.53.2 want: 4.53.2
5118 silly placeDep ROOT @rollup/rollup-linux-arm64-gnu@4.53.2 OK for: rollup@4.53.2 want: 4.53.2
5119 silly placeDep ROOT @rollup/rollup-linux-arm64-musl@4.53.2 OK for: rollup@4.53.2 want: 4.53.2
5120 silly placeDep ROOT @rollup/rollup-linux-loong64-gnu@4.53.2 OK for: rollup@4.53.2 want: 4.53.2
5121 silly placeDep ROOT @rollup/rollup-linux-ppc64-gnu@4.53.2 OK for: rollup@4.53.2 want: 4.53.2
5122 silly placeDep ROOT @rollup/rollup-linux-riscv64-gnu@4.53.2 OK for: rollup@4.53.2 want: 4.53.2
5123 silly placeDep ROOT @rollup/rollup-linux-riscv64-musl@4.53.2 OK for: rollup@4.53.2 want: 4.53.2
5124 silly placeDep ROOT @rollup/rollup-linux-s390x-gnu@4.53.2 OK for: rollup@4.53.2 want: 4.53.2
5125 silly placeDep ROOT @rollup/rollup-linux-x64-gnu@4.53.2 OK for: rollup@4.53.2 want: 4.53.2
5126 silly placeDep ROOT @rollup/rollup-linux-x64-musl@4.53.2 OK for: rollup@4.53.2 want: 4.53.2
5127 silly placeDep ROOT @rollup/rollup-openharmony-arm64@4.53.2 OK for: rollup@4.53.2 want: 4.53.2
5128 silly placeDep ROOT @rollup/rollup-win32-arm64-msvc@4.53.2 OK for: rollup@4.53.2 want: 4.53.2
5129 silly placeDep ROOT @rollup/rollup-win32-ia32-msvc@4.53.2 OK for: rollup@4.53.2 want: 4.53.2
5130 silly placeDep ROOT @rollup/rollup-win32-x64-gnu@4.53.2 OK for: rollup@4.53.2 want: 4.53.2
5131 silly placeDep ROOT @rollup/rollup-win32-x64-msvc@4.53.2 OK for: rollup@4.53.2 want: 4.53.2
5132 silly placeDep ROOT vscode-css-languageservice@6.3.8 OK for: volar-service-css@0.0.66 want: ^6.3.0
5133 silly fetch manifest @emmetio/css-parser@github:ramya-rao-a/css-parser#vscode
5134 silly placeDep node_modules/volar-service-emmet @emmetio/css-parser@ OK for: volar-service-emmet@0.0.66 want: github:ramya-rao-a/css-parser#vscode
5135 silly placeDep ROOT @vscode/emmet-helper@2.11.0 OK for: volar-service-emmet@0.0.66 want: ^2.9.3
5136 silly fetch manifest emmet@^2.4.3
5137 silly packumentCache full:https://registry.npmmirror.com/emmet cache-miss
5138 silly fetch manifest jsonc-parser@^2.3.0
5139 silly packumentCache full:https://registry.npmmirror.com/jsonc-parser cache-miss
5140 silly fetch manifest vscode-languageserver-types@^3.15.1
5141 silly packumentCache full:https://registry.npmmirror.com/vscode-languageserver-types cache-hit
5142 http fetch GET 200 https://registry.npmmirror.com/jsonc-parser 89ms (cache miss)
5143 silly packumentCache full:https://registry.npmmirror.com/jsonc-parser set size:19400 disposed:false
5144 http fetch GET 200 https://registry.npmmirror.com/emmet 103ms (cache miss)
5145 silly packumentCache full:https://registry.npmmirror.com/emmet set size:28267 disposed:false
5146 silly placeDep ROOT emmet@2.4.11 OK for: @vscode/emmet-helper@2.11.0 want: ^2.4.3
5147 silly placeDep ROOT jsonc-parser@2.3.1 OK for: @vscode/emmet-helper@2.11.0 want: ^2.3.0
5148 silly placeDep ROOT vscode-languageserver-types@3.17.5 OK for: @vscode/emmet-helper@2.11.0 want: ^3.15.1
5149 silly placeDep ROOT typescript-auto-import-cache@0.3.6 OK for: volar-service-typescript@0.0.66 want: ^0.3.5
5150 silly placeDep ROOT vscode-nls@5.2.0 OK for: volar-service-typescript@0.0.66 want: ^5.2.0
5151 silly placeDep ROOT yaml-language-server@1.19.2 OK for: volar-service-yaml@0.0.66 want: ~1.19.2
5152 silly fetch manifest ajv@^8.17.1
5153 silly packumentCache full:https://registry.npmmirror.com/ajv cache-miss
5154 silly fetch manifest ajv-draft-04@^1.0.0
5155 silly packumentCache full:https://registry.npmmirror.com/ajv-draft-04 cache-miss
5156 silly fetch manifest prettier@^3.5.0
5157 silly packumentCache full:https://registry.npmmirror.com/prettier cache-hit
5158 silly fetch manifest request-light@^0.5.7
5159 silly packumentCache full:https://registry.npmmirror.com/request-light cache-hit
5160 silly fetch manifest vscode-json-languageservice@4.1.8
5161 silly packumentCache full:https://registry.npmmirror.com/vscode-json-languageservice cache-miss
5162 silly fetch manifest yaml@2.7.1
5163 silly packumentCache full:https://registry.npmmirror.com/yaml cache-hit
5164 http fetch GET 200 https://registry.npmmirror.com/ajv-draft-04 157ms (cache miss)
5165 silly packumentCache full:https://registry.npmmirror.com/ajv-draft-04 set size:2592 disposed:false
5166 http fetch GET 200 https://registry.npmmirror.com/vscode-json-languageservice 176ms (cache miss)
5167 silly packumentCache full:https://registry.npmmirror.com/vscode-json-languageservice set size:68126 disposed:false
5168 http fetch GET 200 https://registry.npmmirror.com/ajv 202ms (cache miss)
5169 silly packumentCache full:https://registry.npmmirror.com/ajv set size:127214 disposed:false
5170 silly placeDep ROOT @vscode/l10n@0.0.18 OK for: vscode-css-languageservice@6.3.8 want: ^0.0.18
5171 silly placeDep ROOT vscode-jsonrpc@8.2.0 OK for: vscode-languageserver-protocol@3.17.5 want: 8.2.0
5172 silly placeDep ROOT isexe@2.0.0 OK for: which@2.0.2 want: ^2.0.0
5173 silly placeDep node_modules/wide-align string-width@4.2.3 OK for: wide-align@1.1.5 want: ^1.0.2 || 2 || 3 || 4
5174 silly placeDep ROOT ansi-styles@6.2.3 OK for: wrap-ansi@9.0.2 want: ^6.2.1
5175 silly placeDep node_modules/wrap-ansi-cjs ansi-styles@4.3.0 OK for: wrap-ansi@7.0.0 want: ^4.0.0
5176 silly placeDep node_modules/wrap-ansi-cjs string-width@4.2.3 OK for: wrap-ansi@7.0.0 want: ^4.1.0
5177 silly placeDep node_modules/wrap-ansi-cjs strip-ansi@6.0.1 OK for: wrap-ansi@7.0.0 want: ^6.0.0
5178 silly fetch manifest color-convert@^2.0.1
5179 silly packumentCache full:https://registry.npmmirror.com/color-convert cache-miss
5180 http fetch GET 200 https://registry.npmmirror.com/color-convert 60ms (cache miss)
5181 silly packumentCache full:https://registry.npmmirror.com/color-convert set size:13807 disposed:false
5182 silly placeDep ROOT ajv@8.17.1 OK for: yaml-language-server@1.19.2 want: ^8.17.1
5183 silly placeDep ROOT ajv-draft-04@1.0.0 OK for: yaml-language-server@1.19.2 want: ^1.0.0
5184 silly placeDep ROOT prettier@3.6.2 OK for: yaml-language-server@1.19.2 want: ^3.5.0
5185 silly placeDep node_modules/yaml-language-server request-light@0.5.8 OK for: yaml-language-server@1.19.2 want: ^0.5.7
5186 silly placeDep ROOT vscode-json-languageservice@4.1.8 OK for: yaml-language-server@1.19.2 want: 4.1.8
5187 silly placeDep node_modules/yaml-language-server yaml@2.7.1 OK for: yaml-language-server@1.19.2 want: 2.7.1
5188 silly fetch manifest fast-uri@^3.0.1
5189 silly packumentCache full:https://registry.npmmirror.com/fast-uri cache-miss
5190 silly fetch manifest json-schema-traverse@^1.0.0
5191 silly packumentCache full:https://registry.npmmirror.com/json-schema-traverse cache-miss
5192 silly fetch manifest require-from-string@^2.0.2
5193 silly packumentCache full:https://registry.npmmirror.com/require-from-string cache-miss
5194 silly fetch manifest jsonc-parser@^3.0.0
5195 silly packumentCache full:https://registry.npmmirror.com/jsonc-parser cache-hit
5196 http fetch GET 200 https://registry.npmmirror.com/json-schema-traverse 58ms (cache miss)
5197 silly packumentCache full:https://registry.npmmirror.com/json-schema-traverse set size:4662 disposed:false
5198 http fetch GET 200 https://registry.npmmirror.com/require-from-string 63ms (cache miss)
5199 silly packumentCache full:https://registry.npmmirror.com/require-from-string set size:3441 disposed:false
5200 http fetch GET 200 https://registry.npmmirror.com/fast-uri 67ms (cache miss)
5201 silly packumentCache full:https://registry.npmmirror.com/fast-uri set size:16113 disposed:false
5202 silly placeDep ROOT fast-uri@3.1.0 OK for: ajv@8.17.1 want: ^3.0.1
5203 silly placeDep ROOT json-schema-traverse@1.0.0 OK for: ajv@8.17.1 want: ^1.0.0
5204 silly placeDep ROOT require-from-string@2.0.2 OK for: ajv@8.17.1 want: ^2.0.2
5205 silly placeDep node_modules/vscode-json-languageservice jsonc-parser@3.3.1 OK for: vscode-json-languageservice@4.1.8 want: ^3.0.0
5206 silly placeDep ROOT cliui@8.0.1 OK for: yargs@17.7.2 want: ^8.0.1
5207 silly placeDep ROOT get-caller-file@2.0.5 OK for: yargs@17.7.2 want: ^2.0.5
5208 silly placeDep ROOT require-directory@2.1.1 OK for: yargs@17.7.2 want: ^2.1.1
5209 silly placeDep node_modules/yargs string-width@4.2.3 OK for: yargs@17.7.2 want: ^4.2.3
5210 silly placeDep ROOT y18n@5.0.8 OK for: yargs@17.7.2 want: ^5.0.5
5211 silly fetch manifest string-width@^4.2.0
5212 silly packumentCache full:https://registry.npmmirror.com/string-width cache-hit
5213 silly fetch manifest wrap-ansi@^7.0.0
5214 silly packumentCache full:https://registry.npmmirror.com/wrap-ansi cache-hit
5215 silly placeDep node_modules/cliui string-width@4.2.3 OK for: cliui@8.0.1 want: ^4.2.0
5216 silly placeDep node_modules/cliui strip-ansi@6.0.1 OK for: cliui@8.0.1 want: ^6.0.1
5217 silly placeDep node_modules/cliui wrap-ansi@7.0.0 OK for: cliui@8.0.1 want: ^7.0.0
5218 silly placeDep ROOT buffer-crc32@0.2.13 OK for: yauzl@2.10.0 want: ~0.2.3
5219 silly placeDep ROOT fd-slicer@1.1.0 OK for: yauzl@2.10.0 want: ~1.1.0
5220 silly fetch manifest pend@~1.2.0
5221 silly packumentCache full:https://registry.npmmirror.com/pend cache-miss
5222 http fetch GET 200 https://registry.npmmirror.com/pend 56ms (cache miss)
5223 silly packumentCache full:https://registry.npmmirror.com/pend set size:2272 disposed:false
5224 silly placeDep ROOT pend@1.2.0 OK for: fd-slicer@1.1.0 want: ~1.2.0
5225 silly placeDep ROOT yoctocolors@2.1.2 OK for: yocto-spinner@0.2.3 want: ^2.1.1
5226 silly placeDep node_modules/@iconify/utils pkg-types@2.3.0 OK for: local-pkg@1.1.2 want: ^2.3.0
5227 silly placeDep ROOT quansync@0.2.11 OK for: local-pkg@1.1.2 want: ^0.2.11
5228 silly fetch manifest confbox@^0.2.2
5229 silly packumentCache full:https://registry.npmmirror.com/confbox cache-hit
5230 silly fetch manifest exsolve@^1.0.7
5231 silly packumentCache full:https://registry.npmmirror.com/exsolve cache-miss
5232 http fetch GET 200 https://registry.npmmirror.com/exsolve 45ms (cache miss)
5233 silly packumentCache full:https://registry.npmmirror.com/exsolve set size:12657 disposed:false
5234 silly placeDep node_modules/@iconify/utils confbox@0.2.2 OK for: pkg-types@2.3.0 want: ^0.2.2
5235 silly placeDep ROOT exsolve@1.0.8 OK for: pkg-types@2.3.0 want: ^1.0.7
5236 silly placeDep node_modules/@iconify/utils pathe@2.0.3 OK for: pkg-types@2.3.0 want: ^2.0.3
5237 silly placeDep ROOT eastasianwidth@0.2.0 OK for: string-width@5.1.2 want: ^0.2.0
5238 silly placeDep node_modules/@isaacs/cliui emoji-regex@9.2.2 OK for: string-width@5.1.2 want: ^9.2.2
5239 silly placeDep ROOT @swup/browserslist-config@1.0.1 OK for: @swup/plugin@3.0.1 want: ^1.0.0
5240 silly placeDep ROOT @swup/prettier-config@1.1.0 OK for: @swup/plugin@3.0.1 want: ^1.0.0
5241 silly placeDep ROOT microbundle@0.15.1 OK for: @swup/plugin@3.0.1 want: ^0.15.1
5242 silly placeDep node_modules/@swup/parallel-plugin prettier@2.8.8 OK for: @swup/plugin@3.0.1 want: ^2.7.1
5243 silly placeDep ROOT shelljs@0.8.5 OK for: @swup/plugin@3.0.1 want: ^0.8.5
5244 silly placeDep ROOT shelljs-live@0.0.5 OK for: @swup/plugin@3.0.1 want: ^0.0.5
5245 silly fetch manifest @rollup/plugin-alias@^3.1.1
5246 silly packumentCache full:https://registry.npmmirror.com/@rollup%2fplugin-alias cache-miss
5247 silly fetch manifest @rollup/plugin-babel@^5.2.2
5248 silly packumentCache full:https://registry.npmmirror.com/@rollup%2fplugin-babel cache-miss
5249 silly fetch manifest @rollup/plugin-commonjs@^17.0.0
5250 silly packumentCache full:https://registry.npmmirror.com/@rollup%2fplugin-commonjs cache-miss
5251 silly fetch manifest @rollup/plugin-json@^4.1.0
5252 silly packumentCache full:https://registry.npmmirror.com/@rollup%2fplugin-json cache-miss
5253 silly fetch manifest @rollup/plugin-node-resolve@^11.0.1
5254 silly packumentCache full:https://registry.npmmirror.com/@rollup%2fplugin-node-resolve cache-miss
5255 silly fetch manifest @surma/rollup-plugin-off-main-thread@^2.2.2
5256 silly packumentCache full:https://registry.npmmirror.com/@surma%2frollup-plugin-off-main-thread cache-miss
5257 silly fetch manifest asyncro@^3.0.0
5258 silly packumentCache full:https://registry.npmmirror.com/asyncro cache-miss
5259 silly fetch manifest babel-plugin-macros@^3.0.1
5260 silly packumentCache full:https://registry.npmmirror.com/babel-plugin-macros cache-miss
5261 silly fetch manifest babel-plugin-transform-async-to-promises@^0.8.18
5262 silly packumentCache full:https://registry.npmmirror.com/babel-plugin-transform-async-to-promises cache-miss
5263 silly fetch manifest babel-plugin-transform-replace-expressions@^0.2.0
5264 silly packumentCache full:https://registry.npmmirror.com/babel-plugin-transform-replace-expressions cache-miss
5265 silly fetch manifest brotli-size@^4.0.0
5266 silly packumentCache full:https://registry.npmmirror.com/brotli-size cache-miss
5267 silly fetch manifest builtin-modules@^3.1.0
5268 silly packumentCache full:https://registry.npmmirror.com/builtin-modules cache-miss
5269 silly fetch manifest camelcase@^6.2.0
5270 silly packumentCache full:https://registry.npmmirror.com/camelcase cache-hit
5271 silly fetch manifest filesize@^6.1.0
5272 silly packumentCache full:https://registry.npmmirror.com/filesize cache-miss
5273 silly fetch manifest gzip-size@^6.0.0
5274 silly packumentCache full:https://registry.npmmirror.com/gzip-size cache-miss
5275 silly fetch manifest lodash.merge@^4.6.2
5276 silly packumentCache full:https://registry.npmmirror.com/lodash.merge cache-miss
5277 silly fetch manifest pretty-bytes@^5.4.1
5278 silly packumentCache full:https://registry.npmmirror.com/pretty-bytes cache-miss
5279 silly fetch manifest rollup@^2.35.1
5280 silly packumentCache full:https://registry.npmmirror.com/rollup cache-hit
5281 silly fetch manifest rollup-plugin-bundle-size@^1.0.3
5282 silly packumentCache full:https://registry.npmmirror.com/rollup-plugin-bundle-size cache-miss
5283 silly fetch manifest rollup-plugin-postcss@^4.0.0
5284 silly packumentCache full:https://registry.npmmirror.com/rollup-plugin-postcss cache-miss
5285 silly fetch manifest rollup-plugin-terser@^7.0.2
5286 silly packumentCache full:https://registry.npmmirror.com/rollup-plugin-terser cache-miss
5287 silly fetch manifest rollup-plugin-typescript2@^0.32.0
5288 silly packumentCache full:https://registry.npmmirror.com/rollup-plugin-typescript2 cache-miss
5289 silly fetch manifest rollup-plugin-visualizer@^5.6.0
5290 silly packumentCache full:https://registry.npmmirror.com/rollup-plugin-visualizer cache-miss
5291 silly fetch manifest sade@^1.7.4
5292 silly packumentCache full:https://registry.npmmirror.com/sade cache-miss
5293 silly fetch manifest terser@^5.7.0
5294 silly packumentCache full:https://registry.npmmirror.com/terser cache-hit
5295 silly fetch manifest tiny-glob@^0.2.8
5296 silly packumentCache full:https://registry.npmmirror.com/tiny-glob cache-miss
5297 silly fetch manifest typescript@^4.1.3
5298 silly packumentCache full:https://registry.npmmirror.com/typescript cache-miss
5299 silly fetch manifest glob@^7.0.0
5300 silly packumentCache full:https://registry.npmmirror.com/glob cache-hit
5301 silly fetch manifest interpret@^1.0.0
5302 silly packumentCache full:https://registry.npmmirror.com/interpret cache-miss
5303 silly fetch manifest rechoir@^0.6.2
5304 silly packumentCache full:https://registry.npmmirror.com/rechoir cache-miss
5305 http cache https://registry.npmmirror.com/typescript 69ms (cache hit)
5306 silly packumentCache full:https://registry.npmmirror.com/typescript set size:14143151 disposed:false
5307 http fetch GET 200 https://registry.npmmirror.com/gzip-size 266ms (cache miss)
5308 silly packumentCache full:https://registry.npmmirror.com/gzip-size set size:7238 disposed:false
5309 http fetch GET 200 https://registry.npmmirror.com/@surma%2frollup-plugin-off-main-thread 268ms (cache miss)
5310 silly packumentCache full:https://registry.npmmirror.com/@surma%2frollup-plugin-off-main-thread set size:5642 disposed:false
5311 http fetch GET 200 https://registry.npmmirror.com/brotli-size 268ms (cache miss)
5312 silly packumentCache full:https://registry.npmmirror.com/brotli-size set size:4111 disposed:false
5313 http fetch GET 200 https://registry.npmmirror.com/@rollup%2fplugin-json 271ms (cache miss)
5314 silly packumentCache full:https://registry.npmmirror.com/@rollup%2fplugin-json set size:9476 disposed:false
5315 http fetch GET 200 https://registry.npmmirror.com/builtin-modules 270ms (cache miss)
5316 silly packumentCache full:https://registry.npmmirror.com/builtin-modules set size:5399 disposed:false
5317 http fetch GET 200 https://registry.npmmirror.com/@rollup%2fplugin-alias 274ms (cache miss)
5318 silly packumentCache full:https://registry.npmmirror.com/@rollup%2fplugin-alias set size:17163 disposed:false
5319 http fetch GET 200 https://registry.npmmirror.com/babel-plugin-transform-async-to-promises 273ms (cache miss)
5320 silly packumentCache full:https://registry.npmmirror.com/babel-plugin-transform-async-to-promises set size:15154 disposed:false
5321 http fetch GET 200 https://registry.npmmirror.com/babel-plugin-transform-replace-expressions 274ms (cache miss)
5322 silly packumentCache full:https://registry.npmmirror.com/babel-plugin-transform-replace-expressions set size:4007 disposed:false
5323 http fetch GET 200 https://registry.npmmirror.com/asyncro 275ms (cache miss)
5324 silly packumentCache full:https://registry.npmmirror.com/asyncro set size:4601 disposed:false
5325 http fetch GET 200 https://registry.npmmirror.com/lodash.merge 275ms (cache miss)
5326 silly packumentCache full:https://registry.npmmirror.com/lodash.merge set size:10640 disposed:false
5327 http fetch GET 200 https://registry.npmmirror.com/@rollup%2fplugin-babel 279ms (cache miss)
5328 silly packumentCache full:https://registry.npmmirror.com/@rollup%2fplugin-babel set size:18047 disposed:false
5329 http fetch GET 200 https://registry.npmmirror.com/babel-plugin-macros 279ms (cache miss)
5330 silly packumentCache full:https://registry.npmmirror.com/babel-plugin-macros set size:20021 disposed:false
5331 http fetch GET 200 https://registry.npmmirror.com/pretty-bytes 290ms (cache miss)
5332 silly packumentCache full:https://registry.npmmirror.com/pretty-bytes set size:12817 disposed:false
5333 http fetch GET 200 https://registry.npmmirror.com/@rollup%2fplugin-node-resolve 294ms (cache miss)
5334 silly packumentCache full:https://registry.npmmirror.com/@rollup%2fplugin-node-resolve set size:33967 disposed:false
5335 http fetch GET 200 https://registry.npmmirror.com/@rollup%2fplugin-commonjs 300ms (cache miss)
5336 silly packumentCache full:https://registry.npmmirror.com/@rollup%2fplugin-commonjs set size:61956 disposed:false
5337 http fetch GET 200 https://registry.npmmirror.com/filesize 302ms (cache miss)
5338 silly packumentCache full:https://registry.npmmirror.com/filesize set size:60817 disposed:false
5339 http fetch GET 200 https://registry.npmmirror.com/rechoir 312ms (cache miss)
5340 silly packumentCache full:https://registry.npmmirror.com/rechoir set size:6264 disposed:false
5341 http fetch GET 200 https://registry.npmmirror.com/tiny-glob 314ms (cache miss)
5342 silly packumentCache full:https://registry.npmmirror.com/tiny-glob set size:6733 disposed:false
5343 http fetch GET 200 https://registry.npmmirror.com/rollup-plugin-terser 317ms (cache miss)
5344 silly packumentCache full:https://registry.npmmirror.com/rollup-plugin-terser set size:10002 disposed:false
5345 http fetch GET 200 https://registry.npmmirror.com/interpret 316ms (cache miss)
5346 silly packumentCache full:https://registry.npmmirror.com/interpret set size:16941 disposed:false
5347 http fetch GET 200 https://registry.npmmirror.com/rollup-plugin-bundle-size 325ms (cache miss)
5348 silly packumentCache full:https://registry.npmmirror.com/rollup-plugin-bundle-size set size:2208 disposed:false
5349 http fetch GET 200 https://registry.npmmirror.com/rollup-plugin-postcss 325ms (cache miss)
5350 silly packumentCache full:https://registry.npmmirror.com/rollup-plugin-postcss set size:32754 disposed:false
5351 http fetch GET 200 https://registry.npmmirror.com/rollup-plugin-visualizer 330ms (cache miss)
5352 silly packumentCache full:https://registry.npmmirror.com/rollup-plugin-visualizer set size:51559 disposed:false
5353 http fetch GET 200 https://registry.npmmirror.com/sade 347ms (cache miss)
5354 silly packumentCache full:https://registry.npmmirror.com/sade set size:16507 disposed:false
5355 http fetch GET 200 https://registry.npmmirror.com/rollup-plugin-typescript2 354ms (cache miss)
5356 silly packumentCache full:https://registry.npmmirror.com/rollup-plugin-typescript2 set size:37498 disposed:false
5357 silly fetch manifest @babel/core@^7.12.10
5358 silly packumentCache full:https://registry.npmmirror.com/@babel%2fcore cache-miss
5359 http fetch GET 200 https://registry.npmmirror.com/@babel%2fcore 127ms (cache miss)
5360 silly packumentCache full:https://registry.npmmirror.com/@babel%2fcore set size:105455 disposed:false
5361 silly fetch manifest @types/babel__core@^7.1.9
5362 silly packumentCache full:https://registry.npmmirror.com/@types%2fbabel__core cache-miss
5363 http fetch GET 200 https://registry.npmmirror.com/@types%2fbabel__core 49ms (cache miss)
5364 silly packumentCache full:https://registry.npmmirror.com/@types%2fbabel__core set size:14948 disposed:false
5365 silly fetch manifest postcss@^8.2.1
5366 silly packumentCache full:https://registry.npmmirror.com/postcss cache-hit
5367 silly fetch manifest rolldown@1.x
5368 silly packumentCache full:https://registry.npmmirror.com/rolldown cache-miss
5369 http fetch GET 200 https://registry.npmmirror.com/rolldown 232ms (cache miss)
5370 silly packumentCache full:https://registry.npmmirror.com/rolldown set size:375166 disposed:false
5371 silly placeDep node_modules/microbundle @rollup/plugin-alias@3.1.9 OK for: microbundle@0.15.1 want: ^3.1.1
5372 silly placeDep node_modules/microbundle rollup@2.79.2 OK for: @rollup/plugin-alias@3.1.9 want: ^1.20.0||^2.0.0
5373 silly placeDep node_modules/microbundle @rollup/plugin-babel@5.3.1 OK for: microbundle@0.15.1 want: ^5.2.2
5374 silly placeDep node_modules/microbundle @rollup/plugin-commonjs@17.1.0 OK for: microbundle@0.15.1 want: ^17.0.0
5375 silly placeDep node_modules/microbundle @rollup/plugin-json@4.1.0 OK for: microbundle@0.15.1 want: ^4.1.0
5376 silly placeDep node_modules/microbundle @rollup/plugin-node-resolve@11.2.1 OK for: microbundle@0.15.1 want: ^11.0.1
5377 silly placeDep ROOT @surma/rollup-plugin-off-main-thread@2.2.3 OK for: microbundle@0.15.1 want: ^2.2.2
5378 silly placeDep ROOT asyncro@3.0.0 OK for: microbundle@0.15.1 want: ^3.0.0
5379 silly placeDep ROOT babel-plugin-macros@3.1.0 OK for: microbundle@0.15.1 want: ^3.0.1
5380 silly placeDep ROOT babel-plugin-transform-async-to-promises@0.8.18 OK for: microbundle@0.15.1 want: ^0.8.18
5381 silly placeDep ROOT babel-plugin-transform-replace-expressions@0.2.0 OK for: microbundle@0.15.1 want: ^0.2.0
5382 silly placeDep ROOT brotli-size@4.0.0 OK for: microbundle@0.15.1 want: ^4.0.0
5383 silly placeDep ROOT builtin-modules@3.3.0 OK for: microbundle@0.15.1 want: ^3.1.0
5384 silly placeDep node_modules/microbundle camelcase@6.3.0 OK for: microbundle@0.15.1 want: ^6.2.0
5385 silly placeDep ROOT filesize@6.4.0 OK for: microbundle@0.15.1 want: ^6.1.0
5386 silly placeDep ROOT gzip-size@6.0.0 OK for: microbundle@0.15.1 want: ^6.0.0
5387 silly placeDep ROOT lodash.merge@4.6.2 OK for: microbundle@0.15.1 want: ^4.6.2
5388 silly placeDep ROOT pretty-bytes@5.6.0 OK for: microbundle@0.15.1 want: ^5.4.1
5389 silly placeDep ROOT rollup-plugin-bundle-size@1.0.3 OK for: microbundle@0.15.1 want: ^1.0.3
5390 silly placeDep ROOT rollup-plugin-postcss@4.0.2 OK for: microbundle@0.15.1 want: ^4.0.0
5391 silly placeDep node_modules/microbundle rollup-plugin-terser@7.0.2 OK for: microbundle@0.15.1 want: ^7.0.2
5392 silly placeDep ROOT rollup-plugin-typescript2@0.32.1 OK for: microbundle@0.15.1 want: ^0.32.0
5393 silly placeDep ROOT rollup-plugin-visualizer@5.14.0 OK for: microbundle@0.15.1 want: ^5.6.0
5394 silly placeDep ROOT sade@1.8.1 OK for: microbundle@0.15.1 want: ^1.7.4
5395 silly placeDep ROOT terser@5.44.1 OK for: microbundle@0.15.1 want: ^5.7.0
5396 silly placeDep ROOT tiny-glob@0.2.9 OK for: microbundle@0.15.1 want: ^0.2.8
5397 silly placeDep node_modules/microbundle typescript@4.9.5 OK for: microbundle@0.15.1 want: ^4.1.3
5398 silly fetch manifest slash@^3.0.0
5399 silly packumentCache full:https://registry.npmmirror.com/slash cache-miss
5400 silly fetch manifest @rollup/pluginutils@^3.1.0
5401 silly packumentCache full:https://registry.npmmirror.com/@rollup%2fpluginutils cache-hit
5402 silly fetch manifest @rollup/pluginutils@^3.1.0
5403 silly packumentCache full:https://registry.npmmirror.com/@rollup%2fpluginutils cache-hit
5404 silly fetch manifest commondir@^1.0.1
5405 silly packumentCache full:https://registry.npmmirror.com/commondir cache-miss
5406 silly fetch manifest glob@^7.1.6
5407 silly packumentCache full:https://registry.npmmirror.com/glob cache-hit
5408 silly fetch manifest is-reference@^1.2.1
5409 silly packumentCache full:https://registry.npmmirror.com/is-reference cache-hit
5410 silly fetch manifest magic-string@^0.25.7
5411 silly packumentCache full:https://registry.npmmirror.com/magic-string cache-hit
5412 silly fetch manifest @rollup/pluginutils@^3.0.8
5413 silly packumentCache full:https://registry.npmmirror.com/@rollup%2fpluginutils cache-hit
5414 silly fetch manifest @rollup/pluginutils@^3.1.0
5415 silly packumentCache full:https://registry.npmmirror.com/@rollup%2fpluginutils cache-hit
5416 silly fetch manifest @types/resolve@1.17.1
5417 silly packumentCache full:https://registry.npmmirror.com/@types%2fresolve cache-miss
5418 silly fetch manifest is-module@^1.0.0
5419 silly packumentCache full:https://registry.npmmirror.com/is-module cache-miss
5420 silly fetch manifest ejs@^3.1.6
5421 silly packumentCache full:https://registry.npmmirror.com/ejs cache-miss
5422 silly fetch manifest magic-string@^0.25.0
5423 silly packumentCache full:https://registry.npmmirror.com/magic-string cache-hit
5424 silly fetch manifest string.prototype.matchall@^4.0.6
5425 silly packumentCache full:https://registry.npmmirror.com/string.prototype.matchall cache-miss
5426 silly fetch manifest cosmiconfig@^7.0.0
5427 silly packumentCache full:https://registry.npmmirror.com/cosmiconfig cache-miss
5428 silly fetch manifest duplexer@0.1.1
5429 silly packumentCache full:https://registry.npmmirror.com/duplexer cache-hit
5430 silly fetch manifest chalk@^1.1.3
5431 silly packumentCache full:https://registry.npmmirror.com/chalk cache-hit
5432 silly fetch manifest maxmin@^2.1.0
5433 silly packumentCache full:https://registry.npmmirror.com/maxmin cache-miss
5434 silly fetch manifest chalk@^4.1.0
5435 silly packumentCache full:https://registry.npmmirror.com/chalk cache-hit
5436 silly fetch manifest concat-with-sourcemaps@^1.1.0
5437 silly packumentCache full:https://registry.npmmirror.com/concat-with-sourcemaps cache-miss
5438 silly fetch manifest cssnano@^5.0.1
5439 silly packumentCache full:https://registry.npmmirror.com/cssnano cache-miss
5440 silly fetch manifest import-cwd@^3.0.0
5441 silly packumentCache full:https://registry.npmmirror.com/import-cwd cache-miss
5442 silly fetch manifest p-queue@^6.6.2
5443 silly packumentCache full:https://registry.npmmirror.com/p-queue cache-hit
5444 silly fetch manifest pify@^5.0.0
5445 silly packumentCache full:https://registry.npmmirror.com/pify cache-hit
5446 silly fetch manifest postcss-load-config@^3.0.0
5447 silly packumentCache full:https://registry.npmmirror.com/postcss-load-config cache-hit
5448 silly fetch manifest postcss-modules@^4.0.0
5449 silly packumentCache full:https://registry.npmmirror.com/postcss-modules cache-miss
5450 silly fetch manifest promise.series@^0.2.0
5451 silly packumentCache full:https://registry.npmmirror.com/promise.series cache-miss
5452 silly fetch manifest rollup-pluginutils@^2.8.2
5453 silly packumentCache full:https://registry.npmmirror.com/rollup-pluginutils cache-miss
5454 silly fetch manifest safe-identifier@^0.4.2
5455 silly packumentCache full:https://registry.npmmirror.com/safe-identifier cache-miss
5456 silly fetch manifest style-inject@^0.3.0
5457 silly packumentCache full:https://registry.npmmirror.com/style-inject cache-miss
5458 silly fetch manifest jest-worker@^26.2.1
5459 silly packumentCache full:https://registry.npmmirror.com/jest-worker cache-miss
5460 silly fetch manifest serialize-javascript@^4.0.0
5461 silly packumentCache full:https://registry.npmmirror.com/serialize-javascript cache-miss
5462 silly fetch manifest terser@^5.0.0
5463 silly packumentCache full:https://registry.npmmirror.com/terser cache-hit
5464 silly fetch manifest @rollup/pluginutils@^4.1.2
5465 silly packumentCache full:https://registry.npmmirror.com/@rollup%2fpluginutils cache-hit
5466 silly fetch manifest find-cache-dir@^3.3.2
5467 silly packumentCache full:https://registry.npmmirror.com/find-cache-dir cache-miss
5468 silly fetch manifest fs-extra@^10.0.0
5469 silly packumentCache full:https://registry.npmmirror.com/fs-extra cache-miss
5470 silly fetch manifest open@^8.4.0
5471 silly packumentCache full:https://registry.npmmirror.com/open cache-miss
5472 silly fetch manifest mri@^1.1.0
5473 silly packumentCache full:https://registry.npmmirror.com/mri cache-miss
5474 silly fetch manifest @jridgewell/source-map@^0.3.3
5475 silly packumentCache full:https://registry.npmmirror.com/@jridgewell%2fsource-map cache-miss
5476 silly fetch manifest commander@^2.20.0
5477 silly packumentCache full:https://registry.npmmirror.com/commander cache-hit
5478 silly fetch manifest source-map-support@~0.5.20
5479 silly packumentCache full:https://registry.npmmirror.com/source-map-support cache-miss
5480 silly fetch manifest globalyzer@0.1.0
5481 silly packumentCache full:https://registry.npmmirror.com/globalyzer cache-miss
5482 silly fetch manifest globrex@^0.1.2
5483 silly packumentCache full:https://registry.npmmirror.com/globrex cache-miss
5484 http fetch GET 200 https://registry.npmmirror.com/slash 72ms (cache miss)
5485 silly packumentCache full:https://registry.npmmirror.com/slash set size:5617 disposed:false
5486 http fetch GET 200 https://registry.npmmirror.com/ejs 94ms (cache miss)
5487 silly packumentCache full:https://registry.npmmirror.com/ejs set size:26729 disposed:false
5488 http fetch GET 200 https://registry.npmmirror.com/commondir 97ms (cache miss)
5489 silly packumentCache full:https://registry.npmmirror.com/commondir set size:2313 disposed:false
5490 http fetch GET 200 https://registry.npmmirror.com/@types%2fresolve 97ms (cache miss)
5491 silly packumentCache full:https://registry.npmmirror.com/@types%2fresolve set size:7556 disposed:false
5492 http fetch GET 200 https://registry.npmmirror.com/string.prototype.matchall 100ms (cache miss)
5493 silly packumentCache full:https://registry.npmmirror.com/string.prototype.matchall set size:11416 disposed:false
5494 http fetch GET 200 https://registry.npmmirror.com/is-module 105ms (cache miss)
5495 silly packumentCache full:https://registry.npmmirror.com/is-module set size:2035 disposed:false
5496 http fetch GET 200 https://registry.npmmirror.com/cosmiconfig 105ms (cache miss)
5497 silly packumentCache full:https://registry.npmmirror.com/cosmiconfig set size:39202 disposed:false
5498 http fetch GET 200 https://registry.npmmirror.com/maxmin 107ms (cache miss)
5499 silly packumentCache full:https://registry.npmmirror.com/maxmin set size:4718 disposed:false
5500 http fetch GET 200 https://registry.npmmirror.com/cssnano 112ms (cache miss)
5501 silly packumentCache full:https://registry.npmmirror.com/cssnano set size:67770 disposed:false
5502 http fetch GET 200 https://registry.npmmirror.com/import-cwd 129ms (cache miss)
5503 silly packumentCache full:https://registry.npmmirror.com/import-cwd set size:1976 disposed:false
5504 http fetch GET 200 https://registry.npmmirror.com/rollup-pluginutils 132ms (cache miss)
5505 silly packumentCache full:https://registry.npmmirror.com/rollup-pluginutils set size:11356 disposed:false
5506 http fetch GET 200 https://registry.npmmirror.com/postcss-modules 134ms (cache miss)
5507 silly packumentCache full:https://registry.npmmirror.com/postcss-modules set size:21301 disposed:false
5508 http fetch GET 200 https://registry.npmmirror.com/serialize-javascript 134ms (cache miss)
5509 silly packumentCache full:https://registry.npmmirror.com/serialize-javascript set size:11956 disposed:false
5510 http fetch GET 200 https://registry.npmmirror.com/find-cache-dir 140ms (cache miss)
5511 silly packumentCache full:https://registry.npmmirror.com/find-cache-dir set size:7589 disposed:false
5512 http fetch GET 200 https://registry.npmmirror.com/open 144ms (cache miss)
5513 silly packumentCache full:https://registry.npmmirror.com/open set size:23038 disposed:false
5514 http fetch GET 200 https://registry.npmmirror.com/fs-extra 149ms (cache miss)
5515 silly packumentCache full:https://registry.npmmirror.com/fs-extra set size:37690 disposed:false
5516 http fetch GET 200 https://registry.npmmirror.com/jest-worker 164ms (cache miss)
5517 silly packumentCache full:https://registry.npmmirror.com/jest-worker set size:87804 disposed:false
5518 http fetch GET 200 https://registry.npmmirror.com/promise.series 175ms (cache miss)
5519 silly packumentCache full:https://registry.npmmirror.com/promise.series set size:2001 disposed:false
5520 http fetch GET 200 https://registry.npmmirror.com/@jridgewell%2fsource-map 170ms (cache miss)
5521 silly packumentCache full:https://registry.npmmirror.com/@jridgewell%2fsource-map set size:10467 disposed:false
5522 http fetch GET 200 https://registry.npmmirror.com/source-map-support 170ms (cache miss)
5523 silly packumentCache full:https://registry.npmmirror.com/source-map-support set size:21556 disposed:false
5524 http fetch GET 200 https://registry.npmmirror.com/mri 180ms (cache miss)
5525 silly packumentCache full:https://registry.npmmirror.com/mri set size:5756 disposed:false
5526 http fetch GET 200 https://registry.npmmirror.com/style-inject 191ms (cache miss)
5527 silly packumentCache full:https://registry.npmmirror.com/style-inject set size:3406 disposed:false
5528 http fetch GET 200 https://registry.npmmirror.com/safe-identifier 192ms (cache miss)
5529 silly packumentCache full:https://registry.npmmirror.com/safe-identifier set size:3299 disposed:false
5530 http fetch GET 200 https://registry.npmmirror.com/globrex 185ms (cache miss)
5531 silly packumentCache full:https://registry.npmmirror.com/globrex set size:4558 disposed:false
5532 http fetch GET 200 https://registry.npmmirror.com/concat-with-sourcemaps 196ms (cache miss)
5533 silly packumentCache full:https://registry.npmmirror.com/concat-with-sourcemaps set size:5692 disposed:false
5534 http fetch GET 200 https://registry.npmmirror.com/globalyzer 230ms (cache miss)
5535 silly packumentCache full:https://registry.npmmirror.com/globalyzer set size:1856 disposed:false
5536 silly placeDep ROOT ejs@3.1.10 OK for: @surma/rollup-plugin-off-main-thread@2.2.3 want: ^3.1.6
5537 silly placeDep node_modules/@surma/rollup-plugin-off-main-thread magic-string@0.25.9 OK for: @surma/rollup-plugin-off-main-thread@2.2.3 want: ^0.25.0
5538 silly placeDep ROOT string.prototype.matchall@4.0.12 OK for: @surma/rollup-plugin-off-main-thread@2.2.3 want: ^4.0.6
5539 silly fetch manifest jake@^10.8.5
5540 silly packumentCache full:https://registry.npmmirror.com/jake cache-miss
5541 silly fetch manifest sourcemap-codec@^1.4.8
5542 silly packumentCache full:https://registry.npmmirror.com/sourcemap-codec cache-miss
5543 silly fetch manifest es-abstract@^1.23.6
5544 silly packumentCache full:https://registry.npmmirror.com/es-abstract cache-miss
5545 silly fetch manifest internal-slot@^1.1.0
5546 silly packumentCache full:https://registry.npmmirror.com/internal-slot cache-miss
5547 silly fetch manifest regexp.prototype.flags@^1.5.3
5548 silly packumentCache full:https://registry.npmmirror.com/regexp.prototype.flags cache-miss
5549 silly fetch manifest set-function-name@^2.0.2
5550 silly packumentCache full:https://registry.npmmirror.com/set-function-name cache-miss
5551 silly fetch manifest side-channel@^1.1.0
5552 silly packumentCache full:https://registry.npmmirror.com/side-channel cache-miss
5553 http fetch GET 200 https://registry.npmmirror.com/set-function-name 49ms (cache miss)
5554 silly packumentCache full:https://registry.npmmirror.com/set-function-name set size:3915 disposed:false
5555 http fetch GET 200 https://registry.npmmirror.com/internal-slot 129ms (cache miss)
5556 silly packumentCache full:https://registry.npmmirror.com/internal-slot set size:7080 disposed:false
5557 http fetch GET 200 https://registry.npmmirror.com/regexp.prototype.flags 129ms (cache miss)
5558 silly packumentCache full:https://registry.npmmirror.com/regexp.prototype.flags set size:13352 disposed:false
5559 http fetch GET 200 https://registry.npmmirror.com/side-channel 130ms (cache miss)
5560 silly packumentCache full:https://registry.npmmirror.com/side-channel set size:5006 disposed:false
5561 http fetch GET 200 https://registry.npmmirror.com/sourcemap-codec 132ms (cache miss)
5562 silly packumentCache full:https://registry.npmmirror.com/sourcemap-codec set size:6664 disposed:false
5563 http fetch GET 200 https://registry.npmmirror.com/jake 134ms (cache miss)
5564 silly packumentCache full:https://registry.npmmirror.com/jake set size:38250 disposed:false
5565 http fetch GET 200 https://registry.npmmirror.com/es-abstract 138ms (cache miss)
5566 silly packumentCache full:https://registry.npmmirror.com/es-abstract set size:50969 disposed:false
5567 silly placeDep ROOT cosmiconfig@7.1.0 OK for: babel-plugin-macros@3.1.0 want: ^7.0.0
5568 silly fetch manifest @types/parse-json@^4.0.0
5569 silly packumentCache full:https://registry.npmmirror.com/@types%2fparse-json cache-miss
5570 silly fetch manifest import-fresh@^3.2.1
5571 silly packumentCache full:https://registry.npmmirror.com/import-fresh cache-miss
5572 silly fetch manifest path-type@^4.0.0
5573 silly packumentCache full:https://registry.npmmirror.com/path-type cache-miss
5574 silly fetch manifest yaml@^1.10.0
5575 silly packumentCache full:https://registry.npmmirror.com/yaml cache-hit
5576 http fetch GET 200 https://registry.npmmirror.com/path-type 107ms (cache miss)
5577 silly packumentCache full:https://registry.npmmirror.com/path-type set size:3470 disposed:false
5578 http fetch GET 200 https://registry.npmmirror.com/@types%2fparse-json 109ms (cache miss)
5579 silly packumentCache full:https://registry.npmmirror.com/@types%2fparse-json set size:2431 disposed:false
5580 http fetch GET 200 https://registry.npmmirror.com/import-fresh 110ms (cache miss)
5581 silly packumentCache full:https://registry.npmmirror.com/import-fresh set size:3824 disposed:false
5582 silly placeDep node_modules/brotli-size duplexer@0.1.1 OK for: brotli-size@4.0.0 want: 0.1.1
5583 silly placeDep ROOT @types/parse-json@4.0.2 OK for: cosmiconfig@7.1.0 want: ^4.0.0
5584 silly placeDep ROOT import-fresh@3.3.1 OK for: cosmiconfig@7.1.0 want: ^3.2.1
5585 silly placeDep ROOT path-type@4.0.0 OK for: cosmiconfig@7.1.0 want: ^4.0.0
5586 silly placeDep node_modules/cosmiconfig yaml@1.10.2 OK for: cosmiconfig@7.1.0 want: ^1.10.0
5587 silly fetch manifest parent-module@^1.0.0
5588 silly packumentCache full:https://registry.npmmirror.com/parent-module cache-miss
5589 silly fetch manifest resolve-from@^4.0.0
5590 silly packumentCache full:https://registry.npmmirror.com/resolve-from cache-miss
5591 http fetch GET 200 https://registry.npmmirror.com/parent-module 42ms (cache miss)
5592 silly packumentCache full:https://registry.npmmirror.com/parent-module set size:3916 disposed:false
5593 http fetch GET 200 https://registry.npmmirror.com/resolve-from 45ms (cache miss)
5594 silly packumentCache full:https://registry.npmmirror.com/resolve-from set size:3131 disposed:false
5595 silly placeDep ROOT jake@10.9.4 OK for: ejs@3.1.10 want: ^10.8.5
5596 silly fetch manifest async@^3.2.6
5597 silly packumentCache full:https://registry.npmmirror.com/async cache-miss
5598 silly fetch manifest filelist@^1.0.4
5599 silly packumentCache full:https://registry.npmmirror.com/filelist cache-miss
5600 http fetch GET 200 https://registry.npmmirror.com/async 53ms (cache miss)
5601 silly packumentCache full:https://registry.npmmirror.com/async set size:31170 disposed:false
5602 http fetch GET 200 https://registry.npmmirror.com/filelist 90ms (cache miss)
5603 silly packumentCache full:https://registry.npmmirror.com/filelist set size:5860 disposed:false
5604 silly placeDep ROOT parent-module@1.0.1 OK for: import-fresh@3.3.1 want: ^1.0.0
5605 silly placeDep ROOT resolve-from@4.0.0 OK for: import-fresh@3.3.1 want: ^4.0.0
5606 silly fetch manifest callsites@^3.0.0
5607 silly packumentCache full:https://registry.npmmirror.com/callsites cache-miss
5608 http fetch GET 200 https://registry.npmmirror.com/callsites 39ms (cache miss)
5609 silly packumentCache full:https://registry.npmmirror.com/callsites set size:4788 disposed:false
5610 silly placeDep ROOT async@3.2.6 OK for: jake@10.9.4 want: ^3.2.6
5611 silly placeDep ROOT filelist@1.0.4 OK for: jake@10.9.4 want: ^1.0.4
5612 silly placeDep node_modules/filelist minimatch@5.1.6 OK for: filelist@1.0.4 want: ^5.0.1
5613 silly placeDep ROOT callsites@3.1.0 OK for: parent-module@1.0.1 want: ^3.0.0
5614 silly placeDep node_modules/rollup-plugin-bundle-size chalk@1.1.3 OK for: rollup-plugin-bundle-size@1.0.3 want: ^1.1.3
5615 silly placeDep ROOT maxmin@2.1.0 OK for: rollup-plugin-bundle-size@1.0.3 want: ^2.1.0
5616 silly fetch manifest ansi-styles@^2.2.1
5617 silly packumentCache full:https://registry.npmmirror.com/ansi-styles cache-hit
5618 silly fetch manifest escape-string-regexp@^1.0.2
5619 silly packumentCache full:https://registry.npmmirror.com/escape-string-regexp cache-hit
5620 silly fetch manifest has-ansi@^2.0.0
5621 silly packumentCache full:https://registry.npmmirror.com/has-ansi cache-miss
5622 silly fetch manifest strip-ansi@^3.0.0
5623 silly packumentCache full:https://registry.npmmirror.com/strip-ansi cache-hit
5624 silly fetch manifest supports-color@^2.0.0
5625 silly packumentCache full:https://registry.npmmirror.com/supports-color cache-miss
5626 silly fetch manifest chalk@^1.0.0
5627 silly packumentCache full:https://registry.npmmirror.com/chalk cache-hit
5628 silly fetch manifest figures@^1.0.1
5629 silly packumentCache full:https://registry.npmmirror.com/figures cache-miss
5630 silly fetch manifest gzip-size@^3.0.0
5631 silly packumentCache full:https://registry.npmmirror.com/gzip-size cache-hit
5632 silly fetch manifest pretty-bytes@^3.0.0
5633 silly packumentCache full:https://registry.npmmirror.com/pretty-bytes cache-hit
5634 http fetch GET 200 https://registry.npmmirror.com/supports-color 75ms (cache miss)
5635 silly packumentCache full:https://registry.npmmirror.com/supports-color set size:23036 disposed:false
5636 http fetch GET 200 https://registry.npmmirror.com/figures 89ms (cache miss)
5637 silly packumentCache full:https://registry.npmmirror.com/figures set size:13793 disposed:false
5638 http fetch GET 200 https://registry.npmmirror.com/has-ansi 110ms (cache miss)
5639 silly packumentCache full:https://registry.npmmirror.com/has-ansi set size:5387 disposed:false
5640 silly placeDep node_modules/maxmin chalk@1.1.3 OK for: maxmin@2.1.0 want: ^1.0.0
5641 silly placeDep ROOT figures@1.7.0 OK for: maxmin@2.1.0 want: ^1.0.1
5642 silly placeDep node_modules/maxmin gzip-size@3.0.0 OK for: maxmin@2.1.0 want: ^3.0.0
5643 silly placeDep node_modules/maxmin pretty-bytes@3.0.1 OK for: maxmin@2.1.0 want: ^3.0.0
5644 silly fetch manifest escape-string-regexp@^1.0.5
5645 silly packumentCache full:https://registry.npmmirror.com/escape-string-regexp cache-hit
5646 silly fetch manifest number-is-nan@^1.0.0
5647 silly packumentCache full:https://registry.npmmirror.com/number-is-nan cache-miss
5648 http fetch GET 200 https://registry.npmmirror.com/number-is-nan 70ms (cache miss)
5649 silly packumentCache full:https://registry.npmmirror.com/number-is-nan set size:2389 disposed:false
5650 silly placeDep node_modules/figures escape-string-regexp@1.0.5 OK for: figures@1.7.0 want: ^1.0.5
5651 silly fetch manifest postcss@8.x
5652 silly packumentCache full:https://registry.npmmirror.com/postcss cache-hit
5653 silly placeDep node_modules/rollup-plugin-postcss chalk@4.1.2 OK for: rollup-plugin-postcss@4.0.2 want: ^4.1.0
5654 silly placeDep ROOT concat-with-sourcemaps@1.1.0 OK for: rollup-plugin-postcss@4.0.2 want: ^1.1.0
5655 silly placeDep ROOT cssnano@5.1.15 OK for: rollup-plugin-postcss@4.0.2 want: ^5.0.1
5656 silly placeDep ROOT import-cwd@3.0.0 OK for: rollup-plugin-postcss@4.0.2 want: ^3.0.0
5657 silly placeDep node_modules/rollup-plugin-postcss p-queue@6.6.2 OK for: rollup-plugin-postcss@4.0.2 want: ^6.6.2
5658 silly placeDep node_modules/rollup-plugin-postcss pify@5.0.0 OK for: rollup-plugin-postcss@4.0.2 want: ^5.0.0
5659 silly placeDep node_modules/rollup-plugin-postcss postcss-load-config@3.1.4 OK for: rollup-plugin-postcss@4.0.2 want: ^3.0.0
5660 silly placeDep ROOT postcss-modules@4.3.1 OK for: rollup-plugin-postcss@4.0.2 want: ^4.0.0
5661 silly placeDep ROOT promise.series@0.2.0 OK for: rollup-plugin-postcss@4.0.2 want: ^0.2.0
5662 silly placeDep ROOT rollup-pluginutils@2.8.2 OK for: rollup-plugin-postcss@4.0.2 want: ^2.8.2
5663 silly placeDep ROOT safe-identifier@0.4.2 OK for: rollup-plugin-postcss@4.0.2 want: ^0.4.2
5664 silly placeDep ROOT style-inject@0.3.0 OK for: rollup-plugin-postcss@4.0.2 want: ^0.3.0
5665 silly fetch manifest ansi-styles@^4.1.0
5666 silly packumentCache full:https://registry.npmmirror.com/ansi-styles cache-hit
5667 silly fetch manifest supports-color@^7.1.0
5668 silly packumentCache full:https://registry.npmmirror.com/supports-color cache-hit
5669 silly fetch manifest source-map@^0.6.1
5670 silly packumentCache full:https://registry.npmmirror.com/source-map cache-hit
5671 silly fetch manifest lilconfig@^2.0.3
5672 silly packumentCache full:https://registry.npmmirror.com/lilconfig cache-hit
5673 silly fetch manifest yaml@^1.10.2
5674 silly packumentCache full:https://registry.npmmirror.com/yaml cache-hit
5675 silly fetch manifest cssnano-preset-default@^5.2.14
5676 silly packumentCache full:https://registry.npmmirror.com/cssnano-preset-default cache-miss
5677 silly fetch manifest import-from@^3.0.0
5678 silly packumentCache full:https://registry.npmmirror.com/import-from cache-miss
5679 silly fetch manifest eventemitter3@^4.0.4
5680 silly packumentCache full:https://registry.npmmirror.com/eventemitter3 cache-hit
5681 silly fetch manifest p-timeout@^3.2.0
5682 silly packumentCache full:https://registry.npmmirror.com/p-timeout cache-hit
5683 silly fetch manifest lilconfig@^2.0.5
5684 silly packumentCache full:https://registry.npmmirror.com/lilconfig cache-hit
5685 silly fetch manifest yaml@^1.10.2
5686 silly packumentCache full:https://registry.npmmirror.com/yaml cache-hit
5687 silly fetch manifest generic-names@^4.0.0
5688 silly packumentCache full:https://registry.npmmirror.com/generic-names cache-miss
5689 silly fetch manifest icss-replace-symbols@^1.1.0
5690 silly packumentCache full:https://registry.npmmirror.com/icss-replace-symbols cache-miss
5691 silly fetch manifest lodash.camelcase@^4.3.0
5692 silly packumentCache full:https://registry.npmmirror.com/lodash.camelcase cache-miss
5693 silly fetch manifest postcss-modules-extract-imports@^3.0.0
5694 silly packumentCache full:https://registry.npmmirror.com/postcss-modules-extract-imports cache-miss
5695 silly fetch manifest postcss-modules-local-by-default@^4.0.0
5696 silly packumentCache full:https://registry.npmmirror.com/postcss-modules-local-by-default cache-miss
5697 silly fetch manifest postcss-modules-scope@^3.0.0
5698 silly packumentCache full:https://registry.npmmirror.com/postcss-modules-scope cache-miss
5699 silly fetch manifest postcss-modules-values@^4.0.0
5700 silly packumentCache full:https://registry.npmmirror.com/postcss-modules-values cache-miss
5701 silly fetch manifest string-hash@^1.1.1
5702 silly packumentCache full:https://registry.npmmirror.com/string-hash cache-miss
5703 silly fetch manifest estree-walker@^0.6.1
5704 silly packumentCache full:https://registry.npmmirror.com/estree-walker cache-hit
5705 http fetch GET 200 https://registry.npmmirror.com/cssnano-preset-default 67ms (cache miss)
5706 silly packumentCache full:https://registry.npmmirror.com/cssnano-preset-default set size:49634 disposed:false
5707 http fetch GET 200 https://registry.npmmirror.com/import-from 70ms (cache miss)
5708 silly packumentCache full:https://registry.npmmirror.com/import-from set size:2263 disposed:false
5709 http fetch GET 200 https://registry.npmmirror.com/lodash.camelcase 81ms (cache miss)
5710 silly packumentCache full:https://registry.npmmirror.com/lodash.camelcase set size:3204 disposed:false
5711 http fetch GET 200 https://registry.npmmirror.com/generic-names 112ms (cache miss)
5712 silly packumentCache full:https://registry.npmmirror.com/generic-names set size:4287 disposed:false
5713 http fetch GET 200 https://registry.npmmirror.com/postcss-modules-values 112ms (cache miss)
5714 silly packumentCache full:https://registry.npmmirror.com/postcss-modules-values set size:7426 disposed:false
5715 http fetch GET 200 https://registry.npmmirror.com/postcss-modules-local-by-default 113ms (cache miss)
5716 silly packumentCache full:https://registry.npmmirror.com/postcss-modules-local-by-default set size:14842 disposed:false
5717 http fetch GET 200 https://registry.npmmirror.com/icss-replace-symbols 115ms (cache miss)
5718 silly packumentCache full:https://registry.npmmirror.com/icss-replace-symbols set size:2519 disposed:false
5719 http fetch GET 200 https://registry.npmmirror.com/postcss-modules-extract-imports 115ms (cache miss)
5720 silly packumentCache full:https://registry.npmmirror.com/postcss-modules-extract-imports set size:8170 disposed:false
5721 http fetch GET 200 https://registry.npmmirror.com/string-hash 120ms (cache miss)
5722 silly packumentCache full:https://registry.npmmirror.com/string-hash set size:2253 disposed:false
5723 http fetch GET 200 https://registry.npmmirror.com/postcss-modules-scope 121ms (cache miss)
5724 silly packumentCache full:https://registry.npmmirror.com/postcss-modules-scope set size:11519 disposed:false
5725 silly placeDep node_modules/concat-with-sourcemaps source-map@0.6.1 OK for: concat-with-sourcemaps@1.1.0 want: ^0.6.1
5726 silly fetch manifest postcss@^8.2.15
5727 silly packumentCache full:https://registry.npmmirror.com/postcss cache-hit
5728 silly placeDep ROOT cssnano-preset-default@5.2.14 OK for: cssnano@5.1.15 want: ^5.2.14
5729 silly placeDep node_modules/cssnano lilconfig@2.1.0 OK for: cssnano@5.1.15 want: ^2.0.3
5730 silly placeDep node_modules/cssnano yaml@1.10.2 OK for: cssnano@5.1.15 want: ^1.10.2
5731 silly fetch manifest css-declaration-sorter@^6.3.1
5732 silly packumentCache full:https://registry.npmmirror.com/css-declaration-sorter cache-miss
5733 silly fetch manifest postcss-calc@^8.2.3
5734 silly packumentCache full:https://registry.npmmirror.com/postcss-calc cache-miss
5735 silly fetch manifest cssnano-utils@^3.1.0
5736 silly packumentCache full:https://registry.npmmirror.com/cssnano-utils cache-miss
5737 silly fetch manifest postcss-discard-comments@^5.1.2
5738 silly packumentCache full:https://registry.npmmirror.com/postcss-discard-comments cache-miss
5739 silly fetch manifest postcss-convert-values@^5.1.3
5740 silly packumentCache full:https://registry.npmmirror.com/postcss-convert-values cache-miss
5741 silly fetch manifest postcss-discard-duplicates@^5.1.0
5742 silly packumentCache full:https://registry.npmmirror.com/postcss-discard-duplicates cache-miss
5743 silly fetch manifest postcss-colormin@^5.3.1
5744 silly packumentCache full:https://registry.npmmirror.com/postcss-colormin cache-miss
5745 silly fetch manifest postcss-discard-empty@^5.1.1
5746 silly packumentCache full:https://registry.npmmirror.com/postcss-discard-empty cache-miss
5747 silly fetch manifest postcss-discard-overridden@^5.1.0
5748 silly packumentCache full:https://registry.npmmirror.com/postcss-discard-overridden cache-miss
5749 silly fetch manifest postcss-merge-longhand@^5.1.7
5750 silly packumentCache full:https://registry.npmmirror.com/postcss-merge-longhand cache-miss
5751 silly fetch manifest postcss-merge-rules@^5.1.4
5752 silly packumentCache full:https://registry.npmmirror.com/postcss-merge-rules cache-miss
5753 silly fetch manifest postcss-minify-gradients@^5.1.1
5754 silly packumentCache full:https://registry.npmmirror.com/postcss-minify-gradients cache-miss
5755 silly fetch manifest postcss-minify-font-values@^5.1.0
5756 silly packumentCache full:https://registry.npmmirror.com/postcss-minify-font-values cache-miss
5757 silly fetch manifest postcss-minify-params@^5.1.4
5758 silly packumentCache full:https://registry.npmmirror.com/postcss-minify-params cache-miss
5759 silly fetch manifest postcss-normalize-charset@^5.1.0
5760 silly packumentCache full:https://registry.npmmirror.com/postcss-normalize-charset cache-miss
5761 silly fetch manifest postcss-minify-selectors@^5.2.1
5762 silly packumentCache full:https://registry.npmmirror.com/postcss-minify-selectors cache-miss
5763 silly fetch manifest postcss-normalize-display-values@^5.1.0
5764 silly packumentCache full:https://registry.npmmirror.com/postcss-normalize-display-values cache-miss
5765 silly fetch manifest postcss-normalize-positions@^5.1.1
5766 silly packumentCache full:https://registry.npmmirror.com/postcss-normalize-positions cache-miss
5767 silly fetch manifest postcss-normalize-repeat-style@^5.1.1
5768 silly packumentCache full:https://registry.npmmirror.com/postcss-normalize-repeat-style cache-miss
5769 silly fetch manifest postcss-normalize-string@^5.1.0
5770 silly packumentCache full:https://registry.npmmirror.com/postcss-normalize-string cache-miss
5771 silly fetch manifest postcss-normalize-timing-functions@^5.1.0
5772 silly packumentCache full:https://registry.npmmirror.com/postcss-normalize-timing-functions cache-miss
5773 silly fetch manifest postcss-normalize-unicode@^5.1.1
5774 silly packumentCache full:https://registry.npmmirror.com/postcss-normalize-unicode cache-miss
5775 silly fetch manifest postcss-normalize-whitespace@^5.1.1
5776 silly packumentCache full:https://registry.npmmirror.com/postcss-normalize-whitespace cache-miss
5777 silly fetch manifest postcss-normalize-url@^5.1.0
5778 silly packumentCache full:https://registry.npmmirror.com/postcss-normalize-url cache-miss
5779 silly fetch manifest postcss-ordered-values@^5.1.3
5780 silly packumentCache full:https://registry.npmmirror.com/postcss-ordered-values cache-miss
5781 silly fetch manifest postcss-reduce-initial@^5.1.2
5782 silly packumentCache full:https://registry.npmmirror.com/postcss-reduce-initial cache-miss
5783 silly fetch manifest postcss-reduce-transforms@^5.1.0
5784 silly packumentCache full:https://registry.npmmirror.com/postcss-reduce-transforms cache-miss
5785 silly fetch manifest postcss-svgo@^5.1.0
5786 silly packumentCache full:https://registry.npmmirror.com/postcss-svgo cache-miss
5787 silly fetch manifest postcss-unique-selectors@^5.1.1
5788 silly packumentCache full:https://registry.npmmirror.com/postcss-unique-selectors cache-miss
5789 http fetch GET 200 https://registry.npmmirror.com/css-declaration-sorter 69ms (cache miss)
5790 silly packumentCache full:https://registry.npmmirror.com/css-declaration-sorter set size:23645 disposed:false
5791 http fetch GET 200 https://registry.npmmirror.com/postcss-discard-comments 73ms (cache miss)
5792 silly packumentCache full:https://registry.npmmirror.com/postcss-discard-comments set size:22962 disposed:false
5793 http fetch GET 200 https://registry.npmmirror.com/cssnano-utils 75ms (cache miss)
5794 silly packumentCache full:https://registry.npmmirror.com/cssnano-utils set size:14056 disposed:false
5795 http fetch GET 200 https://registry.npmmirror.com/postcss-calc 83ms (cache miss)
5796 silly packumentCache full:https://registry.npmmirror.com/postcss-calc set size:20704 disposed:false
5797 http fetch GET 200 https://registry.npmmirror.com/postcss-convert-values 83ms (cache miss)
5798 silly packumentCache full:https://registry.npmmirror.com/postcss-convert-values set size:30701 disposed:false
5799 http fetch GET 200 https://registry.npmmirror.com/postcss-discard-duplicates 89ms (cache miss)
5800 silly packumentCache full:https://registry.npmmirror.com/postcss-discard-duplicates set size:19321 disposed:false
5801 http fetch GET 200 https://registry.npmmirror.com/postcss-discard-overridden 100ms (cache miss)
5802 silly packumentCache full:https://registry.npmmirror.com/postcss-discard-overridden set size:16636 disposed:false
5803 http fetch GET 200 https://registry.npmmirror.com/postcss-colormin 105ms (cache miss)
5804 silly packumentCache full:https://registry.npmmirror.com/postcss-colormin set size:28239 disposed:false
5805 http fetch GET 200 https://registry.npmmirror.com/postcss-merge-longhand 111ms (cache miss)
5806 silly packumentCache full:https://registry.npmmirror.com/postcss-merge-longhand set size:29288 disposed:false
5807 http fetch GET 200 https://registry.npmmirror.com/postcss-merge-rules 118ms (cache miss)
5808 silly packumentCache full:https://registry.npmmirror.com/postcss-merge-rules set size:33700 disposed:false
5809 http fetch GET 200 https://registry.npmmirror.com/postcss-minify-font-values 121ms (cache miss)
5810 silly packumentCache full:https://registry.npmmirror.com/postcss-minify-font-values set size:19044 disposed:false
5811 http fetch GET 200 https://registry.npmmirror.com/postcss-minify-params 129ms (cache miss)
5812 silly packumentCache full:https://registry.npmmirror.com/postcss-minify-params set size:26639 disposed:false
5813 http fetch GET 200 https://registry.npmmirror.com/postcss-minify-gradients 134ms (cache miss)
5814 silly packumentCache full:https://registry.npmmirror.com/postcss-minify-gradients set size:19347 disposed:false
5815 http fetch GET 200 https://registry.npmmirror.com/postcss-discard-empty 140ms (cache miss)
5816 silly packumentCache full:https://registry.npmmirror.com/postcss-discard-empty set size:17471 disposed:false
5817 http fetch GET 200 https://registry.npmmirror.com/postcss-normalize-display-values 142ms (cache miss)
5818 silly packumentCache full:https://registry.npmmirror.com/postcss-normalize-display-values set size:14115 disposed:false
5819 http fetch GET 200 https://registry.npmmirror.com/postcss-minify-selectors 148ms (cache miss)
5820 silly packumentCache full:https://registry.npmmirror.com/postcss-minify-selectors set size:25842 disposed:false
5821 http fetch GET 200 https://registry.npmmirror.com/postcss-normalize-charset 156ms (cache miss)
5822 silly packumentCache full:https://registry.npmmirror.com/postcss-normalize-charset set size:15491 disposed:false
5823 http fetch GET 200 https://registry.npmmirror.com/postcss-normalize-positions 158ms (cache miss)
5824 silly packumentCache full:https://registry.npmmirror.com/postcss-normalize-positions set size:16005 disposed:false
5825 http fetch GET 200 https://registry.npmmirror.com/postcss-normalize-repeat-style 160ms (cache miss)
5826 silly packumentCache full:https://registry.npmmirror.com/postcss-normalize-repeat-style set size:15900 disposed:false
5827 http fetch GET 200 https://registry.npmmirror.com/postcss-normalize-unicode 161ms (cache miss)
5828 silly packumentCache full:https://registry.npmmirror.com/postcss-normalize-unicode set size:18406 disposed:false
5829 http fetch GET 200 https://registry.npmmirror.com/postcss-normalize-string 168ms (cache miss)
5830 silly packumentCache full:https://registry.npmmirror.com/postcss-normalize-string set size:15126 disposed:false
5831 http fetch GET 200 https://registry.npmmirror.com/postcss-normalize-timing-functions 180ms (cache miss)
5832 silly packumentCache full:https://registry.npmmirror.com/postcss-normalize-timing-functions set size:14098 disposed:false
5833 http fetch GET 200 https://registry.npmmirror.com/postcss-normalize-whitespace 180ms (cache miss)
5834 silly packumentCache full:https://registry.npmmirror.com/postcss-normalize-whitespace set size:15805 disposed:false
5835 http fetch GET 200 https://registry.npmmirror.com/postcss-normalize-url 182ms (cache miss)
5836 silly packumentCache full:https://registry.npmmirror.com/postcss-normalize-url set size:21719 disposed:false
5837 http fetch GET 200 https://registry.npmmirror.com/postcss-reduce-transforms 200ms (cache miss)
5838 silly packumentCache full:https://registry.npmmirror.com/postcss-reduce-transforms set size:16693 disposed:false
5839 http fetch GET 200 https://registry.npmmirror.com/postcss-ordered-values 201ms (cache miss)
5840 silly packumentCache full:https://registry.npmmirror.com/postcss-ordered-values set size:23379 disposed:false
5841 http fetch GET 200 https://registry.npmmirror.com/postcss-svgo 203ms (cache miss)
5842 silly packumentCache full:https://registry.npmmirror.com/postcss-svgo set size:21579 disposed:false
5843 http fetch GET 200 https://registry.npmmirror.com/postcss-unique-selectors 211ms (cache miss)
5844 silly packumentCache full:https://registry.npmmirror.com/postcss-unique-selectors set size:19510 disposed:false
5845 http fetch GET 200 https://registry.npmmirror.com/postcss-reduce-initial 214ms (cache miss)
5846 silly packumentCache full:https://registry.npmmirror.com/postcss-reduce-initial set size:20893 disposed:false
5847 silly placeDep ROOT css-declaration-sorter@6.4.1 OK for: cssnano-preset-default@5.2.14 want: ^6.3.1
5848 silly placeDep ROOT cssnano-utils@3.1.0 OK for: cssnano-preset-default@5.2.14 want: ^3.1.0
5849 silly placeDep ROOT postcss-calc@8.2.4 OK for: cssnano-preset-default@5.2.14 want: ^8.2.3
5850 silly placeDep ROOT postcss-colormin@5.3.1 OK for: cssnano-preset-default@5.2.14 want: ^5.3.1
5851 silly placeDep ROOT postcss-convert-values@5.1.3 OK for: cssnano-preset-default@5.2.14 want: ^5.1.3
5852 silly placeDep ROOT postcss-discard-comments@5.1.2 OK for: cssnano-preset-default@5.2.14 want: ^5.1.2
5853 silly placeDep ROOT postcss-discard-duplicates@5.1.0 OK for: cssnano-preset-default@5.2.14 want: ^5.1.0
5854 silly placeDep ROOT postcss-discard-empty@5.1.1 OK for: cssnano-preset-default@5.2.14 want: ^5.1.1
5855 silly placeDep ROOT postcss-discard-overridden@5.1.0 OK for: cssnano-preset-default@5.2.14 want: ^5.1.0
5856 silly placeDep ROOT postcss-merge-longhand@5.1.7 OK for: cssnano-preset-default@5.2.14 want: ^5.1.7
5857 silly placeDep ROOT postcss-merge-rules@5.1.4 OK for: cssnano-preset-default@5.2.14 want: ^5.1.4
5858 silly placeDep ROOT postcss-minify-font-values@5.1.0 OK for: cssnano-preset-default@5.2.14 want: ^5.1.0
5859 silly placeDep ROOT postcss-minify-gradients@5.1.1 OK for: cssnano-preset-default@5.2.14 want: ^5.1.1
5860 silly placeDep ROOT postcss-minify-params@5.1.4 OK for: cssnano-preset-default@5.2.14 want: ^5.1.4
5861 silly placeDep ROOT postcss-minify-selectors@5.2.1 OK for: cssnano-preset-default@5.2.14 want: ^5.2.1
5862 silly placeDep ROOT postcss-normalize-charset@5.1.0 OK for: cssnano-preset-default@5.2.14 want: ^5.1.0
5863 silly placeDep ROOT postcss-normalize-display-values@5.1.0 OK for: cssnano-preset-default@5.2.14 want: ^5.1.0
5864 silly placeDep ROOT postcss-normalize-positions@5.1.1 OK for: cssnano-preset-default@5.2.14 want: ^5.1.1
5865 silly placeDep ROOT postcss-normalize-repeat-style@5.1.1 OK for: cssnano-preset-default@5.2.14 want: ^5.1.1
5866 silly placeDep ROOT postcss-normalize-string@5.1.0 OK for: cssnano-preset-default@5.2.14 want: ^5.1.0
5867 silly placeDep ROOT postcss-normalize-timing-functions@5.1.0 OK for: cssnano-preset-default@5.2.14 want: ^5.1.0
5868 silly placeDep ROOT postcss-normalize-unicode@5.1.1 OK for: cssnano-preset-default@5.2.14 want: ^5.1.1
5869 silly placeDep ROOT postcss-normalize-url@5.1.0 OK for: cssnano-preset-default@5.2.14 want: ^5.1.0
5870 silly placeDep ROOT postcss-normalize-whitespace@5.1.1 OK for: cssnano-preset-default@5.2.14 want: ^5.1.1
5871 silly placeDep ROOT postcss-ordered-values@5.1.3 OK for: cssnano-preset-default@5.2.14 want: ^5.1.3
5872 silly placeDep ROOT postcss-reduce-initial@5.1.2 OK for: cssnano-preset-default@5.2.14 want: ^5.1.2
5873 silly placeDep ROOT postcss-reduce-transforms@5.1.0 OK for: cssnano-preset-default@5.2.14 want: ^5.1.0
5874 silly placeDep ROOT postcss-svgo@5.1.0 OK for: cssnano-preset-default@5.2.14 want: ^5.1.0
5875 silly placeDep ROOT postcss-unique-selectors@5.1.1 OK for: cssnano-preset-default@5.2.14 want: ^5.1.1
5876 silly fetch manifest postcss-selector-parser@^6.0.9
5877 silly packumentCache full:https://registry.npmmirror.com/postcss-selector-parser cache-hit
5878 silly fetch manifest caniuse-api@^3.0.0
5879 silly packumentCache full:https://registry.npmmirror.com/caniuse-api cache-miss
5880 silly fetch manifest colord@^2.9.1
5881 silly packumentCache full:https://registry.npmmirror.com/colord cache-miss
5882 silly fetch manifest stylehacks@^5.1.1
5883 silly packumentCache full:https://registry.npmmirror.com/stylehacks cache-miss
5884 silly fetch manifest caniuse-api@^3.0.0
5885 silly packumentCache full:https://registry.npmmirror.com/caniuse-api cache-miss
5886 silly fetch manifest postcss-selector-parser@^6.0.5
5887 silly packumentCache full:https://registry.npmmirror.com/postcss-selector-parser cache-hit
5888 silly fetch manifest colord@^2.9.1
5889 silly packumentCache full:https://registry.npmmirror.com/colord cache-miss
5890 silly fetch manifest postcss-selector-parser@^6.0.5
5891 silly packumentCache full:https://registry.npmmirror.com/postcss-selector-parser cache-hit
5892 silly fetch manifest normalize-url@^6.0.1
5893 silly packumentCache full:https://registry.npmmirror.com/normalize-url cache-miss
5894 silly fetch manifest caniuse-api@^3.0.0
5895 silly packumentCache full:https://registry.npmmirror.com/caniuse-api cache-miss
5896 silly fetch manifest svgo@^2.7.0
5897 silly packumentCache full:https://registry.npmmirror.com/svgo cache-hit
5898 silly fetch manifest postcss-selector-parser@^6.0.5
5899 silly packumentCache full:https://registry.npmmirror.com/postcss-selector-parser cache-hit
5900 http fetch GET 200 https://registry.npmmirror.com/caniuse-api 214ms (cache miss)
5901 silly packumentCache full:https://registry.npmmirror.com/caniuse-api set size:7311 disposed:false
5902 http fetch GET 200 https://registry.npmmirror.com/caniuse-api 216ms (cache miss)
5903 silly packumentCache full:https://registry.npmmirror.com/caniuse-api set size:7311 disposed:false
5904 silly packumentCache full:https://registry.npmmirror.com/caniuse-api dispose
5905 http fetch GET 200 https://registry.npmmirror.com/normalize-url 227ms (cache miss)
5906 silly packumentCache full:https://registry.npmmirror.com/normalize-url set size:22290 disposed:false
5907 http fetch GET 200 https://registry.npmmirror.com/colord 238ms (cache miss)
5908 silly packumentCache full:https://registry.npmmirror.com/colord set size:29761 disposed:false
5909 http fetch GET 200 https://registry.npmmirror.com/colord 243ms (cache miss)
5910 silly packumentCache full:https://registry.npmmirror.com/colord set size:29761 disposed:false
5911 silly packumentCache full:https://registry.npmmirror.com/colord dispose
5912 http fetch GET 200 https://registry.npmmirror.com/stylehacks 245ms (cache miss)
5913 silly packumentCache full:https://registry.npmmirror.com/stylehacks set size:22241 disposed:false
5914 http fetch GET 200 https://registry.npmmirror.com/caniuse-api 309ms (cache miss)
5915 silly packumentCache full:https://registry.npmmirror.com/caniuse-api set size:7311 disposed:true
5916 silly packumentCache full:https://registry.npmmirror.com/caniuse-api dispose
5917 silly placeDep ROOT import-from@3.0.0 OK for: import-cwd@3.0.0 want: ^3.0.0
5918 silly fetch manifest resolve-from@^5.0.0
5919 silly packumentCache full:https://registry.npmmirror.com/resolve-from cache-hit
5920 silly placeDep node_modules/import-from resolve-from@5.0.0 OK for: import-from@3.0.0 want: ^5.0.0
5921 silly placeDep node_modules/postcss-calc postcss-selector-parser@6.1.2 OK for: postcss-calc@8.2.4 want: ^6.0.9
5922 silly placeDep ROOT caniuse-api@3.0.0 OK for: postcss-colormin@5.3.1 want: ^3.0.0
5923 silly placeDep ROOT colord@2.9.3 OK for: postcss-colormin@5.3.1 want: ^2.9.1
5924 silly fetch manifest lodash.memoize@^4.1.2
5925 silly packumentCache full:https://registry.npmmirror.com/lodash.memoize cache-miss
5926 silly fetch manifest lodash.uniq@^4.5.0
5927 silly packumentCache full:https://registry.npmmirror.com/lodash.uniq cache-miss
5928 http fetch GET 200 https://registry.npmmirror.com/lodash.memoize 247ms (cache miss)
5929 silly packumentCache full:https://registry.npmmirror.com/lodash.memoize set size:6237 disposed:false
5930 http fetch GET 200 https://registry.npmmirror.com/lodash.uniq 303ms (cache miss)
5931 silly packumentCache full:https://registry.npmmirror.com/lodash.uniq set size:6745 disposed:false
5932 silly placeDep ROOT lodash.memoize@4.1.2 OK for: caniuse-api@3.0.0 want: ^4.1.2
5933 silly placeDep ROOT lodash.uniq@4.5.0 OK for: caniuse-api@3.0.0 want: ^4.5.0
5934 silly placeDep ROOT stylehacks@5.1.1 OK for: postcss-merge-longhand@5.1.7 want: ^5.1.1
5935 silly fetch manifest postcss-selector-parser@^6.0.4
5936 silly packumentCache full:https://registry.npmmirror.com/postcss-selector-parser cache-hit
5937 silly placeDep node_modules/postcss-merge-rules postcss-selector-parser@6.1.2 OK for: postcss-merge-rules@5.1.4 want: ^6.0.5
5938 silly placeDep node_modules/postcss-minify-selectors postcss-selector-parser@6.1.2 OK for: postcss-minify-selectors@5.2.1 want: ^6.0.5
5939 silly placeDep ROOT generic-names@4.0.0 OK for: postcss-modules@4.3.1 want: ^4.0.0
5940 silly placeDep ROOT icss-replace-symbols@1.1.0 OK for: postcss-modules@4.3.1 want: ^1.1.0
5941 silly placeDep ROOT lodash.camelcase@4.3.0 OK for: postcss-modules@4.3.1 want: ^4.3.0
5942 silly placeDep ROOT postcss-modules-extract-imports@3.1.0 OK for: postcss-modules@4.3.1 want: ^3.0.0
5943 silly placeDep ROOT postcss-modules-local-by-default@4.2.0 OK for: postcss-modules@4.3.1 want: ^4.0.0
5944 silly placeDep ROOT postcss-modules-scope@3.2.1 OK for: postcss-modules@4.3.1 want: ^3.0.0
5945 silly placeDep ROOT postcss-modules-values@4.0.0 OK for: postcss-modules@4.3.1 want: ^4.0.0
5946 silly placeDep ROOT string-hash@1.1.3 OK for: postcss-modules@4.3.1 want: ^1.1.1
5947 silly fetch manifest loader-utils@^3.2.0
5948 silly packumentCache full:https://registry.npmmirror.com/loader-utils cache-miss
5949 silly fetch manifest icss-utils@^5.0.0
5950 silly packumentCache full:https://registry.npmmirror.com/icss-utils cache-miss
5951 silly fetch manifest icss-utils@^5.0.0
5952 silly packumentCache full:https://registry.npmmirror.com/icss-utils cache-miss
5953 http fetch GET 200 https://registry.npmmirror.com/icss-utils 354ms (cache miss)
5954 silly packumentCache full:https://registry.npmmirror.com/icss-utils set size:5696 disposed:false
5955 http fetch GET 200 https://registry.npmmirror.com/loader-utils 357ms (cache miss)
5956 silly packumentCache full:https://registry.npmmirror.com/loader-utils set size:20606 disposed:false
5957 http fetch GET 200 https://registry.npmmirror.com/icss-utils 357ms (cache miss)
5958 silly packumentCache full:https://registry.npmmirror.com/icss-utils set size:5696 disposed:false
5959 silly packumentCache full:https://registry.npmmirror.com/icss-utils dispose
5960 silly placeDep ROOT loader-utils@3.3.1 OK for: generic-names@4.0.0 want: ^3.2.0
5961 silly fetch manifest postcss@^8.1.0
5962 silly packumentCache full:https://registry.npmmirror.com/postcss cache-hit
5963 silly placeDep ROOT icss-utils@5.1.0 OK for: postcss-modules-local-by-default@4.2.0 want: ^5.0.0
5964 silly placeDep ROOT normalize-url@6.1.0 OK for: postcss-normalize-url@5.1.0 want: ^6.0.1
5965 silly placeDep node_modules/postcss-svgo svgo@2.8.0 OK for: postcss-svgo@5.1.0 want: ^2.7.0
5966 silly fetch manifest css-select@^4.1.3
5967 silly packumentCache full:https://registry.npmmirror.com/css-select cache-hit
5968 silly fetch manifest css-tree@^1.1.3
5969 silly packumentCache full:https://registry.npmmirror.com/css-tree cache-hit
5970 silly fetch manifest csso@^4.2.0
5971 silly packumentCache full:https://registry.npmmirror.com/csso cache-hit
5972 silly fetch manifest stable@^0.1.8
5973 silly packumentCache full:https://registry.npmmirror.com/stable cache-miss
5974 http fetch GET 200 https://registry.npmmirror.com/stable 294ms (cache miss)
5975 silly packumentCache full:https://registry.npmmirror.com/stable set size:4856 disposed:false
5976 silly placeDep node_modules/postcss-unique-selectors postcss-selector-parser@6.1.2 OK for: postcss-unique-selectors@5.1.1 want: ^6.0.5
5977 silly placeDep node_modules/rollup-plugin-typescript2 @rollup/pluginutils@4.2.1 OK for: rollup-plugin-typescript2@0.32.1 want: ^4.1.2
5978 silly placeDep ROOT find-cache-dir@3.3.2 OK for: rollup-plugin-typescript2@0.32.1 want: ^3.3.2
5979 silly placeDep ROOT fs-extra@10.1.0 OK for: rollup-plugin-typescript2@0.32.1 want: ^10.0.0
5980 silly fetch manifest picomatch@^2.2.2
5981 silly packumentCache full:https://registry.npmmirror.com/picomatch cache-hit
5982 silly fetch manifest make-dir@^3.0.2
5983 silly packumentCache full:https://registry.npmmirror.com/make-dir cache-miss
5984 silly fetch manifest pkg-dir@^4.1.0
5985 silly packumentCache full:https://registry.npmmirror.com/pkg-dir cache-miss
5986 silly fetch manifest jsonfile@^6.0.1
5987 silly packumentCache full:https://registry.npmmirror.com/jsonfile cache-miss
5988 silly fetch manifest universalify@^2.0.0
5989 silly packumentCache full:https://registry.npmmirror.com/universalify cache-miss
5990 http fetch GET 200 https://registry.npmmirror.com/make-dir 409ms (cache miss)
5991 silly packumentCache full:https://registry.npmmirror.com/make-dir set size:6505 disposed:false
5992 http fetch GET 200 https://registry.npmmirror.com/jsonfile 409ms (cache miss)
5993 silly packumentCache full:https://registry.npmmirror.com/jsonfile set size:9531 disposed:false
5994 http fetch GET 200 https://registry.npmmirror.com/pkg-dir 413ms (cache miss)
5995 silly packumentCache full:https://registry.npmmirror.com/pkg-dir set size:6270 disposed:false
5996 http fetch GET 200 https://registry.npmmirror.com/universalify 413ms (cache miss)
5997 silly packumentCache full:https://registry.npmmirror.com/universalify set size:3885 disposed:false
5998 silly placeDep ROOT commondir@1.0.1 OK for: find-cache-dir@3.3.2 want: ^1.0.1
5999 silly placeDep ROOT make-dir@3.1.0 OK for: find-cache-dir@3.3.2 want: ^3.0.2
6000 silly placeDep ROOT pkg-dir@4.2.0 OK for: find-cache-dir@3.3.2 want: ^4.1.0
6001 silly fetch manifest semver@^6.0.0
6002 silly packumentCache full:https://registry.npmmirror.com/semver cache-hit
6003 silly placeDep ROOT jsonfile@6.2.0 OK for: fs-extra@10.1.0 want: ^6.0.1
6004 silly placeDep ROOT universalify@2.0.1 OK for: fs-extra@10.1.0 want: ^2.0.0
6005 silly placeDep node_modules/make-dir semver@6.3.1 OK for: make-dir@3.1.0 want: ^6.0.0
6006 silly placeDep ROOT open@8.4.2 OK for: rollup-plugin-visualizer@5.14.0 want: ^8.4.0
6007 silly fetch manifest define-lazy-prop@^2.0.0
6008 silly packumentCache full:https://registry.npmmirror.com/define-lazy-prop cache-miss
6009 silly fetch manifest is-docker@^2.1.1
6010 silly packumentCache full:https://registry.npmmirror.com/is-docker cache-miss
6011 silly fetch manifest is-wsl@^2.2.0
6012 silly packumentCache full:https://registry.npmmirror.com/is-wsl cache-miss
6013 http fetch GET 200 https://registry.npmmirror.com/define-lazy-prop 932ms (cache miss)
6014 silly packumentCache full:https://registry.npmmirror.com/define-lazy-prop set size:2335 disposed:false
6015 http fetch GET 200 https://registry.npmmirror.com/is-docker 934ms (cache miss)
6016 silly packumentCache full:https://registry.npmmirror.com/is-docker set size:4173 disposed:false
6017 http fetch GET 200 https://registry.npmmirror.com/is-wsl 946ms (cache miss)
6018 silly packumentCache full:https://registry.npmmirror.com/is-wsl set size:3760 disposed:false
6019 silly placeDep ROOT define-lazy-prop@2.0.0 OK for: open@8.4.2 want: ^2.0.0
6020 silly placeDep ROOT is-docker@2.2.1 OK for: open@8.4.2 want: ^2.1.1
6021 silly placeDep ROOT is-wsl@2.2.0 OK for: open@8.4.2 want: ^2.2.0
6022 silly fetch manifest is-docker@^3.0.0
6023 silly packumentCache full:https://registry.npmmirror.com/is-docker cache-hit
6024 silly fetch manifest is-wsl@^3.1.0
6025 silly packumentCache full:https://registry.npmmirror.com/is-wsl cache-hit
6026 silly fetch manifest which-pm-runs@^1.1.0
6027 silly packumentCache full:https://registry.npmmirror.com/which-pm-runs cache-miss
6028 http fetch GET 200 https://registry.npmmirror.com/which-pm-runs 1370ms (cache miss)
6029 silly packumentCache full:https://registry.npmmirror.com/which-pm-runs set size:2276 disposed:false
6030 silly placeDep node_modules/@astrojs/telemetry is-docker@3.0.0 OK for: @astrojs/telemetry@3.3.0 want: ^3.0.0
6031 silly placeDep node_modules/@astrojs/telemetry is-wsl@3.1.0 OK for: @astrojs/telemetry@3.3.0 want: ^3.1.0
6032 silly placeDep ROOT which-pm-runs@1.1.0 OK for: @astrojs/telemetry@3.3.0 want: ^1.1.0
6033 silly fetch manifest is-inside-container@^1.0.0
6034 silly packumentCache full:https://registry.npmmirror.com/is-inside-container cache-miss
6035 http fetch GET 200 https://registry.npmmirror.com/is-inside-container 521ms (cache miss)
6036 silly packumentCache full:https://registry.npmmirror.com/is-inside-container set size:2270 disposed:false
6037 silly placeDep node_modules/rollup-pluginutils estree-walker@0.6.1 OK for: rollup-pluginutils@2.8.2 want: ^0.6.1
6038 silly placeDep ROOT mri@1.2.0 OK for: sade@1.8.1 want: ^1.1.0
6039 silly placeDep node_modules/shelljs glob@7.2.3 OK for: shelljs@0.8.5 want: ^7.0.0
6040 silly placeDep ROOT interpret@1.4.0 OK for: shelljs@0.8.5 want: ^1.0.0
6041 silly placeDep ROOT rechoir@0.6.2 OK for: shelljs@0.8.5 want: ^0.6.2
6042 silly placeDep ROOT es-abstract@1.24.0 OK for: string.prototype.matchall@4.0.12 want: ^1.23.6
6043 silly placeDep ROOT internal-slot@1.1.0 OK for: string.prototype.matchall@4.0.12 want: ^1.1.0
6044 silly placeDep ROOT regexp.prototype.flags@1.5.4 OK for: string.prototype.matchall@4.0.12 want: ^1.5.3
6045 silly placeDep ROOT set-function-name@2.0.2 OK for: string.prototype.matchall@4.0.12 want: ^2.0.2
6046 silly placeDep ROOT side-channel@1.1.0 OK for: string.prototype.matchall@4.0.12 want: ^1.1.0
6047 silly fetch manifest array-buffer-byte-length@^1.0.2
6048 silly packumentCache full:https://registry.npmmirror.com/array-buffer-byte-length cache-miss
6049 silly fetch manifest arraybuffer.prototype.slice@^1.0.4
6050 silly packumentCache full:https://registry.npmmirror.com/arraybuffer.prototype.slice cache-miss
6051 silly fetch manifest available-typed-arrays@^1.0.7
6052 silly packumentCache full:https://registry.npmmirror.com/available-typed-arrays cache-miss
6053 silly fetch manifest data-view-buffer@^1.0.2
6054 silly packumentCache full:https://registry.npmmirror.com/data-view-buffer cache-miss
6055 silly fetch manifest data-view-byte-length@^1.0.2
6056 silly packumentCache full:https://registry.npmmirror.com/data-view-byte-length cache-miss
6057 silly fetch manifest data-view-byte-offset@^1.0.1
6058 silly packumentCache full:https://registry.npmmirror.com/data-view-byte-offset cache-miss
6059 silly fetch manifest es-to-primitive@^1.3.0
6060 silly packumentCache full:https://registry.npmmirror.com/es-to-primitive cache-miss
6061 silly fetch manifest function.prototype.name@^1.1.8
6062 silly packumentCache full:https://registry.npmmirror.com/function.prototype.name cache-miss
6063 silly fetch manifest get-symbol-description@^1.1.0
6064 silly packumentCache full:https://registry.npmmirror.com/get-symbol-description cache-miss
6065 silly fetch manifest globalthis@^1.0.4
6066 silly packumentCache full:https://registry.npmmirror.com/globalthis cache-miss
6067 silly fetch manifest has-proto@^1.2.0
6068 silly packumentCache full:https://registry.npmmirror.com/has-proto cache-miss
6069 silly fetch manifest is-array-buffer@^3.0.5
6070 silly packumentCache full:https://registry.npmmirror.com/is-array-buffer cache-miss
6071 silly fetch manifest is-callable@^1.2.7
6072 silly packumentCache full:https://registry.npmmirror.com/is-callable cache-miss
6073 silly fetch manifest is-data-view@^1.0.2
6074 silly packumentCache full:https://registry.npmmirror.com/is-data-view cache-miss
6075 silly fetch manifest is-negative-zero@^2.0.3
6076 silly packumentCache full:https://registry.npmmirror.com/is-negative-zero cache-miss
6077 silly fetch manifest is-regex@^1.2.1
6078 silly packumentCache full:https://registry.npmmirror.com/is-regex cache-miss
6079 silly fetch manifest is-set@^2.0.3
6080 silly packumentCache full:https://registry.npmmirror.com/is-set cache-miss
6081 silly fetch manifest is-shared-array-buffer@^1.0.4
6082 silly packumentCache full:https://registry.npmmirror.com/is-shared-array-buffer cache-miss
6083 silly fetch manifest is-string@^1.1.1
6084 silly packumentCache full:https://registry.npmmirror.com/is-string cache-miss
6085 silly fetch manifest is-typed-array@^1.1.15
6086 silly packumentCache full:https://registry.npmmirror.com/is-typed-array cache-miss
6087 silly fetch manifest is-weakref@^1.1.1
6088 silly packumentCache full:https://registry.npmmirror.com/is-weakref cache-miss
6089 silly fetch manifest object-inspect@^1.13.4
6090 silly packumentCache full:https://registry.npmmirror.com/object-inspect cache-miss
6091 silly fetch manifest own-keys@^1.0.1
6092 silly packumentCache full:https://registry.npmmirror.com/own-keys cache-miss
6093 silly fetch manifest regexp.prototype.flags@^1.5.4
6094 silly packumentCache full:https://registry.npmmirror.com/regexp.prototype.flags cache-hit
6095 silly fetch manifest safe-array-concat@^1.1.3
6096 silly packumentCache full:https://registry.npmmirror.com/safe-array-concat cache-miss
6097 silly fetch manifest safe-push-apply@^1.0.0
6098 silly packumentCache full:https://registry.npmmirror.com/safe-push-apply cache-miss
6099 silly fetch manifest safe-regex-test@^1.1.0
6100 silly packumentCache full:https://registry.npmmirror.com/safe-regex-test cache-miss
6101 silly fetch manifest set-proto@^1.0.0
6102 silly packumentCache full:https://registry.npmmirror.com/set-proto cache-miss
6103 silly fetch manifest stop-iteration-iterator@^1.1.0
6104 silly packumentCache full:https://registry.npmmirror.com/stop-iteration-iterator cache-miss
6105 silly fetch manifest string.prototype.trim@^1.2.10
6106 silly packumentCache full:https://registry.npmmirror.com/string.prototype.trim cache-miss
6107 silly fetch manifest string.prototype.trimend@^1.0.9
6108 silly packumentCache full:https://registry.npmmirror.com/string.prototype.trimend cache-miss
6109 silly fetch manifest string.prototype.trimstart@^1.0.8
6110 silly packumentCache full:https://registry.npmmirror.com/string.prototype.trimstart cache-miss
6111 http fetch GET 200 https://registry.npmmirror.com/array-buffer-byte-length 1498ms (cache miss)
6112 silly packumentCache full:https://registry.npmmirror.com/array-buffer-byte-length set size:4200 disposed:false
6113 silly fetch manifest typed-array-buffer@^1.0.3
6114 silly packumentCache full:https://registry.npmmirror.com/typed-array-buffer cache-miss
6115 http fetch GET 200 https://registry.npmmirror.com/available-typed-arrays 1500ms (cache miss)
6116 silly packumentCache full:https://registry.npmmirror.com/available-typed-arrays set size:4997 disposed:false
6117 silly fetch manifest typed-array-byte-length@^1.0.3
6118 silly packumentCache full:https://registry.npmmirror.com/typed-array-byte-length cache-miss
6119 http fetch GET 200 https://registry.npmmirror.com/arraybuffer.prototype.slice 1501ms (cache miss)
6120 silly packumentCache full:https://registry.npmmirror.com/arraybuffer.prototype.slice set size:4650 disposed:false
6121 silly fetch manifest typed-array-byte-offset@^1.0.4
6122 silly packumentCache full:https://registry.npmmirror.com/typed-array-byte-offset cache-miss
6123 http fetch GET 200 https://registry.npmmirror.com/data-view-byte-offset 1517ms (cache miss)
6124 silly packumentCache full:https://registry.npmmirror.com/data-view-byte-offset set size:3104 disposed:false
6125 silly fetch manifest typed-array-length@^1.0.7
6126 silly packumentCache full:https://registry.npmmirror.com/typed-array-length cache-miss
6127 http fetch GET 200 https://registry.npmmirror.com/function.prototype.name 1521ms (cache miss)
6128 silly packumentCache full:https://registry.npmmirror.com/function.prototype.name set size:7911 disposed:false
6129 silly fetch manifest unbox-primitive@^1.1.0
6130 silly packumentCache full:https://registry.npmmirror.com/unbox-primitive cache-miss
6131 http fetch GET 200 https://registry.npmmirror.com/globalthis 1545ms (cache miss)
6132 silly packumentCache full:https://registry.npmmirror.com/globalthis set size:5549 disposed:false
6133 silly fetch manifest which-typed-array@^1.1.19
6134 silly packumentCache full:https://registry.npmmirror.com/which-typed-array cache-miss
6135 http fetch GET 200 https://registry.npmmirror.com/has-proto 1546ms (cache miss)
6136 silly packumentCache full:https://registry.npmmirror.com/has-proto set size:6029 disposed:false
6137 silly fetch manifest functions-have-names@^1.2.3
6138 silly packumentCache full:https://registry.npmmirror.com/functions-have-names cache-miss
6139 http fetch GET 200 https://registry.npmmirror.com/is-array-buffer 1548ms (cache miss)
6140 silly packumentCache full:https://registry.npmmirror.com/is-array-buffer set size:9151 disposed:false
6141 silly fetch manifest object-inspect@^1.13.3
6142 silly packumentCache full:https://registry.npmmirror.com/object-inspect cache-miss
6143 http fetch GET 200 https://registry.npmmirror.com/get-symbol-description 1551ms (cache miss)
6144 silly packumentCache full:https://registry.npmmirror.com/get-symbol-description set size:3815 disposed:false
6145 silly fetch manifest side-channel-list@^1.0.0
6146 silly packumentCache full:https://registry.npmmirror.com/side-channel-list cache-miss
6147 http fetch GET 200 https://registry.npmmirror.com/is-callable 1551ms (cache miss)
6148 silly packumentCache full:https://registry.npmmirror.com/is-callable set size:12207 disposed:false
6149 silly fetch manifest side-channel-map@^1.0.1
6150 silly packumentCache full:https://registry.npmmirror.com/side-channel-map cache-miss
6151 http fetch GET 200 https://registry.npmmirror.com/data-view-byte-length 1555ms (cache miss)
6152 silly packumentCache full:https://registry.npmmirror.com/data-view-byte-length set size:3508 disposed:false
6153 silly fetch manifest side-channel-weakmap@^1.0.2
6154 silly packumentCache full:https://registry.npmmirror.com/side-channel-weakmap cache-miss
6155 http fetch GET 200 https://registry.npmmirror.com/is-regex 1558ms (cache miss)
6156 silly packumentCache full:https://registry.npmmirror.com/is-regex set size:7442 disposed:false
6157 http fetch GET 200 https://registry.npmmirror.com/is-data-view 1560ms (cache miss)
6158 silly packumentCache full:https://registry.npmmirror.com/is-data-view set size:3689 disposed:false
6159 http fetch GET 200 https://registry.npmmirror.com/data-view-buffer 1576ms (cache miss)
6160 silly packumentCache full:https://registry.npmmirror.com/data-view-buffer set size:3448 disposed:false
6161 http fetch GET 200 https://registry.npmmirror.com/es-to-primitive 1592ms (cache miss)
6162 silly packumentCache full:https://registry.npmmirror.com/es-to-primitive set size:5211 disposed:false
6163 http fetch GET 200 https://registry.npmmirror.com/is-negative-zero 2446ms (cache miss)
6164 silly packumentCache full:https://registry.npmmirror.com/is-negative-zero set size:5445 disposed:false
6165 http fetch GET 200 https://registry.npmmirror.com/is-set 2450ms (cache miss)
6166 silly packumentCache full:https://registry.npmmirror.com/is-set set size:4077 disposed:false
6167 http fetch GET 200 https://registry.npmmirror.com/is-string 2449ms (cache miss)
6168 silly packumentCache full:https://registry.npmmirror.com/is-string set size:5725 disposed:false
6169 http fetch GET 200 https://registry.npmmirror.com/is-shared-array-buffer 2453ms (cache miss)
6170 silly packumentCache full:https://registry.npmmirror.com/is-shared-array-buffer set size:5014 disposed:false
6171 http fetch GET 200 https://registry.npmmirror.com/is-typed-array 2455ms (cache miss)
6172 silly packumentCache full:https://registry.npmmirror.com/is-typed-array set size:12988 disposed:false
6173 http fetch GET 200 https://registry.npmmirror.com/is-weakref 2462ms (cache miss)
6174 silly packumentCache full:https://registry.npmmirror.com/is-weakref set size:4835 disposed:false
6175 http fetch GET 200 https://registry.npmmirror.com/own-keys 2477ms (cache miss)
6176 silly packumentCache full:https://registry.npmmirror.com/own-keys set size:2880 disposed:false
6177 http fetch GET 200 https://registry.npmmirror.com/safe-array-concat 2479ms (cache miss)
6178 silly packumentCache full:https://registry.npmmirror.com/safe-array-concat set size:5733 disposed:false
6179 http fetch GET 200 https://registry.npmmirror.com/safe-push-apply 2481ms (cache miss)
6180 silly packumentCache full:https://registry.npmmirror.com/safe-push-apply set size:2489 disposed:false
6181 http fetch GET 200 https://registry.npmmirror.com/object-inspect 2482ms (cache miss)
6182 silly packumentCache full:https://registry.npmmirror.com/object-inspect set size:19266 disposed:false
6183 http fetch GET 200 https://registry.npmmirror.com/safe-regex-test 2485ms (cache miss)
6184 silly packumentCache full:https://registry.npmmirror.com/safe-regex-test set size:4899 disposed:false
6185 http fetch GET 200 https://registry.npmmirror.com/stop-iteration-iterator 2486ms (cache miss)
6186 silly packumentCache full:https://registry.npmmirror.com/stop-iteration-iterator set size:3567 disposed:false
6187 http fetch GET 200 https://registry.npmmirror.com/string.prototype.trim 2489ms (cache miss)
6188 silly packumentCache full:https://registry.npmmirror.com/string.prototype.trim set size:9985 disposed:false
6189 http fetch GET 200 https://registry.npmmirror.com/string.prototype.trimend 2505ms (cache miss)
6190 silly packumentCache full:https://registry.npmmirror.com/string.prototype.trimend set size:8298 disposed:false
6191 http fetch GET 200 https://registry.npmmirror.com/set-proto 2624ms (cache miss)
6192 silly packumentCache full:https://registry.npmmirror.com/set-proto set size:2390 disposed:false
6193 http fetch GET 200 https://registry.npmmirror.com/string.prototype.trimstart 3222ms (cache miss)
6194 silly packumentCache full:https://registry.npmmirror.com/string.prototype.trimstart set size:7822 disposed:false
6195 http fetch GET 200 https://registry.npmmirror.com/typed-array-buffer 1734ms (cache miss)
6196 silly packumentCache full:https://registry.npmmirror.com/typed-array-buffer set size:3861 disposed:false
6197 http fetch GET 200 https://registry.npmmirror.com/typed-array-byte-offset 1738ms (cache miss)
6198 silly packumentCache full:https://registry.npmmirror.com/typed-array-byte-offset set size:4744 disposed:false
6199 http fetch GET 200 https://registry.npmmirror.com/typed-array-length 1725ms (cache miss)
6200 silly packumentCache full:https://registry.npmmirror.com/typed-array-length set size:8781 disposed:false
6201 http fetch GET 200 https://registry.npmmirror.com/unbox-primitive 1725ms (cache miss)
6202 silly packumentCache full:https://registry.npmmirror.com/unbox-primitive set size:4660 disposed:false
6203 http fetch GET 200 https://registry.npmmirror.com/which-typed-array 1709ms (cache miss)
6204 silly packumentCache full:https://registry.npmmirror.com/which-typed-array set size:13407 disposed:false
6205 http fetch GET 200 https://registry.npmmirror.com/functions-have-names 1709ms (cache miss)
6206 silly packumentCache full:https://registry.npmmirror.com/functions-have-names set size:4797 disposed:false
6207 http fetch GET 200 https://registry.npmmirror.com/side-channel-list 1709ms (cache miss)
6208 silly packumentCache full:https://registry.npmmirror.com/side-channel-list set size:2589 disposed:false
6209 http fetch GET 200 https://registry.npmmirror.com/side-channel-map 1709ms (cache miss)
6210 silly packumentCache full:https://registry.npmmirror.com/side-channel-map set size:3039 disposed:false
6211 http fetch GET 200 https://registry.npmmirror.com/side-channel-weakmap 1711ms (cache miss)
6212 silly packumentCache full:https://registry.npmmirror.com/side-channel-weakmap set size:3754 disposed:false
6213 http fetch GET 200 https://registry.npmmirror.com/object-inspect 1718ms (cache miss)
6214 silly packumentCache full:https://registry.npmmirror.com/object-inspect set size:19266 disposed:false
6215 silly packumentCache full:https://registry.npmmirror.com/object-inspect dispose
6216 http fetch GET 200 https://registry.npmmirror.com/typed-array-byte-length 1778ms (cache miss)
6217 silly packumentCache full:https://registry.npmmirror.com/typed-array-byte-length set size:4248 disposed:false
6218 silly placeDep ROOT array-buffer-byte-length@1.0.2 OK for: es-abstract@1.24.0 want: ^1.0.2
6219 silly placeDep ROOT arraybuffer.prototype.slice@1.0.4 OK for: es-abstract@1.24.0 want: ^1.0.4
6220 silly placeDep ROOT available-typed-arrays@1.0.7 OK for: es-abstract@1.24.0 want: ^1.0.7
6221 silly placeDep ROOT data-view-buffer@1.0.2 OK for: es-abstract@1.24.0 want: ^1.0.2
6222 silly placeDep ROOT data-view-byte-length@1.0.2 OK for: es-abstract@1.24.0 want: ^1.0.2
6223 silly placeDep ROOT data-view-byte-offset@1.0.1 OK for: es-abstract@1.24.0 want: ^1.0.1
6224 silly placeDep ROOT es-to-primitive@1.3.0 OK for: es-abstract@1.24.0 want: ^1.3.0
6225 silly placeDep ROOT function.prototype.name@1.1.8 OK for: es-abstract@1.24.0 want: ^1.1.8
6226 silly placeDep ROOT get-symbol-description@1.1.0 OK for: es-abstract@1.24.0 want: ^1.1.0
6227 silly placeDep ROOT globalthis@1.0.4 OK for: es-abstract@1.24.0 want: ^1.0.4
6228 silly placeDep ROOT has-proto@1.2.0 OK for: es-abstract@1.24.0 want: ^1.2.0
6229 silly placeDep ROOT is-array-buffer@3.0.5 OK for: es-abstract@1.24.0 want: ^3.0.5
6230 silly placeDep ROOT is-callable@1.2.7 OK for: es-abstract@1.24.0 want: ^1.2.7
6231 silly placeDep ROOT is-data-view@1.0.2 OK for: es-abstract@1.24.0 want: ^1.0.2
6232 silly placeDep ROOT is-negative-zero@2.0.3 OK for: es-abstract@1.24.0 want: ^2.0.3
6233 silly placeDep ROOT is-regex@1.2.1 OK for: es-abstract@1.24.0 want: ^1.2.1
6234 silly placeDep ROOT is-set@2.0.3 OK for: es-abstract@1.24.0 want: ^2.0.3
6235 silly placeDep ROOT is-shared-array-buffer@1.0.4 OK for: es-abstract@1.24.0 want: ^1.0.4
6236 silly placeDep ROOT is-string@1.1.1 OK for: es-abstract@1.24.0 want: ^1.1.1
6237 silly placeDep ROOT is-typed-array@1.1.15 OK for: es-abstract@1.24.0 want: ^1.1.15
6238 silly placeDep ROOT is-weakref@1.1.1 OK for: es-abstract@1.24.0 want: ^1.1.1
6239 silly placeDep ROOT object-inspect@1.13.4 OK for: es-abstract@1.24.0 want: ^1.13.4
6240 silly placeDep ROOT own-keys@1.0.1 OK for: es-abstract@1.24.0 want: ^1.0.1
6241 silly placeDep ROOT safe-array-concat@1.1.3 OK for: es-abstract@1.24.0 want: ^1.1.3
6242 silly placeDep ROOT safe-push-apply@1.0.0 OK for: es-abstract@1.24.0 want: ^1.0.0
6243 silly placeDep ROOT safe-regex-test@1.1.0 OK for: es-abstract@1.24.0 want: ^1.1.0
6244 silly placeDep ROOT set-proto@1.0.0 OK for: es-abstract@1.24.0 want: ^1.0.0
6245 silly placeDep ROOT stop-iteration-iterator@1.1.0 OK for: es-abstract@1.24.0 want: ^1.1.0
6246 silly placeDep ROOT string.prototype.trim@1.2.10 OK for: es-abstract@1.24.0 want: ^1.2.10
6247 silly placeDep ROOT string.prototype.trimend@1.0.9 OK for: es-abstract@1.24.0 want: ^1.0.9
6248 silly placeDep ROOT string.prototype.trimstart@1.0.8 OK for: es-abstract@1.24.0 want: ^1.0.8
6249 silly placeDep ROOT typed-array-buffer@1.0.3 OK for: es-abstract@1.24.0 want: ^1.0.3
6250 silly placeDep ROOT typed-array-byte-length@1.0.3 OK for: es-abstract@1.24.0 want: ^1.0.3
6251 silly placeDep ROOT typed-array-byte-offset@1.0.4 OK for: es-abstract@1.24.0 want: ^1.0.4
6252 silly placeDep ROOT typed-array-length@1.0.7 OK for: es-abstract@1.24.0 want: ^1.0.7
6253 silly placeDep ROOT unbox-primitive@1.1.0 OK for: es-abstract@1.24.0 want: ^1.1.0
6254 silly placeDep ROOT which-typed-array@1.1.19 OK for: es-abstract@1.24.0 want: ^1.1.19
6255 silly fetch manifest is-array-buffer@^3.0.4
6256 silly packumentCache full:https://registry.npmmirror.com/is-array-buffer cache-hit
6257 silly fetch manifest possible-typed-array-names@^1.0.0
6258 silly packumentCache full:https://registry.npmmirror.com/possible-typed-array-names cache-miss
6259 silly fetch manifest is-data-view@^1.0.1
6260 silly packumentCache full:https://registry.npmmirror.com/is-data-view cache-hit
6261 silly fetch manifest is-date-object@^1.0.5
6262 silly packumentCache full:https://registry.npmmirror.com/is-date-object cache-miss
6263 silly fetch manifest is-symbol@^1.0.4
6264 silly packumentCache full:https://registry.npmmirror.com/is-symbol cache-miss
6265 silly fetch manifest is-typed-array@^1.1.13
6266 silly packumentCache full:https://registry.npmmirror.com/is-typed-array cache-hit
6267 silly fetch manifest which-typed-array@^1.1.16
6268 silly packumentCache full:https://registry.npmmirror.com/which-typed-array cache-hit
6269 silly fetch manifest isarray@^2.0.5
6270 silly packumentCache full:https://registry.npmmirror.com/isarray cache-hit
6271 silly fetch manifest isarray@^2.0.5
6272 silly packumentCache full:https://registry.npmmirror.com/isarray cache-hit
6273 silly fetch manifest for-each@^0.3.3
6274 silly packumentCache full:https://registry.npmmirror.com/for-each cache-miss
6275 silly fetch manifest for-each@^0.3.3
6276 silly packumentCache full:https://registry.npmmirror.com/for-each cache-miss
6277 silly fetch manifest reflect.getprototypeof@^1.0.9
6278 silly packumentCache full:https://registry.npmmirror.com/reflect.getprototypeof cache-miss
6279 silly fetch manifest for-each@^0.3.3
6280 silly packumentCache full:https://registry.npmmirror.com/for-each cache-miss
6281 silly fetch manifest possible-typed-array-names@^1.0.0
6282 silly packumentCache full:https://registry.npmmirror.com/possible-typed-array-names cache-miss
6283 silly fetch manifest reflect.getprototypeof@^1.0.6
6284 silly packumentCache full:https://registry.npmmirror.com/reflect.getprototypeof cache-miss
6285 silly fetch manifest has-bigints@^1.0.2
6286 silly packumentCache full:https://registry.npmmirror.com/has-bigints cache-miss
6287 silly fetch manifest which-boxed-primitive@^1.1.1
6288 silly packumentCache full:https://registry.npmmirror.com/which-boxed-primitive cache-miss
6289 silly fetch manifest for-each@^0.3.5
6290 silly packumentCache full:https://registry.npmmirror.com/for-each cache-miss
6291 http fetch GET 200 https://registry.npmmirror.com/is-symbol 143ms (cache miss)
6292 silly packumentCache full:https://registry.npmmirror.com/is-symbol set size:5011 disposed:false
6293 http fetch GET 200 https://registry.npmmirror.com/is-date-object 153ms (cache miss)
6294 silly packumentCache full:https://registry.npmmirror.com/is-date-object set size:5039 disposed:false
6295 http fetch GET 200 https://registry.npmmirror.com/for-each 156ms (cache miss)
6296 silly packumentCache full:https://registry.npmmirror.com/for-each set size:3759 disposed:false
6297 http fetch GET 200 https://registry.npmmirror.com/for-each 163ms (cache miss)
6298 silly packumentCache full:https://registry.npmmirror.com/for-each set size:3759 disposed:false
6299 silly packumentCache full:https://registry.npmmirror.com/for-each dispose
6300 http fetch GET 200 https://registry.npmmirror.com/reflect.getprototypeof 164ms (cache miss)
6301 silly packumentCache full:https://registry.npmmirror.com/reflect.getprototypeof set size:8240 disposed:false
6302 http fetch GET 200 https://registry.npmmirror.com/for-each 169ms (cache miss)
6303 silly packumentCache full:https://registry.npmmirror.com/for-each set size:3759 disposed:true
6304 silly packumentCache full:https://registry.npmmirror.com/for-each dispose
6305 http fetch GET 200 https://registry.npmmirror.com/which-boxed-primitive 181ms (cache miss)
6306 silly packumentCache full:https://registry.npmmirror.com/which-boxed-primitive set size:4261 disposed:false
6307 http fetch GET 200 https://registry.npmmirror.com/for-each 194ms (cache miss)
6308 silly packumentCache full:https://registry.npmmirror.com/for-each set size:3759 disposed:true
6309 silly packumentCache full:https://registry.npmmirror.com/for-each dispose
6310 http fetch GET 200 https://registry.npmmirror.com/possible-typed-array-names 209ms (cache miss)
6311 silly packumentCache full:https://registry.npmmirror.com/possible-typed-array-names set size:3063 disposed:false
6312 http fetch GET 200 https://registry.npmmirror.com/possible-typed-array-names 214ms (cache miss)
6313 silly packumentCache full:https://registry.npmmirror.com/possible-typed-array-names set size:3063 disposed:false
6314 silly packumentCache full:https://registry.npmmirror.com/possible-typed-array-names dispose
6315 http fetch GET 200 https://registry.npmmirror.com/reflect.getprototypeof 214ms (cache miss)
6316 silly packumentCache full:https://registry.npmmirror.com/reflect.getprototypeof set size:8240 disposed:false
6317 silly packumentCache full:https://registry.npmmirror.com/reflect.getprototypeof dispose
6318 http fetch GET 200 https://registry.npmmirror.com/has-bigints 260ms (cache miss)
6319 silly packumentCache full:https://registry.npmmirror.com/has-bigints set size:4240 disposed:false
6320 silly placeDep ROOT possible-typed-array-names@1.1.0 OK for: available-typed-arrays@1.0.7 want: ^1.0.0
6321 silly placeDep ROOT is-date-object@1.1.0 OK for: es-to-primitive@1.3.0 want: ^1.0.5
6322 silly placeDep ROOT is-symbol@1.1.1 OK for: es-to-primitive@1.3.0 want: ^1.0.4
6323 silly placeDep ROOT functions-have-names@1.2.3 OK for: function.prototype.name@1.1.8 want: ^1.2.3
6324 silly placeDep node_modules/safe-array-concat isarray@2.0.5 OK for: safe-array-concat@1.1.3 want: ^2.0.5
6325 silly placeDep node_modules/safe-push-apply isarray@2.0.5 OK for: safe-push-apply@1.0.0 want: ^2.0.5
6326 silly placeDep ROOT side-channel-list@1.0.0 OK for: side-channel@1.1.0 want: ^1.0.0
6327 silly placeDep ROOT side-channel-map@1.0.1 OK for: side-channel@1.1.0 want: ^1.0.1
6328 silly placeDep ROOT side-channel-weakmap@1.0.2 OK for: side-channel@1.1.0 want: ^1.0.2
6329 silly placeDep node_modules/stylehacks postcss-selector-parser@6.1.2 OK for: stylehacks@5.1.1 want: ^6.0.4
6330 silly placeDep ROOT @jridgewell/source-map@0.3.11 OK for: terser@5.44.1 want: ^0.3.3
6331 silly placeDep node_modules/terser commander@2.20.3 OK for: terser@5.44.1 want: ^2.20.0
6332 silly placeDep ROOT source-map-support@0.5.21 OK for: terser@5.44.1 want: ~0.5.20
6333 silly fetch manifest source-map@^0.6.0
6334 silly packumentCache full:https://registry.npmmirror.com/source-map cache-hit
6335 silly placeDep node_modules/source-map-support source-map@0.6.1 OK for: source-map-support@0.5.21 want: ^0.6.0
6336 silly placeDep ROOT globalyzer@0.1.0 OK for: tiny-glob@0.2.9 want: 0.1.0
6337 silly placeDep ROOT globrex@0.1.2 OK for: tiny-glob@0.2.9 want: ^0.1.2
6338 silly placeDep ROOT for-each@0.3.5 OK for: typed-array-byte-length@1.0.3 want: ^0.3.3
6339 silly placeDep ROOT reflect.getprototypeof@1.0.10 OK for: typed-array-byte-offset@1.0.4 want: ^1.0.9
6340 silly fetch manifest which-builtin-type@^1.2.1
6341 silly packumentCache full:https://registry.npmmirror.com/which-builtin-type cache-miss
6342 http fetch GET 200 https://registry.npmmirror.com/which-builtin-type 122ms (cache miss)
6343 silly packumentCache full:https://registry.npmmirror.com/which-builtin-type set size:8011 disposed:false
6344 silly placeDep ROOT which-builtin-type@1.2.1 OK for: reflect.getprototypeof@1.0.10 want: ^1.2.1
6345 silly fetch manifest is-async-function@^2.0.0
6346 silly packumentCache full:https://registry.npmmirror.com/is-async-function cache-miss
6347 silly fetch manifest is-finalizationregistry@^1.1.0
6348 silly packumentCache full:https://registry.npmmirror.com/is-finalizationregistry cache-miss
6349 silly fetch manifest is-generator-function@^1.0.10
6350 silly packumentCache full:https://registry.npmmirror.com/is-generator-function cache-miss
6351 silly fetch manifest which-boxed-primitive@^1.1.0
6352 silly packumentCache full:https://registry.npmmirror.com/which-boxed-primitive cache-hit
6353 silly fetch manifest which-collection@^1.0.2
6354 silly packumentCache full:https://registry.npmmirror.com/which-collection cache-miss
6355 http fetch GET 200 https://registry.npmmirror.com/is-finalizationregistry 47ms (cache miss)
6356 silly packumentCache full:https://registry.npmmirror.com/is-finalizationregistry set size:5452 disposed:false
6357 http fetch GET 200 https://registry.npmmirror.com/is-generator-function 61ms (cache miss)
6358 silly packumentCache full:https://registry.npmmirror.com/is-generator-function set size:7767 disposed:false
6359 http fetch GET 200 https://registry.npmmirror.com/is-async-function 64ms (cache miss)
6360 silly packumentCache full:https://registry.npmmirror.com/is-async-function set size:11381 disposed:false
6361 http fetch GET 200 https://registry.npmmirror.com/which-collection 63ms (cache miss)
6362 silly packumentCache full:https://registry.npmmirror.com/which-collection set size:3453 disposed:false
6363 silly placeDep ROOT has-bigints@1.1.0 OK for: unbox-primitive@1.1.0 want: ^1.0.2
6364 silly placeDep ROOT which-boxed-primitive@1.1.1 OK for: unbox-primitive@1.1.0 want: ^1.1.1
6365 silly fetch manifest is-bigint@^1.1.0
6366 silly packumentCache full:https://registry.npmmirror.com/is-bigint cache-miss
6367 silly fetch manifest is-boolean-object@^1.2.1
6368 silly packumentCache full:https://registry.npmmirror.com/is-boolean-object cache-miss
6369 silly fetch manifest is-number-object@^1.1.1
6370 silly packumentCache full:https://registry.npmmirror.com/is-number-object cache-miss
6371 http fetch GET 200 https://registry.npmmirror.com/is-boolean-object 140ms (cache miss)
6372 silly packumentCache full:https://registry.npmmirror.com/is-boolean-object set size:5867 disposed:false
6373 http fetch GET 200 https://registry.npmmirror.com/is-number-object 140ms (cache miss)
6374 silly packumentCache full:https://registry.npmmirror.com/is-number-object set size:6746 disposed:false
6375 http fetch GET 200 https://registry.npmmirror.com/is-bigint 142ms (cache miss)
6376 silly packumentCache full:https://registry.npmmirror.com/is-bigint set size:4054 disposed:false
6377 silly placeDep ROOT is-bigint@1.1.0 OK for: which-boxed-primitive@1.1.1 want: ^1.1.0
6378 silly placeDep ROOT is-boolean-object@1.2.2 OK for: which-boxed-primitive@1.1.1 want: ^1.2.1
6379 silly placeDep ROOT is-number-object@1.1.1 OK for: which-boxed-primitive@1.1.1 want: ^1.1.1
6380 silly placeDep ROOT is-async-function@2.1.1 OK for: which-builtin-type@1.2.1 want: ^2.0.0
6381 silly placeDep ROOT is-finalizationregistry@1.1.1 OK for: which-builtin-type@1.2.1 want: ^1.1.0
6382 silly placeDep ROOT is-generator-function@1.1.2 OK for: which-builtin-type@1.2.1 want: ^1.0.10
6383 silly placeDep node_modules/which-builtin-type isarray@2.0.5 OK for: which-builtin-type@1.2.1 want: ^2.0.5
6384 silly placeDep ROOT which-collection@1.0.2 OK for: which-builtin-type@1.2.1 want: ^1.0.2
6385 silly fetch manifest async-function@^1.0.0
6386 silly packumentCache full:https://registry.npmmirror.com/async-function cache-miss
6387 silly fetch manifest generator-function@^2.0.0
6388 silly packumentCache full:https://registry.npmmirror.com/generator-function cache-miss
6389 silly fetch manifest is-map@^2.0.3
6390 silly packumentCache full:https://registry.npmmirror.com/is-map cache-miss
6391 silly fetch manifest is-weakmap@^2.0.2
6392 silly packumentCache full:https://registry.npmmirror.com/is-weakmap cache-miss
6393 silly fetch manifest is-weakset@^2.0.3
6394 silly packumentCache full:https://registry.npmmirror.com/is-weakset cache-miss
6395 http fetch GET 200 https://registry.npmmirror.com/async-function 87ms (cache miss)
6396 silly packumentCache full:https://registry.npmmirror.com/async-function set size:2930 disposed:false
6397 http fetch GET 200 https://registry.npmmirror.com/is-weakmap 91ms (cache miss)
6398 silly packumentCache full:https://registry.npmmirror.com/is-weakmap set size:4107 disposed:false
6399 http fetch GET 200 https://registry.npmmirror.com/generator-function 97ms (cache miss)
6400 silly packumentCache full:https://registry.npmmirror.com/generator-function set size:3383 disposed:false
6401 http fetch GET 200 https://registry.npmmirror.com/is-map 100ms (cache miss)
6402 silly packumentCache full:https://registry.npmmirror.com/is-map set size:4390 disposed:false
6403 http fetch GET 200 https://registry.npmmirror.com/is-weakset 103ms (cache miss)
6404 silly packumentCache full:https://registry.npmmirror.com/is-weakset set size:5795 disposed:false
6405 silly placeDep ROOT async-function@1.0.0 OK for: is-async-function@2.1.1 want: ^1.0.0
6406 silly placeDep ROOT generator-function@2.0.1 OK for: is-generator-function@1.1.2 want: ^2.0.0
6407 silly placeDep ROOT is-map@2.0.3 OK for: which-collection@1.0.2 want: ^2.0.3
6408 silly placeDep ROOT is-weakmap@2.0.2 OK for: which-collection@1.0.2 want: ^2.0.2
6409 silly placeDep ROOT is-weakset@2.0.4 OK for: which-collection@1.0.2 want: ^2.0.3
6410 silly placeDep ROOT is-inside-container@1.0.0 OK for: is-wsl@3.1.0 want: ^1.0.0
6411 silly placeDep node_modules/is-inside-container is-docker@3.0.0 OK for: is-inside-container@1.0.0 want: ^3.0.0
6412 silly placeDep ROOT sourcemap-codec@1.4.8 OK for: magic-string@0.25.9 want: ^1.4.8
6413 silly placeDep node_modules/@swup/route-name-plugin prettier@2.8.8 OK for: @swup/plugin@3.0.1 want: ^2.7.1
6414 silly placeDep node_modules/ansi-align emoji-regex@8.0.0 OK for: string-width@4.2.3 want: ^8.0.0
6415 silly placeDep node_modules/ansi-align strip-ansi@6.0.1 OK for: string-width@4.2.3 want: ^6.0.1
6416 silly placeDep node_modules/ansi-align ansi-regex@5.0.1 OK for: strip-ansi@6.0.1 want: ^5.0.1
6417 silly placeDep ROOT fs.realpath@1.0.0 OK for: glob@8.1.0 want: ^1.0.0
6418 silly placeDep ROOT inflight@1.0.6 OK for: glob@8.1.0 want: ^1.0.4
6419 silly placeDep node_modules/cacache minimatch@5.1.6 OK for: glob@8.1.0 want: ^5.0.1
6420 silly placeDep node_modules/cliui emoji-regex@8.0.0 OK for: string-width@4.2.3 want: ^8.0.0
6421 silly placeDep node_modules/cliui ansi-regex@5.0.1 OK for: strip-ansi@6.0.1 want: ^5.0.1
6422 silly placeDep node_modules/cliui ansi-styles@4.3.0 OK for: wrap-ansi@7.0.0 want: ^4.0.0
6423 silly placeDep ROOT color-convert@2.0.1 OK for: ansi-styles@4.3.0 want: ^2.0.1
6424 silly placeDep node_modules/csso mdn-data@2.0.28 OK for: css-tree@2.2.1 want: 2.0.28
6425 silly placeDep node_modules/gauge emoji-regex@8.0.0 OK for: string-width@4.2.3 want: ^8.0.0
6426 silly placeDep node_modules/gauge ansi-regex@5.0.1 OK for: strip-ansi@6.0.1 want: ^5.0.1
6427 silly placeDep node_modules/glob-stream minimatch@3.1.2 OK for: glob@7.2.3 want: ^3.1.1
6428 silly placeDep ROOT path-is-absolute@1.0.1 OK for: glob@7.2.3 want: ^1.0.0
6429 silly fetch manifest brace-expansion@^1.1.7
6430 silly packumentCache full:https://registry.npmmirror.com/brace-expansion cache-hit
6431 silly placeDep node_modules/glob-stream is-glob@3.1.0 OK for: glob-parent@3.1.0 want: ^3.1.0
6432 silly placeDep ROOT path-dirname@1.0.2 OK for: glob-parent@3.1.0 want: ^1.0.0
6433 silly placeDep node_modules/glob-stream brace-expansion@1.1.12 OK for: minimatch@3.1.2 want: ^1.1.7
6434 silly fetch manifest concat-map@0.0.1
6435 silly packumentCache full:https://registry.npmmirror.com/concat-map cache-miss
6436 http fetch GET 200 https://registry.npmmirror.com/concat-map 93ms (cache miss)
6437 silly packumentCache full:https://registry.npmmirror.com/concat-map set size:3991 disposed:false
6438 silly placeDep ROOT concat-map@0.0.1 OK for: brace-expansion@1.1.12 want: 0.0.1
6439 silly placeDep node_modules/is-svg strnum@1.1.2 OK for: fast-xml-parser@4.5.3 want: ^1.1.1
6440 silly placeDep node_modules/maxmin ansi-styles@2.2.1 OK for: chalk@1.1.3 want: ^2.2.1
6441 silly placeDep node_modules/maxmin escape-string-regexp@1.0.5 OK for: chalk@1.1.3 want: ^1.0.2
6442 silly placeDep ROOT has-ansi@2.0.0 OK for: chalk@1.1.3 want: ^2.0.0
6443 silly placeDep node_modules/maxmin strip-ansi@3.0.1 OK for: chalk@1.1.3 want: ^3.0.0
6444 silly placeDep ROOT supports-color@2.0.0 OK for: chalk@1.1.3 want: ^2.0.0
6445 silly fetch manifest ansi-regex@^2.0.0
6446 silly packumentCache full:https://registry.npmmirror.com/ansi-regex cache-hit
6447 silly fetch manifest ansi-regex@^2.0.0
6448 silly packumentCache full:https://registry.npmmirror.com/ansi-regex cache-hit
6449 silly placeDep node_modules/has-ansi ansi-regex@2.1.1 OK for: has-ansi@2.0.0 want: ^2.0.0
6450 silly placeDep ROOT number-is-nan@1.0.1 OK for: pretty-bytes@3.0.1 want: ^1.0.0
6451 silly placeDep node_modules/maxmin ansi-regex@2.1.1 OK for: strip-ansi@3.0.1 want: ^2.0.0
6452 silly placeDep ROOT slash@3.0.0 OK for: @rollup/plugin-alias@3.1.9 want: ^3.0.0
6453 silly fetch manifest rollup@^1.20.0||^2.0.0
6454 silly packumentCache full:https://registry.npmmirror.com/rollup cache-hit
6455 silly placeDep node_modules/microbundle @rollup/pluginutils@3.1.0 OK for: @rollup/plugin-babel@5.3.1 want: ^3.1.0
6456 silly fetch manifest @types/estree@0.0.39
6457 silly packumentCache full:https://registry.npmmirror.com/@types%2festree cache-hit
6458 silly fetch manifest estree-walker@^1.0.1
6459 silly packumentCache full:https://registry.npmmirror.com/estree-walker cache-hit
6460 silly placeDep node_modules/microbundle glob@7.2.3 OK for: @rollup/plugin-commonjs@17.1.0 want: ^7.1.6
6461 silly placeDep node_modules/microbundle is-reference@1.2.1 OK for: @rollup/plugin-commonjs@17.1.0 want: ^1.2.1
6462 silly placeDep node_modules/microbundle magic-string@0.25.9 OK for: @rollup/plugin-commonjs@17.1.0 want: ^0.25.7
6463 silly placeDep ROOT @types/resolve@1.17.1 OK for: @rollup/plugin-node-resolve@11.2.1 want: 1.17.1
6464 silly placeDep ROOT is-module@1.0.0 OK for: @rollup/plugin-node-resolve@11.2.1 want: ^1.0.0
6465 silly placeDep node_modules/microbundle @types/estree@0.0.39 OK for: @rollup/pluginutils@3.1.0 want: 0.0.39
6466 silly placeDep node_modules/microbundle/node_modules/@rollup/pluginutils estree-walker@1.0.1 OK for: @rollup/pluginutils@3.1.0 want: ^1.0.1
6467 silly placeDep node_modules/microbundle picomatch@2.3.1 OK for: @rollup/pluginutils@3.1.0 want: ^2.2.2
6468 silly placeDep node_modules/microbundle minimatch@3.1.2 OK for: glob@7.2.3 want: ^3.1.1
6469 silly placeDep node_modules/microbundle brace-expansion@1.1.12 OK for: minimatch@3.1.2 want: ^1.1.7
6470 silly placeDep ROOT jest-worker@26.6.2 OK for: rollup-plugin-terser@7.0.2 want: ^26.2.1
6471 silly placeDep ROOT serialize-javascript@4.0.0 OK for: rollup-plugin-terser@7.0.2 want: ^4.0.0
6472 silly fetch manifest merge-stream@^2.0.0
6473 silly packumentCache full:https://registry.npmmirror.com/merge-stream cache-miss
6474 silly fetch manifest supports-color@^7.0.0
6475 silly packumentCache full:https://registry.npmmirror.com/supports-color cache-hit
6476 silly fetch manifest randombytes@^2.1.0
6477 silly packumentCache full:https://registry.npmmirror.com/randombytes cache-miss
6478 http fetch GET 200 https://registry.npmmirror.com/merge-stream 67ms (cache miss)
6479 silly packumentCache full:https://registry.npmmirror.com/merge-stream set size:4859 disposed:false
6480 http fetch GET 200 https://registry.npmmirror.com/randombytes 83ms (cache miss)
6481 silly packumentCache full:https://registry.npmmirror.com/randombytes set size:3575 disposed:false
6482 silly placeDep ROOT merge-stream@2.0.0 OK for: jest-worker@26.6.2 want: ^2.0.0
6483 silly placeDep node_modules/jest-worker supports-color@7.2.0 OK for: jest-worker@26.6.2 want: ^7.0.0
6484 silly fetch manifest has-flag@^4.0.0
6485 silly packumentCache full:https://registry.npmmirror.com/has-flag cache-miss
6486 http fetch GET 200 https://registry.npmmirror.com/has-flag 69ms (cache miss)
6487 silly packumentCache full:https://registry.npmmirror.com/has-flag set size:3321 disposed:false
6488 silly placeDep ROOT randombytes@2.1.0 OK for: serialize-javascript@4.0.0 want: ^2.1.0
6489 silly placeDep ROOT has-flag@4.0.0 OK for: supports-color@7.2.0 want: ^4.0.0
6490 silly placeDep node_modules/node-gyp minimatch@3.1.2 OK for: glob@7.2.3 want: ^3.1.1
6491 silly placeDep node_modules/node-gyp brace-expansion@1.1.12 OK for: minimatch@3.1.2 want: ^1.1.7
6492 silly placeDep ROOT p-try@2.2.0 OK for: p-limit@2.3.0 want: ^2.0.0
6493 silly placeDep node_modules/postcss-svgo commander@7.2.0 OK for: svgo@2.8.0 want: ^7.2.0
6494 silly placeDep node_modules/postcss-svgo css-select@4.3.0 OK for: svgo@2.8.0 want: ^4.1.3
6495 silly placeDep node_modules/postcss-svgo css-tree@1.1.3 OK for: svgo@2.8.0 want: ^1.1.3
6496 silly placeDep node_modules/postcss-svgo csso@4.2.0 OK for: svgo@2.8.0 want: ^4.2.0
6497 silly placeDep ROOT stable@0.1.8 OK for: svgo@2.8.0 want: ^0.1.8
6498 silly fetch manifest domhandler@^4.3.1
6499 silly packumentCache full:https://registry.npmmirror.com/domhandler cache-hit
6500 silly fetch manifest domutils@^2.8.0
6501 silly packumentCache full:https://registry.npmmirror.com/domutils cache-hit
6502 silly fetch manifest mdn-data@2.0.14
6503 silly packumentCache full:https://registry.npmmirror.com/mdn-data cache-hit
6504 silly placeDep node_modules/postcss-svgo domhandler@4.3.1 OK for: css-select@4.3.0 want: ^4.3.1
6505 silly placeDep node_modules/postcss-svgo domutils@2.8.0 OK for: css-select@4.3.0 want: ^2.8.0
6506 silly fetch manifest dom-serializer@^1.0.1
6507 silly packumentCache full:https://registry.npmmirror.com/dom-serializer cache-hit
6508 silly placeDep node_modules/postcss-svgo mdn-data@2.0.14 OK for: css-tree@1.1.3 want: 2.0.14
6509 silly placeDep node_modules/postcss-svgo source-map@0.6.1 OK for: css-tree@1.1.3 want: ^0.6.1
6510 silly placeDep node_modules/postcss-svgo dom-serializer@1.4.1 OK for: domutils@2.8.0 want: ^1.0.1
6511 silly fetch manifest entities@^2.0.0
6512 silly packumentCache full:https://registry.npmmirror.com/entities cache-hit
6513 silly placeDep node_modules/postcss-svgo entities@2.2.0 OK for: dom-serializer@1.4.1 want: ^2.0.0
6514 silly placeDep node_modules/read-pkg hosted-git-info@2.8.9 OK for: normalize-package-data@2.5.0 want: ^2.1.4
6515 silly placeDep node_modules/read-pkg semver@5.7.2 OK for: normalize-package-data@2.5.0 want: 2 || 3 || 4 || 5
6516 silly placeDep node_modules/remark-directive-rehype @types/hast@2.3.10 OK for: hastscript@7.2.0 want: ^2.0.0
6517 silly placeDep node_modules/remark-directive-rehype hast-util-parse-selector@3.1.1 OK for: hastscript@7.2.0 want: ^3.0.0
6518 silly placeDep node_modules/remark-directive-rehype property-information@6.5.0 OK for: hastscript@7.2.0 want: ^6.0.0
6519 silly fetch manifest @types/unist@^2
6520 silly packumentCache full:https://registry.npmmirror.com/@types%2funist cache-hit
6521 silly placeDep node_modules/remark-directive-rehype @types/unist@2.0.11 OK for: @types/hast@2.3.10 want: ^2
6522 silly placeDep node_modules/remark-sectionize @types/unist@2.0.11 OK for: unist-util-find-after@4.0.1 want: ^2.0.0
6523 silly placeDep node_modules/remark-sectionize unist-util-is@5.2.1 OK for: unist-util-find-after@4.0.1 want: ^5.0.0
6524 silly placeDep node_modules/remark-sectionize unist-util-visit-parents@5.1.3 OK for: unist-util-visit@4.1.2 want: ^5.1.1
6525 silly placeDep node_modules/rimraf minimatch@3.1.2 OK for: glob@7.2.3 want: ^3.1.1
6526 silly placeDep node_modules/rimraf brace-expansion@1.1.12 OK for: minimatch@3.1.2 want: ^1.1.7
6527 silly placeDep node_modules/rollup-plugin-bundle-size ansi-styles@2.2.1 OK for: chalk@1.1.3 want: ^2.2.1
6528 silly placeDep node_modules/rollup-plugin-bundle-size escape-string-regexp@1.0.5 OK for: chalk@1.1.3 want: ^1.0.2
6529 silly placeDep node_modules/rollup-plugin-bundle-size strip-ansi@3.0.1 OK for: chalk@1.1.3 want: ^3.0.0
6530 silly placeDep node_modules/rollup-plugin-bundle-size ansi-regex@2.1.1 OK for: strip-ansi@3.0.1 want: ^2.0.0
6531 silly placeDep node_modules/rollup-plugin-postcss ansi-styles@4.3.0 OK for: chalk@4.1.2 want: ^4.1.0
6532 silly placeDep node_modules/rollup-plugin-postcss supports-color@7.2.0 OK for: chalk@4.1.2 want: ^7.1.0
6533 silly placeDep node_modules/rollup-plugin-postcss eventemitter3@4.0.7 OK for: p-queue@6.6.2 want: ^4.0.4
6534 silly placeDep node_modules/rollup-plugin-postcss p-timeout@3.2.0 OK for: p-queue@6.6.2 want: ^3.2.0
6535 silly fetch manifest p-finally@^1.0.0
6536 silly packumentCache full:https://registry.npmmirror.com/p-finally cache-miss
6537 http fetch GET 200 https://registry.npmmirror.com/p-finally 128ms (cache miss)
6538 silly packumentCache full:https://registry.npmmirror.com/p-finally set size:2653 disposed:false
6539 silly placeDep ROOT p-finally@1.0.0 OK for: p-timeout@3.2.0 want: ^1.0.0
6540 silly placeDep node_modules/rollup-plugin-postcss lilconfig@2.1.0 OK for: postcss-load-config@3.1.4 want: ^2.0.5
6541 silly placeDep node_modules/rollup-plugin-postcss yaml@1.10.2 OK for: postcss-load-config@3.1.4 want: ^1.10.2
6542 silly placeDep node_modules/rollup-plugin-typescript2 picomatch@2.3.1 OK for: @rollup/pluginutils@4.2.1 want: ^2.2.2
6543 silly placeDep node_modules/shelljs minimatch@3.1.2 OK for: glob@7.2.3 want: ^3.1.1
6544 silly placeDep node_modules/shelljs brace-expansion@1.1.12 OK for: minimatch@3.1.2 want: ^1.1.7
6545 silly placeDep node_modules/string-width-cjs ansi-regex@5.0.1 OK for: strip-ansi@6.0.1 want: ^5.0.1
6546 silly fetch manifest glob-parent@~5.1.2
6547 silly packumentCache full:https://registry.npmmirror.com/glob-parent cache-hit
6548 silly placeDep node_modules/tailwindcss/node_modules/chokidar glob-parent@5.1.2 OK for: chokidar@3.6.0 want: ~5.1.2
6549 silly placeDep ROOT is-binary-path@2.1.0 OK for: chokidar@3.6.0 want: ~2.1.0
6550 silly placeDep node_modules/tailwindcss readdirp@3.6.0 OK for: chokidar@3.6.0 want: ~3.6.0
6551 silly fetch manifest binary-extensions@^2.0.0
6552 silly packumentCache full:https://registry.npmmirror.com/binary-extensions cache-miss
6553 silly fetch manifest picomatch@^2.2.1
6554 silly packumentCache full:https://registry.npmmirror.com/picomatch cache-hit
6555 http fetch GET 200 https://registry.npmmirror.com/binary-extensions 106ms (cache miss)
6556 silly packumentCache full:https://registry.npmmirror.com/binary-extensions set size:8627 disposed:false
6557 silly placeDep ROOT binary-extensions@2.3.0 OK for: is-binary-path@2.1.0 want: ^2.0.0
6558 silly placeDep node_modules/tailwindcss picomatch@2.3.1 OK for: readdirp@3.6.0 want: ^2.2.1
6559 silly placeDep node_modules/unifont mdn-data@2.12.2 OK for: css-tree@3.1.0 want: 2.12.2
6560 silly placeDep ROOT clone-buffer@1.0.0 OK for: vinyl@2.2.1 want: ^1.0.0
6561 silly placeDep node_modules/vinyl-fs clone-stats@1.0.0 OK for: vinyl@2.2.1 want: ^1.0.0
6562 silly placeDep ROOT cloneable-readable@1.1.3 OK for: vinyl@2.2.1 want: ^1.0.0
6563 silly placeDep node_modules/vinyl-fs replace-ext@1.0.1 OK for: vinyl@2.2.1 want: ^1.0.0
6564 silly placeDep node_modules/vinyl-sourcemap clone-stats@1.0.0 OK for: vinyl@2.2.1 want: ^1.0.0
6565 silly placeDep node_modules/vinyl-sourcemap replace-ext@1.0.1 OK for: vinyl@2.2.1 want: ^1.0.0
6566 silly placeDep node_modules/wide-align emoji-regex@8.0.0 OK for: string-width@4.2.3 want: ^8.0.0
6567 silly placeDep node_modules/wide-align strip-ansi@6.0.1 OK for: string-width@4.2.3 want: ^6.0.1
6568 silly placeDep node_modules/wide-align ansi-regex@5.0.1 OK for: strip-ansi@6.0.1 want: ^5.0.1
6569 silly placeDep node_modules/wrap-ansi-cjs emoji-regex@8.0.0 OK for: string-width@4.2.3 want: ^8.0.0
6570 silly placeDep node_modules/wrap-ansi-cjs ansi-regex@5.0.1 OK for: strip-ansi@6.0.1 want: ^5.0.1
6571 silly placeDep node_modules/yargs emoji-regex@8.0.0 OK for: string-width@4.2.3 want: ^8.0.0
6572 silly placeDep node_modules/yargs strip-ansi@6.0.1 OK for: string-width@4.2.3 want: ^6.0.1
6573 silly placeDep node_modules/yargs ansi-regex@5.0.1 OK for: strip-ansi@6.0.1 want: ^5.0.1
6574 verbose stack Error: An unknown git error occurred
6574 verbose stack     at makeError (D:\nodejs\node_modules\npm\node_modules\@npmcli\git\lib\make-error.js:28:13)
6574 verbose stack     at D:\nodejs\node_modules\npm\node_modules\@npmcli\git\lib\spawn.js:37:26
6574 verbose stack     at process.processTicksAndRejections (node:internal/process/task_queues:105:5)
6574 verbose stack     at async module.exports (D:\nodejs\node_modules\npm\node_modules\@npmcli\git\lib\revs.js:18:22)
6574 verbose stack     at async D:\nodejs\node_modules\npm\node_modules\pacote\lib\git.js:258:19
6574 verbose stack     at async withTempDir (D:\nodejs\node_modules\npm\node_modules\@npmcli\fs\lib\with-temp-dir.js:21:14)
6574 verbose stack     at async #fetchManifest (D:\nodejs\node_modules\npm\node_modules\@npmcli\arborist\lib\arborist\build-ideal-tree.js:1202:20)
6574 verbose stack     at async #nodeFromEdge (D:\nodejs\node_modules\npm\node_modules\@npmcli\arborist\lib\arborist\build-ideal-tree.js:1040:19)
6574 verbose stack     at async #buildDepStep (D:\nodejs\node_modules\npm\node_modules\@npmcli\arborist\lib\arborist\build-ideal-tree.js:904:11)
6574 verbose stack     at async Arborist.buildIdealTree (D:\nodejs\node_modules\npm\node_modules\@npmcli\arborist\lib\arborist\build-ideal-tree.js:181:7)
6575 error code 128
6576 error An unknown git error occurred
6577 error command git --no-replace-objects ls-remote ssh://git@github.com/ramya-rao-a/css-parser.git
6578 error fatal: unable to access 'https://github.com/ramya-rao-a/css-parser.git/': Failed to connect to github.com port 443 after 21081 ms: Could not connect to server
6579 silly unfinished npm timer reify 1763450805422
6580 silly unfinished npm timer reify:loadTrees 1763450805423
6581 verbose cwd D:\cursor\project8  blog\test
6582 verbose os Windows_NT 10.0.22631
6583 verbose node v22.20.0
6584 verbose npm  v10.9.3
6585 notice
6585 notice New [31mmajor[39m version of npm available! [31m10.9.3[39m -> [34m11.6.2[39m
6585 notice Changelog: [34mhttps://github.com/npm/cli/releases/tag/v11.6.2[39m
6585 notice To update run: [4mnpm install -g npm@11.6.2[24m
6585 notice  { force: true, [Symbol(proc-log.meta)]: true }
6586 verbose exit 128
6587 verbose code 128
6588 error A complete log of this run can be found in: D:\cursor\project8  blog\test\.npm-cache\_logs\2025-11-18T07_26_44_160Z-debug-0.log
