0 verbose cli D:\nodejs\node.exe D:\nodejs\node_modules\npm\bin\npm-cli.js
1 info using npm@10.9.3
2 info using node@v22.20.0
3 silly config load:file:D:\nodejs\node_modules\npm\npmrc
4 silly config load:file:D:\cursor\project8  blog\test\.npmrc
5 silly config load:file:C:\Users\Arthur\.npmrc
6 silly config load:file:D:\nodejs\node_global\etc\npmrc
7 verbose title npm install astro
8 verbose argv "install" "astro" "--cache" "./.npm-cache"
9 verbose logfile logs-max:10 dir:D:\cursor\project8  blog\test\.npm-cache\_logs\2025-11-18T07_39_40_960Z-
10 verbose logfile D:\cursor\project8  blog\test\.npm-cache\_logs\2025-11-18T07_39_40_960Z-debug-0.log
11 silly logfile done cleaning log files
12 silly packumentCache heap:4345298944 maxSize:1086324736 maxEntrySize:543162368
13 verbose shrinkwrap failed to load node_modules/.package-lock.json out of date, updated: node_modules
14 verbose shrinkwrap failed to load node_modules/.package-lock.json out of date, updated: node_modules
15 silly idealTree buildDeps
16 silly fetch manifest @astrojs/svelte@7.2.2
17 silly packumentCache full:https://registry.npmmirror.com/@astrojs%2fsvelte cache-miss
18 http fetch GET 200 https://registry.npmmirror.com/@astrojs%2fsvelte 212ms (cache revalidated)
19 silly packumentCache full:https://registry.npmmirror.com/@astrojs%2fsvelte set size:375187 disposed:false
20 silly fetch manifest astro@5.15.8
21 silly packumentCache full:https://registry.npmmirror.com/astro cache-miss
22 http fetch GET 200 https://registry.npmmirror.com/astro 67ms (cache revalidated)
23 silly packumentCache full:https://registry.npmmirror.com/astro set size:8458959 disposed:false
24 silly fetch manifest svelte@^5.43.8
25 silly packumentCache full:https://registry.npmmirror.com/svelte cache-miss
26 http fetch GET 200 https://registry.npmmirror.com/svelte 65ms (cache revalidated)
27 silly packumentCache full:https://registry.npmmirror.com/svelte set size:4143250 disposed:false
28 silly fetch manifest typescript@^5.9.3
29 silly packumentCache full:https://registry.npmmirror.com/typescript cache-miss
30 http fetch GET 200 https://registry.npmmirror.com/typescript 89ms (cache revalidated)
31 silly packumentCache full:https://registry.npmmirror.com/typescript set size:14143151 disposed:false
32 silly fetch manifest @expressive-code/core@^0.41.3
33 silly packumentCache full:https://registry.npmmirror.com/@expressive-code%2fcore cache-miss
34 http fetch GET 200 https://registry.npmmirror.com/@expressive-code%2fcore 169ms (cache revalidated)
35 silly packumentCache full:https://registry.npmmirror.com/@expressive-code%2fcore set size:225105 disposed:false
36 silly fetch manifest @expressive-code/plugin-collapsible-sections@^0.41.3
37 silly packumentCache full:https://registry.npmmirror.com/@expressive-code%2fplugin-collapsible-sections cache-miss
38 http fetch GET 200 https://registry.npmmirror.com/@expressive-code%2fplugin-collapsible-sections 109ms (cache revalidated)
39 silly packumentCache full:https://registry.npmmirror.com/@expressive-code%2fplugin-collapsible-sections set size:163184 disposed:false
40 silly fetch manifest @expressive-code/plugin-line-numbers@^0.41.3
41 silly packumentCache full:https://registry.npmmirror.com/@expressive-code%2fplugin-line-numbers cache-miss
42 http fetch GET 200 https://registry.npmmirror.com/@expressive-code%2fplugin-line-numbers 97ms (cache revalidated)
43 silly packumentCache full:https://registry.npmmirror.com/@expressive-code%2fplugin-line-numbers set size:86210 disposed:false
44 silly fetch manifest @fancyapps/ui@^6.1.5
45 silly packumentCache full:https://registry.npmmirror.com/@fancyapps%2fui cache-miss
46 http fetch GET 200 https://registry.npmmirror.com/@fancyapps%2fui 106ms (cache revalidated)
47 silly packumentCache full:https://registry.npmmirror.com/@fancyapps%2fui set size:274427 disposed:false
48 silly fetch manifest @fontsource-variable/jetbrains-mono@^5.2.8
49 silly packumentCache full:https://registry.npmmirror.com/@fontsource-variable%2fjetbrains-mono cache-miss
50 http fetch GET 200 https://registry.npmmirror.com/@fontsource-variable%2fjetbrains-mono 104ms (cache revalidated)
51 silly packumentCache full:https://registry.npmmirror.com/@fontsource-variable%2fjetbrains-mono set size:64346 disposed:false
52 silly fetch manifest @fontsource/roboto@^5.2.8
53 silly packumentCache full:https://registry.npmmirror.com/@fontsource%2froboto cache-miss
54 http fetch GET 200 https://registry.npmmirror.com/@fontsource%2froboto 88ms (cache revalidated)
55 silly packumentCache full:https://registry.npmmirror.com/@fontsource%2froboto set size:79374 disposed:false
56 silly fetch manifest @iconify-json/fa6-brands@^1.2.6
57 silly packumentCache full:https://registry.npmmirror.com/@iconify-json%2ffa6-brands cache-miss
58 http fetch GET 200 https://registry.npmmirror.com/@iconify-json%2ffa6-brands 115ms (cache revalidated)
59 silly packumentCache full:https://registry.npmmirror.com/@iconify-json%2ffa6-brands set size:64127 disposed:false
60 silly fetch manifest @iconify-json/fa6-regular@^1.2.4
61 silly packumentCache full:https://registry.npmmirror.com/@iconify-json%2ffa6-regular cache-miss
62 http fetch GET 200 https://registry.npmmirror.com/@iconify-json%2ffa6-regular 156ms (cache revalidated)
63 silly packumentCache full:https://registry.npmmirror.com/@iconify-json%2ffa6-regular set size:60783 disposed:false
64 silly fetch manifest @iconify-json/fa6-solid@^1.2.4
65 silly packumentCache full:https://registry.npmmirror.com/@iconify-json%2ffa6-solid cache-miss
66 http fetch GET 200 https://registry.npmmirror.com/@iconify-json%2ffa6-solid 96ms (cache revalidated)
67 silly packumentCache full:https://registry.npmmirror.com/@iconify-json%2ffa6-solid set size:65493 disposed:false
68 silly fetch manifest @iconify-json/material-symbols@^1.2.46
69 silly packumentCache full:https://registry.npmmirror.com/@iconify-json%2fmaterial-symbols cache-miss
70 http fetch GET 200 https://registry.npmmirror.com/@iconify-json%2fmaterial-symbols 316ms (cache revalidated)
71 silly packumentCache full:https://registry.npmmirror.com/@iconify-json%2fmaterial-symbols set size:281418 disposed:false
72 silly fetch manifest @iconify-json/simple-icons@^1.2.59
73 silly packumentCache full:https://registry.npmmirror.com/@iconify-json%2fsimple-icons cache-miss
74 http fetch GET 200 https://registry.npmmirror.com/@iconify-json%2fsimple-icons 120ms (cache revalidated)
75 silly packumentCache full:https://registry.npmmirror.com/@iconify-json%2fsimple-icons set size:382771 disposed:false
76 silly fetch manifest @iconify/svelte@^4.2.0
77 silly packumentCache full:https://registry.npmmirror.com/@iconify%2fsvelte cache-miss
78 http fetch GET 200 https://registry.npmmirror.com/@iconify%2fsvelte 109ms (cache revalidated)
79 silly packumentCache full:https://registry.npmmirror.com/@iconify%2fsvelte set size:185966 disposed:false
80 silly fetch manifest @swup/astro@^1.7.0
81 silly packumentCache full:https://registry.npmmirror.com/@swup%2fastro cache-miss
82 http fetch GET 200 https://registry.npmmirror.com/@swup%2fastro 113ms (cache revalidated)
83 silly packumentCache full:https://registry.npmmirror.com/@swup%2fastro set size:76065 disposed:false
84 silly fetch manifest @tailwindcss/typography@^0.5.19
85 silly packumentCache full:https://registry.npmmirror.com/@tailwindcss%2ftypography cache-miss
86 http fetch GET 200 https://registry.npmmirror.com/@tailwindcss%2ftypography 67ms (cache revalidated)
87 silly packumentCache full:https://registry.npmmirror.com/@tailwindcss%2ftypography set size:494508 disposed:false
88 silly fetch manifest tailwindcss@^3.4.18
89 silly packumentCache full:https://registry.npmmirror.com/tailwindcss cache-miss
90 http fetch GET 200 https://registry.npmmirror.com/tailwindcss 81ms (cache revalidated)
91 silly packumentCache full:https://registry.npmmirror.com/tailwindcss set size:9822085 disposed:false
92 silly fetch manifest astro-expressive-code@^0.41.3
93 silly packumentCache full:https://registry.npmmirror.com/astro-expressive-code cache-miss
94 http fetch GET 200 https://registry.npmmirror.com/astro-expressive-code 118ms (cache revalidated)
95 silly packumentCache full:https://registry.npmmirror.com/astro-expressive-code set size:229206 disposed:false
96 silly fetch manifest astro-icon@^1.1.5
97 silly packumentCache full:https://registry.npmmirror.com/astro-icon cache-miss
98 http fetch GET 200 https://registry.npmmirror.com/astro-icon 103ms (cache revalidated)
99 silly packumentCache full:https://registry.npmmirror.com/astro-icon set size:87457 disposed:false
100 silly fetch manifest bcryptjs@^3.0.3
101 silly packumentCache full:https://registry.npmmirror.com/bcryptjs cache-miss
102 http fetch GET 200 https://registry.npmmirror.com/bcryptjs 72ms (cache revalidated)
103 silly packumentCache full:https://registry.npmmirror.com/bcryptjs set size:78160 disposed:false
104 silly fetch manifest crypto-js@^4.2.0
105 silly packumentCache full:https://registry.npmmirror.com/crypto-js cache-miss
106 http fetch GET 200 https://registry.npmmirror.com/crypto-js 72ms (cache revalidated)
107 silly packumentCache full:https://registry.npmmirror.com/crypto-js set size:37251 disposed:false
108 silly fetch manifest dayjs@^1.11.19
109 silly packumentCache full:https://registry.npmmirror.com/dayjs cache-miss
110 http fetch GET 200 https://registry.npmmirror.com/dayjs 54ms (cache revalidated)
111 silly packumentCache full:https://registry.npmmirror.com/dayjs set size:390791 disposed:false
112 silly fetch manifest hastscript@^9.0.1
113 silly packumentCache full:https://registry.npmmirror.com/hastscript cache-miss
114 http fetch GET 200 https://registry.npmmirror.com/hastscript 111ms (cache revalidated)
115 silly packumentCache full:https://registry.npmmirror.com/hastscript set size:80790 disposed:false
116 silly fetch manifest katex@^0.16.25
117 silly packumentCache full:https://registry.npmmirror.com/katex cache-miss
118 http fetch GET 200 https://registry.npmmirror.com/katex 75ms (cache revalidated)
119 silly packumentCache full:https://registry.npmmirror.com/katex set size:499940 disposed:false
120 silly fetch manifest markdown-it@^14.1.0
121 silly packumentCache full:https://registry.npmmirror.com/markdown-it cache-miss
122 http fetch GET 200 https://registry.npmmirror.com/markdown-it 87ms (cache revalidated)
123 silly packumentCache full:https://registry.npmmirror.com/markdown-it set size:201773 disposed:false
124 silly fetch manifest marked@^16.4.2
125 silly packumentCache full:https://registry.npmmirror.com/marked cache-miss
126 http fetch GET 200 https://registry.npmmirror.com/marked 55ms (cache revalidated)
127 silly packumentCache full:https://registry.npmmirror.com/marked set size:664868 disposed:false
128 silly fetch manifest mdast-util-to-string@^4.0.0
129 silly packumentCache full:https://registry.npmmirror.com/mdast-util-to-string cache-miss
130 http fetch GET 200 https://registry.npmmirror.com/mdast-util-to-string 94ms (cache revalidated)
131 silly packumentCache full:https://registry.npmmirror.com/mdast-util-to-string set size:53176 disposed:false
132 silly fetch manifest node-html-parser@^7.0.1
133 silly packumentCache full:https://registry.npmmirror.com/node-html-parser cache-miss
134 http fetch GET 200 https://registry.npmmirror.com/node-html-parser 102ms (cache revalidated)
135 silly packumentCache full:https://registry.npmmirror.com/node-html-parser set size:415762 disposed:false
136 silly fetch manifest overlayscrollbars@^2.12.0
137 silly packumentCache full:https://registry.npmmirror.com/overlayscrollbars cache-miss
138 http fetch GET 200 https://registry.npmmirror.com/overlayscrollbars 93ms (cache revalidated)
139 silly packumentCache full:https://registry.npmmirror.com/overlayscrollbars set size:234253 disposed:false
140 silly fetch manifest pagefind@^1.4.0
141 silly packumentCache full:https://registry.npmmirror.com/pagefind cache-miss
142 http fetch GET 200 https://registry.npmmirror.com/pagefind 100ms (cache revalidated)
143 silly packumentCache full:https://registry.npmmirror.com/pagefind set size:280579 disposed:false
144 silly fetch manifest photoswipe@^5.4.4
145 silly packumentCache full:https://registry.npmmirror.com/photoswipe cache-miss
146 http fetch GET 200 https://registry.npmmirror.com/photoswipe 102ms (cache revalidated)
147 silly packumentCache full:https://registry.npmmirror.com/photoswipe set size:125561 disposed:false
148 silly fetch manifest reading-time@^1.5.0
149 silly packumentCache full:https://registry.npmmirror.com/reading-time cache-miss
150 http fetch GET 200 https://registry.npmmirror.com/reading-time 116ms (cache revalidated)
151 silly packumentCache full:https://registry.npmmirror.com/reading-time set size:26859 disposed:false
152 silly fetch manifest rehype-autolink-headings@^7.1.0
153 silly packumentCache full:https://registry.npmmirror.com/rehype-autolink-headings cache-miss
154 http fetch GET 200 https://registry.npmmirror.com/rehype-autolink-headings 114ms (cache revalidated)
155 silly packumentCache full:https://registry.npmmirror.com/rehype-autolink-headings set size:64391 disposed:false
156 silly fetch manifest rehype-components@^0.3.0
157 silly packumentCache full:https://registry.npmmirror.com/rehype-components cache-miss
158 http fetch GET 200 https://registry.npmmirror.com/rehype-components 108ms (cache revalidated)
159 silly packumentCache full:https://registry.npmmirror.com/rehype-components set size:6387 disposed:false
160 silly fetch manifest rehype-katex@^7.0.1
161 silly packumentCache full:https://registry.npmmirror.com/rehype-katex cache-miss
162 http fetch GET 200 https://registry.npmmirror.com/rehype-katex 68ms (cache revalidated)
163 silly packumentCache full:https://registry.npmmirror.com/rehype-katex set size:52425 disposed:false
164 silly fetch manifest rehype-slug@^6.0.0
165 silly packumentCache full:https://registry.npmmirror.com/rehype-slug cache-miss
166 http fetch GET 200 https://registry.npmmirror.com/rehype-slug 98ms (cache revalidated)
167 silly packumentCache full:https://registry.npmmirror.com/rehype-slug set size:42026 disposed:false
168 silly fetch manifest remark-directive@^3.0.1
169 silly packumentCache full:https://registry.npmmirror.com/remark-directive cache-miss
170 http fetch GET 200 https://registry.npmmirror.com/remark-directive 80ms (cache revalidated)
171 silly packumentCache full:https://registry.npmmirror.com/remark-directive set size:36640 disposed:false
172 silly fetch manifest remark-directive-rehype@^0.4.2
173 silly packumentCache full:https://registry.npmmirror.com/remark-directive-rehype cache-miss
174 http fetch GET 200 https://registry.npmmirror.com/remark-directive-rehype 98ms (cache revalidated)
175 silly packumentCache full:https://registry.npmmirror.com/remark-directive-rehype set size:24360 disposed:false
176 silly fetch manifest remark-github-admonitions-to-directives@^1.0.5
177 silly packumentCache full:https://registry.npmmirror.com/remark-github-admonitions-to-directives cache-miss
178 http fetch GET 200 https://registry.npmmirror.com/remark-github-admonitions-to-directives 121ms (cache revalidated)
179 silly packumentCache full:https://registry.npmmirror.com/remark-github-admonitions-to-directives set size:29121 disposed:false
180 silly fetch manifest remark-math@^6.0.0
181 silly packumentCache full:https://registry.npmmirror.com/remark-math cache-miss
182 http fetch GET 200 https://registry.npmmirror.com/remark-math 70ms (cache revalidated)
183 silly packumentCache full:https://registry.npmmirror.com/remark-math set size:53553 disposed:false
184 silly fetch manifest remark-sectionize@^2.1.0
185 silly packumentCache full:https://registry.npmmirror.com/remark-sectionize cache-miss
186 http fetch GET 200 https://registry.npmmirror.com/remark-sectionize 125ms (cache revalidated)
187 silly packumentCache full:https://registry.npmmirror.com/remark-sectionize set size:18367 disposed:false
188 silly fetch manifest sanitize-html@^2.17.0
189 silly packumentCache full:https://registry.npmmirror.com/sanitize-html cache-miss
190 http fetch GET 200 https://registry.npmmirror.com/sanitize-html 88ms (cache revalidated)
191 silly packumentCache full:https://registry.npmmirror.com/sanitize-html set size:313761 disposed:false
192 silly fetch manifest satori@^0.18.3
193 silly packumentCache full:https://registry.npmmirror.com/satori cache-miss
194 http fetch GET 200 https://registry.npmmirror.com/satori 119ms (cache revalidated)
195 silly packumentCache full:https://registry.npmmirror.com/satori set size:533652 disposed:false
196 silly fetch manifest sharp@^0.34.5
197 silly packumentCache full:https://registry.npmmirror.com/sharp cache-miss
198 http fetch GET 200 https://registry.npmmirror.com/sharp 74ms (cache revalidated)
199 silly packumentCache full:https://registry.npmmirror.com/sharp set size:999088 disposed:false
200 silly fetch manifest stylus@^0.64.0
201 silly packumentCache full:https://registry.npmmirror.com/stylus cache-miss
202 http fetch GET 200 https://registry.npmmirror.com/stylus 53ms (cache revalidated)
203 silly packumentCache full:https://registry.npmmirror.com/stylus set size:312391 disposed:false
204 silly fetch manifest unist-util-visit@^5.0.0
205 silly packumentCache full:https://registry.npmmirror.com/unist-util-visit cache-miss
206 http fetch GET 200 https://registry.npmmirror.com/unist-util-visit 59ms (cache revalidated)
207 silly packumentCache full:https://registry.npmmirror.com/unist-util-visit set size:76674 disposed:false
208 silly fetch manifest @biomejs/biome@2.3.5
209 silly packumentCache full:https://registry.npmmirror.com/@biomejs%2fbiome cache-miss
210 http fetch GET 200 https://registry.npmmirror.com/@biomejs%2fbiome 58ms (cache revalidated)
211 silly packumentCache full:https://registry.npmmirror.com/@biomejs%2fbiome set size:293989 disposed:false
212 silly fetch manifest @iconify-json/mdi@^1.2.3
213 silly packumentCache full:https://registry.npmmirror.com/@iconify-json%2fmdi cache-miss
214 http fetch GET 200 https://registry.npmmirror.com/@iconify-json%2fmdi 106ms (cache revalidated)
215 silly packumentCache full:https://registry.npmmirror.com/@iconify-json%2fmdi set size:203652 disposed:false
216 silly fetch manifest @rollup/plugin-yaml@^4.1.2
217 silly packumentCache full:https://registry.npmmirror.com/@rollup%2fplugin-yaml cache-miss
218 http fetch GET 200 https://registry.npmmirror.com/@rollup%2fplugin-yaml 103ms (cache revalidated)
219 silly packumentCache full:https://registry.npmmirror.com/@rollup%2fplugin-yaml set size:32045 disposed:false
220 silly fetch manifest rollup@^1.20.0||^2.0.0||^3.0.0||^4.0.0
221 silly packumentCache full:https://registry.npmmirror.com/rollup cache-miss
222 http fetch GET 200 https://registry.npmmirror.com/rollup 76ms (cache revalidated)
223 silly packumentCache full:https://registry.npmmirror.com/rollup set size:5663170 disposed:false
224 silly fetch manifest @types/hast@^3.0.4
225 silly packumentCache full:https://registry.npmmirror.com/@types%2fhast cache-miss
226 http fetch GET 200 https://registry.npmmirror.com/@types%2fhast 50ms (cache revalidated)
227 silly packumentCache full:https://registry.npmmirror.com/@types%2fhast set size:29831 disposed:false
228 silly fetch manifest @types/markdown-it@^14.1.2
229 silly packumentCache full:https://registry.npmmirror.com/@types%2fmarkdown-it cache-miss
230 http fetch GET 200 https://registry.npmmirror.com/@types%2fmarkdown-it 72ms (cache revalidated)
231 silly packumentCache full:https://registry.npmmirror.com/@types%2fmarkdown-it set size:65078 disposed:false
232 silly fetch manifest @types/mdast@^4.0.4
233 silly packumentCache full:https://registry.npmmirror.com/@types%2fmdast cache-miss
234 http fetch GET 200 https://registry.npmmirror.com/@types%2fmdast 56ms (cache revalidated)
235 silly packumentCache full:https://registry.npmmirror.com/@types%2fmdast set size:38724 disposed:false
236 silly fetch manifest @types/sanitize-html@^2.16.0
237 silly packumentCache full:https://registry.npmmirror.com/@types%2fsanitize-html cache-miss
238 http fetch GET 200 https://registry.npmmirror.com/@types%2fsanitize-html 118ms (cache revalidated)
239 silly packumentCache full:https://registry.npmmirror.com/@types%2fsanitize-html set size:107330 disposed:false
240 silly fetch manifest fontmin@^1.1.1
241 silly packumentCache full:https://registry.npmmirror.com/fontmin cache-miss
242 http fetch GET 200 https://registry.npmmirror.com/fontmin 103ms (cache revalidated)
243 silly packumentCache full:https://registry.npmmirror.com/fontmin set size:103543 disposed:false
244 silly fetch manifest postcss-import@^16.1.1
245 silly packumentCache full:https://registry.npmmirror.com/postcss-import cache-miss
246 http fetch GET 200 https://registry.npmmirror.com/postcss-import 46ms (cache revalidated)
247 silly packumentCache full:https://registry.npmmirror.com/postcss-import set size:114244 disposed:false
248 silly fetch manifest postcss@^8.0.0
249 silly packumentCache full:https://registry.npmmirror.com/postcss cache-miss
250 http fetch GET 200 https://registry.npmmirror.com/postcss 48ms (cache revalidated)
251 silly packumentCache full:https://registry.npmmirror.com/postcss set size:611725 disposed:false
252 silly fetch manifest postcss-nesting@^13.0.2
253 silly packumentCache full:https://registry.npmmirror.com/postcss-nesting cache-miss
254 http fetch GET 200 https://registry.npmmirror.com/postcss-nesting 46ms (cache revalidated)
255 silly packumentCache full:https://registry.npmmirror.com/postcss-nesting set size:187924 disposed:false
256 silly fetch manifest postcss@^8.4
257 silly packumentCache full:https://registry.npmmirror.com/postcss cache-hit
258 silly placeDep ROOT @astrojs/svelte@7.2.2 REPLACE for: mizuki@7.1.0 want: 7.2.2
259 silly placeDep ROOT astro@5.15.8 OK for: @astrojs/svelte@7.2.2 want: ^5.0.0
260 silly placeDep ROOT svelte@5.43.10 OK for: @astrojs/svelte@7.2.2 want: ^5.1.16
261 silly placeDep ROOT typescript@5.9.3 OK for: @astrojs/svelte@7.2.2 want: ^5.3.3
262 silly placeDep ROOT @biomejs/biome@2.3.5 REPLACE for: mizuki@7.1.0 want: 2.3.5
263 silly placeDep ROOT @expressive-code/core@0.41.3 OK for: mizuki@7.1.0 want: ^0.41.3
264 silly placeDep ROOT @expressive-code/plugin-collapsible-sections@0.41.3 OK for: mizuki@7.1.0 want: ^0.41.3
265 silly placeDep ROOT @expressive-code/plugin-line-numbers@0.41.3 OK for: mizuki@7.1.0 want: ^0.41.3
266 silly placeDep ROOT @fancyapps/ui@6.1.5 OK for: mizuki@7.1.0 want: ^6.1.5
267 silly placeDep ROOT @fontsource-variable/jetbrains-mono@5.2.8 OK for: mizuki@7.1.0 want: ^5.2.8
268 silly placeDep ROOT @fontsource/roboto@5.2.8 OK for: mizuki@7.1.0 want: ^5.2.8
269 silly placeDep ROOT @iconify-json/fa6-brands@1.2.6 OK for: mizuki@7.1.0 want: ^1.2.6
270 silly placeDep ROOT @iconify-json/fa6-regular@1.2.4 OK for: mizuki@7.1.0 want: ^1.2.4
271 silly placeDep ROOT @iconify-json/fa6-solid@1.2.4 OK for: mizuki@7.1.0 want: ^1.2.4
272 silly placeDep ROOT @iconify-json/material-symbols@1.2.46 OK for: mizuki@7.1.0 want: ^1.2.46
273 silly placeDep ROOT @iconify-json/mdi@1.2.3 OK for: mizuki@7.1.0 want: ^1.2.3
274 silly placeDep ROOT @iconify-json/simple-icons@1.2.59 OK for: mizuki@7.1.0 want: ^1.2.59
275 silly placeDep ROOT @iconify/svelte@4.2.0 OK for: mizuki@7.1.0 want: ^4.2.0
276 silly placeDep ROOT @rollup/plugin-yaml@4.1.2 OK for: mizuki@7.1.0 want: ^4.1.2
277 silly placeDep ROOT @swup/astro@1.7.0 OK for: mizuki@7.1.0 want: ^1.7.0
278 silly placeDep ROOT @tailwindcss/typography@0.5.19 OK for: mizuki@7.1.0 want: ^0.5.19
279 silly placeDep ROOT tailwindcss@3.4.18 OK for: @tailwindcss/typography@0.5.19 want: >=3.0.0 || insiders || >=4.0.0-alpha.20 || >=4.0.0-beta.1
280 silly placeDep ROOT @types/hast@3.0.4 OK for: mizuki@7.1.0 want: ^3.0.4
281 silly placeDep ROOT @types/markdown-it@14.1.2 OK for: mizuki@7.1.0 want: ^14.1.2
282 silly placeDep ROOT @types/mdast@4.0.4 OK for: mizuki@7.1.0 want: ^4.0.4
283 silly placeDep ROOT @types/sanitize-html@2.16.0 OK for: mizuki@7.1.0 want: ^2.16.0
284 silly placeDep ROOT astro@5.15.8 REPLACE for: mizuki@7.1.0 want: 5.15.8
285 silly placeDep ROOT astro-expressive-code@0.41.3 OK for: mizuki@7.1.0 want: ^0.41.3
286 silly placeDep ROOT astro-icon@1.1.5 OK for: mizuki@7.1.0 want: ^1.1.5
287 silly placeDep ROOT bcryptjs@3.0.3 OK for: mizuki@7.1.0 want: ^3.0.3
288 silly placeDep ROOT crypto-js@4.2.0 OK for: mizuki@7.1.0 want: ^4.2.0
289 silly placeDep ROOT dayjs@1.11.19 OK for: mizuki@7.1.0 want: ^1.11.19
290 silly placeDep ROOT fontmin@1.1.1 OK for: mizuki@7.1.0 want: ^1.1.1
291 silly placeDep ROOT hastscript@9.0.1 OK for: mizuki@7.1.0 want: ^9.0.1
292 silly placeDep ROOT katex@0.16.25 OK for: mizuki@7.1.0 want: ^0.16.25
293 silly placeDep ROOT markdown-it@14.1.0 OK for: mizuki@7.1.0 want: ^14.1.0
294 silly placeDep ROOT marked@16.4.2 OK for: mizuki@7.1.0 want: ^16.4.2
295 silly placeDep ROOT mdast-util-to-string@4.0.0 OK for: mizuki@7.1.0 want: ^4.0.0
296 silly placeDep ROOT node-html-parser@7.0.1 OK for: mizuki@7.1.0 want: ^7.0.1
297 silly placeDep ROOT overlayscrollbars@2.12.0 OK for: mizuki@7.1.0 want: ^2.12.0
298 silly placeDep ROOT pagefind@1.4.0 OK for: mizuki@7.1.0 want: ^1.4.0
299 silly placeDep ROOT photoswipe@5.4.4 OK for: mizuki@7.1.0 want: ^5.4.4
300 silly placeDep ROOT postcss-import@16.1.1 OK for: mizuki@7.1.0 want: ^16.1.1
301 silly placeDep ROOT postcss@8.5.6 OK for: postcss-import@16.1.1 want: ^8.0.0
302 silly placeDep ROOT postcss-nesting@13.0.2 OK for: mizuki@7.1.0 want: ^13.0.2
303 silly placeDep ROOT reading-time@1.5.0 OK for: mizuki@7.1.0 want: ^1.5.0
304 silly placeDep ROOT rehype-autolink-headings@7.1.0 OK for: mizuki@7.1.0 want: ^7.1.0
305 silly placeDep ROOT rehype-components@0.3.0 OK for: mizuki@7.1.0 want: ^0.3.0
306 silly placeDep ROOT rehype-katex@7.0.1 OK for: mizuki@7.1.0 want: ^7.0.1
307 silly placeDep ROOT rehype-slug@6.0.0 OK for: mizuki@7.1.0 want: ^6.0.0
308 silly placeDep ROOT remark-directive@3.0.1 OK for: mizuki@7.1.0 want: ^3.0.1
309 silly placeDep ROOT remark-directive-rehype@0.4.2 OK for: mizuki@7.1.0 want: ^0.4.2
310 silly placeDep ROOT remark-github-admonitions-to-directives@1.0.5 OK for: mizuki@7.1.0 want: ^1.0.5
311 silly placeDep ROOT remark-math@6.0.0 OK for: mizuki@7.1.0 want: ^6.0.0
312 silly placeDep ROOT remark-sectionize@2.1.0 OK for: mizuki@7.1.0 want: ^2.1.0
313 silly placeDep ROOT sanitize-html@2.17.0 OK for: mizuki@7.1.0 want: ^2.17.0
314 silly placeDep ROOT satori@0.18.3 OK for: mizuki@7.1.0 want: ^0.18.3
315 silly placeDep ROOT sharp@0.34.5 OK for: mizuki@7.1.0 want: ^0.34.5
316 silly placeDep ROOT stylus@0.64.0 OK for: mizuki@7.1.0 want: ^0.64.0
317 silly placeDep ROOT unist-util-visit@5.0.0 OK for: mizuki@7.1.0 want: ^5.0.0
318 silly fetch manifest @sveltejs/vite-plugin-svelte@^5.1.1
319 silly packumentCache full:https://registry.npmmirror.com/@sveltejs%2fvite-plugin-svelte cache-miss
320 silly fetch manifest svelte2tsx@^0.7.42
321 silly packumentCache full:https://registry.npmmirror.com/svelte2tsx cache-miss
322 silly fetch manifest vite@^6.4.1
323 silly packumentCache full:https://registry.npmmirror.com/vite cache-miss
324 silly fetch manifest @jridgewell/remapping@^2.3.4
325 silly packumentCache full:https://registry.npmmirror.com/@jridgewell%2fremapping cache-miss
326 silly fetch manifest @jridgewell/sourcemap-codec@^1.5.0
327 silly packumentCache full:https://registry.npmmirror.com/@jridgewell%2fsourcemap-codec cache-miss
328 silly fetch manifest @sveltejs/acorn-typescript@^1.0.5
329 silly packumentCache full:https://registry.npmmirror.com/@sveltejs%2facorn-typescript cache-miss
330 silly fetch manifest @types/estree@^1.0.5
331 silly packumentCache full:https://registry.npmmirror.com/@types%2festree cache-miss
332 silly fetch manifest acorn@^8.12.1
333 silly packumentCache full:https://registry.npmmirror.com/acorn cache-miss
334 silly fetch manifest aria-query@^5.3.1
335 silly packumentCache full:https://registry.npmmirror.com/aria-query cache-miss
336 silly fetch manifest axobject-query@^4.1.0
337 silly packumentCache full:https://registry.npmmirror.com/axobject-query cache-miss
338 silly fetch manifest clsx@^2.1.1
339 silly packumentCache full:https://registry.npmmirror.com/clsx cache-miss
340 silly fetch manifest esm-env@^1.2.1
341 silly packumentCache full:https://registry.npmmirror.com/esm-env cache-miss
342 silly fetch manifest esrap@^2.1.0
343 silly packumentCache full:https://registry.npmmirror.com/esrap cache-miss
344 silly fetch manifest is-reference@^3.0.3
345 silly packumentCache full:https://registry.npmmirror.com/is-reference cache-miss
346 silly fetch manifest locate-character@^3.0.0
347 silly packumentCache full:https://registry.npmmirror.com/locate-character cache-miss
348 silly fetch manifest magic-string@^0.30.11
349 silly packumentCache full:https://registry.npmmirror.com/magic-string cache-miss
350 silly fetch manifest zimmerframe@^1.1.2
351 silly packumentCache full:https://registry.npmmirror.com/zimmerframe cache-miss
352 silly fetch manifest @oslojs/encoding@^1.1.0
353 silly packumentCache full:https://registry.npmmirror.com/@oslojs%2fencoding cache-miss
354 silly fetch manifest @rollup/pluginutils@^5.3.0
355 silly packumentCache full:https://registry.npmmirror.com/@rollup%2fpluginutils cache-miss
356 silly fetch manifest acorn@^8.15.0
357 silly packumentCache full:https://registry.npmmirror.com/acorn cache-miss
358 silly fetch manifest aria-query@^5.3.2
359 silly packumentCache full:https://registry.npmmirror.com/aria-query cache-miss
360 silly fetch manifest axobject-query@^4.1.0
361 silly packumentCache full:https://registry.npmmirror.com/axobject-query cache-miss
362 silly fetch manifest boxen@8.0.1
363 silly packumentCache full:https://registry.npmmirror.com/boxen cache-miss
364 silly fetch manifest ci-info@^4.3.1
365 silly packumentCache full:https://registry.npmmirror.com/ci-info cache-miss
366 silly fetch manifest clsx@^2.1.1
367 silly packumentCache full:https://registry.npmmirror.com/clsx cache-miss
368 silly fetch manifest common-ancestor-path@^1.0.1
369 silly packumentCache full:https://registry.npmmirror.com/common-ancestor-path cache-miss
370 silly fetch manifest cookie@^1.0.2
371 silly packumentCache full:https://registry.npmmirror.com/cookie cache-miss
372 silly fetch manifest cssesc@^3.0.0
373 silly packumentCache full:https://registry.npmmirror.com/cssesc cache-miss
374 silly fetch manifest debug@^4.4.3
375 silly packumentCache full:https://registry.npmmirror.com/debug cache-miss
376 silly fetch manifest deterministic-object-hash@^2.0.2
377 silly packumentCache full:https://registry.npmmirror.com/deterministic-object-hash cache-miss
378 silly fetch manifest devalue@^5.4.2
379 silly packumentCache full:https://registry.npmmirror.com/devalue cache-miss
380 http fetch GET 200 https://registry.npmmirror.com/vite 378ms (cache revalidated)
381 silly packumentCache full:https://registry.npmmirror.com/vite set size:38426241 disposed:false
382 silly fetch manifest diff@^5.2.0
383 silly packumentCache full:https://registry.npmmirror.com/diff cache-miss
384 http fetch GET 200 https://registry.npmmirror.com/esrap 822ms (cache revalidated)
385 silly packumentCache full:https://registry.npmmirror.com/esrap set size:78034 disposed:false
386 silly fetch manifest dlv@^1.1.3
387 silly packumentCache full:https://registry.npmmirror.com/dlv cache-miss
388 http fetch GET 200 https://registry.npmmirror.com/@jridgewell%2fremapping 830ms (cache revalidated)
389 silly packumentCache full:https://registry.npmmirror.com/@jridgewell%2fremapping set size:24472 disposed:false
390 silly fetch manifest dset@^3.1.4
391 silly packumentCache full:https://registry.npmmirror.com/dset cache-miss
392 http fetch GET 200 https://registry.npmmirror.com/@types%2festree 832ms (cache revalidated)
393 silly packumentCache full:https://registry.npmmirror.com/@types%2festree set size:63744 disposed:false
394 silly fetch manifest es-module-lexer@^1.7.0
395 silly packumentCache full:https://registry.npmmirror.com/es-module-lexer cache-miss
396 http fetch GET 200 https://registry.npmmirror.com/acorn 833ms (cache revalidated)
397 silly packumentCache full:https://registry.npmmirror.com/acorn set size:323895 disposed:false
398 silly fetch manifest esbuild@^0.25.0
399 silly packumentCache full:https://registry.npmmirror.com/esbuild cache-miss
400 http fetch GET 200 https://registry.npmmirror.com/esm-env 837ms (cache revalidated)
401 silly packumentCache full:https://registry.npmmirror.com/esm-env set size:20515 disposed:false
402 silly fetch manifest estree-walker@^3.0.3
403 silly packumentCache full:https://registry.npmmirror.com/estree-walker cache-miss
404 http fetch GET 200 https://registry.npmmirror.com/svelte2tsx 845ms (cache revalidated)
405 silly packumentCache full:https://registry.npmmirror.com/svelte2tsx set size:756570 disposed:false
406 silly fetch manifest flattie@^1.1.1
407 silly packumentCache full:https://registry.npmmirror.com/flattie cache-miss
408 http fetch GET 200 https://registry.npmmirror.com/@sveltejs%2facorn-typescript 852ms (cache revalidated)
409 silly packumentCache full:https://registry.npmmirror.com/@sveltejs%2facorn-typescript set size:24293 disposed:false
410 silly fetch manifest fontace@~0.3.1
411 silly packumentCache full:https://registry.npmmirror.com/fontace cache-miss
412 http fetch GET 200 https://registry.npmmirror.com/axobject-query 852ms (cache revalidated)
413 silly packumentCache full:https://registry.npmmirror.com/axobject-query set size:70993 disposed:false
414 silly fetch manifest github-slugger@^2.0.0
415 silly packumentCache full:https://registry.npmmirror.com/github-slugger cache-miss
416 http fetch GET 200 https://registry.npmmirror.com/aria-query 855ms (cache revalidated)
417 silly packumentCache full:https://registry.npmmirror.com/aria-query set size:92008 disposed:false
418 silly fetch manifest html-escaper@3.0.3
419 silly packumentCache full:https://registry.npmmirror.com/html-escaper cache-miss
420 http fetch GET 200 https://registry.npmmirror.com/@jridgewell%2fsourcemap-codec 858ms (cache revalidated)
421 silly packumentCache full:https://registry.npmmirror.com/@jridgewell%2fsourcemap-codec set size:60175 disposed:false
422 silly fetch manifest http-cache-semantics@^4.2.0
423 silly packumentCache full:https://registry.npmmirror.com/http-cache-semantics cache-miss
424 http fetch GET 200 https://registry.npmmirror.com/@rollup%2fpluginutils 857ms (cache revalidated)
425 silly packumentCache full:https://registry.npmmirror.com/@rollup%2fpluginutils set size:103740 disposed:false
426 silly fetch manifest import-meta-resolve@^4.2.0
427 silly packumentCache full:https://registry.npmmirror.com/import-meta-resolve cache-miss
428 http fetch GET 200 https://registry.npmmirror.com/is-reference 862ms (cache revalidated)
429 silly packumentCache full:https://registry.npmmirror.com/is-reference set size:27936 disposed:false
430 silly fetch manifest js-yaml@^4.1.0
431 silly packumentCache full:https://registry.npmmirror.com/js-yaml cache-miss
432 http fetch GET 200 https://registry.npmmirror.com/magic-string 863ms (cache revalidated)
433 silly packumentCache full:https://registry.npmmirror.com/magic-string set size:327576 disposed:false
434 silly fetch manifest magic-string@^0.30.21
435 silly packumentCache full:https://registry.npmmirror.com/magic-string cache-hit
436 silly fetch manifest magicast@^0.5.1
437 silly packumentCache full:https://registry.npmmirror.com/magicast cache-miss
438 http fetch GET 200 https://registry.npmmirror.com/clsx 883ms (cache revalidated)
439 silly packumentCache full:https://registry.npmmirror.com/clsx set size:32436 disposed:false
440 silly fetch manifest mrmime@^2.0.1
441 silly packumentCache full:https://registry.npmmirror.com/mrmime cache-miss
442 http fetch GET 200 https://registry.npmmirror.com/@sveltejs%2fvite-plugin-svelte 892ms (cache revalidated)
443 silly packumentCache full:https://registry.npmmirror.com/@sveltejs%2fvite-plugin-svelte set size:402315 disposed:false
444 silly fetch manifest neotraverse@^0.6.18
445 silly packumentCache full:https://registry.npmmirror.com/neotraverse cache-miss
446 http fetch GET 200 https://registry.npmmirror.com/axobject-query 929ms (cache revalidated)
447 silly packumentCache full:https://registry.npmmirror.com/axobject-query set size:70993 disposed:false
448 silly packumentCache full:https://registry.npmmirror.com/axobject-query dispose
449 silly fetch manifest p-limit@^6.2.0
450 silly packumentCache full:https://registry.npmmirror.com/p-limit cache-miss
451 http fetch GET 200 https://registry.npmmirror.com/aria-query 934ms (cache revalidated)
452 silly packumentCache full:https://registry.npmmirror.com/aria-query set size:92008 disposed:false
453 silly packumentCache full:https://registry.npmmirror.com/aria-query dispose
454 silly fetch manifest p-queue@^8.1.1
455 silly packumentCache full:https://registry.npmmirror.com/p-queue cache-miss
456 http fetch GET 200 https://registry.npmmirror.com/acorn 937ms (cache revalidated)
457 silly packumentCache full:https://registry.npmmirror.com/acorn set size:323895 disposed:false
458 silly packumentCache full:https://registry.npmmirror.com/acorn dispose
459 silly fetch manifest package-manager-detector@^1.5.0
460 silly packumentCache full:https://registry.npmmirror.com/package-manager-detector cache-miss
461 http fetch GET 200 https://registry.npmmirror.com/common-ancestor-path 940ms (cache revalidated)
462 silly packumentCache full:https://registry.npmmirror.com/common-ancestor-path set size:4382 disposed:false
463 silly fetch manifest picocolors@^1.1.1
464 silly packumentCache full:https://registry.npmmirror.com/picocolors cache-miss
465 http fetch GET 200 https://registry.npmmirror.com/zimmerframe 945ms (cache revalidated)
466 silly packumentCache full:https://registry.npmmirror.com/zimmerframe set size:42033 disposed:false
467 silly fetch manifest picomatch@^4.0.3
468 silly packumentCache full:https://registry.npmmirror.com/picomatch cache-miss
469 http fetch GET 200 https://registry.npmmirror.com/devalue 941ms (cache revalidated)
470 silly packumentCache full:https://registry.npmmirror.com/devalue set size:85759 disposed:false
471 silly fetch manifest prompts@^2.4.2
472 silly packumentCache full:https://registry.npmmirror.com/prompts cache-miss
473 http fetch GET 200 https://registry.npmmirror.com/cssesc 945ms (cache revalidated)
474 silly packumentCache full:https://registry.npmmirror.com/cssesc set size:16783 disposed:false
475 silly fetch manifest rehype@^13.0.2
476 silly packumentCache full:https://registry.npmmirror.com/rehype cache-miss
477 http fetch GET 200 https://registry.npmmirror.com/clsx 948ms (cache revalidated)
478 silly packumentCache full:https://registry.npmmirror.com/clsx set size:32436 disposed:false
479 silly packumentCache full:https://registry.npmmirror.com/clsx dispose
480 silly fetch manifest semver@^7.7.3
481 silly packumentCache full:https://registry.npmmirror.com/semver cache-miss
482 http fetch GET 200 https://registry.npmmirror.com/boxen 950ms (cache revalidated)
483 silly packumentCache full:https://registry.npmmirror.com/boxen set size:82847 disposed:false
484 silly fetch manifest shiki@^3.15.0
485 silly packumentCache full:https://registry.npmmirror.com/shiki cache-miss
486 http fetch GET 200 https://registry.npmmirror.com/ci-info 952ms (cache revalidated)
487 silly packumentCache full:https://registry.npmmirror.com/ci-info set size:78246 disposed:false
488 silly fetch manifest smol-toml@^1.4.2
489 silly packumentCache full:https://registry.npmmirror.com/smol-toml cache-miss
490 http fetch GET 200 https://registry.npmmirror.com/cookie 954ms (cache revalidated)
491 silly packumentCache full:https://registry.npmmirror.com/cookie set size:64889 disposed:false
492 silly fetch manifest tinyexec@^1.0.2
493 silly packumentCache full:https://registry.npmmirror.com/tinyexec cache-miss
494 http fetch GET 200 https://registry.npmmirror.com/debug 957ms (cache revalidated)
495 silly packumentCache full:https://registry.npmmirror.com/debug set size:163683 disposed:false
496 silly fetch manifest tinyglobby@^0.2.15
497 silly packumentCache full:https://registry.npmmirror.com/tinyglobby cache-miss
498 http fetch GET 200 https://registry.npmmirror.com/locate-character 968ms (cache revalidated)
499 silly packumentCache full:https://registry.npmmirror.com/locate-character set size:17032 disposed:false
500 silly fetch manifest tsconfck@^3.1.6
501 silly packumentCache full:https://registry.npmmirror.com/tsconfck cache-miss
502 http fetch GET 200 https://registry.npmmirror.com/@oslojs%2fencoding 971ms (cache revalidated)
503 silly packumentCache full:https://registry.npmmirror.com/@oslojs%2fencoding set size:17056 disposed:false
504 silly fetch manifest ultrahtml@^1.6.0
505 silly packumentCache full:https://registry.npmmirror.com/ultrahtml cache-miss
506 http fetch GET 200 https://registry.npmmirror.com/deterministic-object-hash 970ms (cache revalidated)
507 silly packumentCache full:https://registry.npmmirror.com/deterministic-object-hash set size:26060 disposed:false
508 silly fetch manifest unifont@~0.6.0
509 silly packumentCache full:https://registry.npmmirror.com/unifont cache-miss
510 http fetch GET 200 https://registry.npmmirror.com/diff 266ms (cache revalidated)
511 silly packumentCache full:https://registry.npmmirror.com/diff set size:144999 disposed:false
512 silly fetch manifest unstorage@^1.17.2
513 silly packumentCache full:https://registry.npmmirror.com/unstorage cache-miss
514 http fetch GET 200 https://registry.npmmirror.com/estree-walker 260ms (cache revalidated)
515 silly packumentCache full:https://registry.npmmirror.com/estree-walker set size:48127 disposed:false
516 silly fetch manifest vfile@^6.0.3
517 silly packumentCache full:https://registry.npmmirror.com/vfile cache-miss
518 http fetch GET 200 https://registry.npmmirror.com/http-cache-semantics 264ms (cache revalidated)
519 silly packumentCache full:https://registry.npmmirror.com/http-cache-semantics set size:60778 disposed:false
520 silly fetch manifest vitefu@^1.1.1
521 silly packumentCache full:https://registry.npmmirror.com/vitefu cache-miss
522 http fetch GET 200 https://registry.npmmirror.com/js-yaml 261ms (cache revalidated)
523 silly packumentCache full:https://registry.npmmirror.com/js-yaml set size:139947 disposed:false
524 silly fetch manifest xxhash-wasm@^1.1.0
525 silly packumentCache full:https://registry.npmmirror.com/xxhash-wasm cache-miss
526 http fetch GET 200 https://registry.npmmirror.com/import-meta-resolve 266ms (cache revalidated)
527 silly packumentCache full:https://registry.npmmirror.com/import-meta-resolve set size:77677 disposed:false
528 silly fetch manifest yargs-parser@^21.1.1
529 silly packumentCache full:https://registry.npmmirror.com/yargs-parser cache-miss
530 http fetch GET 200 https://registry.npmmirror.com/magicast 261ms (cache revalidated)
531 silly packumentCache full:https://registry.npmmirror.com/magicast set size:80510 disposed:false
532 silly fetch manifest yocto-spinner@^0.2.3
533 silly packumentCache full:https://registry.npmmirror.com/yocto-spinner cache-miss
534 http fetch GET 200 https://registry.npmmirror.com/es-module-lexer 305ms (cache revalidated)
535 silly packumentCache full:https://registry.npmmirror.com/es-module-lexer set size:163339 disposed:false
536 silly fetch manifest zod@^3.25.76
537 silly packumentCache full:https://registry.npmmirror.com/zod cache-miss
538 http fetch GET 200 https://registry.npmmirror.com/esbuild 307ms (cache revalidated)
539 silly packumentCache full:https://registry.npmmirror.com/esbuild set size:984091 disposed:false
540 silly fetch manifest zod-to-json-schema@^3.24.6
541 silly packumentCache full:https://registry.npmmirror.com/zod-to-json-schema cache-miss
542 http fetch GET 200 https://registry.npmmirror.com/dlv 340ms (cache revalidated)
543 silly packumentCache full:https://registry.npmmirror.com/dlv set size:14677 disposed:false
544 silly fetch manifest zod-to-ts@^1.2.0
545 silly packumentCache full:https://registry.npmmirror.com/zod-to-ts cache-miss
546 http fetch GET 200 https://registry.npmmirror.com/mrmime 284ms (cache revalidated)
547 silly packumentCache full:https://registry.npmmirror.com/mrmime set size:16344 disposed:false
548 silly fetch manifest sharp@^0.34.0
549 silly packumentCache full:https://registry.npmmirror.com/sharp cache-hit
550 silly fetch manifest @biomejs/cli-win32-x64@2.3.5
551 silly packumentCache full:https://registry.npmmirror.com/@biomejs%2fcli-win32-x64 cache-miss
552 http fetch GET 200 https://registry.npmmirror.com/flattie 349ms (cache revalidated)
553 silly packumentCache full:https://registry.npmmirror.com/flattie set size:11015 disposed:false
554 silly fetch manifest @biomejs/cli-win32-arm64@2.3.5
555 silly packumentCache full:https://registry.npmmirror.com/@biomejs%2fcli-win32-arm64 cache-miss
556 http fetch GET 200 https://registry.npmmirror.com/html-escaper 344ms (cache revalidated)
557 silly packumentCache full:https://registry.npmmirror.com/html-escaper set size:22977 disposed:false
558 silly fetch manifest @biomejs/cli-darwin-x64@2.3.5
559 silly packumentCache full:https://registry.npmmirror.com/@biomejs%2fcli-darwin-x64 cache-miss
560 http fetch GET 200 https://registry.npmmirror.com/fontace 352ms (cache revalidated)
561 silly packumentCache full:https://registry.npmmirror.com/fontace set size:19607 disposed:false
562 silly fetch manifest @biomejs/cli-darwin-arm64@2.3.5
563 silly packumentCache full:https://registry.npmmirror.com/@biomejs%2fcli-darwin-arm64 cache-miss
564 http fetch GET 200 https://registry.npmmirror.com/picocolors 258ms (cache revalidated)
565 silly packumentCache full:https://registry.npmmirror.com/picocolors set size:15692 disposed:false
566 silly fetch manifest @biomejs/cli-linux-x64@2.3.5
567 silly packumentCache full:https://registry.npmmirror.com/@biomejs%2fcli-linux-x64 cache-miss
568 http fetch GET 200 https://registry.npmmirror.com/dset 377ms (cache revalidated)
569 silly packumentCache full:https://registry.npmmirror.com/dset set size:27734 disposed:false
570 silly fetch manifest @biomejs/cli-linux-arm64@2.3.5
571 silly packumentCache full:https://registry.npmmirror.com/@biomejs%2fcli-linux-arm64 cache-miss
572 http fetch GET 200 https://registry.npmmirror.com/prompts 258ms (cache revalidated)
573 silly packumentCache full:https://registry.npmmirror.com/prompts set size:90529 disposed:false
574 silly fetch manifest @biomejs/cli-linux-x64-musl@2.3.5
575 silly packumentCache full:https://registry.npmmirror.com/@biomejs%2fcli-linux-x64-musl cache-miss
576 http fetch GET 200 https://registry.npmmirror.com/p-limit 276ms (cache revalidated)
577 silly packumentCache full:https://registry.npmmirror.com/p-limit set size:47786 disposed:false
578 silly fetch manifest @biomejs/cli-linux-arm64-musl@2.3.5
579 silly packumentCache full:https://registry.npmmirror.com/@biomejs%2fcli-linux-arm64-musl cache-miss
580 http fetch GET 200 https://registry.npmmirror.com/package-manager-detector 269ms (cache revalidated)
581 silly packumentCache full:https://registry.npmmirror.com/package-manager-detector set size:66406 disposed:false
582 silly fetch manifest hast-util-select@^6.0.2
583 silly packumentCache full:https://registry.npmmirror.com/hast-util-select cache-miss
584 http fetch GET 200 https://registry.npmmirror.com/github-slugger 363ms (cache revalidated)
585 silly packumentCache full:https://registry.npmmirror.com/github-slugger set size:28343 disposed:false
586 silly fetch manifest hast-util-to-html@^9.0.1
587 silly packumentCache full:https://registry.npmmirror.com/hast-util-to-html cache-miss
588 http fetch GET 200 https://registry.npmmirror.com/picomatch 274ms (cache revalidated)
589 silly packumentCache full:https://registry.npmmirror.com/picomatch set size:99804 disposed:false
590 silly fetch manifest hast-util-to-text@^4.0.1
591 silly packumentCache full:https://registry.npmmirror.com/hast-util-to-text cache-miss
592 http fetch GET 200 https://registry.npmmirror.com/smol-toml 270ms (cache revalidated)
593 silly packumentCache full:https://registry.npmmirror.com/smol-toml set size:64261 disposed:false
594 silly fetch manifest hastscript@^9.0.0
595 silly packumentCache full:https://registry.npmmirror.com/hastscript cache-hit
596 silly fetch manifest postcss@^8.4.38
597 silly packumentCache full:https://registry.npmmirror.com/postcss cache-hit
598 silly fetch manifest postcss-nested@^6.0.1
599 silly packumentCache full:https://registry.npmmirror.com/postcss-nested cache-miss
600 http fetch GET 200 https://registry.npmmirror.com/neotraverse 337ms (cache revalidated)
601 silly packumentCache full:https://registry.npmmirror.com/neotraverse set size:57172 disposed:false
602 silly fetch manifest unist-util-visit-parents@^6.0.1
603 silly packumentCache full:https://registry.npmmirror.com/unist-util-visit-parents cache-miss
604 http fetch GET 200 https://registry.npmmirror.com/semver 282ms (cache revalidated)
605 silly packumentCache full:https://registry.npmmirror.com/semver set size:201579 disposed:false
606 silly fetch manifest @iconify/types@*
607 silly packumentCache full:https://registry.npmmirror.com/@iconify%2ftypes cache-miss
608 http fetch GET 200 https://registry.npmmirror.com/tinyexec 279ms (cache revalidated)
609 silly packumentCache full:https://registry.npmmirror.com/tinyexec set size:40431 disposed:false
610 silly fetch manifest @iconify/types@*
611 silly packumentCache full:https://registry.npmmirror.com/@iconify%2ftypes cache-miss
612 http fetch GET 200 https://registry.npmmirror.com/ultrahtml 267ms (cache revalidated)
613 silly packumentCache full:https://registry.npmmirror.com/ultrahtml set size:122031 disposed:false
614 silly fetch manifest @iconify/types@*
615 silly packumentCache full:https://registry.npmmirror.com/@iconify%2ftypes cache-miss
616 http fetch GET 200 https://registry.npmmirror.com/p-queue 308ms (cache revalidated)
617 silly packumentCache full:https://registry.npmmirror.com/p-queue set size:138379 disposed:false
618 silly fetch manifest @iconify/types@*
619 silly packumentCache full:https://registry.npmmirror.com/@iconify%2ftypes cache-miss
620 http fetch GET 200 https://registry.npmmirror.com/tinyglobby 281ms (cache revalidated)
621 silly packumentCache full:https://registry.npmmirror.com/tinyglobby set size:52303 disposed:false
622 silly fetch manifest @iconify/types@*
623 silly packumentCache full:https://registry.npmmirror.com/@iconify%2ftypes cache-miss
624 http fetch GET 200 https://registry.npmmirror.com/shiki 297ms (cache revalidated)
625 silly packumentCache full:https://registry.npmmirror.com/shiki set size:553385 disposed:false
626 silly fetch manifest @iconify/types@*
627 silly packumentCache full:https://registry.npmmirror.com/@iconify%2ftypes cache-miss
628 http fetch GET 200 https://registry.npmmirror.com/rehype 310ms (cache revalidated)
629 silly packumentCache full:https://registry.npmmirror.com/rehype set size:43789 disposed:false
630 silly fetch manifest @iconify/types@^2.0.0
631 silly packumentCache full:https://registry.npmmirror.com/@iconify%2ftypes cache-miss
632 http fetch GET 200 https://registry.npmmirror.com/tsconfck 295ms (cache revalidated)
633 silly packumentCache full:https://registry.npmmirror.com/tsconfck set size:172221 disposed:false
634 silly fetch manifest @rollup/pluginutils@^5.0.1
635 silly packumentCache full:https://registry.npmmirror.com/@rollup%2fpluginutils cache-hit
636 silly fetch manifest tosource@^2.0.0-alpha.3
637 silly packumentCache full:https://registry.npmmirror.com/tosource cache-miss
638 http fetch GET 200 https://registry.npmmirror.com/unifont 300ms (cache revalidated)
639 silly packumentCache full:https://registry.npmmirror.com/unifont set size:45036 disposed:false
640 silly fetch manifest @swup/a11y-plugin@^5.0.0
641 silly packumentCache full:https://registry.npmmirror.com/@swup%2fa11y-plugin cache-miss
642 http fetch GET 200 https://registry.npmmirror.com/unstorage 290ms (cache revalidated)
643 silly packumentCache full:https://registry.npmmirror.com/unstorage set size:310628 disposed:false
644 silly fetch manifest @swup/body-class-plugin@^3.0.0
645 silly packumentCache full:https://registry.npmmirror.com/@swup%2fbody-class-plugin cache-miss
646 http fetch GET 200 https://registry.npmmirror.com/vfile 267ms (cache revalidated)
647 silly packumentCache full:https://registry.npmmirror.com/vfile set size:159142 disposed:false
648 silly fetch manifest @swup/debug-plugin@^4.0.0
649 silly packumentCache full:https://registry.npmmirror.com/@swup%2fdebug-plugin cache-miss
650 http fetch GET 200 https://registry.npmmirror.com/yargs-parser 272ms (cache revalidated)
651 silly packumentCache full:https://registry.npmmirror.com/yargs-parser set size:193344 disposed:false
652 silly fetch manifest @swup/fade-theme@^2.0.0
653 silly packumentCache full:https://registry.npmmirror.com/@swup%2ffade-theme cache-miss
654 http fetch GET 200 https://registry.npmmirror.com/zod 280ms (cache revalidated)
655 silly packumentCache full:https://registry.npmmirror.com/zod set size:3119557 disposed:false
656 silly fetch manifest @swup/forms-plugin@^3.0.0
657 silly packumentCache full:https://registry.npmmirror.com/@swup%2fforms-plugin cache-miss
658 http fetch GET 200 https://registry.npmmirror.com/@biomejs%2fcli-win32-x64 316ms (cache revalidated)
659 silly packumentCache full:https://registry.npmmirror.com/@biomejs%2fcli-win32-x64 set size:195628 disposed:false
660 silly fetch manifest @swup/fragment-plugin@^1.1.2
661 silly packumentCache full:https://registry.npmmirror.com/@swup%2ffragment-plugin cache-miss
662 http fetch GET 200 https://registry.npmmirror.com/@biomejs%2fcli-win32-arm64 308ms (cache revalidated)
663 silly packumentCache full:https://registry.npmmirror.com/@biomejs%2fcli-win32-arm64 set size:197114 disposed:false
664 silly fetch manifest @swup/head-plugin@^2.0.0
665 silly packumentCache full:https://registry.npmmirror.com/@swup%2fhead-plugin cache-miss
666 http fetch GET 200 https://registry.npmmirror.com/@biomejs%2fcli-linux-x64-musl 299ms (cache revalidated)
667 silly packumentCache full:https://registry.npmmirror.com/@biomejs%2fcli-linux-x64-musl set size:154879 disposed:false
668 silly fetch manifest @swup/overlay-theme@^2.0.0
669 silly packumentCache full:https://registry.npmmirror.com/@swup%2foverlay-theme cache-miss
670 http fetch GET 200 https://registry.npmmirror.com/@biomejs%2fcli-darwin-x64 314ms (cache revalidated)
671 silly packumentCache full:https://registry.npmmirror.com/@biomejs%2fcli-darwin-x64 set size:196363 disposed:false
672 silly fetch manifest @swup/parallel-plugin@^0.4.0
673 silly packumentCache full:https://registry.npmmirror.com/@swup%2fparallel-plugin cache-miss
674 http fetch GET 200 https://registry.npmmirror.com/@biomejs%2fcli-linux-x64 316ms (cache revalidated)
675 silly packumentCache full:https://registry.npmmirror.com/@biomejs%2fcli-linux-x64 set size:196988 disposed:false
676 silly fetch manifest @swup/preload-plugin@^3.0.0
677 silly packumentCache full:https://registry.npmmirror.com/@swup%2fpreload-plugin cache-miss
678 http fetch GET 200 https://registry.npmmirror.com/@biomejs%2fcli-darwin-arm64 323ms (cache revalidated)
679 silly packumentCache full:https://registry.npmmirror.com/@biomejs%2fcli-darwin-arm64 set size:197855 disposed:false
680 silly fetch manifest @swup/progress-plugin@^3.0.0
681 silly packumentCache full:https://registry.npmmirror.com/@swup%2fprogress-plugin cache-miss
682 http fetch GET 200 https://registry.npmmirror.com/vitefu 407ms (cache revalidated)
683 silly packumentCache full:https://registry.npmmirror.com/vitefu set size:45140 disposed:false
684 silly fetch manifest @swup/route-name-plugin@^4.0.0
685 silly packumentCache full:https://registry.npmmirror.com/@swup%2froute-name-plugin cache-miss
686 http fetch GET 200 https://registry.npmmirror.com/@biomejs%2fcli-linux-arm64-musl 320ms (cache revalidated)
687 silly packumentCache full:https://registry.npmmirror.com/@biomejs%2fcli-linux-arm64-musl set size:156017 disposed:false
688 silly fetch manifest @swup/scripts-plugin@^2.0.0
689 silly packumentCache full:https://registry.npmmirror.com/@swup%2fscripts-plugin cache-miss
690 http fetch GET 200 https://registry.npmmirror.com/@biomejs%2fcli-linux-arm64 328ms (cache revalidated)
691 silly packumentCache full:https://registry.npmmirror.com/@biomejs%2fcli-linux-arm64 set size:198493 disposed:false
692 silly fetch manifest @swup/scroll-plugin@^3.0.0
693 silly packumentCache full:https://registry.npmmirror.com/@swup%2fscroll-plugin cache-miss
694 http fetch GET 200 https://registry.npmmirror.com/xxhash-wasm 411ms (cache revalidated)
695 silly packumentCache full:https://registry.npmmirror.com/xxhash-wasm set size:46881 disposed:false
696 silly fetch manifest @swup/slide-theme@^2.0.0
697 silly packumentCache full:https://registry.npmmirror.com/@swup%2fslide-theme cache-miss
698 http fetch GET 200 https://registry.npmmirror.com/zod-to-json-schema 378ms (cache revalidated)
699 silly packumentCache full:https://registry.npmmirror.com/zod-to-json-schema set size:293818 disposed:false
700 silly fetch manifest swup@^4.0.0
701 silly packumentCache full:https://registry.npmmirror.com/swup cache-miss
702 http fetch GET 200 https://registry.npmmirror.com/yocto-spinner 416ms (cache revalidated)
703 silly packumentCache full:https://registry.npmmirror.com/yocto-spinner set size:22627 disposed:false
704 silly fetch manifest swup-morph-plugin@^1.0.0
705 silly packumentCache full:https://registry.npmmirror.com/swup-morph-plugin cache-miss
706 http fetch GET 200 https://registry.npmmirror.com/zod-to-ts 383ms (cache revalidated)
707 silly packumentCache full:https://registry.npmmirror.com/zod-to-ts set size:49691 disposed:false
708 silly fetch manifest postcss-selector-parser@6.0.10
709 silly packumentCache full:https://registry.npmmirror.com/postcss-selector-parser cache-miss
710 http fetch GET 200 https://registry.npmmirror.com/hast-util-to-text 331ms (cache revalidated)
711 silly packumentCache full:https://registry.npmmirror.com/hast-util-to-text set size:42036 disposed:false
712 silly fetch manifest arg@^5.0.2
713 silly packumentCache full:https://registry.npmmirror.com/arg cache-miss
714 http fetch GET 200 https://registry.npmmirror.com/hast-util-select 344ms (cache revalidated)
715 silly packumentCache full:https://registry.npmmirror.com/hast-util-select set size:84754 disposed:false
716 silly fetch manifest chokidar@^3.6.0
717 silly packumentCache full:https://registry.npmmirror.com/chokidar cache-miss
718 http fetch GET 200 https://registry.npmmirror.com/@iconify%2ftypes 322ms (cache revalidated)
719 silly packumentCache full:https://registry.npmmirror.com/@iconify%2ftypes set size:52246 disposed:false
720 silly fetch manifest didyoumean@^1.2.2
721 silly packumentCache full:https://registry.npmmirror.com/didyoumean cache-miss
722 http fetch GET 200 https://registry.npmmirror.com/unist-util-visit-parents 330ms (cache revalidated)
723 silly packumentCache full:https://registry.npmmirror.com/unist-util-visit-parents set size:88882 disposed:false
724 silly fetch manifest fast-glob@^3.3.2
725 silly packumentCache full:https://registry.npmmirror.com/fast-glob cache-miss
726 http fetch GET 200 https://registry.npmmirror.com/@iconify%2ftypes 326ms (cache revalidated)
727 silly packumentCache full:https://registry.npmmirror.com/@iconify%2ftypes set size:52246 disposed:false
728 silly packumentCache full:https://registry.npmmirror.com/@iconify%2ftypes dispose
729 silly fetch manifest glob-parent@^6.0.2
730 silly packumentCache full:https://registry.npmmirror.com/glob-parent cache-miss
731 http fetch GET 200 https://registry.npmmirror.com/@iconify%2ftypes 325ms (cache revalidated)
732 silly packumentCache full:https://registry.npmmirror.com/@iconify%2ftypes set size:52246 disposed:true
733 silly packumentCache full:https://registry.npmmirror.com/@iconify%2ftypes dispose
734 silly fetch manifest is-glob@^4.0.3
735 silly packumentCache full:https://registry.npmmirror.com/is-glob cache-miss
736 http fetch GET 200 https://registry.npmmirror.com/@iconify%2ftypes 322ms (cache revalidated)
737 silly packumentCache full:https://registry.npmmirror.com/@iconify%2ftypes set size:52246 disposed:true
738 silly packumentCache full:https://registry.npmmirror.com/@iconify%2ftypes dispose
739 silly fetch manifest jiti@^1.21.7
740 silly packumentCache full:https://registry.npmmirror.com/jiti cache-miss
741 http fetch GET 200 https://registry.npmmirror.com/@iconify%2ftypes 326ms (cache revalidated)
742 silly packumentCache full:https://registry.npmmirror.com/@iconify%2ftypes set size:52246 disposed:true
743 silly packumentCache full:https://registry.npmmirror.com/@iconify%2ftypes dispose
744 silly fetch manifest lilconfig@^3.1.3
745 silly packumentCache full:https://registry.npmmirror.com/lilconfig cache-miss
746 http fetch GET 200 https://registry.npmmirror.com/postcss-nested 345ms (cache revalidated)
747 silly packumentCache full:https://registry.npmmirror.com/postcss-nested set size:64899 disposed:false
748 silly fetch manifest micromatch@^4.0.8
749 silly packumentCache full:https://registry.npmmirror.com/micromatch cache-miss
750 http fetch GET 200 https://registry.npmmirror.com/hast-util-to-html 364ms (cache revalidated)
751 silly packumentCache full:https://registry.npmmirror.com/hast-util-to-html set size:108575 disposed:false
752 silly fetch manifest normalize-path@^3.0.0
753 silly packumentCache full:https://registry.npmmirror.com/normalize-path cache-miss
754 http fetch GET 200 https://registry.npmmirror.com/@iconify%2ftypes 319ms (cache revalidated)
755 silly packumentCache full:https://registry.npmmirror.com/@iconify%2ftypes set size:52246 disposed:true
756 silly packumentCache full:https://registry.npmmirror.com/@iconify%2ftypes dispose
757 silly fetch manifest object-hash@^3.0.0
758 silly packumentCache full:https://registry.npmmirror.com/object-hash cache-miss
759 http fetch GET 200 https://registry.npmmirror.com/@iconify%2ftypes 325ms (cache revalidated)
760 silly packumentCache full:https://registry.npmmirror.com/@iconify%2ftypes set size:52246 disposed:true
761 silly packumentCache full:https://registry.npmmirror.com/@iconify%2ftypes dispose
762 silly fetch manifest postcss@^8.4.47
763 silly packumentCache full:https://registry.npmmirror.com/postcss cache-hit
764 silly fetch manifest postcss-import@^15.1.0
765 silly packumentCache full:https://registry.npmmirror.com/postcss-import cache-hit
766 silly fetch manifest postcss-js@^4.0.1
767 silly packumentCache full:https://registry.npmmirror.com/postcss-js cache-miss
768 http fetch GET 200 https://registry.npmmirror.com/tosource 320ms (cache revalidated)
769 silly packumentCache full:https://registry.npmmirror.com/tosource set size:16305 disposed:false
770 silly fetch manifest postcss-load-config@^4.0.2 || ^5.0 || ^6.0
771 silly packumentCache full:https://registry.npmmirror.com/postcss-load-config cache-miss
772 http fetch GET 200 https://registry.npmmirror.com/@swup%2fa11y-plugin 373ms (cache revalidated)
773 silly packumentCache full:https://registry.npmmirror.com/@swup%2fa11y-plugin set size:50717 disposed:false
774 silly fetch manifest postcss-nested@^6.2.0
775 silly packumentCache full:https://registry.npmmirror.com/postcss-nested cache-hit
776 silly fetch manifest postcss-selector-parser@^6.1.2
777 silly packumentCache full:https://registry.npmmirror.com/postcss-selector-parser cache-miss
778 http fetch GET 200 https://registry.npmmirror.com/@swup%2fbody-class-plugin 358ms (cache revalidated)
779 silly packumentCache full:https://registry.npmmirror.com/@swup%2fbody-class-plugin set size:27788 disposed:false
780 silly fetch manifest resolve@^1.22.8
781 silly packumentCache full:https://registry.npmmirror.com/resolve cache-miss
782 http fetch GET 200 https://registry.npmmirror.com/@swup%2fdebug-plugin 354ms (cache revalidated)
783 silly packumentCache full:https://registry.npmmirror.com/@swup%2fdebug-plugin set size:32488 disposed:false
784 silly fetch manifest sucrase@^3.35.0
785 silly packumentCache full:https://registry.npmmirror.com/sucrase cache-miss
786 http fetch GET 200 https://registry.npmmirror.com/@swup%2ffade-theme 329ms (cache revalidated)
787 silly packumentCache full:https://registry.npmmirror.com/@swup%2ffade-theme set size:23103 disposed:false
788 silly fetch manifest @types/unist@*
789 silly packumentCache full:https://registry.npmmirror.com/@types%2funist cache-miss
790 http fetch GET 200 https://registry.npmmirror.com/chokidar 197ms (cache revalidated)
791 silly packumentCache full:https://registry.npmmirror.com/chokidar set size:226064 disposed:false
792 silly fetch manifest @types/mdurl@^2
793 silly packumentCache full:https://registry.npmmirror.com/@types%2fmdurl cache-miss
794 http fetch GET 200 https://registry.npmmirror.com/@swup%2ffragment-plugin 296ms (cache revalidated)
795 silly packumentCache full:https://registry.npmmirror.com/@swup%2ffragment-plugin set size:128592 disposed:false
796 silly fetch manifest @types/linkify-it@^5
797 silly packumentCache full:https://registry.npmmirror.com/@types%2flinkify-it cache-miss
798 http fetch GET 200 https://registry.npmmirror.com/arg 242ms (cache revalidated)
799 silly packumentCache full:https://registry.npmmirror.com/arg set size:72151 disposed:false
800 silly fetch manifest @types/unist@*
801 silly packumentCache full:https://registry.npmmirror.com/@types%2funist cache-miss
802 http fetch GET 200 https://registry.npmmirror.com/@swup%2fhead-plugin 295ms (cache revalidated)
803 silly packumentCache full:https://registry.npmmirror.com/@swup%2fhead-plugin set size:42002 disposed:false
804 silly fetch manifest htmlparser2@^8.0.0
805 silly packumentCache full:https://registry.npmmirror.com/htmlparser2 cache-miss
806 http fetch GET 200 https://registry.npmmirror.com/@swup%2foverlay-theme 299ms (cache revalidated)
807 silly packumentCache full:https://registry.npmmirror.com/@swup%2foverlay-theme set size:28877 disposed:false
808 silly fetch manifest rehype-expressive-code@^0.41.3
809 silly packumentCache full:https://registry.npmmirror.com/rehype-expressive-code cache-miss
810 http fetch GET 200 https://registry.npmmirror.com/@swup%2fparallel-plugin 302ms (cache revalidated)
811 silly packumentCache full:https://registry.npmmirror.com/@swup%2fparallel-plugin set size:31801 disposed:false
812 silly fetch manifest @iconify/tools@^4.0.5
813 silly packumentCache full:https://registry.npmmirror.com/@iconify%2ftools cache-miss
814 http fetch GET 200 https://registry.npmmirror.com/@swup%2fslide-theme 282ms (cache revalidated)
815 silly packumentCache full:https://registry.npmmirror.com/@swup%2fslide-theme set size:22983 disposed:false
816 silly fetch manifest @iconify/utils@^2.1.30
817 silly packumentCache full:https://registry.npmmirror.com/@iconify%2futils cache-miss
818 http fetch GET 200 https://registry.npmmirror.com/@swup%2froute-name-plugin 300ms (cache revalidated)
819 silly packumentCache full:https://registry.npmmirror.com/@swup%2froute-name-plugin set size:24427 disposed:false
820 silly fetch manifest @types/node@^12.20.55
821 silly packumentCache full:https://registry.npmmirror.com/@types%2fnode cache-miss
822 http fetch GET 200 https://registry.npmmirror.com/@swup%2fprogress-plugin 305ms (cache revalidated)
823 silly packumentCache full:https://registry.npmmirror.com/@swup%2fprogress-plugin set size:35424 disposed:false
824 silly fetch manifest @types/through2@^2.0.38
825 silly packumentCache full:https://registry.npmmirror.com/@types%2fthrough2 cache-miss
826 http fetch GET 200 https://registry.npmmirror.com/@swup%2fscroll-plugin 298ms (cache revalidated)
827 silly packumentCache full:https://registry.npmmirror.com/@swup%2fscroll-plugin set size:82926 disposed:false
828 silly fetch manifest b3b@^0.0.1
829 silly packumentCache full:https://registry.npmmirror.com/b3b cache-miss
830 http fetch GET 200 https://registry.npmmirror.com/didyoumean 277ms (cache revalidated)
831 silly packumentCache full:https://registry.npmmirror.com/didyoumean set size:10415 disposed:false
832 silly fetch manifest buffer-to-vinyl@^1.0.0
833 silly packumentCache full:https://registry.npmmirror.com/buffer-to-vinyl cache-miss
834 http fetch GET 200 https://registry.npmmirror.com/fast-glob 276ms (cache revalidated)
835 silly packumentCache full:https://registry.npmmirror.com/fast-glob set size:194914 disposed:false
836 silly fetch manifest code-points@^2.0.0-1
837 silly packumentCache full:https://registry.npmmirror.com/code-points cache-miss
838 http fetch GET 200 https://registry.npmmirror.com/@swup%2fscripts-plugin 314ms (cache revalidated)
839 silly packumentCache full:https://registry.npmmirror.com/@swup%2fscripts-plugin set size:15283 disposed:false
840 silly fetch manifest concat-stream@^2.0.0
841 silly packumentCache full:https://registry.npmmirror.com/concat-stream cache-miss
842 http fetch GET 200 https://registry.npmmirror.com/swup-morph-plugin 302ms (cache revalidated)
843 silly packumentCache full:https://registry.npmmirror.com/swup-morph-plugin set size:25590 disposed:false
844 silly fetch manifest fonteditor-core@~2.4.0
845 silly packumentCache full:https://registry.npmmirror.com/fonteditor-core cache-miss
846 http fetch GET 200 https://registry.npmmirror.com/@swup%2fpreload-plugin 330ms (cache revalidated)
847 silly packumentCache full:https://registry.npmmirror.com/@swup%2fpreload-plugin set size:85770 disposed:false
848 silly fetch manifest get-stdin@^8.0.0
849 silly packumentCache full:https://registry.npmmirror.com/get-stdin cache-miss
850 http fetch GET 200 https://registry.npmmirror.com/glob-parent 288ms (cache revalidated)
851 silly packumentCache full:https://registry.npmmirror.com/glob-parent set size:34765 disposed:false
852 silly fetch manifest is-otf@^0.1.2
853 silly packumentCache full:https://registry.npmmirror.com/is-otf cache-miss
854 http fetch GET 200 https://registry.npmmirror.com/is-glob 288ms (cache revalidated)
855 silly packumentCache full:https://registry.npmmirror.com/is-glob set size:39478 disposed:false
856 silly fetch manifest is-svg@^4.2.1
857 silly packumentCache full:https://registry.npmmirror.com/is-svg cache-miss
858 http fetch GET 200 https://registry.npmmirror.com/swup 327ms (cache revalidated)
859 silly packumentCache full:https://registry.npmmirror.com/swup set size:452390 disposed:false
860 silly fetch manifest is-ttf@^0.2.2
861 silly packumentCache full:https://registry.npmmirror.com/is-ttf cache-miss
862 http fetch GET 200 https://registry.npmmirror.com/jiti 311ms (cache revalidated)
863 silly packumentCache full:https://registry.npmmirror.com/jiti set size:343421 disposed:false
864 silly fetch manifest lodash@^4.17.10
865 silly packumentCache full:https://registry.npmmirror.com/lodash cache-miss
866 http fetch GET 200 https://registry.npmmirror.com/object-hash 312ms (cache revalidated)
867 silly packumentCache full:https://registry.npmmirror.com/object-hash set size:92882 disposed:false
868 silly fetch manifest meow@^9.0.0
869 silly packumentCache full:https://registry.npmmirror.com/meow cache-miss
870 http fetch GET 200 https://registry.npmmirror.com/micromatch 324ms (cache revalidated)
871 silly packumentCache full:https://registry.npmmirror.com/micromatch set size:240427 disposed:false
872 silly fetch manifest pako@^2.0.3
873 silly packumentCache full:https://registry.npmmirror.com/pako cache-miss
874 http fetch GET 200 https://registry.npmmirror.com/postcss-selector-parser 355ms (cache revalidated)
875 silly packumentCache full:https://registry.npmmirror.com/postcss-selector-parser set size:159232 disposed:false
876 silly fetch manifest replace-ext@^2.0.0
877 silly packumentCache full:https://registry.npmmirror.com/replace-ext cache-miss
878 http fetch GET 200 https://registry.npmmirror.com/postcss-load-config 322ms (cache revalidated)
879 silly packumentCache full:https://registry.npmmirror.com/postcss-load-config set size:80198 disposed:false
880 silly fetch manifest stream-combiner@^0.2.1
881 silly packumentCache full:https://registry.npmmirror.com/stream-combiner cache-miss
882 http fetch GET 200 https://registry.npmmirror.com/postcss-selector-parser 259ms (cache revalidated)
883 silly packumentCache full:https://registry.npmmirror.com/postcss-selector-parser set size:159232 disposed:false
884 silly packumentCache full:https://registry.npmmirror.com/postcss-selector-parser dispose
885 silly fetch manifest through2@^4.0.2
886 silly packumentCache full:https://registry.npmmirror.com/through2 cache-miss
887 http fetch GET 200 https://registry.npmmirror.com/normalize-path 336ms (cache revalidated)
888 silly packumentCache full:https://registry.npmmirror.com/normalize-path set size:28480 disposed:false
889 silly fetch manifest ttf2woff2@^4.0.1
890 silly packumentCache full:https://registry.npmmirror.com/ttf2woff2 cache-miss
891 http fetch GET 200 https://registry.npmmirror.com/lilconfig 346ms (cache revalidated)
892 silly packumentCache full:https://registry.npmmirror.com/lilconfig set size:37564 disposed:false
893 silly fetch manifest vinyl-fs@^3.0.3
894 silly packumentCache full:https://registry.npmmirror.com/vinyl-fs cache-miss
895 http fetch GET 200 https://registry.npmmirror.com/resolve 207ms (cache revalidated)
896 silly packumentCache full:https://registry.npmmirror.com/resolve set size:219321 disposed:false
897 silly fetch manifest comma-separated-tokens@^2.0.0
898 silly packumentCache full:https://registry.npmmirror.com/comma-separated-tokens cache-miss
899 http fetch GET 200 https://registry.npmmirror.com/postcss-js 348ms (cache revalidated)
900 silly packumentCache full:https://registry.npmmirror.com/postcss-js set size:38171 disposed:false
901 silly fetch manifest hast-util-parse-selector@^4.0.0
902 silly packumentCache full:https://registry.npmmirror.com/hast-util-parse-selector cache-miss
903 http fetch GET 200 https://registry.npmmirror.com/sucrase 214ms (cache revalidated)
904 silly packumentCache full:https://registry.npmmirror.com/sucrase set size:406813 disposed:false
905 silly fetch manifest property-information@^7.0.0
906 silly packumentCache full:https://registry.npmmirror.com/property-information cache-miss
907 http fetch GET 200 https://registry.npmmirror.com/@types%2funist 242ms (cache revalidated)
908 silly packumentCache full:https://registry.npmmirror.com/@types%2funist set size:34366 disposed:false
909 silly fetch manifest space-separated-tokens@^2.0.0
910 silly packumentCache full:https://registry.npmmirror.com/space-separated-tokens cache-miss
911 http fetch GET 200 https://registry.npmmirror.com/@types%2fmdurl 260ms (cache revalidated)
912 silly packumentCache full:https://registry.npmmirror.com/@types%2fmdurl set size:11942 disposed:false
913 silly fetch manifest commander@^8.3.0
914 silly packumentCache full:https://registry.npmmirror.com/commander cache-miss
915 http fetch GET 200 https://registry.npmmirror.com/htmlparser2 232ms (cache revalidated)
916 silly packumentCache full:https://registry.npmmirror.com/htmlparser2 set size:147906 disposed:false
917 silly fetch manifest argparse@^2.0.1
918 silly packumentCache full:https://registry.npmmirror.com/argparse cache-miss
919 http fetch GET 200 https://registry.npmmirror.com/@types%2funist 246ms (cache revalidated)
920 silly packumentCache full:https://registry.npmmirror.com/@types%2funist set size:34366 disposed:false
921 silly packumentCache full:https://registry.npmmirror.com/@types%2funist dispose
922 silly fetch manifest entities@^4.4.0
923 silly packumentCache full:https://registry.npmmirror.com/entities cache-miss
924 http fetch GET 200 https://registry.npmmirror.com/@iconify%2futils 228ms (cache revalidated)
925 silly packumentCache full:https://registry.npmmirror.com/@iconify%2futils set size:882199 disposed:false
926 silly fetch manifest linkify-it@^5.0.0
927 silly packumentCache full:https://registry.npmmirror.com/linkify-it cache-miss
928 http fetch GET 200 https://registry.npmmirror.com/@swup%2fforms-plugin 609ms (cache revalidated)
929 silly packumentCache full:https://registry.npmmirror.com/@swup%2fforms-plugin set size:56954 disposed:false
930 silly fetch manifest mdurl@^2.0.0
931 silly packumentCache full:https://registry.npmmirror.com/mdurl cache-miss
932 http fetch GET 200 https://registry.npmmirror.com/@types%2flinkify-it 292ms (cache revalidated)
933 silly packumentCache full:https://registry.npmmirror.com/@types%2flinkify-it set size:22751 disposed:false
934 silly fetch manifest punycode.js@^2.3.1
935 silly packumentCache full:https://registry.npmmirror.com/punycode.js cache-miss
936 http fetch GET 200 https://registry.npmmirror.com/concat-stream 242ms (cache revalidated)
937 silly packumentCache full:https://registry.npmmirror.com/concat-stream set size:60983 disposed:false
938 silly fetch manifest uc.micro@^2.1.0
939 silly packumentCache full:https://registry.npmmirror.com/uc.micro cache-miss
940 http fetch GET 200 https://registry.npmmirror.com/@types%2fnode 288ms (cache revalidated)
941 silly packumentCache full:https://registry.npmmirror.com/@types%2fnode set size:9925431 disposed:false
942 silly fetch manifest css-select@^5.1.0
943 silly packumentCache full:https://registry.npmmirror.com/css-select cache-miss
944 http fetch GET 200 https://registry.npmmirror.com/@iconify%2ftools 592ms (cache revalidated)
945 silly packumentCache full:https://registry.npmmirror.com/@iconify%2ftools set size:1216479 disposed:false
946 silly fetch manifest he@1.2.0
947 silly packumentCache full:https://registry.npmmirror.com/he cache-miss
948 http fetch GET 200 https://registry.npmmirror.com/b3b 613ms (cache revalidated)
949 silly packumentCache full:https://registry.npmmirror.com/b3b set size:3369 disposed:false
950 silly fetch manifest @pagefind/linux-x64@1.4.0
951 silly packumentCache full:https://registry.npmmirror.com/@pagefind%2flinux-x64 cache-miss
952 http fetch GET 200 https://registry.npmmirror.com/meow 554ms (cache revalidated)
953 silly packumentCache full:https://registry.npmmirror.com/meow set size:105483 disposed:false
954 silly fetch manifest @pagefind/linux-arm64@1.4.0
955 silly packumentCache full:https://registry.npmmirror.com/@pagefind%2flinux-arm64 cache-miss
956 http fetch GET 200 https://registry.npmmirror.com/rehype-expressive-code 641ms (cache revalidated)
957 silly packumentCache full:https://registry.npmmirror.com/rehype-expressive-code set size:67123 disposed:false
958 silly fetch manifest @pagefind/darwin-x64@1.4.0
959 silly packumentCache full:https://registry.npmmirror.com/@pagefind%2fdarwin-x64 cache-miss
960 http fetch GET 200 https://registry.npmmirror.com/is-svg 600ms (cache revalidated)
961 silly packumentCache full:https://registry.npmmirror.com/is-svg set size:47097 disposed:false
962 silly fetch manifest @pagefind/darwin-arm64@1.4.0
963 silly packumentCache full:https://registry.npmmirror.com/@pagefind%2fdarwin-arm64 cache-miss
964 http fetch GET 200 https://registry.npmmirror.com/replace-ext 551ms (cache revalidated)
965 silly packumentCache full:https://registry.npmmirror.com/replace-ext set size:10393 disposed:false
966 silly fetch manifest @pagefind/windows-x64@1.4.0
967 silly packumentCache full:https://registry.npmmirror.com/@pagefind%2fwindows-x64 cache-miss
968 http fetch GET 200 https://registry.npmmirror.com/code-points 617ms (cache revalidated)
969 silly packumentCache full:https://registry.npmmirror.com/code-points set size:17727 disposed:false
970 silly fetch manifest @pagefind/freebsd-x64@1.4.0
971 silly packumentCache full:https://registry.npmmirror.com/@pagefind%2ffreebsd-x64 cache-miss
972 http fetch GET 200 https://registry.npmmirror.com/is-otf 610ms (cache revalidated)
973 silly packumentCache full:https://registry.npmmirror.com/is-otf set size:5156 disposed:false
974 silly fetch manifest postcss-value-parser@^4.0.0
975 silly packumentCache full:https://registry.npmmirror.com/postcss-value-parser cache-miss
976 http fetch GET 200 https://registry.npmmirror.com/@types%2fthrough2 636ms (cache revalidated)
977 silly packumentCache full:https://registry.npmmirror.com/@types%2fthrough2 set size:52168 disposed:false
978 silly fetch manifest read-cache@^1.0.0
979 silly packumentCache full:https://registry.npmmirror.com/read-cache cache-miss
980 http fetch GET 200 https://registry.npmmirror.com/lodash 582ms (cache revalidated)
981 silly packumentCache full:https://registry.npmmirror.com/lodash set size:203686 disposed:false
982 silly fetch manifest resolve@^1.1.7
983 silly packumentCache full:https://registry.npmmirror.com/resolve cache-hit
984 silly fetch manifest nanoid@^3.3.11
985 silly packumentCache full:https://registry.npmmirror.com/nanoid cache-miss
986 http fetch GET 200 https://registry.npmmirror.com/get-stdin 625ms (cache revalidated)
987 silly packumentCache full:https://registry.npmmirror.com/get-stdin set size:22800 disposed:false
988 silly fetch manifest source-map-js@^1.2.1
989 silly packumentCache full:https://registry.npmmirror.com/source-map-js cache-miss
990 http fetch GET 200 https://registry.npmmirror.com/vinyl-fs 561ms (cache revalidated)
991 silly packumentCache full:https://registry.npmmirror.com/vinyl-fs set size:110984 disposed:false
992 silly fetch manifest postcss-selector-parser@^7.0.0
993 silly packumentCache full:https://registry.npmmirror.com/postcss-selector-parser cache-hit
994 silly fetch manifest @ungap/structured-clone@^1.0.0
995 silly packumentCache full:https://registry.npmmirror.com/@ungap%2fstructured-clone cache-miss
996 http fetch GET 200 https://registry.npmmirror.com/buffer-to-vinyl 657ms (cache revalidated)
997 silly packumentCache full:https://registry.npmmirror.com/buffer-to-vinyl set size:5750 disposed:false
998 silly fetch manifest hast-util-heading-rank@^3.0.0
999 silly packumentCache full:https://registry.npmmirror.com/hast-util-heading-rank cache-miss
1000 http fetch GET 200 https://registry.npmmirror.com/is-ttf 622ms (cache revalidated)
1001 silly packumentCache full:https://registry.npmmirror.com/is-ttf set size:7601 disposed:false
1002 silly fetch manifest hast-util-is-element@^3.0.0
1003 silly packumentCache full:https://registry.npmmirror.com/hast-util-is-element cache-miss
1004 http fetch GET 200 https://registry.npmmirror.com/stream-combiner 590ms (cache revalidated)
1005 silly packumentCache full:https://registry.npmmirror.com/stream-combiner set size:13608 disposed:false
1006 silly fetch manifest unified@^11.0.0
1007 silly packumentCache full:https://registry.npmmirror.com/unified cache-miss
1008 http fetch GET 200 https://registry.npmmirror.com/fonteditor-core 655ms (cache revalidated)
1009 silly packumentCache full:https://registry.npmmirror.com/fonteditor-core set size:180970 disposed:false
1010 silly fetch manifest hast-util-is-element@^3.0.0
1011 silly packumentCache full:https://registry.npmmirror.com/hast-util-is-element cache-miss
1012 http fetch GET 200 https://registry.npmmirror.com/pako 606ms (cache revalidated)
1013 silly packumentCache full:https://registry.npmmirror.com/pako set size:76844 disposed:false
1014 silly fetch manifest @types/katex@^0.16.0
1015 silly packumentCache full:https://registry.npmmirror.com/@types%2fkatex cache-miss
1016 http fetch GET 200 https://registry.npmmirror.com/comma-separated-tokens 582ms (cache revalidated)
1017 silly packumentCache full:https://registry.npmmirror.com/comma-separated-tokens set size:39065 disposed:false
1018 silly fetch manifest hast-util-from-html-isomorphic@^2.0.0
1019 silly packumentCache full:https://registry.npmmirror.com/hast-util-from-html-isomorphic cache-miss
1020 http fetch GET 200 https://registry.npmmirror.com/hast-util-parse-selector 580ms (cache revalidated)
1021 silly packumentCache full:https://registry.npmmirror.com/hast-util-parse-selector set size:45386 disposed:false
1022 silly fetch manifest hast-util-to-text@^4.0.0
1023 silly packumentCache full:https://registry.npmmirror.com/hast-util-to-text cache-hit
1024 silly fetch manifest unist-util-visit-parents@^6.0.0
1025 silly packumentCache full:https://registry.npmmirror.com/unist-util-visit-parents cache-hit
1026 silly fetch manifest vfile@^6.0.0
1027 silly packumentCache full:https://registry.npmmirror.com/vfile cache-hit
1028 silly fetch manifest hast-util-heading-rank@^3.0.0
1029 silly packumentCache full:https://registry.npmmirror.com/hast-util-heading-rank cache-miss
1030 http fetch GET 200 https://registry.npmmirror.com/through2 603ms (cache revalidated)
1031 silly packumentCache full:https://registry.npmmirror.com/through2 set size:63112 disposed:false
1032 silly fetch manifest hast-util-to-string@^3.0.0
1033 silly packumentCache full:https://registry.npmmirror.com/hast-util-to-string cache-miss
1034 http fetch GET 200 https://registry.npmmirror.com/space-separated-tokens 542ms (cache revalidated)
1035 silly packumentCache full:https://registry.npmmirror.com/space-separated-tokens set size:31146 disposed:false
1036 silly fetch manifest mdast-util-directive@^3.0.0
1037 silly packumentCache full:https://registry.npmmirror.com/mdast-util-directive cache-miss
1038 http fetch GET 200 https://registry.npmmirror.com/property-information 578ms (cache revalidated)
1039 silly packumentCache full:https://registry.npmmirror.com/property-information set size:166021 disposed:false
1040 silly fetch manifest micromark-extension-directive@^3.0.0
1041 silly packumentCache full:https://registry.npmmirror.com/micromark-extension-directive cache-miss
1042 http fetch GET 200 https://registry.npmmirror.com/ttf2woff2 612ms (cache revalidated)
1043 silly packumentCache full:https://registry.npmmirror.com/ttf2woff2 set size:102447 disposed:false
1044 silly fetch manifest unified@^11.0.0
1045 silly packumentCache full:https://registry.npmmirror.com/unified cache-miss
1046 http fetch GET 200 https://registry.npmmirror.com/commander 562ms (cache revalidated)
1047 silly packumentCache full:https://registry.npmmirror.com/commander set size:285008 disposed:false
1048 silly fetch manifest hastscript@^7.0.2
1049 silly packumentCache full:https://registry.npmmirror.com/hastscript cache-hit
1050 silly fetch manifest unist-util-map@^3.1.2
1051 silly packumentCache full:https://registry.npmmirror.com/unist-util-map cache-miss
1052 http fetch GET 200 https://registry.npmmirror.com/argparse 555ms (cache revalidated)
1053 silly packumentCache full:https://registry.npmmirror.com/argparse set size:46945 disposed:false
1054 silly fetch manifest mdast-util-directive@^3.0.0
1055 silly packumentCache full:https://registry.npmmirror.com/mdast-util-directive cache-miss
1056 http fetch GET 200 https://registry.npmmirror.com/entities 591ms (cache revalidated)
1057 silly packumentCache full:https://registry.npmmirror.com/entities set size:86774 disposed:false
1058 silly fetch manifest unified@^11.0.0
1059 silly packumentCache full:https://registry.npmmirror.com/unified cache-miss
1060 http fetch GET 200 https://registry.npmmirror.com/linkify-it 582ms (cache revalidated)
1061 silly packumentCache full:https://registry.npmmirror.com/linkify-it set size:57645 disposed:false
1062 silly fetch manifest mdast-util-math@^3.0.0
1063 silly packumentCache full:https://registry.npmmirror.com/mdast-util-math cache-miss
1064 http fetch GET 200 https://registry.npmmirror.com/css-select 247ms (cache revalidated)
1065 silly packumentCache full:https://registry.npmmirror.com/css-select set size:93920 disposed:false
1066 silly fetch manifest micromark-extension-math@^3.0.0
1067 silly packumentCache full:https://registry.npmmirror.com/micromark-extension-math cache-miss
1068 http fetch GET 200 https://registry.npmmirror.com/he 226ms (cache revalidated)
1069 silly packumentCache full:https://registry.npmmirror.com/he set size:57414 disposed:false
1070 silly fetch manifest unified@^11.0.0
1071 silly packumentCache full:https://registry.npmmirror.com/unified cache-miss
1072 http fetch GET 200 https://registry.npmmirror.com/mdurl 586ms (cache revalidated)
1073 silly packumentCache full:https://registry.npmmirror.com/mdurl set size:9477 disposed:false
1074 silly fetch manifest unist-util-find-after@^4.0.1
1075 silly packumentCache full:https://registry.npmmirror.com/unist-util-find-after cache-miss
1076 http fetch GET 200 https://registry.npmmirror.com/punycode.js 586ms (cache revalidated)
1077 silly packumentCache full:https://registry.npmmirror.com/punycode.js set size:13692 disposed:false
1078 silly fetch manifest unist-util-visit@^4.1.2
1079 silly packumentCache full:https://registry.npmmirror.com/unist-util-visit cache-hit
1080 silly fetch manifest deepmerge@^4.2.2
1081 silly packumentCache full:https://registry.npmmirror.com/deepmerge cache-miss
1082 http fetch GET 200 https://registry.npmmirror.com/uc.micro 577ms (cache revalidated)
1083 silly packumentCache full:https://registry.npmmirror.com/uc.micro set size:15712 disposed:false
1084 silly fetch manifest escape-string-regexp@^4.0.0
1085 silly packumentCache full:https://registry.npmmirror.com/escape-string-regexp cache-miss
1086 http fetch GET 200 https://registry.npmmirror.com/postcss-value-parser 210ms (cache revalidated)
1087 silly packumentCache full:https://registry.npmmirror.com/postcss-value-parser set size:67405 disposed:false
1088 silly fetch manifest is-plain-object@^5.0.0
1089 silly packumentCache full:https://registry.npmmirror.com/is-plain-object cache-miss
1090 http fetch GET 200 https://registry.npmmirror.com/@ungap%2fstructured-clone 196ms (cache revalidated)
1091 silly packumentCache full:https://registry.npmmirror.com/@ungap%2fstructured-clone set size:54589 disposed:false
1092 silly fetch manifest parse-srcset@^1.0.2
1093 silly packumentCache full:https://registry.npmmirror.com/parse-srcset cache-miss
1094 http fetch GET 200 https://registry.npmmirror.com/nanoid 210ms (cache revalidated)
1095 silly packumentCache full:https://registry.npmmirror.com/nanoid set size:235985 disposed:false
1096 silly fetch manifest @shuding/opentype.js@1.4.0-beta.0
1097 silly packumentCache full:https://registry.npmmirror.com/@shuding%2fopentype.js cache-miss
1098 http fetch GET 200 https://registry.npmmirror.com/source-map-js 219ms (cache revalidated)
1099 silly packumentCache full:https://registry.npmmirror.com/source-map-js set size:61050 disposed:false
1100 silly fetch manifest css-background-parser@^0.1.0
1101 silly packumentCache full:https://registry.npmmirror.com/css-background-parser cache-miss
1102 http fetch GET 200 https://registry.npmmirror.com/@types%2fkatex 214ms (cache revalidated)
1103 silly packumentCache full:https://registry.npmmirror.com/@types%2fkatex set size:45562 disposed:false
1104 silly fetch manifest css-box-shadow@1.0.0-3
1105 silly packumentCache full:https://registry.npmmirror.com/css-box-shadow cache-miss
1106 http fetch GET 200 https://registry.npmmirror.com/hast-util-is-element 233ms (cache revalidated)
1107 silly packumentCache full:https://registry.npmmirror.com/hast-util-is-element set size:48329 disposed:false
1108 silly fetch manifest css-gradient-parser@^0.0.17
1109 silly packumentCache full:https://registry.npmmirror.com/css-gradient-parser cache-miss
1110 http fetch GET 200 https://registry.npmmirror.com/unified 235ms (cache revalidated)
1111 silly packumentCache full:https://registry.npmmirror.com/unified set size:216084 disposed:false
1112 silly fetch manifest css-to-react-native@^3.0.0
1113 silly packumentCache full:https://registry.npmmirror.com/css-to-react-native cache-miss
1114 http fetch GET 200 https://registry.npmmirror.com/@pagefind%2fdarwin-x64 289ms (cache revalidated)
1115 silly packumentCache full:https://registry.npmmirror.com/@pagefind%2fdarwin-x64 set size:84381 disposed:false
1116 silly fetch manifest emoji-regex-xs@^2.0.1
1117 silly packumentCache full:https://registry.npmmirror.com/emoji-regex-xs cache-miss
1118 http fetch GET 200 https://registry.npmmirror.com/read-cache 281ms (cache revalidated)
1119 silly packumentCache full:https://registry.npmmirror.com/read-cache set size:3033 disposed:false
1120 silly fetch manifest escape-html@^1.0.3
1121 silly packumentCache full:https://registry.npmmirror.com/escape-html cache-miss
1122 http fetch GET 200 https://registry.npmmirror.com/@pagefind%2flinux-x64 308ms (cache revalidated)
1123 silly packumentCache full:https://registry.npmmirror.com/@pagefind%2flinux-x64 set size:84035 disposed:false
1124 silly fetch manifest linebreak@^1.1.0
1125 silly packumentCache full:https://registry.npmmirror.com/linebreak cache-miss
1126 http fetch GET 200 https://registry.npmmirror.com/@pagefind%2ffreebsd-x64 298ms (cache revalidated)
1127 silly packumentCache full:https://registry.npmmirror.com/@pagefind%2ffreebsd-x64 set size:9974 disposed:false
1128 silly fetch manifest parse-css-color@^0.2.1
1129 silly packumentCache full:https://registry.npmmirror.com/parse-css-color cache-miss
1130 http fetch GET 200 https://registry.npmmirror.com/@pagefind%2fwindows-x64 304ms (cache revalidated)
1131 silly packumentCache full:https://registry.npmmirror.com/@pagefind%2fwindows-x64 set size:84539 disposed:false
1132 silly fetch manifest postcss-value-parser@^4.2.0
1133 silly packumentCache full:https://registry.npmmirror.com/postcss-value-parser cache-hit
1134 silly fetch manifest yoga-layout@^3.2.1
1135 silly packumentCache full:https://registry.npmmirror.com/yoga-layout cache-miss
1136 http fetch GET 200 https://registry.npmmirror.com/mdast-util-directive 246ms (cache revalidated)
1137 silly packumentCache full:https://registry.npmmirror.com/mdast-util-directive set size:63589 disposed:false
1138 silly fetch manifest @img/colour@^1.0.0
1139 silly packumentCache full:https://registry.npmmirror.com/@img%2fcolour cache-miss
1140 http fetch GET 200 https://registry.npmmirror.com/hast-util-heading-rank 279ms (cache revalidated)
1141 silly packumentCache full:https://registry.npmmirror.com/hast-util-heading-rank set size:23255 disposed:false
1142 silly fetch manifest detect-libc@^2.1.2
1143 silly packumentCache full:https://registry.npmmirror.com/detect-libc cache-miss
1144 http fetch GET 200 https://registry.npmmirror.com/hast-util-heading-rank 261ms (cache revalidated)
1145 silly packumentCache full:https://registry.npmmirror.com/hast-util-heading-rank set size:23255 disposed:false
1146 silly packumentCache full:https://registry.npmmirror.com/hast-util-heading-rank dispose
1147 silly fetch manifest @img/sharp-darwin-arm64@0.34.5
1148 silly packumentCache full:https://registry.npmmirror.com/@img%2fsharp-darwin-arm64 cache-miss
1149 http fetch GET 200 https://registry.npmmirror.com/@pagefind%2fdarwin-arm64 320ms (cache revalidated)
1150 silly packumentCache full:https://registry.npmmirror.com/@pagefind%2fdarwin-arm64 set size:85105 disposed:false
1151 silly fetch manifest @img/sharp-darwin-x64@0.34.5
1152 silly packumentCache full:https://registry.npmmirror.com/@img%2fsharp-darwin-x64 cache-miss
1153 http fetch GET 200 https://registry.npmmirror.com/unified 251ms (cache revalidated)
1154 silly packumentCache full:https://registry.npmmirror.com/unified set size:216084 disposed:false
1155 silly packumentCache full:https://registry.npmmirror.com/unified dispose
1156 silly fetch manifest @img/sharp-libvips-darwin-arm64@1.2.4
1157 silly packumentCache full:https://registry.npmmirror.com/@img%2fsharp-libvips-darwin-arm64 cache-miss
1158 http fetch GET 200 https://registry.npmmirror.com/hast-util-to-string 266ms (cache revalidated)
1159 silly packumentCache full:https://registry.npmmirror.com/hast-util-to-string set size:19750 disposed:false
1160 silly fetch manifest @img/sharp-libvips-darwin-x64@1.2.4
1161 silly packumentCache full:https://registry.npmmirror.com/@img%2fsharp-libvips-darwin-x64 cache-miss
1162 http fetch GET 200 https://registry.npmmirror.com/@pagefind%2flinux-arm64 337ms (cache revalidated)
1163 silly packumentCache full:https://registry.npmmirror.com/@pagefind%2flinux-arm64 set size:84752 disposed:false
1164 silly fetch manifest @img/sharp-libvips-linux-arm@1.2.4
1165 silly packumentCache full:https://registry.npmmirror.com/@img%2fsharp-libvips-linux-arm cache-miss
1166 http fetch GET 200 https://registry.npmmirror.com/hast-util-from-html-isomorphic 279ms (cache revalidated)
1167 silly packumentCache full:https://registry.npmmirror.com/hast-util-from-html-isomorphic set size:17220 disposed:false
1168 silly fetch manifest @img/sharp-libvips-linux-arm64@1.2.4
1169 silly packumentCache full:https://registry.npmmirror.com/@img%2fsharp-libvips-linux-arm64 cache-miss
1170 http fetch GET 200 https://registry.npmmirror.com/micromark-extension-directive 271ms (cache revalidated)
1171 silly packumentCache full:https://registry.npmmirror.com/micromark-extension-directive set size:80038 disposed:false
1172 silly fetch manifest @img/sharp-libvips-linux-ppc64@1.2.4
1173 silly packumentCache full:https://registry.npmmirror.com/@img%2fsharp-libvips-linux-ppc64 cache-miss
1174 http fetch GET 200 https://registry.npmmirror.com/hast-util-is-element 293ms (cache revalidated)
1175 silly packumentCache full:https://registry.npmmirror.com/hast-util-is-element set size:48329 disposed:false
1176 silly packumentCache full:https://registry.npmmirror.com/hast-util-is-element dispose
1177 silly fetch manifest @img/sharp-libvips-linux-riscv64@1.2.4
1178 silly packumentCache full:https://registry.npmmirror.com/@img%2fsharp-libvips-linux-riscv64 cache-miss
1179 http fetch GET 200 https://registry.npmmirror.com/mdast-util-directive 210ms (cache revalidated)
1180 silly packumentCache full:https://registry.npmmirror.com/mdast-util-directive set size:63589 disposed:false
1181 silly packumentCache full:https://registry.npmmirror.com/mdast-util-directive dispose
1182 silly fetch manifest @img/sharp-libvips-linux-s390x@1.2.4
1183 silly packumentCache full:https://registry.npmmirror.com/@img%2fsharp-libvips-linux-s390x cache-miss
1184 http fetch GET 200 https://registry.npmmirror.com/unified 173ms (cache revalidated)
1185 silly packumentCache full:https://registry.npmmirror.com/unified set size:216084 disposed:true
1186 silly packumentCache full:https://registry.npmmirror.com/unified dispose
1187 silly fetch manifest @img/sharp-libvips-linux-x64@1.2.4
1188 silly packumentCache full:https://registry.npmmirror.com/@img%2fsharp-libvips-linux-x64 cache-miss
1189 http fetch GET 200 https://registry.npmmirror.com/mdast-util-math 195ms (cache revalidated)
1190 silly packumentCache full:https://registry.npmmirror.com/mdast-util-math set size:40591 disposed:false
1191 silly fetch manifest @img/sharp-libvips-linuxmusl-arm64@1.2.4
1192 silly packumentCache full:https://registry.npmmirror.com/@img%2fsharp-libvips-linuxmusl-arm64 cache-miss
1193 http fetch GET 200 https://registry.npmmirror.com/unist-util-map 252ms (cache revalidated)
1194 silly packumentCache full:https://registry.npmmirror.com/unist-util-map set size:47434 disposed:false
1195 silly fetch manifest @img/sharp-libvips-linuxmusl-x64@1.2.4
1196 silly packumentCache full:https://registry.npmmirror.com/@img%2fsharp-libvips-linuxmusl-x64 cache-miss
1197 http fetch GET 200 https://registry.npmmirror.com/deepmerge 190ms (cache revalidated)
1198 silly packumentCache full:https://registry.npmmirror.com/deepmerge set size:86799 disposed:false
1199 silly fetch manifest @img/sharp-linux-arm@0.34.5
1200 silly packumentCache full:https://registry.npmmirror.com/@img%2fsharp-linux-arm cache-miss
1201 http fetch GET 200 https://registry.npmmirror.com/unified 211ms (cache revalidated)
1202 silly packumentCache full:https://registry.npmmirror.com/unified set size:216084 disposed:true
1203 silly packumentCache full:https://registry.npmmirror.com/unified dispose
1204 silly fetch manifest @img/sharp-linux-arm64@0.34.5
1205 silly packumentCache full:https://registry.npmmirror.com/@img%2fsharp-linux-arm64 cache-miss
1206 http fetch GET 200 https://registry.npmmirror.com/micromark-extension-math 220ms (cache revalidated)
1207 silly packumentCache full:https://registry.npmmirror.com/micromark-extension-math set size:51259 disposed:false
1208 silly fetch manifest @img/sharp-linux-ppc64@0.34.5
1209 silly packumentCache full:https://registry.npmmirror.com/@img%2fsharp-linux-ppc64 cache-miss
1210 http fetch GET 200 https://registry.npmmirror.com/escape-string-regexp 204ms (cache revalidated)
1211 silly packumentCache full:https://registry.npmmirror.com/escape-string-regexp set size:17683 disposed:false
1212 silly fetch manifest @img/sharp-linux-riscv64@0.34.5
1213 silly packumentCache full:https://registry.npmmirror.com/@img%2fsharp-linux-riscv64 cache-miss
1214 http fetch GET 200 https://registry.npmmirror.com/unist-util-find-after 232ms (cache revalidated)
1215 silly packumentCache full:https://registry.npmmirror.com/unist-util-find-after set size:37397 disposed:false
1216 silly fetch manifest @img/sharp-linux-s390x@0.34.5
1217 silly packumentCache full:https://registry.npmmirror.com/@img%2fsharp-linux-s390x cache-miss
1218 http fetch GET 200 https://registry.npmmirror.com/is-plain-object 233ms (cache revalidated)
1219 silly packumentCache full:https://registry.npmmirror.com/is-plain-object set size:40833 disposed:false
1220 silly fetch manifest @img/sharp-linux-x64@0.34.5
1221 silly packumentCache full:https://registry.npmmirror.com/@img%2fsharp-linux-x64 cache-miss
1222 http fetch GET 200 https://registry.npmmirror.com/parse-srcset 231ms (cache revalidated)
1223 silly packumentCache full:https://registry.npmmirror.com/parse-srcset set size:5736 disposed:false
1224 silly fetch manifest @img/sharp-linuxmusl-arm64@0.34.5
1225 silly packumentCache full:https://registry.npmmirror.com/@img%2fsharp-linuxmusl-arm64 cache-miss
1226 http fetch GET 200 https://registry.npmmirror.com/@shuding%2fopentype.js 233ms (cache revalidated)
1227 silly packumentCache full:https://registry.npmmirror.com/@shuding%2fopentype.js set size:11119 disposed:false
1228 silly fetch manifest @img/sharp-linuxmusl-x64@0.34.5
1229 silly packumentCache full:https://registry.npmmirror.com/@img%2fsharp-linuxmusl-x64 cache-miss
1230 http fetch GET 200 https://registry.npmmirror.com/css-to-react-native 194ms (cache revalidated)
1231 silly packumentCache full:https://registry.npmmirror.com/css-to-react-native set size:57440 disposed:false
1232 silly fetch manifest @img/sharp-wasm32@0.34.5
1233 silly packumentCache full:https://registry.npmmirror.com/@img%2fsharp-wasm32 cache-miss
1234 http fetch GET 200 https://registry.npmmirror.com/css-background-parser 243ms (cache revalidated)
1235 silly packumentCache full:https://registry.npmmirror.com/css-background-parser set size:7640 disposed:false
1236 silly fetch manifest @img/sharp-win32-arm64@0.34.5
1237 silly packumentCache full:https://registry.npmmirror.com/@img%2fsharp-win32-arm64 cache-miss
1238 http fetch GET 200 https://registry.npmmirror.com/@img%2fsharp-darwin-x64 169ms (cache revalidated)
1239 silly packumentCache full:https://registry.npmmirror.com/@img%2fsharp-darwin-x64 set size:68310 disposed:false
1240 silly fetch manifest @img/sharp-win32-ia32@0.34.5
1241 silly packumentCache full:https://registry.npmmirror.com/@img%2fsharp-win32-ia32 cache-miss
1242 http fetch GET 200 https://registry.npmmirror.com/@img%2fsharp-libvips-darwin-x64 165ms (cache revalidated)
1243 silly packumentCache full:https://registry.npmmirror.com/@img%2fsharp-libvips-darwin-x64 set size:55663 disposed:false
1244 silly fetch manifest @img/sharp-win32-x64@0.34.5
1245 silly packumentCache full:https://registry.npmmirror.com/@img%2fsharp-win32-x64 cache-miss
1246 http fetch GET 200 https://registry.npmmirror.com/yoga-layout 188ms (cache revalidated)
1247 silly packumentCache full:https://registry.npmmirror.com/yoga-layout set size:54099 disposed:false
1248 silly fetch manifest debug@^4.3.2
1249 silly packumentCache full:https://registry.npmmirror.com/debug cache-hit
1250 silly fetch manifest glob@^10.4.5
1251 silly packumentCache full:https://registry.npmmirror.com/glob cache-miss
1252 http fetch GET 200 https://registry.npmmirror.com/detect-libc 180ms (cache revalidated)
1253 silly packumentCache full:https://registry.npmmirror.com/detect-libc set size:48467 disposed:false
1254 silly fetch manifest sax@~1.4.1
1255 silly packumentCache full:https://registry.npmmirror.com/sax cache-miss
1256 http fetch GET 200 https://registry.npmmirror.com/escape-html 207ms (cache revalidated)
1257 silly packumentCache full:https://registry.npmmirror.com/escape-html set size:6718 disposed:false
1258 silly fetch manifest source-map@^0.7.3
1259 silly packumentCache full:https://registry.npmmirror.com/source-map cache-miss
1260 http fetch GET 200 https://registry.npmmirror.com/@img%2fsharp-libvips-darwin-arm64 179ms (cache revalidated)
1261 silly packumentCache full:https://registry.npmmirror.com/@img%2fsharp-libvips-darwin-arm64 set size:56221 disposed:false
1262 silly fetch manifest @types/unist@^3.0.0
1263 silly packumentCache full:https://registry.npmmirror.com/@types%2funist cache-hit
1264 silly fetch manifest unist-util-is@^6.0.0
1265 silly packumentCache full:https://registry.npmmirror.com/unist-util-is cache-miss
1266 http fetch GET 200 https://registry.npmmirror.com/@img%2fsharp-darwin-arm64 191ms (cache revalidated)
1267 silly packumentCache full:https://registry.npmmirror.com/@img%2fsharp-darwin-arm64 set size:69183 disposed:false
1268 http fetch GET 200 https://registry.npmmirror.com/@img%2fcolour 211ms (cache revalidated)
1269 silly packumentCache full:https://registry.npmmirror.com/@img%2fcolour set size:7588 disposed:false
1270 http fetch GET 200 https://registry.npmmirror.com/@img%2fsharp-libvips-linux-arm 192ms (cache revalidated)
1271 silly packumentCache full:https://registry.npmmirror.com/@img%2fsharp-libvips-linux-arm set size:62678 disposed:false
1272 http fetch GET 200 https://registry.npmmirror.com/@img%2fsharp-libvips-linux-arm64 193ms (cache revalidated)
1273 silly packumentCache full:https://registry.npmmirror.com/@img%2fsharp-libvips-linux-arm64 set size:59244 disposed:false
1274 http fetch GET 200 https://registry.npmmirror.com/css-gradient-parser 259ms (cache revalidated)
1275 silly packumentCache full:https://registry.npmmirror.com/css-gradient-parser set size:43108 disposed:false
1276 http fetch GET 200 https://registry.npmmirror.com/@img%2fsharp-libvips-linux-x64 181ms (cache revalidated)
1277 silly packumentCache full:https://registry.npmmirror.com/@img%2fsharp-libvips-linux-x64 set size:60603 disposed:false
1278 http fetch GET 200 https://registry.npmmirror.com/@img%2fsharp-libvips-linux-s390x 194ms (cache revalidated)
1279 silly packumentCache full:https://registry.npmmirror.com/@img%2fsharp-libvips-linux-s390x set size:55188 disposed:false
1280 http fetch GET 200 https://registry.npmmirror.com/@img%2fsharp-libvips-linux-ppc64 201ms (cache revalidated)
1281 silly packumentCache full:https://registry.npmmirror.com/@img%2fsharp-libvips-linux-ppc64 set size:45529 disposed:false
1282 http fetch GET 200 https://registry.npmmirror.com/css-box-shadow 277ms (cache revalidated)
1283 silly packumentCache full:https://registry.npmmirror.com/css-box-shadow set size:4964 disposed:false
1284 http fetch GET 200 https://registry.npmmirror.com/linebreak 243ms (cache revalidated)
1285 silly packumentCache full:https://registry.npmmirror.com/linebreak set size:18145 disposed:false
1286 http fetch GET 200 https://registry.npmmirror.com/parse-css-color 245ms (cache revalidated)
1287 silly packumentCache full:https://registry.npmmirror.com/parse-css-color set size:22798 disposed:false
1288 http fetch GET 200 https://registry.npmmirror.com/@img%2fsharp-libvips-linuxmusl-arm64 167ms (cache revalidated)
1289 silly packumentCache full:https://registry.npmmirror.com/@img%2fsharp-libvips-linuxmusl-arm64 set size:57886 disposed:false
1290 http fetch GET 200 https://registry.npmmirror.com/@img%2fsharp-linux-arm 155ms (cache revalidated)
1291 silly packumentCache full:https://registry.npmmirror.com/@img%2fsharp-linux-arm set size:69682 disposed:false
1292 http fetch GET 200 https://registry.npmmirror.com/@img%2fsharp-libvips-linux-riscv64 218ms (cache revalidated)
1293 silly packumentCache full:https://registry.npmmirror.com/@img%2fsharp-libvips-linux-riscv64 set size:30344 disposed:false
1294 http fetch GET 200 https://registry.npmmirror.com/emoji-regex-xs 278ms (cache revalidated)
1295 silly packumentCache full:https://registry.npmmirror.com/emoji-regex-xs set size:14095 disposed:false
1296 http fetch GET 200 https://registry.npmmirror.com/@img%2fsharp-linux-arm64 161ms (cache revalidated)
1297 silly packumentCache full:https://registry.npmmirror.com/@img%2fsharp-linux-arm64 set size:70242 disposed:false
1298 http fetch GET 200 https://registry.npmmirror.com/@img%2fsharp-linux-riscv64 156ms (cache revalidated)
1299 silly packumentCache full:https://registry.npmmirror.com/@img%2fsharp-linux-riscv64 set size:7984 disposed:false
1300 http fetch GET 200 https://registry.npmmirror.com/@img%2fsharp-libvips-linuxmusl-x64 189ms (cache revalidated)
1301 silly packumentCache full:https://registry.npmmirror.com/@img%2fsharp-libvips-linuxmusl-x64 set size:57293 disposed:false
1302 http fetch GET 200 https://registry.npmmirror.com/@img%2fsharp-linux-s390x 149ms (cache revalidated)
1303 silly packumentCache full:https://registry.npmmirror.com/@img%2fsharp-linux-s390x set size:68071 disposed:false
1304 http fetch GET 200 https://registry.npmmirror.com/@img%2fsharp-linux-x64 137ms (cache revalidated)
1305 silly packumentCache full:https://registry.npmmirror.com/@img%2fsharp-linux-x64 set size:69362 disposed:false
1306 http fetch GET 200 https://registry.npmmirror.com/@img%2fsharp-linux-ppc64 177ms (cache revalidated)
1307 silly packumentCache full:https://registry.npmmirror.com/@img%2fsharp-linux-ppc64 set size:32419 disposed:false
1308 http fetch GET 200 https://registry.npmmirror.com/@img%2fsharp-linuxmusl-arm64 142ms (cache revalidated)
1309 silly packumentCache full:https://registry.npmmirror.com/@img%2fsharp-linuxmusl-arm64 set size:71306 disposed:false
1310 http fetch GET 200 https://registry.npmmirror.com/@img%2fsharp-linuxmusl-x64 137ms (cache revalidated)
1311 silly packumentCache full:https://registry.npmmirror.com/@img%2fsharp-linuxmusl-x64 set size:70424 disposed:false
1312 http fetch GET 200 https://registry.npmmirror.com/@img%2fsharp-win32-x64 128ms (cache revalidated)
1313 silly packumentCache full:https://registry.npmmirror.com/@img%2fsharp-win32-x64 set size:71783 disposed:false
1314 http fetch GET 200 https://registry.npmmirror.com/sax 126ms (cache revalidated)
1315 silly packumentCache full:https://registry.npmmirror.com/sax set size:87485 disposed:false
1316 http fetch GET 200 https://registry.npmmirror.com/glob 131ms (cache revalidated)
1317 silly packumentCache full:https://registry.npmmirror.com/glob set size:414617 disposed:false
1318 http fetch GET 200 https://registry.npmmirror.com/source-map 135ms (cache revalidated)
1319 silly packumentCache full:https://registry.npmmirror.com/source-map set size:258166 disposed:false
1320 http fetch GET 200 https://registry.npmmirror.com/unist-util-is 139ms (cache revalidated)
1321 silly packumentCache full:https://registry.npmmirror.com/unist-util-is set size:68359 disposed:false
1322 http fetch GET 200 https://registry.npmmirror.com/@img%2fsharp-win32-arm64 164ms (cache revalidated)
1323 silly packumentCache full:https://registry.npmmirror.com/@img%2fsharp-win32-arm64 set size:28239 disposed:false
1324 http fetch GET 200 https://registry.npmmirror.com/@img%2fsharp-wasm32 169ms (cache revalidated)
1325 silly packumentCache full:https://registry.npmmirror.com/@img%2fsharp-wasm32 set size:67172 disposed:false
1326 http fetch GET 200 https://registry.npmmirror.com/@img%2fsharp-win32-ia32 159ms (cache revalidated)
1327 silly packumentCache full:https://registry.npmmirror.com/@img%2fsharp-win32-ia32 set size:72387 disposed:false
1328 silly fetch manifest chokidar@^4.0.1
1329 silly packumentCache full:https://registry.npmmirror.com/chokidar cache-hit
1330 silly fetch manifest kleur@^4.1.5
1331 silly packumentCache full:https://registry.npmmirror.com/kleur cache-miss
1332 http fetch GET 200 https://registry.npmmirror.com/kleur 62ms (cache revalidated)
1333 silly packumentCache full:https://registry.npmmirror.com/kleur set size:43285 disposed:false
1334 silly fetch manifest yargs@^17.7.2
1335 silly packumentCache full:https://registry.npmmirror.com/yargs cache-miss
1336 http fetch GET 200 https://registry.npmmirror.com/yargs 52ms (cache revalidated)
1337 silly packumentCache full:https://registry.npmmirror.com/yargs set size:657651 disposed:false
1338 silly placeDep ROOT chokidar@4.0.3 OK for: @astrojs/check@0.9.5 want: ^4.0.1
1339 silly placeDep ROOT kleur@4.1.5 OK for: @astrojs/check@0.9.5 want: ^4.1.5
1340 silly placeDep ROOT yargs@17.7.2 OK for: @astrojs/check@0.9.5 want: ^17.7.2
1341 silly fetch manifest readdirp@^4.0.1
1342 silly packumentCache full:https://registry.npmmirror.com/readdirp cache-miss
1343 silly fetch manifest cliui@^8.0.1
1344 silly packumentCache full:https://registry.npmmirror.com/cliui cache-miss
1345 silly fetch manifest escalade@^3.1.1
1346 silly packumentCache full:https://registry.npmmirror.com/escalade cache-miss
1347 silly fetch manifest get-caller-file@^2.0.5
1348 silly packumentCache full:https://registry.npmmirror.com/get-caller-file cache-miss
1349 silly fetch manifest require-directory@^2.1.1
1350 silly packumentCache full:https://registry.npmmirror.com/require-directory cache-miss
1351 silly fetch manifest string-width@^4.2.3
1352 silly packumentCache full:https://registry.npmmirror.com/string-width cache-miss
1353 silly fetch manifest y18n@^5.0.5
1354 silly packumentCache full:https://registry.npmmirror.com/y18n cache-miss
1355 http fetch GET 200 https://registry.npmmirror.com/cliui 80ms (cache revalidated)
1356 silly packumentCache full:https://registry.npmmirror.com/cliui set size:61310 disposed:false
1357 http fetch GET 200 https://registry.npmmirror.com/string-width 102ms (cache revalidated)
1358 silly packumentCache full:https://registry.npmmirror.com/string-width set size:55780 disposed:false
1359 http fetch GET 200 https://registry.npmmirror.com/readdirp 107ms (cache revalidated)
1360 silly packumentCache full:https://registry.npmmirror.com/readdirp set size:92797 disposed:false
1361 http fetch GET 200 https://registry.npmmirror.com/escalade 109ms (cache revalidated)
1362 silly packumentCache full:https://registry.npmmirror.com/escalade set size:26187 disposed:false
1363 http fetch GET 200 https://registry.npmmirror.com/y18n 109ms (cache revalidated)
1364 silly packumentCache full:https://registry.npmmirror.com/y18n set size:47173 disposed:false
1365 http fetch GET 200 https://registry.npmmirror.com/require-directory 111ms (cache revalidated)
1366 silly packumentCache full:https://registry.npmmirror.com/require-directory set size:26456 disposed:false
1367 http fetch GET 200 https://registry.npmmirror.com/get-caller-file 112ms (cache revalidated)
1368 silly packumentCache full:https://registry.npmmirror.com/get-caller-file set size:19572 disposed:false
1369 silly fetch manifest @jridgewell/sourcemap-codec@^1.4.15
1370 silly packumentCache full:https://registry.npmmirror.com/@jridgewell%2fsourcemap-codec cache-hit
1371 silly fetch manifest @volar/kit@~2.4.23
1372 silly packumentCache full:https://registry.npmmirror.com/@volar%2fkit cache-miss
1373 http fetch GET 200 https://registry.npmmirror.com/@volar%2fkit 103ms (cache revalidated)
1374 silly packumentCache full:https://registry.npmmirror.com/@volar%2fkit set size:385508 disposed:false
1375 silly fetch manifest typescript@*
1376 silly packumentCache full:https://registry.npmmirror.com/typescript cache-miss
1377 http cache https://registry.npmmirror.com/typescript 54ms (cache hit)
1378 silly packumentCache full:https://registry.npmmirror.com/typescript set size:14143151 disposed:false
1379 silly fetch manifest @volar/language-core@~2.4.23
1380 silly packumentCache full:https://registry.npmmirror.com/@volar%2flanguage-core cache-miss
1381 http fetch GET 200 https://registry.npmmirror.com/@volar%2flanguage-core 59ms (cache revalidated)
1382 silly packumentCache full:https://registry.npmmirror.com/@volar%2flanguage-core set size:464654 disposed:false
1383 silly fetch manifest @volar/language-server@~2.4.23
1384 silly packumentCache full:https://registry.npmmirror.com/@volar%2flanguage-server cache-miss
1385 http fetch GET 200 https://registry.npmmirror.com/@volar%2flanguage-server 88ms (cache revalidated)
1386 silly packumentCache full:https://registry.npmmirror.com/@volar%2flanguage-server set size:551483 disposed:false
1387 silly fetch manifest @volar/language-service@~2.4.23
1388 silly packumentCache full:https://registry.npmmirror.com/@volar%2flanguage-service cache-miss
1389 http fetch GET 200 https://registry.npmmirror.com/@volar%2flanguage-service 62ms (cache revalidated)
1390 silly packumentCache full:https://registry.npmmirror.com/@volar%2flanguage-service set size:514698 disposed:false
1391 silly fetch manifest fast-glob@^3.2.12
1392 silly packumentCache full:https://registry.npmmirror.com/fast-glob cache-hit
1393 silly fetch manifest muggle-string@^0.4.1
1394 silly packumentCache full:https://registry.npmmirror.com/muggle-string cache-miss
1395 http fetch GET 200 https://registry.npmmirror.com/muggle-string 53ms (cache revalidated)
1396 silly packumentCache full:https://registry.npmmirror.com/muggle-string set size:19834 disposed:false
1397 silly fetch manifest volar-service-css@0.0.66
1398 silly packumentCache full:https://registry.npmmirror.com/volar-service-css cache-miss
1399 http fetch GET 200 https://registry.npmmirror.com/volar-service-css 61ms (cache revalidated)
1400 silly packumentCache full:https://registry.npmmirror.com/volar-service-css set size:134387 disposed:false
1401 silly fetch manifest volar-service-emmet@0.0.66
1402 silly packumentCache full:https://registry.npmmirror.com/volar-service-emmet cache-miss
1403 http fetch GET 200 https://registry.npmmirror.com/volar-service-emmet 63ms (cache revalidated)
1404 silly packumentCache full:https://registry.npmmirror.com/volar-service-emmet set size:136906 disposed:false
1405 silly fetch manifest volar-service-html@0.0.66
1406 silly packumentCache full:https://registry.npmmirror.com/volar-service-html cache-miss
1407 http fetch GET 200 https://registry.npmmirror.com/volar-service-html 62ms (cache revalidated)
1408 silly packumentCache full:https://registry.npmmirror.com/volar-service-html set size:135585 disposed:false
1409 silly fetch manifest volar-service-prettier@0.0.66
1410 silly packumentCache full:https://registry.npmmirror.com/volar-service-prettier cache-miss
1411 http fetch GET 200 https://registry.npmmirror.com/volar-service-prettier 127ms (cache revalidated)
1412 silly packumentCache full:https://registry.npmmirror.com/volar-service-prettier set size:140044 disposed:false
1413 silly fetch manifest prettier@^3.0.0
1414 silly packumentCache full:https://registry.npmmirror.com/prettier cache-miss
1415 http fetch GET 200 https://registry.npmmirror.com/prettier 200ms (cache updated)
1416 silly packumentCache full:https://registry.npmmirror.com/prettier set size:92686 disposed:false
1417 silly fetch manifest volar-service-typescript@0.0.66
1418 silly packumentCache full:https://registry.npmmirror.com/volar-service-typescript cache-miss
1419 http fetch GET 200 https://registry.npmmirror.com/volar-service-typescript 94ms (cache revalidated)
1420 silly packumentCache full:https://registry.npmmirror.com/volar-service-typescript set size:153752 disposed:false
1421 silly fetch manifest volar-service-typescript-twoslash-queries@0.0.66
1422 silly packumentCache full:https://registry.npmmirror.com/volar-service-typescript-twoslash-queries cache-miss
1423 http fetch GET 200 https://registry.npmmirror.com/volar-service-typescript-twoslash-queries 67ms (cache revalidated)
1424 silly packumentCache full:https://registry.npmmirror.com/volar-service-typescript-twoslash-queries set size:137970 disposed:false
1425 silly fetch manifest volar-service-yaml@0.0.66
1426 silly packumentCache full:https://registry.npmmirror.com/volar-service-yaml cache-miss
1427 http fetch GET 200 https://registry.npmmirror.com/volar-service-yaml 92ms (cache revalidated)
1428 silly packumentCache full:https://registry.npmmirror.com/volar-service-yaml set size:110030 disposed:false
1429 silly fetch manifest vscode-html-languageservice@^5.5.2
1430 silly packumentCache full:https://registry.npmmirror.com/vscode-html-languageservice cache-miss
1431 http fetch GET 200 https://registry.npmmirror.com/vscode-html-languageservice 66ms (cache revalidated)
1432 silly packumentCache full:https://registry.npmmirror.com/vscode-html-languageservice set size:417405 disposed:false
1433 silly fetch manifest vscode-uri@^3.1.0
1434 silly packumentCache full:https://registry.npmmirror.com/vscode-uri cache-miss
1435 http fetch GET 200 https://registry.npmmirror.com/vscode-uri 57ms (cache revalidated)
1436 silly packumentCache full:https://registry.npmmirror.com/vscode-uri set size:63271 disposed:false
1437 silly placeDep ROOT @jridgewell/sourcemap-codec@1.5.5 OK for: @astrojs/language-server@2.16.0 want: ^1.4.15
1438 silly placeDep ROOT @volar/kit@2.4.23 OK for: @astrojs/language-server@2.16.0 want: ~2.4.23
1439 silly placeDep ROOT @volar/language-core@2.4.23 OK for: @astrojs/language-server@2.16.0 want: ~2.4.23
1440 silly placeDep ROOT @volar/language-server@2.4.23 OK for: @astrojs/language-server@2.16.0 want: ~2.4.23
1441 silly placeDep ROOT @volar/language-service@2.4.23 OK for: @astrojs/language-server@2.16.0 want: ~2.4.23
1442 silly placeDep ROOT fast-glob@3.3.3 OK for: @astrojs/language-server@2.16.0 want: ^3.2.12
1443 silly placeDep ROOT muggle-string@0.4.1 OK for: @astrojs/language-server@2.16.0 want: ^0.4.1
1444 silly placeDep ROOT volar-service-css@0.0.66 OK for: @astrojs/language-server@2.16.0 want: 0.0.66
1445 silly placeDep ROOT volar-service-emmet@0.0.66 OK for: @astrojs/language-server@2.16.0 want: 0.0.66
1446 silly placeDep ROOT volar-service-html@0.0.66 OK for: @astrojs/language-server@2.16.0 want: 0.0.66
1447 silly placeDep ROOT volar-service-prettier@0.0.66 OK for: @astrojs/language-server@2.16.0 want: 0.0.66
1448 silly placeDep ROOT volar-service-typescript@0.0.66 OK for: @astrojs/language-server@2.16.0 want: 0.0.66
1449 silly placeDep ROOT volar-service-typescript-twoslash-queries@0.0.66 OK for: @astrojs/language-server@2.16.0 want: 0.0.66
1450 silly placeDep ROOT volar-service-yaml@0.0.66 OK for: @astrojs/language-server@2.16.0 want: 0.0.66
1451 silly placeDep ROOT vscode-html-languageservice@5.6.0 OK for: @astrojs/language-server@2.16.0 want: ^5.5.2
1452 silly placeDep ROOT vscode-uri@3.1.0 OK for: @astrojs/language-server@2.16.0 want: ^3.1.0
1453 silly fetch manifest @volar/language-service@2.4.23
1454 silly packumentCache full:https://registry.npmmirror.com/@volar%2flanguage-service cache-hit
1455 silly fetch manifest @volar/typescript@2.4.23
1456 silly packumentCache full:https://registry.npmmirror.com/@volar%2ftypescript cache-miss
1457 silly fetch manifest typesafe-path@^0.2.2
1458 silly packumentCache full:https://registry.npmmirror.com/typesafe-path cache-miss
1459 silly fetch manifest vscode-languageserver-textdocument@^1.0.11
1460 silly packumentCache full:https://registry.npmmirror.com/vscode-languageserver-textdocument cache-miss
1461 silly fetch manifest vscode-uri@^3.0.8
1462 silly packumentCache full:https://registry.npmmirror.com/vscode-uri cache-hit
1463 silly fetch manifest @volar/source-map@2.4.23
1464 silly packumentCache full:https://registry.npmmirror.com/@volar%2fsource-map cache-miss
1465 silly fetch manifest @volar/language-service@2.4.23
1466 silly packumentCache full:https://registry.npmmirror.com/@volar%2flanguage-service cache-hit
1467 silly fetch manifest @volar/typescript@2.4.23
1468 silly packumentCache full:https://registry.npmmirror.com/@volar%2ftypescript cache-miss
1469 silly fetch manifest path-browserify@^1.0.1
1470 silly packumentCache full:https://registry.npmmirror.com/path-browserify cache-miss
1471 silly fetch manifest request-light@^0.7.0
1472 silly packumentCache full:https://registry.npmmirror.com/request-light cache-miss
1473 silly fetch manifest vscode-languageserver@^9.0.1
1474 silly packumentCache full:https://registry.npmmirror.com/vscode-languageserver cache-miss
1475 silly fetch manifest vscode-languageserver-protocol@^3.17.5
1476 silly packumentCache full:https://registry.npmmirror.com/vscode-languageserver-protocol cache-miss
1477 silly fetch manifest vscode-languageserver-textdocument@^1.0.11
1478 silly packumentCache full:https://registry.npmmirror.com/vscode-languageserver-textdocument cache-miss
1479 silly fetch manifest vscode-uri@^3.0.8
1480 silly packumentCache full:https://registry.npmmirror.com/vscode-uri cache-hit
1481 silly fetch manifest vscode-languageserver-protocol@^3.17.5
1482 silly packumentCache full:https://registry.npmmirror.com/vscode-languageserver-protocol cache-miss
1483 silly fetch manifest vscode-languageserver-textdocument@^1.0.11
1484 silly packumentCache full:https://registry.npmmirror.com/vscode-languageserver-textdocument cache-miss
1485 silly fetch manifest vscode-uri@^3.0.8
1486 silly packumentCache full:https://registry.npmmirror.com/vscode-uri cache-hit
1487 silly fetch manifest @nodelib/fs.stat@^2.0.2
1488 silly packumentCache full:https://registry.npmmirror.com/@nodelib%2ffs.stat cache-miss
1489 silly fetch manifest @nodelib/fs.walk@^1.2.3
1490 silly packumentCache full:https://registry.npmmirror.com/@nodelib%2ffs.walk cache-miss
1491 silly fetch manifest glob-parent@^5.1.2
1492 silly packumentCache full:https://registry.npmmirror.com/glob-parent cache-hit
1493 silly fetch manifest merge2@^1.3.0
1494 silly packumentCache full:https://registry.npmmirror.com/merge2 cache-miss
1495 silly fetch manifest vscode-css-languageservice@^6.3.0
1496 silly packumentCache full:https://registry.npmmirror.com/vscode-css-languageservice cache-miss
1497 silly fetch manifest vscode-languageserver-textdocument@^1.0.11
1498 silly packumentCache full:https://registry.npmmirror.com/vscode-languageserver-textdocument cache-miss
1499 silly fetch manifest vscode-uri@^3.0.8
1500 silly packumentCache full:https://registry.npmmirror.com/vscode-uri cache-hit
1501 silly fetch manifest @emmetio/css-parser@github:ramya-rao-a/css-parser#vscode
1502 silly fetch manifest @vscode/emmet-helper@^2.9.3
1503 silly packumentCache full:https://registry.npmmirror.com/@vscode%2femmet-helper cache-miss
1504 silly fetch manifest vscode-uri@^3.0.8
1505 silly packumentCache full:https://registry.npmmirror.com/vscode-uri cache-hit
1506 silly fetch manifest vscode-html-languageservice@^5.3.0
1507 silly packumentCache full:https://registry.npmmirror.com/vscode-html-languageservice cache-hit
1508 silly fetch manifest vscode-languageserver-textdocument@^1.0.11
1509 silly packumentCache full:https://registry.npmmirror.com/vscode-languageserver-textdocument cache-miss
1510 silly fetch manifest vscode-uri@^3.0.8
1511 silly packumentCache full:https://registry.npmmirror.com/vscode-uri cache-hit
1512 silly fetch manifest vscode-uri@^3.0.8
1513 silly packumentCache full:https://registry.npmmirror.com/vscode-uri cache-hit
1514 silly fetch manifest path-browserify@^1.0.1
1515 silly packumentCache full:https://registry.npmmirror.com/path-browserify cache-miss
1516 silly fetch manifest semver@^7.6.2
1517 silly packumentCache full:https://registry.npmmirror.com/semver cache-hit
1518 silly fetch manifest typescript-auto-import-cache@^0.3.5
1519 silly packumentCache full:https://registry.npmmirror.com/typescript-auto-import-cache cache-miss
1520 silly fetch manifest vscode-languageserver-textdocument@^1.0.11
1521 silly packumentCache full:https://registry.npmmirror.com/vscode-languageserver-textdocument cache-miss
1522 silly fetch manifest vscode-nls@^5.2.0
1523 silly packumentCache full:https://registry.npmmirror.com/vscode-nls cache-miss
1524 silly fetch manifest yaml-language-server@~1.19.2
1525 silly packumentCache full:https://registry.npmmirror.com/yaml-language-server cache-miss
1526 silly fetch manifest @vscode/l10n@^0.0.18
1527 silly packumentCache full:https://registry.npmmirror.com/@vscode%2fl10n cache-miss
1528 silly fetch manifest vscode-languageserver-textdocument@^1.0.12
1529 silly packumentCache full:https://registry.npmmirror.com/vscode-languageserver-textdocument cache-miss
1530 silly fetch manifest vscode-languageserver-types@^3.17.5
1531 silly packumentCache full:https://registry.npmmirror.com/vscode-languageserver-types cache-miss
1532 http fetch GET 200 https://registry.npmmirror.com/@volar%2ftypescript 368ms (cache revalidated)
1533 silly packumentCache full:https://registry.npmmirror.com/@volar%2ftypescript set size:443576 disposed:false
1534 http fetch GET 200 https://registry.npmmirror.com/@volar%2ftypescript 381ms (cache revalidated)
1535 silly packumentCache full:https://registry.npmmirror.com/@volar%2ftypescript set size:443576 disposed:false
1536 silly packumentCache full:https://registry.npmmirror.com/@volar%2ftypescript dispose
1537 http fetch GET 200 https://registry.npmmirror.com/@nodelib%2ffs.stat 482ms (cache revalidated)
1538 silly packumentCache full:https://registry.npmmirror.com/@nodelib%2ffs.stat set size:28111 disposed:false
1539 http fetch GET 200 https://registry.npmmirror.com/path-browserify 485ms (cache revalidated)
1540 silly packumentCache full:https://registry.npmmirror.com/path-browserify set size:13294 disposed:false
1541 http fetch GET 200 https://registry.npmmirror.com/@volar%2fsource-map 489ms (cache revalidated)
1542 silly packumentCache full:https://registry.npmmirror.com/@volar%2fsource-map set size:756957 disposed:false
1543 http fetch GET 200 https://registry.npmmirror.com/vscode-languageserver 499ms (cache revalidated)
1544 silly packumentCache full:https://registry.npmmirror.com/vscode-languageserver set size:634723 disposed:false
1545 http fetch GET 200 https://registry.npmmirror.com/path-browserify 509ms (cache revalidated)
1546 silly packumentCache full:https://registry.npmmirror.com/path-browserify set size:13294 disposed:false
1547 silly packumentCache full:https://registry.npmmirror.com/path-browserify dispose
1548 http fetch GET 200 https://registry.npmmirror.com/@nodelib%2ffs.walk 517ms (cache revalidated)
1549 silly packumentCache full:https://registry.npmmirror.com/@nodelib%2ffs.walk set size:35867 disposed:false
1550 http fetch GET 200 https://registry.npmmirror.com/typesafe-path 525ms (cache revalidated)
1551 silly packumentCache full:https://registry.npmmirror.com/typesafe-path set size:11842 disposed:false
1552 http fetch GET 200 https://registry.npmmirror.com/vscode-languageserver-protocol 533ms (cache revalidated)
1553 silly packumentCache full:https://registry.npmmirror.com/vscode-languageserver-protocol set size:417498 disposed:false
1554 http fetch GET 200 https://registry.npmmirror.com/merge2 542ms (cache revalidated)
1555 silly packumentCache full:https://registry.npmmirror.com/merge2 set size:40023 disposed:false
1556 http fetch GET 200 https://registry.npmmirror.com/vscode-languageserver-textdocument 546ms (cache revalidated)
1557 silly packumentCache full:https://registry.npmmirror.com/vscode-languageserver-textdocument set size:60157 disposed:false
1558 http fetch GET 200 https://registry.npmmirror.com/vscode-languageserver-protocol 549ms (cache revalidated)
1559 silly packumentCache full:https://registry.npmmirror.com/vscode-languageserver-protocol set size:417498 disposed:false
1560 silly packumentCache full:https://registry.npmmirror.com/vscode-languageserver-protocol dispose
1561 http fetch GET 200 https://registry.npmmirror.com/vscode-languageserver-textdocument 560ms (cache revalidated)
1562 silly packumentCache full:https://registry.npmmirror.com/vscode-languageserver-textdocument set size:60157 disposed:false
1563 silly packumentCache full:https://registry.npmmirror.com/vscode-languageserver-textdocument dispose
1564 http fetch GET 200 https://registry.npmmirror.com/vscode-languageserver-textdocument 560ms (cache revalidated)
1565 silly packumentCache full:https://registry.npmmirror.com/vscode-languageserver-textdocument set size:60157 disposed:true
1566 silly packumentCache full:https://registry.npmmirror.com/vscode-languageserver-textdocument dispose
1567 http fetch GET 200 https://registry.npmmirror.com/request-light 562ms (cache revalidated)
1568 silly packumentCache full:https://registry.npmmirror.com/request-light set size:61047 disposed:false
1569 http fetch GET 200 https://registry.npmmirror.com/vscode-languageserver-textdocument 560ms (cache revalidated)
1570 silly packumentCache full:https://registry.npmmirror.com/vscode-languageserver-textdocument set size:60157 disposed:true
1571 silly packumentCache full:https://registry.npmmirror.com/vscode-languageserver-textdocument dispose
1572 http fetch GET 200 https://registry.npmmirror.com/vscode-languageserver-textdocument 555ms (cache revalidated)
1573 silly packumentCache full:https://registry.npmmirror.com/vscode-languageserver-textdocument set size:60157 disposed:true
1574 silly packumentCache full:https://registry.npmmirror.com/vscode-languageserver-textdocument dispose
1575 http fetch GET 200 https://registry.npmmirror.com/vscode-languageserver-textdocument 560ms (cache revalidated)
1576 silly packumentCache full:https://registry.npmmirror.com/vscode-languageserver-textdocument set size:60157 disposed:true
1577 silly packumentCache full:https://registry.npmmirror.com/vscode-languageserver-textdocument dispose
1578 http fetch GET 200 https://registry.npmmirror.com/vscode-css-languageservice 573ms (cache revalidated)
1579 silly packumentCache full:https://registry.npmmirror.com/vscode-css-languageservice set size:557540 disposed:false
1580 http fetch GET 200 https://registry.npmmirror.com/vscode-languageserver-textdocument 580ms (cache revalidated)
1581 silly packumentCache full:https://registry.npmmirror.com/vscode-languageserver-textdocument set size:60157 disposed:true
1582 silly packumentCache full:https://registry.npmmirror.com/vscode-languageserver-textdocument dispose
1583 http fetch GET 200 https://registry.npmmirror.com/@vscode%2fl10n 574ms (cache revalidated)
1584 silly packumentCache full:https://registry.npmmirror.com/@vscode%2fl10n set size:59839 disposed:false
1585 http fetch GET 200 https://registry.npmmirror.com/typescript-auto-import-cache 581ms (cache revalidated)
1586 silly packumentCache full:https://registry.npmmirror.com/typescript-auto-import-cache set size:21210 disposed:false
1587 http fetch GET 200 https://registry.npmmirror.com/vscode-nls 585ms (cache revalidated)
1588 silly packumentCache full:https://registry.npmmirror.com/vscode-nls set size:80706 disposed:false
1589 http fetch GET 200 https://registry.npmmirror.com/vscode-languageserver-types 589ms (cache revalidated)
1590 silly packumentCache full:https://registry.npmmirror.com/vscode-languageserver-types set size:257269 disposed:false
1591 http fetch GET 200 https://registry.npmmirror.com/yaml-language-server 609ms (cache revalidated)
1592 silly packumentCache full:https://registry.npmmirror.com/yaml-language-server set size:2370344 disposed:false
1593 http fetch GET 200 https://registry.npmmirror.com/@vscode%2femmet-helper 659ms (cache revalidated)
1594 silly packumentCache full:https://registry.npmmirror.com/@vscode%2femmet-helper set size:53033 disposed:false
1595 silly fetch manifest fast-xml-parser@^5.3.0
1596 silly packumentCache full:https://registry.npmmirror.com/fast-xml-parser cache-miss
1597 http fetch GET 200 https://registry.npmmirror.com/fast-xml-parser 67ms (cache revalidated)
1598 silly packumentCache full:https://registry.npmmirror.com/fast-xml-parser set size:466802 disposed:false
1599 silly placeDep ROOT fast-xml-parser@5.3.2 OK for: @astrojs/rss@4.0.13 want: ^5.3.0
1600 silly placeDep ROOT picocolors@1.1.1 OK for: @astrojs/rss@4.0.13 want: ^1.1.1
1601 silly fetch manifest strnum@^2.1.0
1602 silly packumentCache full:https://registry.npmmirror.com/strnum cache-miss
1603 http fetch GET 200 https://registry.npmmirror.com/strnum 62ms (cache revalidated)
1604 silly packumentCache full:https://registry.npmmirror.com/strnum set size:31346 disposed:false
1605 silly fetch manifest sitemap@^8.0.0
1606 silly packumentCache full:https://registry.npmmirror.com/sitemap cache-miss
1607 http fetch GET 200 https://registry.npmmirror.com/sitemap 100ms (cache revalidated)
1608 silly packumentCache full:https://registry.npmmirror.com/sitemap set size:228323 disposed:false
1609 silly fetch manifest stream-replace-string@^2.0.0
1610 silly packumentCache full:https://registry.npmmirror.com/stream-replace-string cache-miss
1611 http fetch GET 200 https://registry.npmmirror.com/stream-replace-string 91ms (cache revalidated)
1612 silly packumentCache full:https://registry.npmmirror.com/stream-replace-string set size:17026 disposed:false
1613 silly placeDep ROOT sitemap@8.0.2 OK for: @astrojs/sitemap@3.6.0 want: ^8.0.0
1614 silly placeDep ROOT stream-replace-string@2.0.0 OK for: @astrojs/sitemap@3.6.0 want: ^2.0.0
1615 silly placeDep ROOT zod@3.25.76 OK for: @astrojs/sitemap@3.6.0 want: ^3.25.76
1616 silly fetch manifest @types/node@^17.0.5
1617 silly packumentCache full:https://registry.npmmirror.com/@types%2fnode cache-miss
1618 silly fetch manifest @types/sax@^1.2.1
1619 silly packumentCache full:https://registry.npmmirror.com/@types%2fsax cache-miss
1620 silly fetch manifest arg@^5.0.0
1621 silly packumentCache full:https://registry.npmmirror.com/arg cache-hit
1622 silly fetch manifest sax@^1.4.1
1623 silly packumentCache full:https://registry.npmmirror.com/sax cache-hit
1624 http cache https://registry.npmmirror.com/@types%2fnode 29ms (cache hit)
1625 silly packumentCache full:https://registry.npmmirror.com/@types%2fnode set size:9925431 disposed:false
1626 http fetch GET 200 https://registry.npmmirror.com/@types%2fsax 164ms (cache revalidated)
1627 silly packumentCache full:https://registry.npmmirror.com/@types%2fsax set size:33120 disposed:false
1628 silly fetch manifest svelte@^5.1.16
1629 silly packumentCache full:https://registry.npmmirror.com/svelte cache-miss
1630 http cache https://registry.npmmirror.com/svelte 19ms (cache hit)
1631 silly packumentCache full:https://registry.npmmirror.com/svelte set size:4143250 disposed:false
1632 silly fetch manifest @types/node@^18.0.0 || ^20.0.0 || >=22.0.0
1633 silly packumentCache full:https://registry.npmmirror.com/@types%2fnode cache-miss
1634 http cache https://registry.npmmirror.com/@types%2fnode 32ms (cache hit)
1635 silly packumentCache full:https://registry.npmmirror.com/@types%2fnode set size:9925431 disposed:false
1636 silly fetch manifest jiti@>=1.21.0
1637 silly packumentCache full:https://registry.npmmirror.com/jiti cache-hit
1638 silly fetch manifest less@*
1639 silly packumentCache full:https://registry.npmmirror.com/less cache-miss
1640 http fetch GET 200 https://registry.npmmirror.com/less 54ms (cache revalidated)
1641 silly packumentCache full:https://registry.npmmirror.com/less set size:393505 disposed:false
1642 silly fetch manifest lightningcss@^1.21.0
1643 silly packumentCache full:https://registry.npmmirror.com/lightningcss cache-miss
1644 http fetch GET 200 https://registry.npmmirror.com/lightningcss 37ms (cache revalidated)
1645 silly packumentCache full:https://registry.npmmirror.com/lightningcss set size:178328 disposed:false
1646 silly fetch manifest sass@*
1647 silly packumentCache full:https://registry.npmmirror.com/sass cache-miss
1648 http fetch GET 200 https://registry.npmmirror.com/sass 34ms (cache revalidated)
1649 silly packumentCache full:https://registry.npmmirror.com/sass set size:576441 disposed:false
1650 silly fetch manifest sass-embedded@*
1651 silly packumentCache full:https://registry.npmmirror.com/sass-embedded cache-miss
1652 http fetch GET 200 https://registry.npmmirror.com/sass-embedded 38ms (cache revalidated)
1653 silly packumentCache full:https://registry.npmmirror.com/sass-embedded set size:393152 disposed:false
1654 silly fetch manifest stylus@*
1655 silly packumentCache full:https://registry.npmmirror.com/stylus cache-hit
1656 silly fetch manifest sugarss@*
1657 silly packumentCache full:https://registry.npmmirror.com/sugarss cache-miss
1658 http fetch GET 200 https://registry.npmmirror.com/sugarss 39ms (cache revalidated)
1659 silly packumentCache full:https://registry.npmmirror.com/sugarss set size:38248 disposed:false
1660 silly fetch manifest postcss@^8.3.3
1661 silly packumentCache full:https://registry.npmmirror.com/postcss cache-hit
1662 silly fetch manifest terser@^5.16.0
1663 silly packumentCache full:https://registry.npmmirror.com/terser cache-miss
1664 http fetch GET 200 https://registry.npmmirror.com/terser 58ms (cache revalidated)
1665 silly packumentCache full:https://registry.npmmirror.com/terser set size:679916 disposed:false
1666 silly fetch manifest tsx@^4.8.1
1667 silly packumentCache full:https://registry.npmmirror.com/tsx cache-miss
1668 http fetch GET 200 https://registry.npmmirror.com/tsx 46ms (cache revalidated)
1669 silly packumentCache full:https://registry.npmmirror.com/tsx set size:300640 disposed:false
1670 silly fetch manifest yaml@^2.4.2
1671 silly packumentCache full:https://registry.npmmirror.com/yaml cache-miss
1672 http fetch GET 200 https://registry.npmmirror.com/yaml 48ms (cache revalidated)
1673 silly packumentCache full:https://registry.npmmirror.com/yaml set size:318577 disposed:false
1674 silly fetch manifest typescript@^5.3.3
1675 silly packumentCache full:https://registry.npmmirror.com/typescript cache-miss
1676 http cache https://registry.npmmirror.com/typescript 40ms (cache hit)
1677 silly packumentCache full:https://registry.npmmirror.com/typescript set size:14143151 disposed:false
1678 silly placeDep ROOT @sveltejs/vite-plugin-svelte@5.1.1 OK for: @astrojs/svelte@7.2.2 want: ^5.1.1
1679 silly placeDep ROOT vite@6.4.1 OK for: @sveltejs/vite-plugin-svelte@5.1.1 want: ^6.0.0
1680 silly placeDep ROOT svelte2tsx@0.7.45 OK for: @astrojs/svelte@7.2.2 want: ^0.7.42
1681 silly fetch manifest @sveltejs/vite-plugin-svelte-inspector@^4.0.1
1682 silly packumentCache full:https://registry.npmmirror.com/@sveltejs%2fvite-plugin-svelte-inspector cache-miss
1683 silly fetch manifest debug@^4.4.1
1684 silly packumentCache full:https://registry.npmmirror.com/debug cache-hit
1685 silly fetch manifest deepmerge@^4.3.1
1686 silly packumentCache full:https://registry.npmmirror.com/deepmerge cache-hit
1687 silly fetch manifest magic-string@^0.30.17
1688 silly packumentCache full:https://registry.npmmirror.com/magic-string cache-hit
1689 silly fetch manifest vitefu@^1.0.6
1690 silly packumentCache full:https://registry.npmmirror.com/vitefu cache-hit
1691 silly fetch manifest fdir@^6.4.4
1692 silly packumentCache full:https://registry.npmmirror.com/fdir cache-miss
1693 silly fetch manifest picomatch@^4.0.2
1694 silly packumentCache full:https://registry.npmmirror.com/picomatch cache-hit
1695 silly fetch manifest rollup@^4.34.9
1696 silly packumentCache full:https://registry.npmmirror.com/rollup cache-miss
1697 silly fetch manifest tinyglobby@^0.2.13
1698 silly packumentCache full:https://registry.npmmirror.com/tinyglobby cache-hit
1699 silly fetch manifest fsevents@~2.3.3
1700 silly packumentCache full:https://registry.npmmirror.com/fsevents cache-miss
1701 silly fetch manifest dedent-js@^1.0.1
1702 silly packumentCache full:https://registry.npmmirror.com/dedent-js cache-miss
1703 silly fetch manifest scule@^1.3.0
1704 silly packumentCache full:https://registry.npmmirror.com/scule cache-miss
1705 http cache https://registry.npmmirror.com/rollup 28ms (cache hit)
1706 silly packumentCache full:https://registry.npmmirror.com/rollup set size:5663170 disposed:false
1707 http fetch GET 200 https://registry.npmmirror.com/scule 75ms (cache revalidated)
1708 silly packumentCache full:https://registry.npmmirror.com/scule set size:34458 disposed:false
1709 http fetch GET 200 https://registry.npmmirror.com/fdir 78ms (cache revalidated)
1710 silly packumentCache full:https://registry.npmmirror.com/fdir set size:111746 disposed:false
1711 http fetch GET 200 https://registry.npmmirror.com/fsevents 79ms (cache revalidated)
1712 silly packumentCache full:https://registry.npmmirror.com/fsevents set size:122258 disposed:false
1713 http fetch GET 200 https://registry.npmmirror.com/@sveltejs%2fvite-plugin-svelte-inspector 99ms (cache revalidated)
1714 silly packumentCache full:https://registry.npmmirror.com/@sveltejs%2fvite-plugin-svelte-inspector set size:63227 disposed:false
1715 http fetch GET 200 https://registry.npmmirror.com/dedent-js 105ms (cache revalidated)
1716 silly packumentCache full:https://registry.npmmirror.com/dedent-js set size:5341 disposed:false
1717 silly fetch manifest autoprefixer@^10.4.21
1718 silly packumentCache full:https://registry.npmmirror.com/autoprefixer cache-miss
1719 http fetch GET 200 https://registry.npmmirror.com/autoprefixer 54ms (cache revalidated)
1720 silly packumentCache full:https://registry.npmmirror.com/autoprefixer set size:1173585 disposed:false
1721 silly fetch manifest postcss@^8.5.3
1722 silly packumentCache full:https://registry.npmmirror.com/postcss cache-hit
1723 silly fetch manifest postcss-load-config@^4.0.2
1724 silly packumentCache full:https://registry.npmmirror.com/postcss-load-config cache-hit
1725 silly fetch manifest ts-node@>=9.0.0
1726 silly packumentCache full:https://registry.npmmirror.com/ts-node cache-miss
1727 http fetch GET 200 https://registry.npmmirror.com/ts-node 44ms (cache revalidated)
1728 silly packumentCache full:https://registry.npmmirror.com/ts-node set size:438469 disposed:false
1729 silly fetch manifest @swc/core@>=1.2.50
1730 silly packumentCache full:https://registry.npmmirror.com/@swc%2fcore cache-miss
1731 http fetch GET 200 https://registry.npmmirror.com/@swc%2fcore 53ms (cache revalidated)
1732 silly packumentCache full:https://registry.npmmirror.com/@swc%2fcore set size:3765161 disposed:false
1733 silly fetch manifest @swc/helpers@>=0.5.17
1734 silly packumentCache full:https://registry.npmmirror.com/@swc%2fhelpers cache-miss
1735 http fetch GET 200 https://registry.npmmirror.com/@swc%2fhelpers 39ms (cache revalidated)
1736 silly packumentCache full:https://registry.npmmirror.com/@swc%2fhelpers set size:622515 disposed:false
1737 silly fetch manifest @swc/wasm@>=1.2.50
1738 silly packumentCache full:https://registry.npmmirror.com/@swc%2fwasm cache-miss
1739 http fetch GET 200 https://registry.npmmirror.com/@swc%2fwasm 50ms (cache revalidated)
1740 silly packumentCache full:https://registry.npmmirror.com/@swc%2fwasm set size:1344652 disposed:false
1741 silly fetch manifest @types/node@*
1742 silly packumentCache full:https://registry.npmmirror.com/@types%2fnode cache-miss
1743 http cache https://registry.npmmirror.com/@types%2fnode 28ms (cache hit)
1744 silly packumentCache full:https://registry.npmmirror.com/@types%2fnode set size:9925431 disposed:false
1745 silly fetch manifest typescript@>=2.7
1746 silly packumentCache full:https://registry.npmmirror.com/typescript cache-miss
1747 http cache https://registry.npmmirror.com/typescript 43ms (cache hit)
1748 silly packumentCache full:https://registry.npmmirror.com/typescript set size:14143151 disposed:false
1749 silly placeDep ROOT autoprefixer@10.4.22 OK for: @astrojs/tailwind@6.0.2 want: ^10.4.21
1750 silly placeDep ROOT postcss-load-config@4.0.2 OK for: @astrojs/tailwind@6.0.2 want: ^4.0.2
1751 silly fetch manifest browserslist@^4.27.0
1752 silly packumentCache full:https://registry.npmmirror.com/browserslist cache-miss
1753 silly fetch manifest caniuse-lite@^1.0.30001754
1754 silly packumentCache full:https://registry.npmmirror.com/caniuse-lite cache-miss
1755 silly fetch manifest fraction.js@^5.3.4
1756 silly packumentCache full:https://registry.npmmirror.com/fraction.js cache-miss
1757 silly fetch manifest normalize-range@^0.1.2
1758 silly packumentCache full:https://registry.npmmirror.com/normalize-range cache-miss
1759 silly fetch manifest lilconfig@^3.0.0
1760 silly packumentCache full:https://registry.npmmirror.com/lilconfig cache-hit
1761 silly fetch manifest yaml@^2.3.4
1762 silly packumentCache full:https://registry.npmmirror.com/yaml cache-hit
1763 http fetch GET 200 https://registry.npmmirror.com/normalize-range 69ms (cache revalidated)
1764 silly packumentCache full:https://registry.npmmirror.com/normalize-range set size:10721 disposed:false
1765 http fetch GET 200 https://registry.npmmirror.com/caniuse-lite 74ms (cache revalidated)
1766 silly packumentCache full:https://registry.npmmirror.com/caniuse-lite set size:1916609 disposed:false
1767 http fetch GET 200 https://registry.npmmirror.com/fraction.js 83ms (cache revalidated)
1768 silly packumentCache full:https://registry.npmmirror.com/fraction.js set size:142438 disposed:false
1769 http fetch GET 200 https://registry.npmmirror.com/browserslist 89ms (cache revalidated)
1770 silly packumentCache full:https://registry.npmmirror.com/browserslist set size:427950 disposed:false
1771 silly fetch manifest @volar/typescript@~2.4.23
1772 silly packumentCache full:https://registry.npmmirror.com/@volar%2ftypescript cache-hit
1773 silly fetch manifest semver@^7.3.8
1774 silly packumentCache full:https://registry.npmmirror.com/semver cache-hit
1775 silly placeDep ROOT @volar/typescript@2.4.23 OK for: @astrojs/ts-plugin@1.10.5 want: ~2.4.23
1776 silly placeDep ROOT semver@7.7.3 OK for: @astrojs/ts-plugin@1.10.5 want: ^7.3.8
1777 silly placeDep ROOT vscode-languageserver-textdocument@1.0.12 OK for: @astrojs/ts-plugin@1.10.5 want: ^1.0.11
1778 silly fetch manifest yaml@^2.5.0
1779 silly packumentCache full:https://registry.npmmirror.com/yaml cache-hit
1780 silly placeDep ROOT yaml@2.8.1 OK for: @astrojs/yaml2ts@0.2.2 want: ^2.5.0
1781 silly placeDep ROOT @biomejs/cli-darwin-arm64@2.3.5 OK for: @biomejs/biome@2.3.5 want: 2.3.5
1782 silly placeDep ROOT @biomejs/cli-darwin-x64@2.3.5 OK for: @biomejs/biome@2.3.5 want: 2.3.5
1783 silly placeDep ROOT @biomejs/cli-linux-arm64@2.3.5 OK for: @biomejs/biome@2.3.5 want: 2.3.5
1784 silly placeDep ROOT @biomejs/cli-linux-arm64-musl@2.3.5 OK for: @biomejs/biome@2.3.5 want: 2.3.5
1785 silly placeDep ROOT @biomejs/cli-linux-x64@2.3.5 OK for: @biomejs/biome@2.3.5 want: 2.3.5
1786 silly placeDep ROOT @biomejs/cli-linux-x64-musl@2.3.5 OK for: @biomejs/biome@2.3.5 want: 2.3.5
1787 silly placeDep ROOT @biomejs/cli-win32-arm64@2.3.5 OK for: @biomejs/biome@2.3.5 want: 2.3.5
1788 silly placeDep ROOT @biomejs/cli-win32-x64@2.3.5 OK for: @biomejs/biome@2.3.5 want: 2.3.5
1789 silly placeDep ROOT hast-util-select@6.0.4 OK for: @expressive-code/core@0.41.3 want: ^6.0.2
1790 silly placeDep ROOT hast-util-to-html@9.0.5 OK for: @expressive-code/core@0.41.3 want: ^9.0.1
1791 silly placeDep ROOT hast-util-to-text@4.0.2 OK for: @expressive-code/core@0.41.3 want: ^4.0.1
1792 silly placeDep ROOT postcss-nested@6.2.0 OK for: @expressive-code/core@0.41.3 want: ^6.0.1
1793 silly placeDep ROOT unist-util-visit-parents@6.0.2 OK for: @expressive-code/core@0.41.3 want: ^6.0.1
1794 silly fetch manifest bcp-47-match@^2.0.0
1795 silly packumentCache full:https://registry.npmmirror.com/bcp-47-match cache-miss
1796 silly fetch manifest css-selector-parser@^3.0.0
1797 silly packumentCache full:https://registry.npmmirror.com/css-selector-parser cache-miss
1798 silly fetch manifest devlop@^1.0.0
1799 silly packumentCache full:https://registry.npmmirror.com/devlop cache-miss
1800 silly fetch manifest direction@^2.0.0
1801 silly packumentCache full:https://registry.npmmirror.com/direction cache-miss
1802 silly fetch manifest hast-util-has-property@^3.0.0
1803 silly packumentCache full:https://registry.npmmirror.com/hast-util-has-property cache-miss
1804 silly fetch manifest hast-util-whitespace@^3.0.0
1805 silly packumentCache full:https://registry.npmmirror.com/hast-util-whitespace cache-miss
1806 silly fetch manifest nth-check@^2.0.0
1807 silly packumentCache full:https://registry.npmmirror.com/nth-check cache-miss
1808 silly fetch manifest zwitch@^2.0.0
1809 silly packumentCache full:https://registry.npmmirror.com/zwitch cache-miss
1810 silly fetch manifest ccount@^2.0.0
1811 silly packumentCache full:https://registry.npmmirror.com/ccount cache-miss
1812 silly fetch manifest hast-util-whitespace@^3.0.0
1813 silly packumentCache full:https://registry.npmmirror.com/hast-util-whitespace cache-miss
1814 silly fetch manifest html-void-elements@^3.0.0
1815 silly packumentCache full:https://registry.npmmirror.com/html-void-elements cache-miss
1816 silly fetch manifest mdast-util-to-hast@^13.0.0
1817 silly packumentCache full:https://registry.npmmirror.com/mdast-util-to-hast cache-miss
1818 silly fetch manifest stringify-entities@^4.0.0
1819 silly packumentCache full:https://registry.npmmirror.com/stringify-entities cache-miss
1820 silly fetch manifest zwitch@^2.0.4
1821 silly packumentCache full:https://registry.npmmirror.com/zwitch cache-miss
1822 silly fetch manifest unist-util-find-after@^5.0.0
1823 silly packumentCache full:https://registry.npmmirror.com/unist-util-find-after cache-hit
1824 silly fetch manifest postcss-selector-parser@^6.1.1
1825 silly packumentCache full:https://registry.npmmirror.com/postcss-selector-parser cache-hit
1826 http fetch GET 200 https://registry.npmmirror.com/devlop 59ms (cache revalidated)
1827 silly packumentCache full:https://registry.npmmirror.com/devlop set size:17133 disposed:false
1828 http fetch GET 200 https://registry.npmmirror.com/zwitch 64ms (cache revalidated)
1829 silly packumentCache full:https://registry.npmmirror.com/zwitch set size:33985 disposed:false
1830 http fetch GET 200 https://registry.npmmirror.com/ccount 67ms (cache revalidated)
1831 silly packumentCache full:https://registry.npmmirror.com/ccount set size:25007 disposed:false
1832 http fetch GET 200 https://registry.npmmirror.com/hast-util-whitespace 72ms (cache revalidated)
1833 silly packumentCache full:https://registry.npmmirror.com/hast-util-whitespace set size:30714 disposed:false
1834 http fetch GET 200 https://registry.npmmirror.com/hast-util-whitespace 73ms (cache revalidated)
1835 silly packumentCache full:https://registry.npmmirror.com/hast-util-whitespace set size:30714 disposed:false
1836 silly packumentCache full:https://registry.npmmirror.com/hast-util-whitespace dispose
1837 http fetch GET 200 https://registry.npmmirror.com/direction 76ms (cache revalidated)
1838 silly packumentCache full:https://registry.npmmirror.com/direction set size:40897 disposed:false
1839 http fetch GET 200 https://registry.npmmirror.com/stringify-entities 75ms (cache revalidated)
1840 silly packumentCache full:https://registry.npmmirror.com/stringify-entities set size:53835 disposed:false
1841 http fetch GET 200 https://registry.npmmirror.com/zwitch 76ms (cache revalidated)
1842 silly packumentCache full:https://registry.npmmirror.com/zwitch set size:33985 disposed:false
1843 silly packumentCache full:https://registry.npmmirror.com/zwitch dispose
1844 http fetch GET 200 https://registry.npmmirror.com/html-void-elements 78ms (cache revalidated)
1845 silly packumentCache full:https://registry.npmmirror.com/html-void-elements set size:28282 disposed:false
1846 http fetch GET 200 https://registry.npmmirror.com/bcp-47-match 82ms (cache revalidated)
1847 silly packumentCache full:https://registry.npmmirror.com/bcp-47-match set size:33600 disposed:false
1848 http fetch GET 200 https://registry.npmmirror.com/nth-check 84ms (cache revalidated)
1849 silly packumentCache full:https://registry.npmmirror.com/nth-check set size:20155 disposed:false
1850 http fetch GET 200 https://registry.npmmirror.com/css-selector-parser 85ms (cache revalidated)
1851 silly packumentCache full:https://registry.npmmirror.com/css-selector-parser set size:87129 disposed:false
1852 http fetch GET 200 https://registry.npmmirror.com/hast-util-has-property 110ms (cache revalidated)
1853 silly packumentCache full:https://registry.npmmirror.com/hast-util-has-property set size:30177 disposed:false
1854 http fetch GET 200 https://registry.npmmirror.com/mdast-util-to-hast 339ms (cache revalidated)
1855 silly packumentCache full:https://registry.npmmirror.com/mdast-util-to-hast set size:228681 disposed:false
1856 silly placeDep ROOT @iconify/types@2.0.0 OK for: @iconify-json/fa6-brands@1.2.6 want: *
1857 silly placeDep ROOT @rollup/pluginutils@5.3.0 OK for: @rollup/plugin-yaml@4.1.2 want: ^5.0.1
1858 silly placeDep ROOT js-yaml@4.1.1 OK for: @rollup/plugin-yaml@4.1.2 want: ^4.1.0
1859 silly placeDep ROOT tosource@2.0.0-alpha.3 OK for: @rollup/plugin-yaml@4.1.2 want: ^2.0.0-alpha.3
1860 silly fetch manifest @types/estree@^1.0.0
1861 silly packumentCache full:https://registry.npmmirror.com/@types%2festree cache-hit
1862 silly fetch manifest estree-walker@^2.0.2
1863 silly packumentCache full:https://registry.npmmirror.com/estree-walker cache-hit
1864 silly placeDep ROOT @types/estree@1.0.8 OK for: @rollup/pluginutils@5.3.0 want: ^1.0.0
1865 silly placeDep ROOT estree-walker@2.0.2 OK for: @rollup/pluginutils@5.3.0 want: ^2.0.2
1866 silly placeDep ROOT picomatch@4.0.3 OK for: @rollup/pluginutils@5.3.0 want: ^4.0.2
1867 silly fetch manifest @sveltejs/vite-plugin-svelte@^5.0.0
1868 silly packumentCache full:https://registry.npmmirror.com/@sveltejs%2fvite-plugin-svelte cache-hit
1869 silly fetch manifest svelte@^5.0.0
1870 silly packumentCache full:https://registry.npmmirror.com/svelte cache-miss
1871 http cache https://registry.npmmirror.com/svelte 12ms (cache hit)
1872 silly packumentCache full:https://registry.npmmirror.com/svelte set size:4143250 disposed:false
1873 silly fetch manifest vite@^6.0.0
1874 silly packumentCache full:https://registry.npmmirror.com/vite cache-miss
1875 http cache https://registry.npmmirror.com/vite 77ms (cache hit)
1876 silly packumentCache full:https://registry.npmmirror.com/vite set size:38426241 disposed:false
1877 silly placeDep ROOT @sveltejs/vite-plugin-svelte-inspector@4.0.1 OK for: @sveltejs/vite-plugin-svelte@5.1.1 want: ^4.0.1
1878 silly placeDep ROOT debug@4.4.3 OK for: @sveltejs/vite-plugin-svelte@5.1.1 want: ^4.4.1
1879 silly placeDep ROOT deepmerge@4.3.1 OK for: @sveltejs/vite-plugin-svelte@5.1.1 want: ^4.3.1
1880 silly placeDep ROOT magic-string@0.30.21 OK for: @sveltejs/vite-plugin-svelte@5.1.1 want: ^0.30.17
1881 silly placeDep ROOT vitefu@1.1.1 OK for: @sveltejs/vite-plugin-svelte@5.1.1 want: ^1.0.6
1882 silly fetch manifest debug@^4.3.7
1883 silly packumentCache full:https://registry.npmmirror.com/debug cache-hit
1884 silly fetch manifest ms@^2.1.3
1885 silly packumentCache full:https://registry.npmmirror.com/ms cache-miss
1886 http fetch GET 200 https://registry.npmmirror.com/ms 46ms (cache revalidated)
1887 silly packumentCache full:https://registry.npmmirror.com/ms set size:126047 disposed:false
1888 silly placeDep ROOT @swup/a11y-plugin@5.0.0 OK for: @swup/astro@1.7.0 want: ^5.0.0
1889 silly placeDep ROOT swup@4.8.2 OK for: @swup/a11y-plugin@5.0.0 want: ^4.0.0
1890 silly placeDep ROOT @swup/body-class-plugin@3.3.0 OK for: @swup/astro@1.7.0 want: ^3.0.0
1891 silly placeDep ROOT @swup/debug-plugin@4.1.0 OK for: @swup/astro@1.7.0 want: ^4.0.0
1892 silly placeDep ROOT @swup/fade-theme@2.0.2 OK for: @swup/astro@1.7.0 want: ^2.0.0
1893 silly placeDep ROOT @swup/forms-plugin@3.6.0 OK for: @swup/astro@1.7.0 want: ^3.0.0
1894 silly placeDep ROOT @swup/fragment-plugin@1.1.2 OK for: @swup/astro@1.7.0 want: ^1.1.2
1895 silly placeDep ROOT @swup/head-plugin@2.3.1 OK for: @swup/astro@1.7.0 want: ^2.0.0
1896 silly placeDep ROOT @swup/overlay-theme@2.0.2 OK for: @swup/astro@1.7.0 want: ^2.0.0
1897 silly placeDep ROOT @swup/parallel-plugin@0.4.0 OK for: @swup/astro@1.7.0 want: ^0.4.0
1898 silly placeDep ROOT @swup/preload-plugin@3.2.11 OK for: @swup/astro@1.7.0 want: ^3.0.0
1899 silly placeDep ROOT @swup/progress-plugin@3.2.0 OK for: @swup/astro@1.7.0 want: ^3.0.0
1900 silly placeDep ROOT @swup/route-name-plugin@4.1.0 OK for: @swup/astro@1.7.0 want: ^4.0.0
1901 silly placeDep ROOT @swup/scripts-plugin@2.1.0 OK for: @swup/astro@1.7.0 want: ^2.0.0
1902 silly placeDep ROOT @swup/scroll-plugin@3.3.2 OK for: @swup/astro@1.7.0 want: ^3.0.0
1903 silly placeDep ROOT @swup/slide-theme@2.0.2 OK for: @swup/astro@1.7.0 want: ^2.0.0
1904 silly placeDep ROOT swup-morph-plugin@1.3.0 OK for: @swup/astro@1.7.0 want: ^1.0.0
1905 silly fetch manifest @swup/plugin@^4.0.0
1906 silly packumentCache full:https://registry.npmmirror.com/@swup%2fplugin cache-miss
1907 silly fetch manifest focus-options-polyfill@^1.5.0
1908 silly packumentCache full:https://registry.npmmirror.com/focus-options-polyfill cache-miss
1909 silly fetch manifest delegate-it@^6.0.0
1910 silly packumentCache full:https://registry.npmmirror.com/delegate-it cache-miss
1911 silly fetch manifest opencollective-postinstall@^2.0.2
1912 silly packumentCache full:https://registry.npmmirror.com/opencollective-postinstall cache-miss
1913 silly fetch manifest path-to-regexp@^6.2.1
1914 silly packumentCache full:https://registry.npmmirror.com/path-to-regexp cache-miss
1915 silly fetch manifest @swup/plugin@^4.0.0
1916 silly packumentCache full:https://registry.npmmirror.com/@swup%2fplugin cache-miss
1917 silly fetch manifest @swup/plugin@^4.0.0
1918 silly packumentCache full:https://registry.npmmirror.com/@swup%2fplugin cache-miss
1919 silly fetch manifest @swup/theme@^2.0.0
1920 silly packumentCache full:https://registry.npmmirror.com/@swup%2ftheme cache-miss
1921 silly fetch manifest @swup/plugin@^4.0.0
1922 silly packumentCache full:https://registry.npmmirror.com/@swup%2fplugin cache-miss
1923 silly fetch manifest @swup/plugin@^4.0.0
1924 silly packumentCache full:https://registry.npmmirror.com/@swup%2fplugin cache-miss
1925 silly fetch manifest @swup/plugin@^4.0.0
1926 silly packumentCache full:https://registry.npmmirror.com/@swup%2fplugin cache-miss
1927 silly fetch manifest @swup/theme@^2.0.0
1928 silly packumentCache full:https://registry.npmmirror.com/@swup%2ftheme cache-miss
1929 silly fetch manifest @swup/plugin@^3.0.0
1930 silly packumentCache full:https://registry.npmmirror.com/@swup%2fplugin cache-miss
1931 silly fetch manifest @swup/plugin@^4.0.0
1932 silly packumentCache full:https://registry.npmmirror.com/@swup%2fplugin cache-miss
1933 silly fetch manifest @swup/plugin@^4.0.0
1934 silly packumentCache full:https://registry.npmmirror.com/@swup%2fplugin cache-miss
1935 silly fetch manifest @swup/plugin@^3.0.0
1936 silly packumentCache full:https://registry.npmmirror.com/@swup%2fplugin cache-miss
1937 silly fetch manifest @swup/plugin@^4.0.0
1938 silly packumentCache full:https://registry.npmmirror.com/@swup%2fplugin cache-miss
1939 silly fetch manifest @swup/plugin@^4.0.0
1940 silly packumentCache full:https://registry.npmmirror.com/@swup%2fplugin cache-miss
1941 silly fetch manifest scrl@^2.0.0
1942 silly packumentCache full:https://registry.npmmirror.com/scrl cache-miss
1943 silly fetch manifest @swup/theme@^2.0.0
1944 silly packumentCache full:https://registry.npmmirror.com/@swup%2ftheme cache-miss
1945 silly fetch manifest @swup/plugin@^4.0.0
1946 silly packumentCache full:https://registry.npmmirror.com/@swup%2fplugin cache-miss
1947 silly fetch manifest morphdom@^2.7.0
1948 silly packumentCache full:https://registry.npmmirror.com/morphdom cache-miss
1949 http fetch GET 200 https://registry.npmmirror.com/path-to-regexp 126ms (cache revalidated)
1950 silly packumentCache full:https://registry.npmmirror.com/path-to-regexp set size:139272 disposed:false
1951 http fetch GET 200 https://registry.npmmirror.com/opencollective-postinstall 145ms (cache revalidated)
1952 silly packumentCache full:https://registry.npmmirror.com/opencollective-postinstall set size:48177 disposed:false
1953 http fetch GET 200 https://registry.npmmirror.com/delegate-it 187ms (cache revalidated)
1954 silly packumentCache full:https://registry.npmmirror.com/delegate-it set size:87137 disposed:false
1955 http fetch GET 200 https://registry.npmmirror.com/@swup%2fplugin 190ms (cache revalidated)
1956 silly packumentCache full:https://registry.npmmirror.com/@swup%2fplugin set size:60984 disposed:false
1957 http fetch GET 200 https://registry.npmmirror.com/@swup%2fplugin 189ms (cache revalidated)
1958 silly packumentCache full:https://registry.npmmirror.com/@swup%2fplugin set size:60984 disposed:false
1959 silly packumentCache full:https://registry.npmmirror.com/@swup%2fplugin dispose
1960 http fetch GET 200 https://registry.npmmirror.com/@swup%2fplugin 191ms (cache revalidated)
1961 silly packumentCache full:https://registry.npmmirror.com/@swup%2fplugin set size:60984 disposed:true
1962 silly packumentCache full:https://registry.npmmirror.com/@swup%2fplugin dispose
1963 http fetch GET 200 https://registry.npmmirror.com/@swup%2fplugin 192ms (cache revalidated)
1964 silly packumentCache full:https://registry.npmmirror.com/@swup%2fplugin set size:60984 disposed:true
1965 silly packumentCache full:https://registry.npmmirror.com/@swup%2fplugin dispose
1966 http fetch GET 200 https://registry.npmmirror.com/@swup%2fplugin 191ms (cache revalidated)
1967 silly packumentCache full:https://registry.npmmirror.com/@swup%2fplugin set size:60984 disposed:true
1968 silly packumentCache full:https://registry.npmmirror.com/@swup%2fplugin dispose
1969 http fetch GET 200 https://registry.npmmirror.com/@swup%2fplugin 193ms (cache revalidated)
1970 silly packumentCache full:https://registry.npmmirror.com/@swup%2fplugin set size:60984 disposed:true
1971 silly packumentCache full:https://registry.npmmirror.com/@swup%2fplugin dispose
1972 http fetch GET 200 https://registry.npmmirror.com/@swup%2fplugin 194ms (cache revalidated)
1973 silly packumentCache full:https://registry.npmmirror.com/@swup%2fplugin set size:60984 disposed:true
1974 silly packumentCache full:https://registry.npmmirror.com/@swup%2fplugin dispose
1975 http fetch GET 200 https://registry.npmmirror.com/@swup%2fplugin 195ms (cache revalidated)
1976 silly packumentCache full:https://registry.npmmirror.com/@swup%2fplugin set size:60984 disposed:true
1977 silly packumentCache full:https://registry.npmmirror.com/@swup%2fplugin dispose
1978 http fetch GET 200 https://registry.npmmirror.com/@swup%2fplugin 200ms (cache revalidated)
1979 silly packumentCache full:https://registry.npmmirror.com/@swup%2fplugin set size:60984 disposed:true
1980 silly packumentCache full:https://registry.npmmirror.com/@swup%2fplugin dispose
1981 http fetch GET 200 https://registry.npmmirror.com/@swup%2ftheme 206ms (cache revalidated)
1982 silly packumentCache full:https://registry.npmmirror.com/@swup%2ftheme set size:49668 disposed:false
1983 http fetch GET 200 https://registry.npmmirror.com/@swup%2ftheme 206ms (cache revalidated)
1984 silly packumentCache full:https://registry.npmmirror.com/@swup%2ftheme set size:49668 disposed:false
1985 silly packumentCache full:https://registry.npmmirror.com/@swup%2ftheme dispose
1986 http fetch GET 200 https://registry.npmmirror.com/@swup%2ftheme 206ms (cache revalidated)
1987 silly packumentCache full:https://registry.npmmirror.com/@swup%2ftheme set size:49668 disposed:true
1988 silly packumentCache full:https://registry.npmmirror.com/@swup%2ftheme dispose
1989 http fetch GET 200 https://registry.npmmirror.com/@swup%2fplugin 210ms (cache revalidated)
1990 silly packumentCache full:https://registry.npmmirror.com/@swup%2fplugin set size:60984 disposed:true
1991 silly packumentCache full:https://registry.npmmirror.com/@swup%2fplugin dispose
1992 http fetch GET 200 https://registry.npmmirror.com/@swup%2fplugin 210ms (cache revalidated)
1993 silly packumentCache full:https://registry.npmmirror.com/@swup%2fplugin set size:60984 disposed:true
1994 silly packumentCache full:https://registry.npmmirror.com/@swup%2fplugin dispose
1995 http fetch GET 200 https://registry.npmmirror.com/@swup%2fplugin 210ms (cache revalidated)
1996 silly packumentCache full:https://registry.npmmirror.com/@swup%2fplugin set size:60984 disposed:true
1997 silly packumentCache full:https://registry.npmmirror.com/@swup%2fplugin dispose
1998 http fetch GET 200 https://registry.npmmirror.com/@swup%2fplugin 214ms (cache revalidated)
1999 silly packumentCache full:https://registry.npmmirror.com/@swup%2fplugin set size:60984 disposed:true
2000 silly packumentCache full:https://registry.npmmirror.com/@swup%2fplugin dispose
2001 http fetch GET 200 https://registry.npmmirror.com/focus-options-polyfill 215ms (cache revalidated)
2002 silly packumentCache full:https://registry.npmmirror.com/focus-options-polyfill set size:17645 disposed:false
2003 http fetch GET 200 https://registry.npmmirror.com/morphdom 217ms (cache revalidated)
2004 silly packumentCache full:https://registry.npmmirror.com/morphdom set size:230150 disposed:false
2005 http fetch GET 200 https://registry.npmmirror.com/scrl 239ms (cache revalidated)
2006 silly packumentCache full:https://registry.npmmirror.com/scrl set size:7071 disposed:false
2007 silly placeDep ROOT @swup/plugin@4.0.0 OK for: @swup/a11y-plugin@5.0.0 want: ^4.0.0
2008 silly placeDep ROOT focus-options-polyfill@1.6.0 OK for: @swup/a11y-plugin@5.0.0 want: ^1.5.0
2009 silly placeDep ROOT @swup/theme@2.1.0 OK for: @swup/fade-theme@2.0.2 want: ^2.0.0
2010 silly placeDep node_modules/@swup/parallel-plugin @swup/plugin@3.0.1 OK for: @swup/parallel-plugin@0.4.0 want: ^3.0.0
2011 silly fetch manifest @swup/browserslist-config@^1.0.0
2012 silly packumentCache full:https://registry.npmmirror.com/@swup%2fbrowserslist-config cache-miss
2013 silly fetch manifest @swup/prettier-config@^1.0.0
2014 silly packumentCache full:https://registry.npmmirror.com/@swup%2fprettier-config cache-miss
2015 silly fetch manifest chalk@^5.2.0
2016 silly packumentCache full:https://registry.npmmirror.com/chalk cache-miss
2017 silly fetch manifest microbundle@^0.15.1
2018 silly packumentCache full:https://registry.npmmirror.com/microbundle cache-miss
2019 silly fetch manifest prettier@^2.7.1
2020 silly packumentCache full:https://registry.npmmirror.com/prettier cache-hit
2021 silly fetch manifest shelljs@^0.8.5
2022 silly packumentCache full:https://registry.npmmirror.com/shelljs cache-miss
2023 silly fetch manifest shelljs-live@^0.0.5
2024 silly packumentCache full:https://registry.npmmirror.com/shelljs-live cache-miss
2025 http fetch GET 200 https://registry.npmmirror.com/chalk 50ms (cache revalidated)
2026 silly packumentCache full:https://registry.npmmirror.com/chalk set size:105150 disposed:false
2027 http fetch GET 200 https://registry.npmmirror.com/@swup%2fbrowserslist-config 92ms (cache revalidated)
2028 silly packumentCache full:https://registry.npmmirror.com/@swup%2fbrowserslist-config set size:5873 disposed:false
2029 http fetch GET 200 https://registry.npmmirror.com/shelljs-live 93ms (cache revalidated)
2030 silly packumentCache full:https://registry.npmmirror.com/shelljs-live set size:7565 disposed:false
2031 http fetch GET 200 https://registry.npmmirror.com/microbundle 101ms (cache revalidated)
2032 silly packumentCache full:https://registry.npmmirror.com/microbundle set size:213660 disposed:false
2033 http fetch GET 200 https://registry.npmmirror.com/shelljs 105ms (cache revalidated)
2034 silly packumentCache full:https://registry.npmmirror.com/shelljs set size:127608 disposed:false
2035 http fetch GET 200 https://registry.npmmirror.com/@swup%2fprettier-config 116ms (cache revalidated)
2036 silly packumentCache full:https://registry.npmmirror.com/@swup%2fprettier-config set size:4539 disposed:false
2037 silly placeDep node_modules/@swup/route-name-plugin @swup/plugin@3.0.1 OK for: @swup/route-name-plugin@4.1.0 want: ^3.0.0
2038 silly placeDep ROOT scrl@2.0.0 OK for: @swup/scroll-plugin@3.3.2 want: ^2.0.0
2039 silly placeDep ROOT postcss-selector-parser@6.0.10 OK for: @tailwindcss/typography@0.5.19 want: 6.0.10
2040 silly fetch manifest util-deprecate@^1.0.2
2041 silly packumentCache full:https://registry.npmmirror.com/util-deprecate cache-miss
2042 http fetch GET 200 https://registry.npmmirror.com/util-deprecate 45ms (cache revalidated)
2043 silly packumentCache full:https://registry.npmmirror.com/util-deprecate set size:6659 disposed:false
2044 silly placeDep ROOT postcss-selector-parser@7.1.0 REPLACE for: @csstools/selector-resolve-nested@3.1.0 want: ^7.0.0
2045 silly placeDep node_modules/@tailwindcss/typography postcss-selector-parser@6.0.10 OK for: @tailwindcss/typography@0.5.19 want: 6.0.10
2046 silly placeDep ROOT @types/unist@3.0.3 OK for: @types/hast@3.0.4 want: *
2047 silly placeDep ROOT @types/linkify-it@5.0.0 OK for: @types/markdown-it@14.1.2 want: ^5
2048 silly placeDep ROOT @types/mdurl@2.0.0 OK for: @types/markdown-it@14.1.2 want: ^2
2049 silly placeDep ROOT htmlparser2@8.0.2 OK for: @types/sanitize-html@2.16.0 want: ^8.0.0
2050 silly fetch manifest domelementtype@^2.3.0
2051 silly packumentCache full:https://registry.npmmirror.com/domelementtype cache-miss
2052 silly fetch manifest domhandler@^5.0.3
2053 silly packumentCache full:https://registry.npmmirror.com/domhandler cache-miss
2054 silly fetch manifest domutils@^3.0.1
2055 silly packumentCache full:https://registry.npmmirror.com/domutils cache-miss
2056 http fetch GET 200 https://registry.npmmirror.com/domelementtype 45ms (cache revalidated)
2057 silly packumentCache full:https://registry.npmmirror.com/domelementtype set size:24162 disposed:false
2058 http fetch GET 200 https://registry.npmmirror.com/domhandler 47ms (cache revalidated)
2059 silly packumentCache full:https://registry.npmmirror.com/domhandler set size:63623 disposed:false
2060 http fetch GET 200 https://registry.npmmirror.com/domutils 49ms (cache revalidated)
2061 silly packumentCache full:https://registry.npmmirror.com/domutils set size:88892 disposed:false
2062 silly placeDep ROOT typesafe-path@0.2.2 OK for: @volar/kit@2.4.23 want: ^0.2.2
2063 silly placeDep ROOT @volar/source-map@2.4.23 OK for: @volar/language-core@2.4.23 want: 2.4.23
2064 silly placeDep ROOT path-browserify@1.0.1 OK for: @volar/language-server@2.4.23 want: ^1.0.1
2065 silly placeDep ROOT request-light@0.7.0 OK for: @volar/language-server@2.4.23 want: ^0.7.0
2066 silly placeDep ROOT vscode-languageserver@9.0.1 OK for: @volar/language-server@2.4.23 want: ^9.0.1
2067 silly placeDep ROOT vscode-languageserver-protocol@3.17.5 OK for: @volar/language-server@2.4.23 want: ^3.17.5
2068 silly fetch manifest vscode-languageserver-protocol@3.17.5
2069 silly packumentCache full:https://registry.npmmirror.com/vscode-languageserver-protocol cache-hit
2070 silly fetch manifest vscode-jsonrpc@8.2.0
2071 silly packumentCache full:https://registry.npmmirror.com/vscode-jsonrpc cache-miss
2072 silly fetch manifest vscode-languageserver-types@3.17.5
2073 silly packumentCache full:https://registry.npmmirror.com/vscode-languageserver-types cache-hit
2074 http fetch GET 200 https://registry.npmmirror.com/vscode-jsonrpc 78ms (cache revalidated)
2075 silly packumentCache full:https://registry.npmmirror.com/vscode-jsonrpc set size:345238 disposed:false
2076 silly fetch manifest typescript@^5.0.0
2077 silly packumentCache full:https://registry.npmmirror.com/typescript cache-miss
2078 http cache https://registry.npmmirror.com/typescript 30ms (cache hit)
2079 silly packumentCache full:https://registry.npmmirror.com/typescript set size:14143151 disposed:false
2080 silly fetch manifest @azure/app-configuration@^1.8.0
2081 silly packumentCache full:https://registry.npmmirror.com/@azure%2fapp-configuration cache-miss
2082 http fetch GET 200 https://registry.npmmirror.com/@azure%2fapp-configuration 47ms (cache revalidated)
2083 silly packumentCache full:https://registry.npmmirror.com/@azure%2fapp-configuration set size:3762740 disposed:false
2084 silly fetch manifest @azure/cosmos@^4.2.0
2085 silly packumentCache full:https://registry.npmmirror.com/@azure%2fcosmos cache-miss
2086 http fetch GET 200 https://registry.npmmirror.com/@azure%2fcosmos 52ms (cache revalidated)
2087 silly packumentCache full:https://registry.npmmirror.com/@azure%2fcosmos set size:6127721 disposed:false
2088 silly fetch manifest @azure/data-tables@^13.3.0
2089 silly packumentCache full:https://registry.npmmirror.com/@azure%2fdata-tables cache-miss
2090 http fetch GET 200 https://registry.npmmirror.com/@azure%2fdata-tables 61ms (cache revalidated)
2091 silly packumentCache full:https://registry.npmmirror.com/@azure%2fdata-tables set size:3210657 disposed:false
2092 silly fetch manifest @azure/identity@^4.6.0
2093 silly packumentCache full:https://registry.npmmirror.com/@azure%2fidentity cache-miss
2094 http fetch GET 200 https://registry.npmmirror.com/@azure%2fidentity 62ms (cache revalidated)
2095 silly packumentCache full:https://registry.npmmirror.com/@azure%2fidentity set size:5456937 disposed:false
2096 silly fetch manifest @azure/keyvault-secrets@^4.9.0
2097 silly packumentCache full:https://registry.npmmirror.com/@azure%2fkeyvault-secrets cache-miss
2098 http fetch GET 200 https://registry.npmmirror.com/@azure%2fkeyvault-secrets 43ms (cache revalidated)
2099 silly packumentCache full:https://registry.npmmirror.com/@azure%2fkeyvault-secrets set size:3656856 disposed:false
2100 silly fetch manifest @azure/storage-blob@^12.26.0
2101 silly packumentCache full:https://registry.npmmirror.com/@azure%2fstorage-blob cache-miss
2102 http fetch GET 200 https://registry.npmmirror.com/@azure%2fstorage-blob 88ms (cache revalidated)
2103 silly packumentCache full:https://registry.npmmirror.com/@azure%2fstorage-blob set size:4298683 disposed:false
2104 silly fetch manifest @capacitor/preferences@^6.0.3 || ^7.0.0
2105 silly packumentCache full:https://registry.npmmirror.com/@capacitor%2fpreferences cache-miss
2106 http fetch GET 200 https://registry.npmmirror.com/@capacitor%2fpreferences 63ms (cache revalidated)
2107 silly packumentCache full:https://registry.npmmirror.com/@capacitor%2fpreferences set size:3935635 disposed:false
2108 silly fetch manifest @capacitor/core@>=7.0.0
2109 silly packumentCache full:https://registry.npmmirror.com/@capacitor%2fcore cache-miss
2110 http fetch GET 200 https://registry.npmmirror.com/@capacitor%2fcore 61ms (cache revalidated)
2111 silly packumentCache full:https://registry.npmmirror.com/@capacitor%2fcore set size:3804664 disposed:false
2112 silly fetch manifest @deno/kv@>=0.9.0
2113 silly packumentCache full:https://registry.npmmirror.com/@deno%2fkv cache-miss
2114 http fetch GET 200 https://registry.npmmirror.com/@deno%2fkv 40ms (cache revalidated)
2115 silly packumentCache full:https://registry.npmmirror.com/@deno%2fkv set size:34331 disposed:false
2116 silly fetch manifest @netlify/blobs@^6.5.0 || ^7.0.0 || ^8.1.0 || ^9.0.0 || ^10.0.0
2117 silly packumentCache full:https://registry.npmmirror.com/@netlify%2fblobs cache-miss
2118 http fetch GET 200 https://registry.npmmirror.com/@netlify%2fblobs 108ms (cache revalidated)
2119 silly packumentCache full:https://registry.npmmirror.com/@netlify%2fblobs set size:376483 disposed:false
2120 silly fetch manifest @planetscale/database@^1.19.0
2121 silly packumentCache full:https://registry.npmmirror.com/@planetscale%2fdatabase cache-miss
2122 http fetch GET 200 https://registry.npmmirror.com/@planetscale%2fdatabase 55ms (cache revalidated)
2123 silly packumentCache full:https://registry.npmmirror.com/@planetscale%2fdatabase set size:127752 disposed:false
2124 silly fetch manifest @upstash/redis@^1.34.3
2125 silly packumentCache full:https://registry.npmmirror.com/@upstash%2fredis cache-miss
2126 http fetch GET 200 https://registry.npmmirror.com/@upstash%2fredis 50ms (cache revalidated)
2127 silly packumentCache full:https://registry.npmmirror.com/@upstash%2fredis set size:3025909 disposed:false
2128 silly fetch manifest @vercel/blob@>=0.27.1
2129 silly packumentCache full:https://registry.npmmirror.com/@vercel%2fblob cache-miss
2130 http fetch GET 200 https://registry.npmmirror.com/@vercel%2fblob 48ms (cache revalidated)
2131 silly packumentCache full:https://registry.npmmirror.com/@vercel%2fblob set size:876020 disposed:false
2132 silly fetch manifest @vercel/functions@^2.2.12 || ^3.0.0
2133 silly packumentCache full:https://registry.npmmirror.com/@vercel%2ffunctions cache-miss
2134 http fetch GET 200 https://registry.npmmirror.com/@vercel%2ffunctions 40ms (cache revalidated)
2135 silly packumentCache full:https://registry.npmmirror.com/@vercel%2ffunctions set size:147535 disposed:false
2136 silly fetch manifest @aws-sdk/credential-provider-web-identity@*
2137 silly packumentCache full:https://registry.npmmirror.com/@aws-sdk%2fcredential-provider-web-identity cache-miss
2138 http fetch GET 200 https://registry.npmmirror.com/@aws-sdk%2fcredential-provider-web-identity 45ms (cache revalidated)
2139 silly packumentCache full:https://registry.npmmirror.com/@aws-sdk%2fcredential-provider-web-identity set size:756297 disposed:false
2140 silly fetch manifest @vercel/kv@^1.0.1
2141 silly packumentCache full:https://registry.npmmirror.com/@vercel%2fkv cache-miss
2142 http fetch GET 200 https://registry.npmmirror.com/@vercel%2fkv 44ms (cache revalidated)
2143 silly packumentCache full:https://registry.npmmirror.com/@vercel%2fkv set size:108822 disposed:false
2144 silly fetch manifest aws4fetch@^1.0.20
2145 silly packumentCache full:https://registry.npmmirror.com/aws4fetch cache-miss
2146 http fetch GET 200 https://registry.npmmirror.com/aws4fetch 34ms (cache revalidated)
2147 silly packumentCache full:https://registry.npmmirror.com/aws4fetch set size:74587 disposed:false
2148 silly fetch manifest db0@>=0.2.1
2149 silly packumentCache full:https://registry.npmmirror.com/db0 cache-miss
2150 http fetch GET 200 https://registry.npmmirror.com/db0 38ms (cache revalidated)
2151 silly packumentCache full:https://registry.npmmirror.com/db0 set size:73891 disposed:false
2152 silly fetch manifest @electric-sql/pglite@*
2153 silly packumentCache full:https://registry.npmmirror.com/@electric-sql%2fpglite cache-miss
2154 http fetch GET 200 https://registry.npmmirror.com/@electric-sql%2fpglite 49ms (cache revalidated)
2155 silly packumentCache full:https://registry.npmmirror.com/@electric-sql%2fpglite set size:264688 disposed:false
2156 silly fetch manifest @libsql/client@*
2157 silly packumentCache full:https://registry.npmmirror.com/@libsql%2fclient cache-miss
2158 http fetch GET 200 https://registry.npmmirror.com/@libsql%2fclient 56ms (cache revalidated)
2159 silly packumentCache full:https://registry.npmmirror.com/@libsql%2fclient set size:376862 disposed:false
2160 silly fetch manifest better-sqlite3@*
2161 silly packumentCache full:https://registry.npmmirror.com/better-sqlite3 cache-miss
2162 http fetch GET 200 https://registry.npmmirror.com/better-sqlite3 64ms (cache revalidated)
2163 silly packumentCache full:https://registry.npmmirror.com/better-sqlite3 set size:338227 disposed:false
2164 silly fetch manifest drizzle-orm@*
2165 silly packumentCache full:https://registry.npmmirror.com/drizzle-orm cache-miss
2166 http fetch GET 200 https://registry.npmmirror.com/drizzle-orm 168ms (cache revalidated)
2167 silly packumentCache full:https://registry.npmmirror.com/drizzle-orm set size:56093880 disposed:false
2168 silly fetch manifest @aws-sdk/client-rds-data@>=3
2169 silly packumentCache full:https://registry.npmmirror.com/@aws-sdk%2fclient-rds-data cache-miss
2170 http fetch GET 200 https://registry.npmmirror.com/@aws-sdk%2fclient-rds-data 57ms (cache revalidated)
2171 silly packumentCache full:https://registry.npmmirror.com/@aws-sdk%2fclient-rds-data set size:2403585 disposed:false
2172 silly fetch manifest @cloudflare/workers-types@>=4
2173 silly packumentCache full:https://registry.npmmirror.com/@cloudflare%2fworkers-types cache-miss
2174 http fetch GET 200 https://registry.npmmirror.com/@cloudflare%2fworkers-types 52ms (cache revalidated)
2175 silly packumentCache full:https://registry.npmmirror.com/@cloudflare%2fworkers-types set size:1110031 disposed:false
2176 silly fetch manifest @libsql/client-wasm@>=0.10.0
2177 silly packumentCache full:https://registry.npmmirror.com/@libsql%2fclient-wasm cache-miss
2178 http fetch GET 200 https://registry.npmmirror.com/@libsql%2fclient-wasm 101ms (cache revalidated)
2179 silly packumentCache full:https://registry.npmmirror.com/@libsql%2fclient-wasm set size:137847 disposed:false
2180 silly fetch manifest @neondatabase/serverless@>=0.10.0
2181 silly packumentCache full:https://registry.npmmirror.com/@neondatabase%2fserverless cache-miss
2182 http fetch GET 200 https://registry.npmmirror.com/@neondatabase%2fserverless 55ms (cache revalidated)
2183 silly packumentCache full:https://registry.npmmirror.com/@neondatabase%2fserverless set size:182580 disposed:false
2184 silly fetch manifest @op-engineering/op-sqlite@>=2
2185 silly packumentCache full:https://registry.npmmirror.com/@op-engineering%2fop-sqlite cache-miss
2186 http fetch GET 200 https://registry.npmmirror.com/@op-engineering%2fop-sqlite 51ms (cache revalidated)
2187 silly packumentCache full:https://registry.npmmirror.com/@op-engineering%2fop-sqlite set size:419318 disposed:false
2188 silly fetch manifest react@*
2189 silly packumentCache full:https://registry.npmmirror.com/react cache-miss
2190 http fetch GET 200 https://registry.npmmirror.com/react 60ms (cache revalidated)
2191 silly packumentCache full:https://registry.npmmirror.com/react set size:5978990 disposed:false
2192 silly fetch manifest react-native@*
2193 silly packumentCache full:https://registry.npmmirror.com/react-native cache-miss
2194 http fetch GET 200 https://registry.npmmirror.com/react-native 77ms (cache revalidated)
2195 silly packumentCache full:https://registry.npmmirror.com/react-native set size:13921938 disposed:false
2196 silly fetch manifest @types/react@^19.1.1
2197 silly packumentCache full:https://registry.npmmirror.com/@types%2freact cache-miss
2198 http fetch GET 200 https://registry.npmmirror.com/@types%2freact 44ms (cache revalidated)
2199 silly packumentCache full:https://registry.npmmirror.com/@types%2freact set size:2384324 disposed:false
2200 silly fetch manifest @opentelemetry/api@^1.4.1
2201 silly packumentCache full:https://registry.npmmirror.com/@opentelemetry%2fapi cache-miss
2202 http fetch GET 200 https://registry.npmmirror.com/@opentelemetry%2fapi 38ms (cache revalidated)
2203 silly packumentCache full:https://registry.npmmirror.com/@opentelemetry%2fapi set size:218470 disposed:false
2204 silly fetch manifest @prisma/client@*
2205 silly packumentCache full:https://registry.npmmirror.com/@prisma%2fclient cache-miss
2206 http fetch GET 200 https://registry.npmmirror.com/@prisma%2fclient 160ms (cache revalidated)
2207 silly packumentCache full:https://registry.npmmirror.com/@prisma%2fclient set size:61993941 disposed:false
2208 silly fetch manifest prisma@*
2209 silly packumentCache full:https://registry.npmmirror.com/prisma cache-miss
2210 http fetch GET 200 https://registry.npmmirror.com/prisma 135ms (cache revalidated)
2211 silly packumentCache full:https://registry.npmmirror.com/prisma set size:40410824 disposed:false
2212 silly fetch manifest typescript@>=5.1.0
2213 silly packumentCache full:https://registry.npmmirror.com/typescript cache-miss
2214 http cache https://registry.npmmirror.com/typescript 38ms (cache hit)
2215 silly packumentCache full:https://registry.npmmirror.com/typescript set size:14143151 disposed:false
2216 silly fetch manifest @tidbcloud/serverless@*
2217 silly packumentCache full:https://registry.npmmirror.com/@tidbcloud%2fserverless cache-miss
2218 http fetch GET 200 https://registry.npmmirror.com/@tidbcloud%2fserverless 38ms (cache revalidated)
2219 silly packumentCache full:https://registry.npmmirror.com/@tidbcloud%2fserverless set size:48552 disposed:false
2220 silly fetch manifest @types/better-sqlite3@*
2221 silly packumentCache full:https://registry.npmmirror.com/@types%2fbetter-sqlite3 cache-miss
2222 http fetch GET 200 https://registry.npmmirror.com/@types%2fbetter-sqlite3 50ms (cache revalidated)
2223 silly packumentCache full:https://registry.npmmirror.com/@types%2fbetter-sqlite3 set size:73389 disposed:false
2224 silly fetch manifest @types/pg@*
2225 silly packumentCache full:https://registry.npmmirror.com/@types%2fpg cache-miss
2226 http fetch GET 200 https://registry.npmmirror.com/@types%2fpg 61ms (cache revalidated)
2227 silly packumentCache full:https://registry.npmmirror.com/@types%2fpg set size:167310 disposed:false
2228 silly fetch manifest @types/sql.js@*
2229 silly packumentCache full:https://registry.npmmirror.com/@types%2fsql.js cache-miss
2230 http fetch GET 200 https://registry.npmmirror.com/@types%2fsql.js 42ms (cache revalidated)
2231 silly packumentCache full:https://registry.npmmirror.com/@types%2fsql.js set size:39828 disposed:false
2232 silly fetch manifest @vercel/postgres@>=0.8.0
2233 silly packumentCache full:https://registry.npmmirror.com/@vercel%2fpostgres cache-miss
2234 http fetch GET 200 https://registry.npmmirror.com/@vercel%2fpostgres 41ms (cache revalidated)
2235 silly packumentCache full:https://registry.npmmirror.com/@vercel%2fpostgres set size:234605 disposed:false
2236 silly fetch manifest @xata.io/client@*
2237 silly packumentCache full:https://registry.npmmirror.com/@xata.io%2fclient cache-miss
2238 http fetch GET 200 https://registry.npmmirror.com/@xata.io%2fclient 70ms (cache revalidated)
2239 silly packumentCache full:https://registry.npmmirror.com/@xata.io%2fclient set size:11780856 disposed:false
2240 silly fetch manifest bun-types@*
2241 silly packumentCache full:https://registry.npmmirror.com/bun-types cache-miss
2242 http fetch GET 200 https://registry.npmmirror.com/bun-types 51ms (cache revalidated)
2243 silly packumentCache full:https://registry.npmmirror.com/bun-types set size:2257231 disposed:false
2244 silly fetch manifest expo-sqlite@>=14.0.0
2245 silly packumentCache full:https://registry.npmmirror.com/expo-sqlite cache-miss
2246 http fetch GET 200 https://registry.npmmirror.com/expo-sqlite 48ms (cache revalidated)
2247 silly packumentCache full:https://registry.npmmirror.com/expo-sqlite set size:724363 disposed:false
2248 silly fetch manifest expo@*
2249 silly packumentCache full:https://registry.npmmirror.com/expo cache-miss
2250 http fetch GET 200 https://registry.npmmirror.com/expo 51ms (cache revalidated)
2251 silly packumentCache full:https://registry.npmmirror.com/expo set size:3349347 disposed:false
2252 silly fetch manifest @expo/dom-webview@*
2253 silly packumentCache full:https://registry.npmmirror.com/@expo%2fdom-webview cache-miss
2254 http fetch GET 200 https://registry.npmmirror.com/@expo%2fdom-webview 47ms (cache revalidated)
2255 silly packumentCache full:https://registry.npmmirror.com/@expo%2fdom-webview set size:248942 disposed:false
2256 silly fetch manifest @expo/metro-runtime@*
2257 silly packumentCache full:https://registry.npmmirror.com/@expo%2fmetro-runtime cache-miss
2258 http fetch GET 200 https://registry.npmmirror.com/@expo%2fmetro-runtime 34ms (cache revalidated)
2259 silly packumentCache full:https://registry.npmmirror.com/@expo%2fmetro-runtime set size:517597 disposed:false
2260 silly fetch manifest react-dom@*
2261 silly packumentCache full:https://registry.npmmirror.com/react-dom cache-miss
2262 http fetch GET 200 https://registry.npmmirror.com/react-dom 55ms (cache revalidated)
2263 silly packumentCache full:https://registry.npmmirror.com/react-dom set size:7898696 disposed:false
2264 silly fetch manifest react-native-webview@*
2265 silly packumentCache full:https://registry.npmmirror.com/react-native-webview cache-miss
2266 http fetch GET 200 https://registry.npmmirror.com/react-native-webview 113ms (cache revalidated)
2267 silly packumentCache full:https://registry.npmmirror.com/react-native-webview set size:1102956 disposed:false
2268 silly fetch manifest gel@>=2
2269 silly packumentCache full:https://registry.npmmirror.com/gel cache-miss
2270 http fetch GET 200 https://registry.npmmirror.com/gel 44ms (cache revalidated)
2271 silly packumentCache full:https://registry.npmmirror.com/gel set size:259809 disposed:false
2272 silly fetch manifest knex@*
2273 silly packumentCache full:https://registry.npmmirror.com/knex cache-miss
2274 http fetch GET 200 https://registry.npmmirror.com/knex 48ms (cache revalidated)
2275 silly packumentCache full:https://registry.npmmirror.com/knex set size:1139116 disposed:false
2276 silly fetch manifest kysely@*
2277 silly packumentCache full:https://registry.npmmirror.com/kysely cache-miss
2278 http fetch GET 200 https://registry.npmmirror.com/kysely 52ms (cache revalidated)
2279 silly packumentCache full:https://registry.npmmirror.com/kysely set size:597589 disposed:false
2280 silly fetch manifest mysql2@>=2
2281 silly packumentCache full:https://registry.npmmirror.com/mysql2 cache-miss
2282 http fetch GET 200 https://registry.npmmirror.com/mysql2 55ms (cache revalidated)
2283 silly packumentCache full:https://registry.npmmirror.com/mysql2 set size:596574 disposed:false
2284 silly fetch manifest pg@>=8
2285 silly packumentCache full:https://registry.npmmirror.com/pg cache-miss
2286 http fetch GET 200 https://registry.npmmirror.com/pg 37ms (cache revalidated)
2287 silly packumentCache full:https://registry.npmmirror.com/pg set size:418818 disposed:false
2288 silly fetch manifest pg-native@>=3.0.1
2289 silly packumentCache full:https://registry.npmmirror.com/pg-native cache-miss
2290 http fetch GET 200 https://registry.npmmirror.com/pg-native 37ms (cache revalidated)
2291 silly packumentCache full:https://registry.npmmirror.com/pg-native set size:87540 disposed:false
2292 silly fetch manifest postgres@>=3
2293 silly packumentCache full:https://registry.npmmirror.com/postgres cache-miss
2294 http fetch GET 200 https://registry.npmmirror.com/postgres 36ms (cache revalidated)
2295 silly packumentCache full:https://registry.npmmirror.com/postgres set size:180887 disposed:false
2296 silly fetch manifest sql.js@>=1
2297 silly packumentCache full:https://registry.npmmirror.com/sql.js cache-miss
2298 http fetch GET 200 https://registry.npmmirror.com/sql.js 74ms (cache revalidated)
2299 silly packumentCache full:https://registry.npmmirror.com/sql.js set size:108358 disposed:false
2300 silly fetch manifest sqlite3@>=5
2301 silly packumentCache full:https://registry.npmmirror.com/sqlite3 cache-miss
2302 http fetch GET 200 https://registry.npmmirror.com/sqlite3 54ms (cache revalidated)
2303 silly packumentCache full:https://registry.npmmirror.com/sqlite3 set size:327645 disposed:false
2304 silly fetch manifest idb-keyval@^6.2.1
2305 silly packumentCache full:https://registry.npmmirror.com/idb-keyval cache-miss
2306 http fetch GET 200 https://registry.npmmirror.com/idb-keyval 56ms (cache revalidated)
2307 silly packumentCache full:https://registry.npmmirror.com/idb-keyval set size:104005 disposed:false
2308 silly fetch manifest ioredis@^5.4.2
2309 silly packumentCache full:https://registry.npmmirror.com/ioredis cache-miss
2310 http fetch GET 200 https://registry.npmmirror.com/ioredis 58ms (cache revalidated)
2311 silly packumentCache full:https://registry.npmmirror.com/ioredis set size:730292 disposed:false
2312 silly fetch manifest uploadthing@^7.4.4
2313 silly packumentCache full:https://registry.npmmirror.com/uploadthing cache-miss
2314 http fetch GET 200 https://registry.npmmirror.com/uploadthing 46ms (cache revalidated)
2315 silly packumentCache full:https://registry.npmmirror.com/uploadthing set size:1056855 disposed:false
2316 silly fetch manifest express@*
2317 silly packumentCache full:https://registry.npmmirror.com/express cache-miss
2318 http fetch GET 200 https://registry.npmmirror.com/express 42ms (cache revalidated)
2319 silly packumentCache full:https://registry.npmmirror.com/express set size:722882 disposed:false
2320 silly fetch manifest h3@*
2321 silly packumentCache full:https://registry.npmmirror.com/h3 cache-miss
2322 http fetch GET 200 https://registry.npmmirror.com/h3 40ms (cache revalidated)
2323 silly packumentCache full:https://registry.npmmirror.com/h3 set size:364230 disposed:false
2324 silly fetch manifest crossws@^0.4.1
2325 silly packumentCache full:https://registry.npmmirror.com/crossws cache-miss
2326 http fetch GET 200 https://registry.npmmirror.com/crossws 43ms (cache revalidated)
2327 silly packumentCache full:https://registry.npmmirror.com/crossws set size:76489 disposed:false
2328 silly fetch manifest srvx@>=0.7.1
2329 silly packumentCache full:https://registry.npmmirror.com/srvx cache-miss
2330 http fetch GET 200 https://registry.npmmirror.com/srvx 173ms (cache revalidated)
2331 silly packumentCache full:https://registry.npmmirror.com/srvx set size:177796 disposed:false
2332 silly fetch manifest tailwindcss@^3.0.0 || ^4.0.0-beta.0
2333 silly packumentCache full:https://registry.npmmirror.com/tailwindcss cache-miss
2334 http cache https://registry.npmmirror.com/tailwindcss 27ms (cache hit)
2335 silly packumentCache full:https://registry.npmmirror.com/tailwindcss set size:9822085 disposed:false
2336 silly fetch manifest typescript@^4.9.4 || ^5.0.2
2337 silly packumentCache full:https://registry.npmmirror.com/typescript cache-miss
2338 http cache https://registry.npmmirror.com/typescript 35ms (cache hit)
2339 silly packumentCache full:https://registry.npmmirror.com/typescript set size:14143151 disposed:false
2340 silly placeDep ROOT @oslojs/encoding@1.1.0 OK for: astro@5.15.8 want: ^1.1.0
2341 silly placeDep ROOT acorn@8.15.0 OK for: astro@5.15.8 want: ^8.15.0
2342 silly placeDep ROOT aria-query@5.3.2 OK for: astro@5.15.8 want: ^5.3.2
2343 silly placeDep ROOT axobject-query@4.1.0 OK for: astro@5.15.8 want: ^4.1.0
2344 silly placeDep ROOT boxen@8.0.1 OK for: astro@5.15.8 want: 8.0.1
2345 silly placeDep ROOT ci-info@4.3.1 OK for: astro@5.15.8 want: ^4.3.1
2346 silly placeDep ROOT clsx@2.1.1 OK for: astro@5.15.8 want: ^2.1.1
2347 silly placeDep ROOT common-ancestor-path@1.0.1 OK for: astro@5.15.8 want: ^1.0.1
2348 silly placeDep ROOT cookie@1.0.2 OK for: astro@5.15.8 want: ^1.0.2
2349 silly placeDep ROOT cssesc@3.0.0 OK for: astro@5.15.8 want: ^3.0.0
2350 silly placeDep ROOT deterministic-object-hash@2.0.2 OK for: astro@5.15.8 want: ^2.0.2
2351 silly placeDep ROOT devalue@5.5.0 OK for: astro@5.15.8 want: ^5.4.2
2352 silly placeDep ROOT diff@5.2.0 OK for: astro@5.15.8 want: ^5.2.0
2353 silly placeDep ROOT dlv@1.1.3 OK for: astro@5.15.8 want: ^1.1.3
2354 silly placeDep ROOT dset@3.1.4 OK for: astro@5.15.8 want: ^3.1.4
2355 silly placeDep ROOT es-module-lexer@1.7.0 OK for: astro@5.15.8 want: ^1.7.0
2356 silly placeDep ROOT esbuild@0.25.12 OK for: astro@5.15.8 want: ^0.25.0
2357 silly placeDep node_modules/astro estree-walker@3.0.3 OK for: astro@5.15.8 want: ^3.0.3
2358 silly placeDep ROOT flattie@1.1.1 OK for: astro@5.15.8 want: ^1.1.1
2359 silly placeDep ROOT fontace@0.3.1 OK for: astro@5.15.8 want: ~0.3.1
2360 silly placeDep ROOT github-slugger@2.0.0 OK for: astro@5.15.8 want: ^2.0.0
2361 silly placeDep ROOT html-escaper@3.0.3 OK for: astro@5.15.8 want: 3.0.3
2362 silly placeDep ROOT http-cache-semantics@4.2.0 OK for: astro@5.15.8 want: ^4.2.0
2363 silly placeDep ROOT import-meta-resolve@4.2.0 OK for: astro@5.15.8 want: ^4.2.0
2364 silly placeDep ROOT magicast@0.5.1 OK for: astro@5.15.8 want: ^0.5.1
2365 silly placeDep ROOT mrmime@2.0.1 OK for: astro@5.15.8 want: ^2.0.1
2366 silly placeDep ROOT neotraverse@0.6.18 OK for: astro@5.15.8 want: ^0.6.18
2367 silly placeDep ROOT p-limit@6.2.0 OK for: astro@5.15.8 want: ^6.2.0
2368 silly placeDep ROOT p-queue@8.1.1 OK for: astro@5.15.8 want: ^8.1.1
2369 silly placeDep ROOT package-manager-detector@1.5.0 OK for: astro@5.15.8 want: ^1.5.0
2370 silly placeDep ROOT prompts@2.4.2 OK for: astro@5.15.8 want: ^2.4.2
2371 silly placeDep ROOT rehype@13.0.2 OK for: astro@5.15.8 want: ^13.0.2
2372 silly placeDep ROOT shiki@3.15.0 OK for: astro@5.15.8 want: ^3.15.0
2373 silly placeDep ROOT smol-toml@1.5.2 OK for: astro@5.15.8 want: ^1.4.2
2374 silly placeDep ROOT tinyexec@1.0.2 OK for: astro@5.15.8 want: ^1.0.2
2375 silly placeDep ROOT tinyglobby@0.2.15 OK for: astro@5.15.8 want: ^0.2.15
2376 silly placeDep ROOT tsconfck@3.1.6 OK for: astro@5.15.8 want: ^3.1.6
2377 silly placeDep ROOT ultrahtml@1.6.0 OK for: astro@5.15.8 want: ^1.6.0
2378 silly placeDep ROOT unifont@0.6.0 OK for: astro@5.15.8 want: ~0.6.0
2379 silly placeDep ROOT unstorage@1.17.2 OK for: astro@5.15.8 want: ^1.17.2
2380 silly placeDep ROOT vfile@6.0.3 OK for: astro@5.15.8 want: ^6.0.3
2381 silly placeDep ROOT xxhash-wasm@1.1.0 OK for: astro@5.15.8 want: ^1.1.0
2382 silly placeDep ROOT yargs-parser@21.1.1 OK for: astro@5.15.8 want: ^21.1.1
2383 silly placeDep ROOT yocto-spinner@0.2.3 OK for: astro@5.15.8 want: ^0.2.3
2384 silly placeDep ROOT zod-to-json-schema@3.24.6 OK for: astro@5.15.8 want: ^3.24.6
2385 silly placeDep ROOT zod-to-ts@1.2.0 OK for: astro@5.15.8 want: ^1.2.0
2386 silly fetch manifest ansi-align@^3.0.1
2387 silly packumentCache full:https://registry.npmmirror.com/ansi-align cache-miss
2388 silly fetch manifest camelcase@^8.0.0
2389 silly packumentCache full:https://registry.npmmirror.com/camelcase cache-miss
2390 silly fetch manifest chalk@^5.3.0
2391 silly packumentCache full:https://registry.npmmirror.com/chalk cache-hit
2392 silly fetch manifest cli-boxes@^3.0.0
2393 silly packumentCache full:https://registry.npmmirror.com/cli-boxes cache-miss
2394 silly fetch manifest string-width@^7.2.0
2395 silly packumentCache full:https://registry.npmmirror.com/string-width cache-hit
2396 silly fetch manifest type-fest@^4.21.0
2397 silly packumentCache full:https://registry.npmmirror.com/type-fest cache-miss
2398 silly fetch manifest widest-line@^5.0.0
2399 silly packumentCache full:https://registry.npmmirror.com/widest-line cache-miss
2400 silly fetch manifest wrap-ansi@^9.0.0
2401 silly packumentCache full:https://registry.npmmirror.com/wrap-ansi cache-miss
2402 silly fetch manifest base-64@^1.0.0
2403 silly packumentCache full:https://registry.npmmirror.com/base-64 cache-miss
2404 silly fetch manifest @esbuild/aix-ppc64@0.25.12
2405 silly packumentCache full:https://registry.npmmirror.com/@esbuild%2faix-ppc64 cache-miss
2406 silly fetch manifest @esbuild/android-arm@0.25.12
2407 silly packumentCache full:https://registry.npmmirror.com/@esbuild%2fandroid-arm cache-miss
2408 silly fetch manifest @esbuild/android-arm64@0.25.12
2409 silly packumentCache full:https://registry.npmmirror.com/@esbuild%2fandroid-arm64 cache-miss
2410 silly fetch manifest @esbuild/android-x64@0.25.12
2411 silly packumentCache full:https://registry.npmmirror.com/@esbuild%2fandroid-x64 cache-miss
2412 silly fetch manifest @esbuild/darwin-arm64@0.25.12
2413 silly packumentCache full:https://registry.npmmirror.com/@esbuild%2fdarwin-arm64 cache-miss
2414 silly fetch manifest @esbuild/darwin-x64@0.25.12
2415 silly packumentCache full:https://registry.npmmirror.com/@esbuild%2fdarwin-x64 cache-miss
2416 silly fetch manifest @esbuild/freebsd-arm64@0.25.12
2417 silly packumentCache full:https://registry.npmmirror.com/@esbuild%2ffreebsd-arm64 cache-miss
2418 silly fetch manifest @esbuild/freebsd-x64@0.25.12
2419 silly packumentCache full:https://registry.npmmirror.com/@esbuild%2ffreebsd-x64 cache-miss
2420 silly fetch manifest @esbuild/linux-arm@0.25.12
2421 silly packumentCache full:https://registry.npmmirror.com/@esbuild%2flinux-arm cache-miss
2422 silly fetch manifest @esbuild/linux-arm64@0.25.12
2423 silly packumentCache full:https://registry.npmmirror.com/@esbuild%2flinux-arm64 cache-miss
2424 silly fetch manifest @esbuild/linux-ia32@0.25.12
2425 silly packumentCache full:https://registry.npmmirror.com/@esbuild%2flinux-ia32 cache-miss
2426 silly fetch manifest @esbuild/linux-loong64@0.25.12
2427 silly packumentCache full:https://registry.npmmirror.com/@esbuild%2flinux-loong64 cache-miss
2428 silly fetch manifest @esbuild/linux-mips64el@0.25.12
2429 silly packumentCache full:https://registry.npmmirror.com/@esbuild%2flinux-mips64el cache-miss
2430 silly fetch manifest @esbuild/linux-ppc64@0.25.12
2431 silly packumentCache full:https://registry.npmmirror.com/@esbuild%2flinux-ppc64 cache-miss
2432 silly fetch manifest @esbuild/linux-riscv64@0.25.12
2433 silly packumentCache full:https://registry.npmmirror.com/@esbuild%2flinux-riscv64 cache-miss
2434 silly fetch manifest @esbuild/linux-s390x@0.25.12
2435 silly packumentCache full:https://registry.npmmirror.com/@esbuild%2flinux-s390x cache-miss
2436 silly fetch manifest @esbuild/linux-x64@0.25.12
2437 silly packumentCache full:https://registry.npmmirror.com/@esbuild%2flinux-x64 cache-miss
2438 silly fetch manifest @esbuild/netbsd-arm64@0.25.12
2439 silly packumentCache full:https://registry.npmmirror.com/@esbuild%2fnetbsd-arm64 cache-miss
2440 silly fetch manifest @esbuild/netbsd-x64@0.25.12
2441 silly packumentCache full:https://registry.npmmirror.com/@esbuild%2fnetbsd-x64 cache-miss
2442 silly fetch manifest @esbuild/openbsd-arm64@0.25.12
2443 silly packumentCache full:https://registry.npmmirror.com/@esbuild%2fopenbsd-arm64 cache-miss
2444 silly fetch manifest @esbuild/openbsd-x64@0.25.12
2445 silly packumentCache full:https://registry.npmmirror.com/@esbuild%2fopenbsd-x64 cache-miss
2446 silly fetch manifest @esbuild/openharmony-arm64@0.25.12
2447 silly packumentCache full:https://registry.npmmirror.com/@esbuild%2fopenharmony-arm64 cache-miss
2448 silly fetch manifest @esbuild/sunos-x64@0.25.12
2449 silly packumentCache full:https://registry.npmmirror.com/@esbuild%2fsunos-x64 cache-miss
2450 silly fetch manifest @esbuild/win32-arm64@0.25.12
2451 silly packumentCache full:https://registry.npmmirror.com/@esbuild%2fwin32-arm64 cache-miss
2452 http fetch GET 200 https://registry.npmmirror.com/type-fest 110ms (cache revalidated)
2453 silly packumentCache full:https://registry.npmmirror.com/type-fest set size:495249 disposed:false
2454 silly fetch manifest @esbuild/win32-ia32@0.25.12
2455 silly packumentCache full:https://registry.npmmirror.com/@esbuild%2fwin32-ia32 cache-miss
2456 http fetch GET 200 https://registry.npmmirror.com/@esbuild%2fandroid-arm 123ms (cache revalidated)
2457 silly packumentCache full:https://registry.npmmirror.com/@esbuild%2fandroid-arm set size:221346 disposed:false
2458 silly fetch manifest @esbuild/win32-x64@0.25.12
2459 silly packumentCache full:https://registry.npmmirror.com/@esbuild%2fwin32-x64 cache-miss
2460 http fetch GET 200 https://registry.npmmirror.com/@esbuild%2faix-ppc64 126ms (cache revalidated)
2461 silly packumentCache full:https://registry.npmmirror.com/@esbuild%2faix-ppc64 set size:55748 disposed:false
2462 silly fetch manifest @types/fontkit@^2.0.8
2463 silly packumentCache full:https://registry.npmmirror.com/@types%2ffontkit cache-miss
2464 http fetch GET 200 https://registry.npmmirror.com/widest-line 127ms (cache revalidated)
2465 silly packumentCache full:https://registry.npmmirror.com/widest-line set size:16368 disposed:false
2466 silly fetch manifest fontkit@^2.0.4
2467 silly packumentCache full:https://registry.npmmirror.com/fontkit cache-miss
2468 http fetch GET 200 https://registry.npmmirror.com/camelcase 129ms (cache revalidated)
2469 silly packumentCache full:https://registry.npmmirror.com/camelcase set size:53001 disposed:false
2470 silly fetch manifest yocto-queue@^1.1.1
2471 silly packumentCache full:https://registry.npmmirror.com/yocto-queue cache-miss
2472 http fetch GET 200 https://registry.npmmirror.com/cli-boxes 129ms (cache revalidated)
2473 silly packumentCache full:https://registry.npmmirror.com/cli-boxes set size:15161 disposed:false
2474 silly fetch manifest eventemitter3@^5.0.1
2475 silly packumentCache full:https://registry.npmmirror.com/eventemitter3 cache-miss
2476 http fetch GET 200 https://registry.npmmirror.com/@esbuild%2fandroid-x64 129ms (cache revalidated)
2477 silly packumentCache full:https://registry.npmmirror.com/@esbuild%2fandroid-x64 set size:194376 disposed:false
2478 silly fetch manifest p-timeout@^6.1.2
2479 silly packumentCache full:https://registry.npmmirror.com/p-timeout cache-miss
2480 http fetch GET 200 https://registry.npmmirror.com/@esbuild%2fandroid-arm64 130ms (cache revalidated)
2481 silly packumentCache full:https://registry.npmmirror.com/@esbuild%2fandroid-arm64 set size:199387 disposed:false
2482 silly fetch manifest kleur@^3.0.3
2483 silly packumentCache full:https://registry.npmmirror.com/kleur cache-hit
2484 silly fetch manifest sisteransi@^1.0.5
2485 silly packumentCache full:https://registry.npmmirror.com/sisteransi cache-miss
2486 http fetch GET 200 https://registry.npmmirror.com/ansi-align 135ms (cache revalidated)
2487 silly packumentCache full:https://registry.npmmirror.com/ansi-align set size:11908 disposed:false
2488 silly fetch manifest rehype-parse@^9.0.0
2489 silly packumentCache full:https://registry.npmmirror.com/rehype-parse cache-miss
2490 http fetch GET 200 https://registry.npmmirror.com/@esbuild%2fdarwin-x64 135ms (cache revalidated)
2491 silly packumentCache full:https://registry.npmmirror.com/@esbuild%2fdarwin-x64 set size:194980 disposed:false
2492 silly fetch manifest rehype-stringify@^10.0.0
2493 silly packumentCache full:https://registry.npmmirror.com/rehype-stringify cache-miss
2494 http fetch GET 200 https://registry.npmmirror.com/@esbuild%2fdarwin-arm64 137ms (cache revalidated)
2495 silly packumentCache full:https://registry.npmmirror.com/@esbuild%2fdarwin-arm64 set size:196598 disposed:false
2496 silly fetch manifest @shikijs/vscode-textmate@^10.0.2
2497 silly packumentCache full:https://registry.npmmirror.com/@shikijs%2fvscode-textmate cache-miss
2498 http fetch GET 200 https://registry.npmmirror.com/@esbuild%2ffreebsd-x64 149ms (cache revalidated)
2499 silly packumentCache full:https://registry.npmmirror.com/@esbuild%2ffreebsd-x64 set size:195786 disposed:false
2500 silly fetch manifest @shikijs/core@3.15.0
2501 silly packumentCache full:https://registry.npmmirror.com/@shikijs%2fcore cache-miss
2502 http fetch GET 200 https://registry.npmmirror.com/@esbuild%2ffreebsd-arm64 151ms (cache revalidated)
2503 silly packumentCache full:https://registry.npmmirror.com/@esbuild%2ffreebsd-arm64 set size:197421 disposed:false
2504 silly fetch manifest @shikijs/engine-javascript@3.15.0
2505 silly packumentCache full:https://registry.npmmirror.com/@shikijs%2fengine-javascript cache-miss
2506 http fetch GET 200 https://registry.npmmirror.com/wrap-ansi 154ms (cache revalidated)
2507 silly packumentCache full:https://registry.npmmirror.com/wrap-ansi set size:44580 disposed:false
2508 silly fetch manifest @shikijs/engine-oniguruma@3.15.0
2509 silly packumentCache full:https://registry.npmmirror.com/@shikijs%2fengine-oniguruma cache-miss
2510 http fetch GET 200 https://registry.npmmirror.com/base-64 155ms (cache revalidated)
2511 silly packumentCache full:https://registry.npmmirror.com/base-64 set size:8034 disposed:false
2512 silly fetch manifest @shikijs/themes@3.15.0
2513 silly packumentCache full:https://registry.npmmirror.com/@shikijs%2fthemes cache-miss
2514 http fetch GET 200 https://registry.npmmirror.com/@esbuild%2flinux-loong64 158ms (cache revalidated)
2515 silly packumentCache full:https://registry.npmmirror.com/@esbuild%2flinux-loong64 set size:252301 disposed:false
2516 silly fetch manifest @shikijs/langs@3.15.0
2517 silly packumentCache full:https://registry.npmmirror.com/@shikijs%2flangs cache-miss
2518 http fetch GET 200 https://registry.npmmirror.com/@esbuild%2flinux-ia32 166ms (cache revalidated)
2519 silly packumentCache full:https://registry.npmmirror.com/@esbuild%2flinux-ia32 set size:194931 disposed:false
2520 silly fetch manifest @shikijs/types@3.15.0
2521 silly packumentCache full:https://registry.npmmirror.com/@shikijs%2ftypes cache-miss
2522 http fetch GET 200 https://registry.npmmirror.com/@esbuild%2flinux-arm64 169ms (cache revalidated)
2523 silly packumentCache full:https://registry.npmmirror.com/@esbuild%2flinux-arm64 set size:195970 disposed:false
2524 silly fetch manifest fdir@^6.5.0
2525 silly packumentCache full:https://registry.npmmirror.com/fdir cache-hit
2526 silly fetch manifest css-tree@^3.0.0
2527 silly packumentCache full:https://registry.npmmirror.com/css-tree cache-miss
2528 http fetch GET 200 https://registry.npmmirror.com/@esbuild%2flinux-arm 171ms (cache revalidated)
2529 silly packumentCache full:https://registry.npmmirror.com/@esbuild%2flinux-arm set size:194002 disposed:false
2530 silly fetch manifest ofetch@^1.4.1
2531 silly packumentCache full:https://registry.npmmirror.com/ofetch cache-miss
2532 http fetch GET 200 https://registry.npmmirror.com/@esbuild%2fnetbsd-x64 171ms (cache revalidated)
2533 silly packumentCache full:https://registry.npmmirror.com/@esbuild%2fnetbsd-x64 set size:192854 disposed:false
2534 silly fetch manifest ohash@^2.0.0
2535 silly packumentCache full:https://registry.npmmirror.com/ohash cache-miss
2536 http fetch GET 200 https://registry.npmmirror.com/@esbuild%2flinux-ppc64 173ms (cache revalidated)
2537 silly packumentCache full:https://registry.npmmirror.com/@esbuild%2flinux-ppc64 set size:197864 disposed:false
2538 silly fetch manifest anymatch@^3.1.3
2539 silly packumentCache full:https://registry.npmmirror.com/anymatch cache-miss
2540 http fetch GET 200 https://registry.npmmirror.com/@esbuild%2flinux-x64 175ms (cache revalidated)
2541 silly packumentCache full:https://registry.npmmirror.com/@esbuild%2flinux-x64 set size:194325 disposed:false
2542 silly fetch manifest destr@^2.0.5
2543 silly packumentCache full:https://registry.npmmirror.com/destr cache-miss
2544 http fetch GET 200 https://registry.npmmirror.com/@esbuild%2flinux-riscv64 176ms (cache revalidated)
2545 silly packumentCache full:https://registry.npmmirror.com/@esbuild%2flinux-riscv64 set size:197541 disposed:false
2546 silly fetch manifest h3@^1.15.4
2547 silly packumentCache full:https://registry.npmmirror.com/h3 cache-hit
2548 silly fetch manifest lru-cache@^10.4.3
2549 silly packumentCache full:https://registry.npmmirror.com/lru-cache cache-miss
2550 http fetch GET 200 https://registry.npmmirror.com/@esbuild%2fopenbsd-x64 177ms (cache revalidated)
2551 silly packumentCache full:https://registry.npmmirror.com/@esbuild%2fopenbsd-x64 set size:195789 disposed:false
2552 silly fetch manifest node-fetch-native@^1.6.7
2553 silly packumentCache full:https://registry.npmmirror.com/node-fetch-native cache-miss
2554 http fetch GET 200 https://registry.npmmirror.com/@esbuild%2flinux-mips64el 186ms (cache revalidated)
2555 silly packumentCache full:https://registry.npmmirror.com/@esbuild%2flinux-mips64el set size:199471 disposed:false
2556 silly fetch manifest ofetch@^1.5.0
2557 silly packumentCache full:https://registry.npmmirror.com/ofetch cache-miss
2558 http fetch GET 200 https://registry.npmmirror.com/@esbuild%2fsunos-x64 196ms (cache revalidated)
2559 silly packumentCache full:https://registry.npmmirror.com/@esbuild%2fsunos-x64 set size:194545 disposed:false
2560 silly fetch manifest ufo@^1.6.1
2561 silly packumentCache full:https://registry.npmmirror.com/ufo cache-miss
2562 http fetch GET 200 https://registry.npmmirror.com/@esbuild%2fnetbsd-arm64 200ms (cache revalidated)
2563 silly packumentCache full:https://registry.npmmirror.com/@esbuild%2fnetbsd-arm64 set size:29818 disposed:false
2564 silly fetch manifest vfile-message@^4.0.0
2565 silly packumentCache full:https://registry.npmmirror.com/vfile-message cache-miss
2566 http fetch GET 200 https://registry.npmmirror.com/@esbuild%2fwin32-arm64 199ms (cache revalidated)
2567 silly packumentCache full:https://registry.npmmirror.com/@esbuild%2fwin32-arm64 set size:196185 disposed:false
2568 silly fetch manifest yoctocolors@^2.1.1
2569 silly packumentCache full:https://registry.npmmirror.com/yoctocolors cache-miss
2570 http fetch GET 200 https://registry.npmmirror.com/@esbuild%2fwin32-ia32 91ms (cache revalidated)
2571 silly packumentCache full:https://registry.npmmirror.com/@esbuild%2fwin32-ia32 set size:195143 disposed:false
2572 http fetch GET 200 https://registry.npmmirror.com/@esbuild%2flinux-s390x 204ms (cache revalidated)
2573 silly packumentCache full:https://registry.npmmirror.com/@esbuild%2flinux-s390x set size:197376 disposed:false
2574 http fetch GET 200 https://registry.npmmirror.com/@esbuild%2fopenharmony-arm64 212ms (cache revalidated)
2575 silly packumentCache full:https://registry.npmmirror.com/@esbuild%2fopenharmony-arm64 set size:17254 disposed:false
2576 http fetch GET 200 https://registry.npmmirror.com/@esbuild%2fopenbsd-arm64 214ms (cache revalidated)
2577 silly packumentCache full:https://registry.npmmirror.com/@esbuild%2fopenbsd-arm64 set size:35608 disposed:false
2578 http fetch GET 200 https://registry.npmmirror.com/yocto-queue 100ms (cache revalidated)
2579 silly packumentCache full:https://registry.npmmirror.com/yocto-queue set size:17968 disposed:false
2580 http fetch GET 200 https://registry.npmmirror.com/@esbuild%2fwin32-x64 106ms (cache revalidated)
2581 silly packumentCache full:https://registry.npmmirror.com/@esbuild%2fwin32-x64 set size:194548 disposed:false
2582 http fetch GET 200 https://registry.npmmirror.com/sisteransi 100ms (cache revalidated)
2583 silly packumentCache full:https://registry.npmmirror.com/sisteransi set size:16245 disposed:false
2584 http fetch GET 200 https://registry.npmmirror.com/rehype-parse 103ms (cache revalidated)
2585 silly packumentCache full:https://registry.npmmirror.com/rehype-parse set size:58468 disposed:false
2586 http fetch GET 200 https://registry.npmmirror.com/p-timeout 109ms (cache revalidated)
2587 silly packumentCache full:https://registry.npmmirror.com/p-timeout set size:53756 disposed:false
2588 http fetch GET 200 https://registry.npmmirror.com/eventemitter3 118ms (cache revalidated)
2589 silly packumentCache full:https://registry.npmmirror.com/eventemitter3 set size:74148 disposed:false
2590 http fetch GET 200 https://registry.npmmirror.com/anymatch 88ms (cache revalidated)
2591 silly packumentCache full:https://registry.npmmirror.com/anymatch set size:37760 disposed:false
2592 http fetch GET 200 https://registry.npmmirror.com/ofetch 92ms (cache revalidated)
2593 silly packumentCache full:https://registry.npmmirror.com/ofetch set size:77746 disposed:false
2594 http fetch GET 200 https://registry.npmmirror.com/ohash 91ms (cache revalidated)
2595 silly packumentCache full:https://registry.npmmirror.com/ohash set size:71482 disposed:false
2596 http fetch GET 200 https://registry.npmmirror.com/@types%2ffontkit 144ms (cache revalidated)
2597 silly packumentCache full:https://registry.npmmirror.com/@types%2ffontkit set size:22300 disposed:false
2598 http fetch GET 200 https://registry.npmmirror.com/fontkit 147ms (cache revalidated)
2599 silly packumentCache full:https://registry.npmmirror.com/fontkit set size:105052 disposed:false
2600 http fetch GET 200 https://registry.npmmirror.com/destr 98ms (cache revalidated)
2601 silly packumentCache full:https://registry.npmmirror.com/destr set size:52726 disposed:false
2602 http fetch GET 200 https://registry.npmmirror.com/@shikijs%2fvscode-textmate 148ms (cache revalidated)
2603 silly packumentCache full:https://registry.npmmirror.com/@shikijs%2fvscode-textmate set size:27099 disposed:false
2604 http fetch GET 200 https://registry.npmmirror.com/@shikijs%2fengine-javascript 135ms (cache revalidated)
2605 silly packumentCache full:https://registry.npmmirror.com/@shikijs%2fengine-javascript set size:176379 disposed:false
2606 http fetch GET 200 https://registry.npmmirror.com/@shikijs%2fcore 141ms (cache revalidated)
2607 silly packumentCache full:https://registry.npmmirror.com/@shikijs%2fcore set size:333177 disposed:false
2608 http fetch GET 200 https://registry.npmmirror.com/@shikijs%2fengine-oniguruma 207ms (cache revalidated)
2609 silly packumentCache full:https://registry.npmmirror.com/@shikijs%2fengine-oniguruma set size:184358 disposed:false
2610 http fetch GET 200 https://registry.npmmirror.com/@shikijs%2ftypes 193ms (cache revalidated)
2611 silly packumentCache full:https://registry.npmmirror.com/@shikijs%2ftypes set size:160945 disposed:false
2612 http fetch GET 200 https://registry.npmmirror.com/css-tree 193ms (cache revalidated)
2613 silly packumentCache full:https://registry.npmmirror.com/css-tree set size:206464 disposed:false
2614 http fetch GET 200 https://registry.npmmirror.com/@shikijs%2flangs 205ms (cache revalidated)
2615 silly packumentCache full:https://registry.npmmirror.com/@shikijs%2flangs set size:609830 disposed:false
2616 http fetch GET 200 https://registry.npmmirror.com/@shikijs%2fthemes 216ms (cache revalidated)
2617 silly packumentCache full:https://registry.npmmirror.com/@shikijs%2fthemes set size:246369 disposed:false
2618 http fetch GET 200 https://registry.npmmirror.com/vfile-message 169ms (cache revalidated)
2619 silly packumentCache full:https://registry.npmmirror.com/vfile-message set size:70264 disposed:false
2620 http fetch GET 200 https://registry.npmmirror.com/yoctocolors 168ms (cache revalidated)
2621 silly packumentCache full:https://registry.npmmirror.com/yoctocolors set size:26296 disposed:false
2622 http fetch GET 200 https://registry.npmmirror.com/rehype-stringify 237ms (cache revalidated)
2623 silly packumentCache full:https://registry.npmmirror.com/rehype-stringify set size:49924 disposed:false
2624 http fetch GET 200 https://registry.npmmirror.com/node-fetch-native 193ms (cache revalidated)
2625 silly packumentCache full:https://registry.npmmirror.com/node-fetch-native set size:118023 disposed:false
2626 http fetch GET 200 https://registry.npmmirror.com/ufo 174ms (cache revalidated)
2627 silly packumentCache full:https://registry.npmmirror.com/ufo set size:139279 disposed:false
2628 http fetch GET 200 https://registry.npmmirror.com/ofetch 188ms (cache revalidated)
2629 silly packumentCache full:https://registry.npmmirror.com/ofetch set size:77746 disposed:false
2630 silly packumentCache full:https://registry.npmmirror.com/ofetch dispose
2631 http fetch GET 200 https://registry.npmmirror.com/lru-cache 198ms (cache revalidated)
2632 silly packumentCache full:https://registry.npmmirror.com/lru-cache set size:395029 disposed:false
2633 silly placeDep ROOT rehype-expressive-code@0.41.3 OK for: astro-expressive-code@0.41.3 want: ^0.41.3
2634 silly fetch manifest expressive-code@^0.41.3
2635 silly packumentCache full:https://registry.npmmirror.com/expressive-code cache-miss
2636 http fetch GET 200 https://registry.npmmirror.com/expressive-code 103ms (cache revalidated)
2637 silly packumentCache full:https://registry.npmmirror.com/expressive-code set size:225952 disposed:false
2638 silly placeDep ROOT @iconify/tools@4.1.4 OK for: astro-icon@1.1.5 want: ^4.0.5
2639 silly placeDep ROOT @iconify/utils@2.3.0 OK for: astro-icon@1.1.5 want: ^2.1.30
2640 silly fetch manifest @iconify/utils@^2.3.0
2641 silly packumentCache full:https://registry.npmmirror.com/@iconify%2futils cache-hit
2642 silly fetch manifest @types/tar@^6.1.13
2643 silly packumentCache full:https://registry.npmmirror.com/@types%2ftar cache-miss
2644 silly fetch manifest axios@^1.12.1
2645 silly packumentCache full:https://registry.npmmirror.com/axios cache-miss
2646 silly fetch manifest cheerio@1.0.0
2647 silly packumentCache full:https://registry.npmmirror.com/cheerio cache-miss
2648 silly fetch manifest extract-zip@^2.0.1
2649 silly packumentCache full:https://registry.npmmirror.com/extract-zip cache-miss
2650 silly fetch manifest local-pkg@^0.5.1
2651 silly packumentCache full:https://registry.npmmirror.com/local-pkg cache-miss
2652 silly fetch manifest pathe@^1.1.2
2653 silly packumentCache full:https://registry.npmmirror.com/pathe cache-miss
2654 silly fetch manifest svgo@^3.3.2
2655 silly packumentCache full:https://registry.npmmirror.com/svgo cache-miss
2656 silly fetch manifest tar@^6.2.1
2657 silly packumentCache full:https://registry.npmmirror.com/tar cache-miss
2658 silly fetch manifest globals@^15.14.0
2659 silly packumentCache full:https://registry.npmmirror.com/globals cache-miss
2660 silly fetch manifest kolorist@^1.8.0
2661 silly packumentCache full:https://registry.npmmirror.com/kolorist cache-miss
2662 silly fetch manifest local-pkg@^1.0.0
2663 silly packumentCache full:https://registry.npmmirror.com/local-pkg cache-miss
2664 silly fetch manifest mlly@^1.7.4
2665 silly packumentCache full:https://registry.npmmirror.com/mlly cache-miss
2666 http fetch GET 200 https://registry.npmmirror.com/axios 68ms (cache revalidated)
2667 silly packumentCache full:https://registry.npmmirror.com/axios set size:727274 disposed:false
2668 http fetch GET 200 https://registry.npmmirror.com/@types%2ftar 84ms (cache revalidated)
2669 silly packumentCache full:https://registry.npmmirror.com/@types%2ftar set size:52555 disposed:false
2670 http fetch GET 200 https://registry.npmmirror.com/local-pkg 83ms (cache revalidated)
2671 silly packumentCache full:https://registry.npmmirror.com/local-pkg set size:37876 disposed:false
2672 http fetch GET 200 https://registry.npmmirror.com/local-pkg 83ms (cache revalidated)
2673 silly packumentCache full:https://registry.npmmirror.com/local-pkg set size:37876 disposed:false
2674 silly packumentCache full:https://registry.npmmirror.com/local-pkg dispose
2675 http fetch GET 200 https://registry.npmmirror.com/tar 86ms (cache revalidated)
2676 silly packumentCache full:https://registry.npmmirror.com/tar set size:369269 disposed:false
2677 http fetch GET 200 https://registry.npmmirror.com/globals 90ms (cache revalidated)
2678 silly packumentCache full:https://registry.npmmirror.com/globals set size:258012 disposed:false
2679 http fetch GET 200 https://registry.npmmirror.com/svgo 93ms (cache revalidated)
2680 silly packumentCache full:https://registry.npmmirror.com/svgo set size:271854 disposed:false
2681 http fetch GET 200 https://registry.npmmirror.com/cheerio 96ms (cache revalidated)
2682 silly packumentCache full:https://registry.npmmirror.com/cheerio set size:146287 disposed:false
2683 http fetch GET 200 https://registry.npmmirror.com/pathe 98ms (cache revalidated)
2684 silly packumentCache full:https://registry.npmmirror.com/pathe set size:69489 disposed:false
2685 http fetch GET 200 https://registry.npmmirror.com/kolorist 107ms (cache revalidated)
2686 silly packumentCache full:https://registry.npmmirror.com/kolorist set size:50061 disposed:false
2687 http fetch GET 200 https://registry.npmmirror.com/extract-zip 109ms (cache revalidated)
2688 silly packumentCache full:https://registry.npmmirror.com/extract-zip set size:42222 disposed:false
2689 http fetch GET 200 https://registry.npmmirror.com/mlly 109ms (cache revalidated)
2690 silly packumentCache full:https://registry.npmmirror.com/mlly set size:195734 disposed:false
2691 silly placeDep ROOT @types/tar@6.1.13 OK for: @iconify/tools@4.1.4 want: ^6.1.13
2692 silly placeDep ROOT axios@1.13.2 OK for: @iconify/tools@4.1.4 want: ^1.12.1
2693 silly placeDep ROOT cheerio@1.0.0 OK for: @iconify/tools@4.1.4 want: 1.0.0
2694 silly placeDep ROOT domhandler@5.0.3 OK for: @iconify/tools@4.1.4 want: ^5.0.3
2695 silly placeDep ROOT extract-zip@2.0.1 OK for: @iconify/tools@4.1.4 want: ^2.0.1
2696 silly placeDep ROOT local-pkg@0.5.1 OK for: @iconify/tools@4.1.4 want: ^0.5.1
2697 silly placeDep ROOT pathe@1.1.2 OK for: @iconify/tools@4.1.4 want: ^1.1.2
2698 silly placeDep ROOT svgo@3.3.2 OK for: @iconify/tools@4.1.4 want: ^3.3.2
2699 silly placeDep ROOT tar@6.2.1 OK for: @iconify/tools@4.1.4 want: ^6.2.1
2700 silly fetch manifest minipass@^4.0.0
2701 silly packumentCache full:https://registry.npmmirror.com/minipass cache-miss
2702 silly fetch manifest follow-redirects@^1.15.6
2703 silly packumentCache full:https://registry.npmmirror.com/follow-redirects cache-miss
2704 silly fetch manifest form-data@^4.0.4
2705 silly packumentCache full:https://registry.npmmirror.com/form-data cache-miss
2706 silly fetch manifest proxy-from-env@^1.1.0
2707 silly packumentCache full:https://registry.npmmirror.com/proxy-from-env cache-miss
2708 silly fetch manifest cheerio-select@^2.1.0
2709 silly packumentCache full:https://registry.npmmirror.com/cheerio-select cache-miss
2710 silly fetch manifest dom-serializer@^2.0.0
2711 silly packumentCache full:https://registry.npmmirror.com/dom-serializer cache-miss
2712 silly fetch manifest domutils@^3.1.0
2713 silly packumentCache full:https://registry.npmmirror.com/domutils cache-hit
2714 silly fetch manifest encoding-sniffer@^0.2.0
2715 silly packumentCache full:https://registry.npmmirror.com/encoding-sniffer cache-miss
2716 silly fetch manifest htmlparser2@^9.1.0
2717 silly packumentCache full:https://registry.npmmirror.com/htmlparser2 cache-hit
2718 silly fetch manifest parse5@^7.1.2
2719 silly packumentCache full:https://registry.npmmirror.com/parse5 cache-miss
2720 silly fetch manifest parse5-htmlparser2-tree-adapter@^7.0.0
2721 silly packumentCache full:https://registry.npmmirror.com/parse5-htmlparser2-tree-adapter cache-miss
2722 silly fetch manifest parse5-parser-stream@^7.1.2
2723 silly packumentCache full:https://registry.npmmirror.com/parse5-parser-stream cache-miss
2724 silly fetch manifest undici@^6.19.5
2725 silly packumentCache full:https://registry.npmmirror.com/undici cache-miss
2726 silly fetch manifest whatwg-mimetype@^4.0.0
2727 silly packumentCache full:https://registry.npmmirror.com/whatwg-mimetype cache-miss
2728 silly fetch manifest get-stream@^5.1.0
2729 silly packumentCache full:https://registry.npmmirror.com/get-stream cache-miss
2730 silly fetch manifest yauzl@^2.10.0
2731 silly packumentCache full:https://registry.npmmirror.com/yauzl cache-miss
2732 silly fetch manifest @types/yauzl@^2.9.1
2733 silly packumentCache full:https://registry.npmmirror.com/@types%2fyauzl cache-miss
2734 silly fetch manifest mlly@^1.7.3
2735 silly packumentCache full:https://registry.npmmirror.com/mlly cache-hit
2736 silly fetch manifest pkg-types@^1.2.1
2737 silly packumentCache full:https://registry.npmmirror.com/pkg-types cache-miss
2738 silly fetch manifest @trysound/sax@0.2.0
2739 silly packumentCache full:https://registry.npmmirror.com/@trysound%2fsax cache-miss
2740 silly fetch manifest commander@^7.2.0
2741 silly packumentCache full:https://registry.npmmirror.com/commander cache-hit
2742 silly fetch manifest css-tree@^2.3.1
2743 silly packumentCache full:https://registry.npmmirror.com/css-tree cache-hit
2744 silly fetch manifest css-what@^6.1.0
2745 silly packumentCache full:https://registry.npmmirror.com/css-what cache-miss
2746 silly fetch manifest csso@^5.0.5
2747 silly packumentCache full:https://registry.npmmirror.com/csso cache-miss
2748 silly fetch manifest chownr@^2.0.0
2749 silly packumentCache full:https://registry.npmmirror.com/chownr cache-miss
2750 silly fetch manifest fs-minipass@^2.0.0
2751 silly packumentCache full:https://registry.npmmirror.com/fs-minipass cache-miss
2752 silly fetch manifest minipass@^5.0.0
2753 silly packumentCache full:https://registry.npmmirror.com/minipass cache-miss
2754 silly fetch manifest minizlib@^2.1.1
2755 silly packumentCache full:https://registry.npmmirror.com/minizlib cache-miss
2756 silly fetch manifest mkdirp@^1.0.3
2757 silly packumentCache full:https://registry.npmmirror.com/mkdirp cache-miss
2758 silly fetch manifest yallist@^4.0.0
2759 silly packumentCache full:https://registry.npmmirror.com/yallist cache-miss
2760 http fetch GET 200 https://registry.npmmirror.com/dom-serializer 159ms (cache revalidated)
2761 silly packumentCache full:https://registry.npmmirror.com/dom-serializer set size:40427 disposed:false
2762 http fetch GET 200 https://registry.npmmirror.com/encoding-sniffer 161ms (cache revalidated)
2763 silly packumentCache full:https://registry.npmmirror.com/encoding-sniffer set size:25191 disposed:false
2764 http fetch GET 200 https://registry.npmmirror.com/form-data 161ms (cache revalidated)
2765 silly packumentCache full:https://registry.npmmirror.com/form-data set size:143266 disposed:false
2766 http fetch GET 200 https://registry.npmmirror.com/minipass 164ms (cache revalidated)
2767 silly packumentCache full:https://registry.npmmirror.com/minipass set size:240732 disposed:false
2768 http fetch GET 200 https://registry.npmmirror.com/parse5-htmlparser2-tree-adapter 169ms (cache revalidated)
2769 silly packumentCache full:https://registry.npmmirror.com/parse5-htmlparser2-tree-adapter set size:17556 disposed:false
2770 http fetch GET 200 https://registry.npmmirror.com/undici 171ms (cache revalidated)
2771 silly packumentCache full:https://registry.npmmirror.com/undici set size:1133215 disposed:false
2772 http fetch GET 200 https://registry.npmmirror.com/follow-redirects 181ms (cache revalidated)
2773 silly packumentCache full:https://registry.npmmirror.com/follow-redirects set size:152631 disposed:false
2774 http fetch GET 200 https://registry.npmmirror.com/parse5-parser-stream 181ms (cache revalidated)
2775 silly packumentCache full:https://registry.npmmirror.com/parse5-parser-stream set size:21621 disposed:false
2776 http fetch GET 200 https://registry.npmmirror.com/get-stream 182ms (cache revalidated)
2777 silly packumentCache full:https://registry.npmmirror.com/get-stream set size:51241 disposed:false
2778 http fetch GET 200 https://registry.npmmirror.com/yauzl 197ms (cache revalidated)
2779 silly packumentCache full:https://registry.npmmirror.com/yauzl set size:96392 disposed:false
2780 http fetch GET 200 https://registry.npmmirror.com/whatwg-mimetype 198ms (cache revalidated)
2781 silly packumentCache full:https://registry.npmmirror.com/whatwg-mimetype set size:21155 disposed:false
2782 http fetch GET 200 https://registry.npmmirror.com/@types%2fyauzl 198ms (cache revalidated)
2783 silly packumentCache full:https://registry.npmmirror.com/@types%2fyauzl set size:13096 disposed:false
2784 http fetch GET 200 https://registry.npmmirror.com/cheerio-select 200ms (cache revalidated)
2785 silly packumentCache full:https://registry.npmmirror.com/cheerio-select set size:30753 disposed:false
2786 http fetch GET 200 https://registry.npmmirror.com/parse5 200ms (cache revalidated)
2787 silly packumentCache full:https://registry.npmmirror.com/parse5 set size:118536 disposed:false
2788 http fetch GET 200 https://registry.npmmirror.com/proxy-from-env 203ms (cache revalidated)
2789 silly packumentCache full:https://registry.npmmirror.com/proxy-from-env set size:14844 disposed:false
2790 http fetch GET 200 https://registry.npmmirror.com/pkg-types 216ms (cache revalidated)
2791 silly packumentCache full:https://registry.npmmirror.com/pkg-types set size:87744 disposed:false
2792 http fetch GET 200 https://registry.npmmirror.com/css-what 218ms (cache revalidated)
2793 silly packumentCache full:https://registry.npmmirror.com/css-what set size:65886 disposed:false
2794 http fetch GET 200 https://registry.npmmirror.com/minipass 220ms (cache revalidated)
2795 silly packumentCache full:https://registry.npmmirror.com/minipass set size:240732 disposed:false
2796 silly packumentCache full:https://registry.npmmirror.com/minipass dispose
2797 http fetch GET 200 https://registry.npmmirror.com/chownr 229ms (cache revalidated)
2798 silly packumentCache full:https://registry.npmmirror.com/chownr set size:16370 disposed:false
2799 http fetch GET 200 https://registry.npmmirror.com/yallist 228ms (cache revalidated)
2800 silly packumentCache full:https://registry.npmmirror.com/yallist set size:30664 disposed:false
2801 http fetch GET 200 https://registry.npmmirror.com/csso 232ms (cache revalidated)
2802 silly packumentCache full:https://registry.npmmirror.com/csso set size:196018 disposed:false
2803 http fetch GET 200 https://registry.npmmirror.com/@trysound%2fsax 235ms (cache revalidated)
2804 silly packumentCache full:https://registry.npmmirror.com/@trysound%2fsax set size:13020 disposed:false
2805 http fetch GET 200 https://registry.npmmirror.com/fs-minipass 235ms (cache revalidated)
2806 silly packumentCache full:https://registry.npmmirror.com/fs-minipass set size:39451 disposed:false
2807 http fetch GET 200 https://registry.npmmirror.com/minizlib 233ms (cache revalidated)
2808 silly packumentCache full:https://registry.npmmirror.com/minizlib set size:48277 disposed:false
2809 http fetch GET 200 https://registry.npmmirror.com/mkdirp 248ms (cache revalidated)
2810 silly packumentCache full:https://registry.npmmirror.com/mkdirp set size:92067 disposed:false
2811 silly placeDep ROOT globals@15.15.0 OK for: @iconify/utils@2.3.0 want: ^15.14.0
2812 silly placeDep ROOT kolorist@1.8.0 OK for: @iconify/utils@2.3.0 want: ^1.8.0
2813 silly placeDep node_modules/@iconify/utils local-pkg@1.1.2 OK for: @iconify/utils@2.3.0 want: ^1.0.0
2814 silly placeDep ROOT mlly@1.8.0 OK for: @iconify/utils@2.3.0 want: ^1.7.4
2815 silly fetch manifest pkg-types@^2.3.0
2816 silly packumentCache full:https://registry.npmmirror.com/pkg-types cache-hit
2817 silly fetch manifest quansync@^0.2.11
2818 silly packumentCache full:https://registry.npmmirror.com/quansync cache-miss
2819 silly fetch manifest pathe@^2.0.3
2820 silly packumentCache full:https://registry.npmmirror.com/pathe cache-hit
2821 silly fetch manifest pkg-types@^1.3.1
2822 silly packumentCache full:https://registry.npmmirror.com/pkg-types cache-hit
2823 http fetch GET 200 https://registry.npmmirror.com/quansync 40ms (cache revalidated)
2824 silly packumentCache full:https://registry.npmmirror.com/quansync set size:60586 disposed:false
2825 silly placeDep ROOT @types/node@24.10.1 OK for: @types/tar@6.1.13 want: *
2826 silly placeDep ROOT minipass@4.2.8 OK for: @types/tar@6.1.13 want: ^4.0.0
2827 silly fetch manifest undici-types@~7.16.0
2828 silly packumentCache full:https://registry.npmmirror.com/undici-types cache-miss
2829 http fetch GET 200 https://registry.npmmirror.com/undici-types 53ms (cache revalidated)
2830 silly packumentCache full:https://registry.npmmirror.com/undici-types set size:159720 disposed:false
2831 silly placeDep ROOT undici-types@7.16.0 OK for: @types/node@24.10.1 want: ~7.16.0
2832 silly placeDep ROOT browserslist@4.28.0 OK for: autoprefixer@10.4.22 want: ^4.27.0
2833 silly placeDep ROOT caniuse-lite@1.0.30001755 OK for: autoprefixer@10.4.22 want: ^1.0.30001754
2834 silly placeDep ROOT fraction.js@5.3.4 OK for: autoprefixer@10.4.22 want: ^5.3.4
2835 silly placeDep ROOT normalize-range@0.1.2 OK for: autoprefixer@10.4.22 want: ^0.1.2
2836 silly placeDep ROOT postcss-value-parser@4.2.0 OK for: autoprefixer@10.4.22 want: ^4.2.0
2837 silly fetch manifest baseline-browser-mapping@^2.8.25
2838 silly packumentCache full:https://registry.npmmirror.com/baseline-browser-mapping cache-miss
2839 silly fetch manifest electron-to-chromium@^1.5.249
2840 silly packumentCache full:https://registry.npmmirror.com/electron-to-chromium cache-miss
2841 silly fetch manifest node-releases@^2.0.27
2842 silly packumentCache full:https://registry.npmmirror.com/node-releases cache-miss
2843 silly fetch manifest update-browserslist-db@^1.1.4
2844 silly packumentCache full:https://registry.npmmirror.com/update-browserslist-db cache-miss
2845 http fetch GET 200 https://registry.npmmirror.com/baseline-browser-mapping 44ms (cache revalidated)
2846 silly packumentCache full:https://registry.npmmirror.com/baseline-browser-mapping set size:300916 disposed:false
2847 http fetch GET 200 https://registry.npmmirror.com/node-releases 47ms (cache revalidated)
2848 silly packumentCache full:https://registry.npmmirror.com/node-releases set size:184399 disposed:false
2849 http fetch GET 200 https://registry.npmmirror.com/update-browserslist-db 48ms (cache revalidated)
2850 silly packumentCache full:https://registry.npmmirror.com/update-browserslist-db set size:56425 disposed:false
2851 http fetch GET 200 https://registry.npmmirror.com/electron-to-chromium 56ms (cache revalidated)
2852 silly packumentCache full:https://registry.npmmirror.com/electron-to-chromium set size:4012902 disposed:false
2853 silly placeDep ROOT follow-redirects@1.15.11 OK for: axios@1.13.2 want: ^1.15.6
2854 silly placeDep ROOT form-data@4.0.5 OK for: axios@1.13.2 want: ^4.0.4
2855 silly placeDep ROOT proxy-from-env@1.1.0 OK for: axios@1.13.2 want: ^1.1.0
2856 silly fetch manifest asynckit@^0.4.0
2857 silly packumentCache full:https://registry.npmmirror.com/asynckit cache-miss
2858 silly fetch manifest combined-stream@^1.0.8
2859 silly packumentCache full:https://registry.npmmirror.com/combined-stream cache-miss
2860 silly fetch manifest es-set-tostringtag@^2.1.0
2861 silly packumentCache full:https://registry.npmmirror.com/es-set-tostringtag cache-miss
2862 silly fetch manifest hasown@^2.0.2
2863 silly packumentCache full:https://registry.npmmirror.com/hasown cache-miss
2864 silly fetch manifest mime-types@^2.1.12
2865 silly packumentCache full:https://registry.npmmirror.com/mime-types cache-miss
2866 http fetch GET 200 https://registry.npmmirror.com/asynckit 53ms (cache revalidated)
2867 silly packumentCache full:https://registry.npmmirror.com/asynckit set size:17415 disposed:false
2868 http fetch GET 200 https://registry.npmmirror.com/hasown 53ms (cache revalidated)
2869 silly packumentCache full:https://registry.npmmirror.com/hasown set size:12847 disposed:false
2870 http fetch GET 200 https://registry.npmmirror.com/combined-stream 62ms (cache revalidated)
2871 silly packumentCache full:https://registry.npmmirror.com/combined-stream set size:34345 disposed:false
2872 http fetch GET 200 https://registry.npmmirror.com/mime-types 63ms (cache revalidated)
2873 silly packumentCache full:https://registry.npmmirror.com/mime-types set size:120718 disposed:false
2874 http fetch GET 200 https://registry.npmmirror.com/es-set-tostringtag 67ms (cache revalidated)
2875 silly packumentCache full:https://registry.npmmirror.com/es-set-tostringtag set size:22694 disposed:false
2876 silly placeDep ROOT ansi-align@3.0.1 OK for: boxen@8.0.1 want: ^3.0.1
2877 silly placeDep ROOT camelcase@8.0.0 OK for: boxen@8.0.1 want: ^8.0.0
2878 silly placeDep ROOT chalk@5.6.2 OK for: boxen@8.0.1 want: ^5.3.0
2879 silly placeDep ROOT cli-boxes@3.0.0 OK for: boxen@8.0.1 want: ^3.0.0
2880 silly placeDep ROOT string-width@7.2.0 OK for: boxen@8.0.1 want: ^7.2.0
2881 silly placeDep ROOT type-fest@4.41.0 OK for: boxen@8.0.1 want: ^4.21.0
2882 silly placeDep ROOT widest-line@5.0.0 OK for: boxen@8.0.1 want: ^5.0.0
2883 silly placeDep ROOT wrap-ansi@9.0.2 OK for: boxen@8.0.1 want: ^9.0.0
2884 silly fetch manifest string-width@^4.1.0
2885 silly packumentCache full:https://registry.npmmirror.com/string-width cache-hit
2886 silly fetch manifest emoji-regex@^10.3.0
2887 silly packumentCache full:https://registry.npmmirror.com/emoji-regex cache-miss
2888 silly fetch manifest get-east-asian-width@^1.0.0
2889 silly packumentCache full:https://registry.npmmirror.com/get-east-asian-width cache-miss
2890 silly fetch manifest strip-ansi@^7.1.0
2891 silly packumentCache full:https://registry.npmmirror.com/strip-ansi cache-miss
2892 silly fetch manifest ansi-styles@^6.2.1
2893 silly packumentCache full:https://registry.npmmirror.com/ansi-styles cache-miss
2894 silly fetch manifest strip-ansi@^7.1.0
2895 silly packumentCache full:https://registry.npmmirror.com/strip-ansi cache-miss
2896 http fetch GET 200 https://registry.npmmirror.com/strip-ansi 44ms (cache revalidated)
2897 silly packumentCache full:https://registry.npmmirror.com/strip-ansi set size:37164 disposed:false
2898 http fetch GET 200 https://registry.npmmirror.com/strip-ansi 44ms (cache revalidated)
2899 silly packumentCache full:https://registry.npmmirror.com/strip-ansi set size:37164 disposed:false
2900 silly packumentCache full:https://registry.npmmirror.com/strip-ansi dispose
2901 http fetch GET 200 https://registry.npmmirror.com/ansi-styles 48ms (cache revalidated)
2902 silly packumentCache full:https://registry.npmmirror.com/ansi-styles set size:58599 disposed:false
2903 http fetch GET 200 https://registry.npmmirror.com/emoji-regex 50ms (cache revalidated)
2904 silly packumentCache full:https://registry.npmmirror.com/emoji-regex set size:78767 disposed:false
2905 http fetch GET 200 https://registry.npmmirror.com/get-east-asian-width 55ms (cache revalidated)
2906 silly packumentCache full:https://registry.npmmirror.com/get-east-asian-width set size:16926 disposed:false
2907 silly placeDep node_modules/ansi-align string-width@4.2.3 OK for: ansi-align@3.0.1 want: ^4.1.0
2908 silly fetch manifest emoji-regex@^8.0.0
2909 silly packumentCache full:https://registry.npmmirror.com/emoji-regex cache-hit
2910 silly fetch manifest is-fullwidth-code-point@^3.0.0
2911 silly packumentCache full:https://registry.npmmirror.com/is-fullwidth-code-point cache-miss
2912 silly fetch manifest strip-ansi@^6.0.1
2913 silly packumentCache full:https://registry.npmmirror.com/strip-ansi cache-hit
2914 http fetch GET 200 https://registry.npmmirror.com/is-fullwidth-code-point 45ms (cache revalidated)
2915 silly packumentCache full:https://registry.npmmirror.com/is-fullwidth-code-point set size:12890 disposed:false
2916 silly fetch manifest browserslist@>= 4.21.0
2917 silly packumentCache full:https://registry.npmmirror.com/browserslist cache-hit
2918 silly placeDep ROOT baseline-browser-mapping@2.8.29 OK for: browserslist@4.28.0 want: ^2.8.25
2919 silly placeDep ROOT electron-to-chromium@1.5.255 OK for: browserslist@4.28.0 want: ^1.5.249
2920 silly placeDep ROOT node-releases@2.0.27 OK for: browserslist@4.28.0 want: ^2.0.27
2921 silly placeDep ROOT update-browserslist-db@1.1.4 OK for: browserslist@4.28.0 want: ^1.1.4
2922 silly fetch manifest escalade@^3.2.0
2923 silly packumentCache full:https://registry.npmmirror.com/escalade cache-hit
2924 silly placeDep ROOT cheerio-select@2.1.0 OK for: cheerio@1.0.0 want: ^2.1.0
2925 silly placeDep ROOT dom-serializer@2.0.0 OK for: cheerio@1.0.0 want: ^2.0.0
2926 silly placeDep ROOT domutils@3.2.2 OK for: cheerio@1.0.0 want: ^3.1.0
2927 silly placeDep ROOT encoding-sniffer@0.2.1 OK for: cheerio@1.0.0 want: ^0.2.0
2928 silly placeDep node_modules/cheerio htmlparser2@9.1.0 OK for: cheerio@1.0.0 want: ^9.1.0
2929 silly placeDep ROOT parse5@7.3.0 OK for: cheerio@1.0.0 want: ^7.1.2
2930 silly placeDep ROOT parse5-htmlparser2-tree-adapter@7.1.0 OK for: cheerio@1.0.0 want: ^7.0.0
2931 silly placeDep ROOT parse5-parser-stream@7.1.2 OK for: cheerio@1.0.0 want: ^7.1.2
2932 silly placeDep ROOT undici@6.22.0 OK for: cheerio@1.0.0 want: ^6.19.5
2933 silly placeDep ROOT whatwg-mimetype@4.0.0 OK for: cheerio@1.0.0 want: ^4.0.0
2934 silly fetch manifest boolbase@^1.0.0
2935 silly packumentCache full:https://registry.npmmirror.com/boolbase cache-miss
2936 silly fetch manifest entities@^4.2.0
2937 silly packumentCache full:https://registry.npmmirror.com/entities cache-hit
2938 silly fetch manifest iconv-lite@^0.6.3
2939 silly packumentCache full:https://registry.npmmirror.com/iconv-lite cache-miss
2940 silly fetch manifest whatwg-encoding@^3.1.1
2941 silly packumentCache full:https://registry.npmmirror.com/whatwg-encoding cache-miss
2942 silly fetch manifest entities@^4.5.0
2943 silly packumentCache full:https://registry.npmmirror.com/entities cache-hit
2944 silly fetch manifest entities@^6.0.0
2945 silly packumentCache full:https://registry.npmmirror.com/entities cache-hit
2946 http fetch GET 200 https://registry.npmmirror.com/boolbase 41ms (cache revalidated)
2947 silly packumentCache full:https://registry.npmmirror.com/boolbase set size:2465 disposed:false
2948 http fetch GET 200 https://registry.npmmirror.com/iconv-lite 49ms (cache revalidated)
2949 silly packumentCache full:https://registry.npmmirror.com/iconv-lite set size:107364 disposed:false
2950 http fetch GET 200 https://registry.npmmirror.com/whatwg-encoding 57ms (cache revalidated)
2951 silly packumentCache full:https://registry.npmmirror.com/whatwg-encoding set size:22575 disposed:false
2952 silly placeDep ROOT boolbase@1.0.0 OK for: cheerio-select@2.1.0 want: ^1.0.0
2953 silly placeDep ROOT css-select@5.2.2 OK for: cheerio-select@2.1.0 want: ^5.1.0
2954 silly placeDep ROOT css-what@6.2.2 OK for: cheerio-select@2.1.0 want: ^6.1.0
2955 silly placeDep ROOT domelementtype@2.3.0 OK for: cheerio-select@2.1.0 want: ^2.3.0
2956 silly fetch manifest nth-check@^2.0.1
2957 silly packumentCache full:https://registry.npmmirror.com/nth-check cache-hit
2958 silly placeDep ROOT readdirp@4.1.2 OK for: chokidar@4.0.3 want: ^4.0.1
2959 silly placeDep ROOT nth-check@2.1.1 OK for: css-select@5.2.2 want: ^2.0.1
2960 silly placeDep ROOT ms@2.1.3 OK for: debug@4.4.3 want: ^2.1.3
2961 silly placeDep ROOT base-64@1.0.0 OK for: deterministic-object-hash@2.0.2 want: ^1.0.0
2962 silly placeDep ROOT entities@4.5.0 OK for: dom-serializer@2.0.0 want: ^4.2.0
2963 silly placeDep ROOT iconv-lite@0.6.3 OK for: encoding-sniffer@0.2.1 want: ^0.6.3
2964 silly placeDep ROOT whatwg-encoding@3.1.1 OK for: encoding-sniffer@0.2.1 want: ^3.1.1
2965 silly fetch manifest safer-buffer@>= 2.1.2 < 3.0.0
2966 silly packumentCache full:https://registry.npmmirror.com/safer-buffer cache-miss
2967 http fetch GET 200 https://registry.npmmirror.com/safer-buffer 52ms (cache revalidated)
2968 silly packumentCache full:https://registry.npmmirror.com/safer-buffer set size:18118 disposed:false
2969 silly placeDep ROOT @esbuild/aix-ppc64@0.25.12 OK for: esbuild@0.25.12 want: 0.25.12
2970 silly placeDep ROOT @esbuild/android-arm@0.25.12 OK for: esbuild@0.25.12 want: 0.25.12
2971 silly placeDep ROOT @esbuild/android-arm64@0.25.12 OK for: esbuild@0.25.12 want: 0.25.12
2972 silly placeDep ROOT @esbuild/android-x64@0.25.12 OK for: esbuild@0.25.12 want: 0.25.12
2973 silly placeDep ROOT @esbuild/darwin-arm64@0.25.12 OK for: esbuild@0.25.12 want: 0.25.12
2974 silly placeDep ROOT @esbuild/darwin-x64@0.25.12 OK for: esbuild@0.25.12 want: 0.25.12
2975 silly placeDep ROOT @esbuild/freebsd-arm64@0.25.12 OK for: esbuild@0.25.12 want: 0.25.12
2976 silly placeDep ROOT @esbuild/freebsd-x64@0.25.12 OK for: esbuild@0.25.12 want: 0.25.12
2977 silly placeDep ROOT @esbuild/linux-arm@0.25.12 OK for: esbuild@0.25.12 want: 0.25.12
2978 silly placeDep ROOT @esbuild/linux-arm64@0.25.12 OK for: esbuild@0.25.12 want: 0.25.12
2979 silly placeDep ROOT @esbuild/linux-ia32@0.25.12 OK for: esbuild@0.25.12 want: 0.25.12
2980 silly placeDep ROOT @esbuild/linux-loong64@0.25.12 OK for: esbuild@0.25.12 want: 0.25.12
2981 silly placeDep ROOT @esbuild/linux-mips64el@0.25.12 OK for: esbuild@0.25.12 want: 0.25.12
2982 silly placeDep ROOT @esbuild/linux-ppc64@0.25.12 OK for: esbuild@0.25.12 want: 0.25.12
2983 silly placeDep ROOT @esbuild/linux-riscv64@0.25.12 OK for: esbuild@0.25.12 want: 0.25.12
2984 silly placeDep ROOT @esbuild/linux-s390x@0.25.12 OK for: esbuild@0.25.12 want: 0.25.12
2985 silly placeDep ROOT @esbuild/linux-x64@0.25.12 OK for: esbuild@0.25.12 want: 0.25.12
2986 silly placeDep ROOT @esbuild/netbsd-arm64@0.25.12 OK for: esbuild@0.25.12 want: 0.25.12
2987 silly placeDep ROOT @esbuild/netbsd-x64@0.25.12 OK for: esbuild@0.25.12 want: 0.25.12
2988 silly placeDep ROOT @esbuild/openbsd-arm64@0.25.12 OK for: esbuild@0.25.12 want: 0.25.12
2989 silly placeDep ROOT @esbuild/openbsd-x64@0.25.12 OK for: esbuild@0.25.12 want: 0.25.12
2990 silly placeDep ROOT @esbuild/openharmony-arm64@0.25.12 OK for: esbuild@0.25.12 want: 0.25.12
2991 silly placeDep ROOT @esbuild/sunos-x64@0.25.12 OK for: esbuild@0.25.12 want: 0.25.12
2992 silly placeDep ROOT @esbuild/win32-arm64@0.25.12 OK for: esbuild@0.25.12 want: 0.25.12
2993 silly placeDep ROOT @esbuild/win32-ia32@0.25.12 OK for: esbuild@0.25.12 want: 0.25.12
2994 silly placeDep ROOT @esbuild/win32-x64@0.25.12 OK for: esbuild@0.25.12 want: 0.25.12
2995 silly placeDep ROOT @types/yauzl@2.10.3 OK for: extract-zip@2.0.1 want: ^2.9.1
2996 silly placeDep ROOT get-stream@5.2.0 OK for: extract-zip@2.0.1 want: ^5.1.0
2997 silly placeDep ROOT yauzl@2.10.0 OK for: extract-zip@2.0.1 want: ^2.10.0
2998 silly fetch manifest pump@^3.0.0
2999 silly packumentCache full:https://registry.npmmirror.com/pump cache-miss
3000 silly fetch manifest fd-slicer@~1.1.0
3001 silly packumentCache full:https://registry.npmmirror.com/fd-slicer cache-miss
3002 silly fetch manifest buffer-crc32@~0.2.3
3003 silly packumentCache full:https://registry.npmmirror.com/buffer-crc32 cache-miss
3004 http fetch GET 200 https://registry.npmmirror.com/fd-slicer 48ms (cache revalidated)
3005 silly packumentCache full:https://registry.npmmirror.com/fd-slicer set size:24592 disposed:false
3006 http fetch GET 200 https://registry.npmmirror.com/pump 50ms (cache revalidated)
3007 silly packumentCache full:https://registry.npmmirror.com/pump set size:39118 disposed:false
3008 http fetch GET 200 https://registry.npmmirror.com/buffer-crc32 50ms (cache revalidated)
3009 silly packumentCache full:https://registry.npmmirror.com/buffer-crc32 set size:46595 disposed:false
3010 silly placeDep ROOT @nodelib/fs.stat@2.0.5 OK for: fast-glob@3.3.3 want: ^2.0.2
3011 silly placeDep ROOT @nodelib/fs.walk@1.2.8 OK for: fast-glob@3.3.3 want: ^1.2.3
3012 silly placeDep ROOT glob-parent@5.1.2 OK for: fast-glob@3.3.3 want: ^5.1.2
3013 silly placeDep ROOT merge2@1.4.1 OK for: fast-glob@3.3.3 want: ^1.3.0
3014 silly placeDep ROOT micromatch@4.0.8 OK for: fast-glob@3.3.3 want: ^4.0.8
3015 silly fetch manifest @nodelib/fs.scandir@2.1.5
3016 silly packumentCache full:https://registry.npmmirror.com/@nodelib%2ffs.scandir cache-miss
3017 silly fetch manifest fastq@^1.6.0
3018 silly packumentCache full:https://registry.npmmirror.com/fastq cache-miss
3019 silly fetch manifest is-glob@^4.0.1
3020 silly packumentCache full:https://registry.npmmirror.com/is-glob cache-hit
3021 silly fetch manifest braces@^3.0.3
3022 silly packumentCache full:https://registry.npmmirror.com/braces cache-miss
3023 silly fetch manifest picomatch@^2.3.1
3024 silly packumentCache full:https://registry.npmmirror.com/picomatch cache-hit
3025 http fetch GET 200 https://registry.npmmirror.com/@nodelib%2ffs.scandir 48ms (cache revalidated)
3026 silly packumentCache full:https://registry.npmmirror.com/@nodelib%2ffs.scandir set size:38674 disposed:false
3027 http fetch GET 200 https://registry.npmmirror.com/fastq 61ms (cache revalidated)
3028 silly packumentCache full:https://registry.npmmirror.com/fastq set size:63852 disposed:false
3029 http fetch GET 200 https://registry.npmmirror.com/braces 65ms (cache revalidated)
3030 silly packumentCache full:https://registry.npmmirror.com/braces set size:112898 disposed:false
3031 silly placeDep ROOT @nodelib/fs.scandir@2.1.5 OK for: @nodelib/fs.walk@1.2.8 want: 2.1.5
3032 silly placeDep ROOT fastq@1.19.1 OK for: @nodelib/fs.walk@1.2.8 want: ^1.6.0
3033 silly fetch manifest run-parallel@^1.1.9
3034 silly packumentCache full:https://registry.npmmirror.com/run-parallel cache-miss
3035 silly fetch manifest reusify@^1.0.4
3036 silly packumentCache full:https://registry.npmmirror.com/reusify cache-miss
3037 http fetch GET 200 https://registry.npmmirror.com/run-parallel 51ms (cache revalidated)
3038 silly packumentCache full:https://registry.npmmirror.com/run-parallel set size:31746 disposed:false
3039 http fetch GET 200 https://registry.npmmirror.com/reusify 52ms (cache revalidated)
3040 silly packumentCache full:https://registry.npmmirror.com/reusify set size:14270 disposed:false
3041 silly placeDep ROOT run-parallel@1.2.0 OK for: @nodelib/fs.scandir@2.1.5 want: ^1.1.9
3042 silly fetch manifest queue-microtask@^1.2.2
3043 silly packumentCache full:https://registry.npmmirror.com/queue-microtask cache-miss
3044 http fetch GET 200 https://registry.npmmirror.com/queue-microtask 51ms (cache revalidated)
3045 silly packumentCache full:https://registry.npmmirror.com/queue-microtask set size:25336 disposed:false
3046 silly placeDep ROOT strnum@2.1.1 OK for: fast-xml-parser@5.3.2 want: ^2.1.0
3047 silly placeDep ROOT reusify@1.1.0 OK for: fastq@1.19.1 want: ^1.0.4
3048 silly placeDep ROOT @types/fontkit@2.0.8 OK for: fontace@0.3.1 want: ^2.0.8
3049 silly placeDep ROOT fontkit@2.0.4 OK for: fontace@0.3.1 want: ^2.0.4
3050 silly fetch manifest @swc/helpers@^0.5.12
3051 silly packumentCache full:https://registry.npmmirror.com/@swc%2fhelpers cache-hit
3052 silly fetch manifest brotli@^1.3.2
3053 silly packumentCache full:https://registry.npmmirror.com/brotli cache-miss
3054 silly fetch manifest clone@^2.1.2
3055 silly packumentCache full:https://registry.npmmirror.com/clone cache-miss
3056 silly fetch manifest dfa@^1.2.0
3057 silly packumentCache full:https://registry.npmmirror.com/dfa cache-miss
3058 silly fetch manifest fast-deep-equal@^3.1.3
3059 silly packumentCache full:https://registry.npmmirror.com/fast-deep-equal cache-miss
3060 silly fetch manifest restructure@^3.0.0
3061 silly packumentCache full:https://registry.npmmirror.com/restructure cache-miss
3062 silly fetch manifest tiny-inflate@^1.0.3
3063 silly packumentCache full:https://registry.npmmirror.com/tiny-inflate cache-miss
3064 silly fetch manifest unicode-properties@^1.4.0
3065 silly packumentCache full:https://registry.npmmirror.com/unicode-properties cache-miss
3066 silly fetch manifest unicode-trie@^2.0.0
3067 silly packumentCache full:https://registry.npmmirror.com/unicode-trie cache-miss
3068 http fetch GET 200 https://registry.npmmirror.com/fast-deep-equal 51ms (cache revalidated)
3069 silly packumentCache full:https://registry.npmmirror.com/fast-deep-equal set size:31334 disposed:false
3070 http fetch GET 200 https://registry.npmmirror.com/clone 52ms (cache revalidated)
3071 silly packumentCache full:https://registry.npmmirror.com/clone set size:82113 disposed:false
3072 http fetch GET 200 https://registry.npmmirror.com/restructure 169ms (cache revalidated)
3073 silly packumentCache full:https://registry.npmmirror.com/restructure set size:55316 disposed:false
3074 http fetch GET 200 https://registry.npmmirror.com/unicode-trie 170ms (cache revalidated)
3075 silly packumentCache full:https://registry.npmmirror.com/unicode-trie set size:14427 disposed:false
3076 http fetch GET 200 https://registry.npmmirror.com/tiny-inflate 172ms (cache revalidated)
3077 silly packumentCache full:https://registry.npmmirror.com/tiny-inflate set size:6807 disposed:false
3078 http fetch GET 200 https://registry.npmmirror.com/dfa 173ms (cache revalidated)
3079 silly packumentCache full:https://registry.npmmirror.com/dfa set size:10133 disposed:false
3080 http fetch GET 200 https://registry.npmmirror.com/unicode-properties 173ms (cache revalidated)
3081 silly packumentCache full:https://registry.npmmirror.com/unicode-properties set size:22024 disposed:false
3082 http fetch GET 200 https://registry.npmmirror.com/brotli 225ms (cache revalidated)
3083 silly packumentCache full:https://registry.npmmirror.com/brotli set size:17018 disposed:false
3084 silly placeDep ROOT @swc/helpers@0.5.17 OK for: fontkit@2.0.4 want: ^0.5.12
3085 silly placeDep ROOT brotli@1.3.3 OK for: fontkit@2.0.4 want: ^1.3.2
3086 silly placeDep ROOT clone@2.1.2 OK for: fontkit@2.0.4 want: ^2.1.2
3087 silly placeDep ROOT dfa@1.2.0 OK for: fontkit@2.0.4 want: ^1.2.0
3088 silly placeDep ROOT fast-deep-equal@3.1.3 OK for: fontkit@2.0.4 want: ^3.1.3
3089 silly placeDep ROOT restructure@3.0.2 OK for: fontkit@2.0.4 want: ^3.0.0
3090 silly placeDep ROOT tiny-inflate@1.0.3 OK for: fontkit@2.0.4 want: ^1.0.3
3091 silly placeDep ROOT unicode-properties@1.4.1 OK for: fontkit@2.0.4 want: ^1.4.0
3092 silly placeDep ROOT unicode-trie@2.0.0 OK for: fontkit@2.0.4 want: ^2.0.0
3093 silly fetch manifest tslib@^2.8.0
3094 silly packumentCache full:https://registry.npmmirror.com/tslib cache-miss
3095 silly fetch manifest base64-js@^1.1.2
3096 silly packumentCache full:https://registry.npmmirror.com/base64-js cache-miss
3097 silly fetch manifest base64-js@^1.3.0
3098 silly packumentCache full:https://registry.npmmirror.com/base64-js cache-miss
3099 silly fetch manifest pako@^0.2.5
3100 silly packumentCache full:https://registry.npmmirror.com/pako cache-hit
3101 http fetch GET 200 https://registry.npmmirror.com/base64-js 50ms (cache revalidated)
3102 silly packumentCache full:https://registry.npmmirror.com/base64-js set size:43117 disposed:false
3103 http fetch GET 200 https://registry.npmmirror.com/base64-js 71ms (cache revalidated)
3104 silly packumentCache full:https://registry.npmmirror.com/base64-js set size:43117 disposed:false
3105 silly packumentCache full:https://registry.npmmirror.com/base64-js dispose
3106 http fetch GET 200 https://registry.npmmirror.com/tslib 88ms (cache revalidated)
3107 silly packumentCache full:https://registry.npmmirror.com/tslib set size:113340 disposed:false
3108 silly placeDep ROOT tslib@2.8.1 OK for: @swc/helpers@0.5.17 want: ^2.8.0
3109 silly placeDep ROOT base64-js@1.5.1 OK for: brotli@1.3.3 want: ^1.1.2
3110 silly placeDep node_modules/fontmin @types/node@12.20.55 OK for: fontmin@1.1.1 want: ^12.20.55
3111 silly placeDep ROOT @types/through2@2.0.41 OK for: fontmin@1.1.1 want: ^2.0.38
3112 silly placeDep ROOT b3b@0.0.1 OK for: fontmin@1.1.1 want: ^0.0.1
3113 silly placeDep ROOT buffer-to-vinyl@1.1.0 OK for: fontmin@1.1.1 want: ^1.0.0
3114 silly placeDep ROOT code-points@2.0.0-1 OK for: fontmin@1.1.1 want: ^2.0.0-1
3115 silly placeDep ROOT concat-stream@2.0.0 OK for: fontmin@1.1.1 want: ^2.0.0
3116 silly placeDep ROOT fonteditor-core@2.4.1 OK for: fontmin@1.1.1 want: ~2.4.0
3117 silly placeDep ROOT get-stdin@8.0.0 OK for: fontmin@1.1.1 want: ^8.0.0
3118 silly placeDep ROOT is-otf@0.1.2 OK for: fontmin@1.1.1 want: ^0.1.2
3119 silly placeDep ROOT is-svg@4.4.0 OK for: fontmin@1.1.1 want: ^4.2.1
3120 silly placeDep ROOT is-ttf@0.2.2 OK for: fontmin@1.1.1 want: ^0.2.2
3121 silly placeDep ROOT lodash@4.17.21 OK for: fontmin@1.1.1 want: ^4.17.10
3122 silly placeDep ROOT meow@9.0.0 OK for: fontmin@1.1.1 want: ^9.0.0
3123 silly placeDep ROOT pako@2.1.0 OK for: fontmin@1.1.1 want: ^2.0.3
3124 silly placeDep ROOT replace-ext@2.0.0 OK for: fontmin@1.1.1 want: ^2.0.0
3125 silly placeDep ROOT stream-combiner@0.2.2 OK for: fontmin@1.1.1 want: ^0.2.1
3126 silly placeDep ROOT through2@4.0.2 OK for: fontmin@1.1.1 want: ^4.0.2
3127 silly placeDep ROOT ttf2woff2@4.0.5 OK for: fontmin@1.1.1 want: ^4.0.1
3128 silly placeDep ROOT vinyl-fs@3.0.3 OK for: fontmin@1.1.1 want: ^3.0.3
3129 silly fetch manifest file-type@^3.1.0
3130 silly packumentCache full:https://registry.npmmirror.com/file-type cache-miss
3131 silly fetch manifest readable-stream@^2.0.2
3132 silly packumentCache full:https://registry.npmmirror.com/readable-stream cache-miss
3133 silly fetch manifest uuid@^2.0.1
3134 silly packumentCache full:https://registry.npmmirror.com/uuid cache-miss
3135 silly fetch manifest vinyl@^1.0.0
3136 silly packumentCache full:https://registry.npmmirror.com/vinyl cache-miss
3137 silly fetch manifest code-point@^1.0.1
3138 silly packumentCache full:https://registry.npmmirror.com/code-point cache-miss
3139 silly fetch manifest buffer-from@^1.0.0
3140 silly packumentCache full:https://registry.npmmirror.com/buffer-from cache-miss
3141 silly fetch manifest inherits@^2.0.3
3142 silly packumentCache full:https://registry.npmmirror.com/inherits cache-miss
3143 silly fetch manifest readable-stream@^3.0.2
3144 silly packumentCache full:https://registry.npmmirror.com/readable-stream cache-miss
3145 silly fetch manifest typedarray@^0.0.6
3146 silly packumentCache full:https://registry.npmmirror.com/typedarray cache-miss
3147 silly fetch manifest @xmldom/xmldom@^0.8.3
3148 silly packumentCache full:https://registry.npmmirror.com/@xmldom%2fxmldom cache-miss
3149 silly fetch manifest fast-xml-parser@^4.1.3
3150 silly packumentCache full:https://registry.npmmirror.com/fast-xml-parser cache-hit
3151 silly fetch manifest @types/minimist@^1.2.0
3152 silly packumentCache full:https://registry.npmmirror.com/@types%2fminimist cache-miss
3153 silly fetch manifest camelcase-keys@^6.2.2
3154 silly packumentCache full:https://registry.npmmirror.com/camelcase-keys cache-miss
3155 silly fetch manifest decamelize@^1.2.0
3156 silly packumentCache full:https://registry.npmmirror.com/decamelize cache-miss
3157 silly fetch manifest decamelize-keys@^1.1.0
3158 silly packumentCache full:https://registry.npmmirror.com/decamelize-keys cache-miss
3159 silly fetch manifest hard-rejection@^2.1.0
3160 silly packumentCache full:https://registry.npmmirror.com/hard-rejection cache-miss
3161 silly fetch manifest minimist-options@4.1.0
3162 silly packumentCache full:https://registry.npmmirror.com/minimist-options cache-miss
3163 silly fetch manifest normalize-package-data@^3.0.0
3164 silly packumentCache full:https://registry.npmmirror.com/normalize-package-data cache-miss
3165 silly fetch manifest read-pkg-up@^7.0.1
3166 silly packumentCache full:https://registry.npmmirror.com/read-pkg-up cache-miss
3167 silly fetch manifest redent@^3.0.0
3168 silly packumentCache full:https://registry.npmmirror.com/redent cache-miss
3169 silly fetch manifest trim-newlines@^3.0.0
3170 silly packumentCache full:https://registry.npmmirror.com/trim-newlines cache-miss
3171 silly fetch manifest type-fest@^0.18.0
3172 silly packumentCache full:https://registry.npmmirror.com/type-fest cache-hit
3173 silly fetch manifest yargs-parser@^20.2.3
3174 silly packumentCache full:https://registry.npmmirror.com/yargs-parser cache-hit
3175 silly fetch manifest duplexer@~0.1.1
3176 silly packumentCache full:https://registry.npmmirror.com/duplexer cache-miss
3177 silly fetch manifest through@~2.3.4
3178 silly packumentCache full:https://registry.npmmirror.com/through cache-miss
3179 silly fetch manifest readable-stream@3
3180 silly packumentCache full:https://registry.npmmirror.com/readable-stream cache-miss
3181 silly fetch manifest bindings@^1.5.0
3182 silly packumentCache full:https://registry.npmmirror.com/bindings cache-miss
3183 silly fetch manifest bufferstreams@^3.0.0
3184 silly packumentCache full:https://registry.npmmirror.com/bufferstreams cache-miss
3185 silly fetch manifest nan@^2.14.2
3186 silly packumentCache full:https://registry.npmmirror.com/nan cache-miss
3187 silly fetch manifest node-gyp@^9.0.0
3188 silly packumentCache full:https://registry.npmmirror.com/node-gyp cache-miss
3189 silly fetch manifest fs-mkdirp-stream@^1.0.0
3190 silly packumentCache full:https://registry.npmmirror.com/fs-mkdirp-stream cache-miss
3191 silly fetch manifest glob-stream@^6.1.0
3192 silly packumentCache full:https://registry.npmmirror.com/glob-stream cache-miss
3193 silly fetch manifest graceful-fs@^4.0.0
3194 silly packumentCache full:https://registry.npmmirror.com/graceful-fs cache-miss
3195 silly fetch manifest is-valid-glob@^1.0.0
3196 silly packumentCache full:https://registry.npmmirror.com/is-valid-glob cache-miss
3197 http fetch GET 200 https://registry.npmmirror.com/decamelize 125ms (cache revalidated)
3198 silly packumentCache full:https://registry.npmmirror.com/decamelize set size:27559 disposed:false
3199 silly fetch manifest lazystream@^1.0.0
3200 silly packumentCache full:https://registry.npmmirror.com/lazystream cache-miss
3201 http fetch GET 200 https://registry.npmmirror.com/vinyl 127ms (cache revalidated)
3202 silly packumentCache full:https://registry.npmmirror.com/vinyl set size:71330 disposed:false
3203 silly fetch manifest lead@^1.0.0
3204 silly packumentCache full:https://registry.npmmirror.com/lead cache-miss
3205 http fetch GET 200 https://registry.npmmirror.com/@types%2fminimist 128ms (cache revalidated)
3206 silly packumentCache full:https://registry.npmmirror.com/@types%2fminimist set size:27032 disposed:false
3207 silly fetch manifest object.assign@^4.0.4
3208 silly packumentCache full:https://registry.npmmirror.com/object.assign cache-miss
3209 http fetch GET 200 https://registry.npmmirror.com/inherits 129ms (cache revalidated)
3210 silly packumentCache full:https://registry.npmmirror.com/inherits set size:11198 disposed:false
3211 silly fetch manifest pumpify@^1.3.5
3212 silly packumentCache full:https://registry.npmmirror.com/pumpify cache-miss
3213 http fetch GET 200 https://registry.npmmirror.com/camelcase-keys 131ms (cache revalidated)
3214 silly packumentCache full:https://registry.npmmirror.com/camelcase-keys set size:70621 disposed:false
3215 silly fetch manifest readable-stream@^2.3.3
3216 silly packumentCache full:https://registry.npmmirror.com/readable-stream cache-miss
3217 http fetch GET 200 https://registry.npmmirror.com/typedarray 133ms (cache revalidated)
3218 silly packumentCache full:https://registry.npmmirror.com/typedarray set size:18688 disposed:false
3219 silly fetch manifest remove-bom-buffer@^3.0.0
3220 silly packumentCache full:https://registry.npmmirror.com/remove-bom-buffer cache-miss
3221 http fetch GET 200 https://registry.npmmirror.com/hard-rejection 135ms (cache revalidated)
3222 silly packumentCache full:https://registry.npmmirror.com/hard-rejection set size:10082 disposed:false
3223 silly fetch manifest remove-bom-stream@^1.2.0
3224 silly packumentCache full:https://registry.npmmirror.com/remove-bom-stream cache-miss
3225 http fetch GET 200 https://registry.npmmirror.com/readable-stream 137ms (cache revalidated)
3226 silly packumentCache full:https://registry.npmmirror.com/readable-stream set size:231868 disposed:false
3227 silly fetch manifest resolve-options@^1.1.0
3228 silly packumentCache full:https://registry.npmmirror.com/resolve-options cache-miss
3229 http fetch GET 200 https://registry.npmmirror.com/buffer-from 140ms (cache revalidated)
3230 silly packumentCache full:https://registry.npmmirror.com/buffer-from set size:12408 disposed:false
3231 silly fetch manifest through2@^2.0.0
3232 silly packumentCache full:https://registry.npmmirror.com/through2 cache-hit
3233 silly fetch manifest to-through@^2.0.0
3234 silly packumentCache full:https://registry.npmmirror.com/to-through cache-miss
3235 http fetch GET 200 https://registry.npmmirror.com/decamelize-keys 140ms (cache revalidated)
3236 silly packumentCache full:https://registry.npmmirror.com/decamelize-keys set size:15269 disposed:false
3237 silly fetch manifest value-or-function@^3.0.0
3238 silly packumentCache full:https://registry.npmmirror.com/value-or-function cache-miss
3239 http fetch GET 200 https://registry.npmmirror.com/readable-stream 144ms (cache revalidated)
3240 silly packumentCache full:https://registry.npmmirror.com/readable-stream set size:231868 disposed:false
3241 silly packumentCache full:https://registry.npmmirror.com/readable-stream dispose
3242 silly fetch manifest vinyl@^2.0.0
3243 silly packumentCache full:https://registry.npmmirror.com/vinyl cache-hit
3244 silly fetch manifest vinyl-sourcemap@^1.1.0
3245 silly packumentCache full:https://registry.npmmirror.com/vinyl-sourcemap cache-miss
3246 http fetch GET 200 https://registry.npmmirror.com/file-type 148ms (cache revalidated)
3247 silly packumentCache full:https://registry.npmmirror.com/file-type set size:465891 disposed:false
3248 http fetch GET 200 https://registry.npmmirror.com/uuid 153ms (cache revalidated)
3249 silly packumentCache full:https://registry.npmmirror.com/uuid set size:197400 disposed:false
3250 http fetch GET 200 https://registry.npmmirror.com/@xmldom%2fxmldom 156ms (cache revalidated)
3251 silly packumentCache full:https://registry.npmmirror.com/@xmldom%2fxmldom set size:151959 disposed:false
3252 http fetch GET 200 https://registry.npmmirror.com/read-pkg-up 167ms (cache revalidated)
3253 silly packumentCache full:https://registry.npmmirror.com/read-pkg-up set size:29272 disposed:false
3254 http fetch GET 200 https://registry.npmmirror.com/minimist-options 192ms (cache revalidated)
3255 silly packumentCache full:https://registry.npmmirror.com/minimist-options set size:21582 disposed:false
3256 http fetch GET 200 https://registry.npmmirror.com/redent 193ms (cache revalidated)
3257 silly packumentCache full:https://registry.npmmirror.com/redent set size:8529 disposed:false
3258 http fetch GET 200 https://registry.npmmirror.com/trim-newlines 194ms (cache revalidated)
3259 silly packumentCache full:https://registry.npmmirror.com/trim-newlines set size:21659 disposed:false
3260 http fetch GET 200 https://registry.npmmirror.com/duplexer 199ms (cache revalidated)
3261 silly packumentCache full:https://registry.npmmirror.com/duplexer set size:10875 disposed:false
3262 http fetch GET 200 https://registry.npmmirror.com/readable-stream 199ms (cache revalidated)
3263 silly packumentCache full:https://registry.npmmirror.com/readable-stream set size:231868 disposed:true
3264 silly packumentCache full:https://registry.npmmirror.com/readable-stream dispose
3265 http fetch GET 200 https://registry.npmmirror.com/normalize-package-data 207ms (cache revalidated)
3266 silly packumentCache full:https://registry.npmmirror.com/normalize-package-data set size:121214 disposed:false
3267 http fetch GET 200 https://registry.npmmirror.com/code-point 210ms (cache revalidated)
3268 silly packumentCache full:https://registry.npmmirror.com/code-point set size:16962 disposed:false
3269 http fetch GET 200 https://registry.npmmirror.com/through 208ms (cache revalidated)
3270 silly packumentCache full:https://registry.npmmirror.com/through set size:37323 disposed:false
3271 http fetch GET 200 https://registry.npmmirror.com/node-gyp 209ms (cache revalidated)
3272 silly packumentCache full:https://registry.npmmirror.com/node-gyp set size:278363 disposed:false
3273 http fetch GET 200 https://registry.npmmirror.com/fs-mkdirp-stream 211ms (cache revalidated)
3274 silly packumentCache full:https://registry.npmmirror.com/fs-mkdirp-stream set size:11871 disposed:false
3275 http fetch GET 200 https://registry.npmmirror.com/bindings 212ms (cache revalidated)
3276 silly packumentCache full:https://registry.npmmirror.com/bindings set size:27921 disposed:false
3277 http cache https://registry.npmmirror.com/readable-stream 86ms (cache hit)
3278 silly packumentCache full:https://registry.npmmirror.com/readable-stream set size:231868 disposed:true
3279 silly packumentCache full:https://registry.npmmirror.com/readable-stream dispose
3280 http fetch GET 200 https://registry.npmmirror.com/glob-stream 215ms (cache revalidated)
3281 silly packumentCache full:https://registry.npmmirror.com/glob-stream set size:95238 disposed:false
3282 http fetch GET 200 https://registry.npmmirror.com/lazystream 98ms (cache revalidated)
3283 silly packumentCache full:https://registry.npmmirror.com/lazystream set size:13352 disposed:false
3284 http fetch GET 200 https://registry.npmmirror.com/graceful-fs 220ms (cache revalidated)
3285 silly packumentCache full:https://registry.npmmirror.com/graceful-fs set size:109027 disposed:false
3286 http fetch GET 200 https://registry.npmmirror.com/bufferstreams 224ms (cache revalidated)
3287 silly packumentCache full:https://registry.npmmirror.com/bufferstreams set size:40293 disposed:false
3288 http fetch GET 200 https://registry.npmmirror.com/is-valid-glob 222ms (cache revalidated)
3289 silly packumentCache full:https://registry.npmmirror.com/is-valid-glob set size:11542 disposed:false
3290 http fetch GET 200 https://registry.npmmirror.com/nan 226ms (cache revalidated)
3291 silly packumentCache full:https://registry.npmmirror.com/nan set size:215310 disposed:false
3292 http fetch GET 200 https://registry.npmmirror.com/lead 104ms (cache revalidated)
3293 silly packumentCache full:https://registry.npmmirror.com/lead set size:11953 disposed:false
3294 http fetch GET 200 https://registry.npmmirror.com/object.assign 103ms (cache revalidated)
3295 silly packumentCache full:https://registry.npmmirror.com/object.assign set size:84054 disposed:false
3296 http fetch GET 200 https://registry.npmmirror.com/pumpify 114ms (cache revalidated)
3297 silly packumentCache full:https://registry.npmmirror.com/pumpify set size:33532 disposed:false
3298 http fetch GET 200 https://registry.npmmirror.com/to-through 114ms (cache revalidated)
3299 silly packumentCache full:https://registry.npmmirror.com/to-through set size:11731 disposed:false
3300 http fetch GET 200 https://registry.npmmirror.com/resolve-options 122ms (cache revalidated)
3301 silly packumentCache full:https://registry.npmmirror.com/resolve-options set size:11701 disposed:false
3302 http fetch GET 200 https://registry.npmmirror.com/vinyl-sourcemap 116ms (cache revalidated)
3303 silly packumentCache full:https://registry.npmmirror.com/vinyl-sourcemap set size:22872 disposed:false
3304 http fetch GET 200 https://registry.npmmirror.com/value-or-function 121ms (cache revalidated)
3305 silly packumentCache full:https://registry.npmmirror.com/value-or-function set size:20366 disposed:false
3306 http fetch GET 200 https://registry.npmmirror.com/remove-bom-buffer 163ms (cache revalidated)
3307 silly packumentCache full:https://registry.npmmirror.com/remove-bom-buffer set size:9851 disposed:false
3308 http fetch GET 200 https://registry.npmmirror.com/remove-bom-stream 169ms (cache revalidated)
3309 silly packumentCache full:https://registry.npmmirror.com/remove-bom-stream set size:11823 disposed:false
3310 silly placeDep ROOT file-type@3.9.0 OK for: buffer-to-vinyl@1.1.0 want: ^3.1.0
3311 silly placeDep ROOT readable-stream@2.3.8 OK for: buffer-to-vinyl@1.1.0 want: ^2.0.2
3312 silly placeDep ROOT uuid@2.0.3 OK for: buffer-to-vinyl@1.1.0 want: ^2.0.1
3313 silly placeDep ROOT vinyl@1.2.0 OK for: buffer-to-vinyl@1.1.0 want: ^1.0.0
3314 silly fetch manifest core-util-is@~1.0.0
3315 silly packumentCache full:https://registry.npmmirror.com/core-util-is cache-miss
3316 silly fetch manifest inherits@~2.0.3
3317 silly packumentCache full:https://registry.npmmirror.com/inherits cache-hit
3318 silly fetch manifest isarray@~1.0.0
3319 silly packumentCache full:https://registry.npmmirror.com/isarray cache-miss
3320 silly fetch manifest process-nextick-args@~2.0.0
3321 silly packumentCache full:https://registry.npmmirror.com/process-nextick-args cache-miss
3322 silly fetch manifest safe-buffer@~5.1.1
3323 silly packumentCache full:https://registry.npmmirror.com/safe-buffer cache-miss
3324 silly fetch manifest string_decoder@~1.1.1
3325 silly packumentCache full:https://registry.npmmirror.com/string_decoder cache-miss
3326 silly fetch manifest util-deprecate@~1.0.1
3327 silly packumentCache full:https://registry.npmmirror.com/util-deprecate cache-hit
3328 silly fetch manifest clone@^1.0.0
3329 silly packumentCache full:https://registry.npmmirror.com/clone cache-hit
3330 silly fetch manifest clone-stats@^0.0.1
3331 silly packumentCache full:https://registry.npmmirror.com/clone-stats cache-miss
3332 silly fetch manifest replace-ext@0.0.1
3333 silly packumentCache full:https://registry.npmmirror.com/replace-ext cache-hit
3334 http fetch GET 200 https://registry.npmmirror.com/safe-buffer 47ms (cache revalidated)
3335 silly packumentCache full:https://registry.npmmirror.com/safe-buffer set size:38090 disposed:false
3336 http fetch GET 200 https://registry.npmmirror.com/string_decoder 58ms (cache revalidated)
3337 silly packumentCache full:https://registry.npmmirror.com/string_decoder set size:24817 disposed:false
3338 http fetch GET 200 https://registry.npmmirror.com/process-nextick-args 60ms (cache revalidated)
3339 silly packumentCache full:https://registry.npmmirror.com/process-nextick-args set size:14354 disposed:false
3340 http fetch GET 200 https://registry.npmmirror.com/isarray 60ms (cache revalidated)
3341 silly packumentCache full:https://registry.npmmirror.com/isarray set size:16148 disposed:false
3342 http fetch GET 200 https://registry.npmmirror.com/clone-stats 61ms (cache revalidated)
3343 silly packumentCache full:https://registry.npmmirror.com/clone-stats set size:5604 disposed:false
3344 http fetch GET 200 https://registry.npmmirror.com/core-util-is 66ms (cache revalidated)
3345 silly packumentCache full:https://registry.npmmirror.com/core-util-is set size:6134 disposed:false
3346 silly placeDep ROOT code-point@1.1.0 OK for: code-points@2.0.0-1 want: ^1.0.1
3347 silly placeDep ROOT buffer-from@1.1.2 OK for: concat-stream@2.0.0 want: ^1.0.0
3348 silly placeDep ROOT inherits@2.0.4 OK for: concat-stream@2.0.0 want: ^2.0.3
3349 silly placeDep node_modules/concat-stream readable-stream@3.6.2 OK for: concat-stream@2.0.0 want: ^3.0.2
3350 silly placeDep ROOT typedarray@0.0.6 OK for: concat-stream@2.0.0 want: ^0.0.6
3351 silly fetch manifest string_decoder@^1.1.1
3352 silly packumentCache full:https://registry.npmmirror.com/string_decoder cache-hit
3353 silly fetch manifest util-deprecate@^1.0.1
3354 silly packumentCache full:https://registry.npmmirror.com/util-deprecate cache-hit
3355 silly placeDep ROOT @xmldom/xmldom@0.8.11 OK for: fonteditor-core@2.4.1 want: ^0.8.3
3356 silly placeDep ROOT asynckit@0.4.0 OK for: form-data@4.0.5 want: ^0.4.0
3357 silly placeDep ROOT combined-stream@1.0.8 OK for: form-data@4.0.5 want: ^1.0.8
3358 silly placeDep ROOT es-set-tostringtag@2.1.0 OK for: form-data@4.0.5 want: ^2.1.0
3359 silly placeDep ROOT hasown@2.0.2 OK for: form-data@4.0.5 want: ^2.0.2
3360 silly placeDep ROOT mime-types@2.1.35 OK for: form-data@4.0.5 want: ^2.1.12
3361 silly fetch manifest delayed-stream@~1.0.0
3362 silly packumentCache full:https://registry.npmmirror.com/delayed-stream cache-miss
3363 silly fetch manifest es-errors@^1.3.0
3364 silly packumentCache full:https://registry.npmmirror.com/es-errors cache-miss
3365 silly fetch manifest get-intrinsic@^1.2.6
3366 silly packumentCache full:https://registry.npmmirror.com/get-intrinsic cache-miss
3367 silly fetch manifest has-tostringtag@^1.0.2
3368 silly packumentCache full:https://registry.npmmirror.com/has-tostringtag cache-miss
3369 silly fetch manifest function-bind@^1.1.2
3370 silly packumentCache full:https://registry.npmmirror.com/function-bind cache-miss
3371 silly fetch manifest mime-db@1.52.0
3372 silly packumentCache full:https://registry.npmmirror.com/mime-db cache-miss
3373 http fetch GET 200 https://registry.npmmirror.com/es-errors 39ms (cache revalidated)
3374 silly packumentCache full:https://registry.npmmirror.com/es-errors set size:17576 disposed:false
3375 http fetch GET 200 https://registry.npmmirror.com/get-intrinsic 48ms (cache revalidated)
3376 silly packumentCache full:https://registry.npmmirror.com/get-intrinsic set size:57532 disposed:false
3377 http fetch GET 200 https://registry.npmmirror.com/has-tostringtag 51ms (cache revalidated)
3378 silly packumentCache full:https://registry.npmmirror.com/has-tostringtag set size:13246 disposed:false
3379 http fetch GET 200 https://registry.npmmirror.com/delayed-stream 52ms (cache revalidated)
3380 silly packumentCache full:https://registry.npmmirror.com/delayed-stream set size:16626 disposed:false
3381 http fetch GET 200 https://registry.npmmirror.com/function-bind 55ms (cache revalidated)
3382 silly packumentCache full:https://registry.npmmirror.com/function-bind set size:15630 disposed:false
3383 http fetch GET 200 https://registry.npmmirror.com/mime-db 55ms (cache revalidated)
3384 silly packumentCache full:https://registry.npmmirror.com/mime-db set size:147903 disposed:false
3385 silly placeDep ROOT delayed-stream@1.0.0 OK for: combined-stream@1.0.8 want: ~1.0.0
3386 silly placeDep ROOT es-errors@1.3.0 OK for: es-set-tostringtag@2.1.0 want: ^1.3.0
3387 silly placeDep ROOT get-intrinsic@1.3.0 OK for: es-set-tostringtag@2.1.0 want: ^1.2.6
3388 silly placeDep ROOT has-tostringtag@1.0.2 OK for: es-set-tostringtag@2.1.0 want: ^1.0.2
3389 silly fetch manifest call-bind-apply-helpers@^1.0.2
3390 silly packumentCache full:https://registry.npmmirror.com/call-bind-apply-helpers cache-miss
3391 silly fetch manifest es-define-property@^1.0.1
3392 silly packumentCache full:https://registry.npmmirror.com/es-define-property cache-miss
3393 silly fetch manifest es-object-atoms@^1.1.1
3394 silly packumentCache full:https://registry.npmmirror.com/es-object-atoms cache-miss
3395 silly fetch manifest get-proto@^1.0.1
3396 silly packumentCache full:https://registry.npmmirror.com/get-proto cache-miss
3397 silly fetch manifest gopd@^1.2.0
3398 silly packumentCache full:https://registry.npmmirror.com/gopd cache-miss
3399 silly fetch manifest has-symbols@^1.1.0
3400 silly packumentCache full:https://registry.npmmirror.com/has-symbols cache-miss
3401 silly fetch manifest math-intrinsics@^1.1.0
3402 silly packumentCache full:https://registry.npmmirror.com/math-intrinsics cache-miss
3403 silly fetch manifest has-symbols@^1.0.3
3404 silly packumentCache full:https://registry.npmmirror.com/has-symbols cache-miss
3405 http fetch GET 200 https://registry.npmmirror.com/es-object-atoms 47ms (cache revalidated)
3406 silly packumentCache full:https://registry.npmmirror.com/es-object-atoms set size:15831 disposed:false
3407 http fetch GET 200 https://registry.npmmirror.com/gopd 56ms (cache revalidated)
3408 silly packumentCache full:https://registry.npmmirror.com/gopd set size:11756 disposed:false
3409 http fetch GET 200 https://registry.npmmirror.com/es-define-property 56ms (cache revalidated)
3410 silly packumentCache full:https://registry.npmmirror.com/es-define-property set size:8807 disposed:false
3411 http fetch GET 200 https://registry.npmmirror.com/call-bind-apply-helpers 58ms (cache revalidated)
3412 silly packumentCache full:https://registry.npmmirror.com/call-bind-apply-helpers set size:13140 disposed:false
3413 http fetch GET 200 https://registry.npmmirror.com/has-symbols 57ms (cache revalidated)
3414 silly packumentCache full:https://registry.npmmirror.com/has-symbols set size:19589 disposed:false
3415 http fetch GET 200 https://registry.npmmirror.com/has-symbols 58ms (cache revalidated)
3416 silly packumentCache full:https://registry.npmmirror.com/has-symbols set size:19589 disposed:false
3417 silly packumentCache full:https://registry.npmmirror.com/has-symbols dispose
3418 http fetch GET 200 https://registry.npmmirror.com/get-proto 59ms (cache revalidated)
3419 silly packumentCache full:https://registry.npmmirror.com/get-proto set size:8565 disposed:false
3420 http fetch GET 200 https://registry.npmmirror.com/math-intrinsics 60ms (cache revalidated)
3421 silly packumentCache full:https://registry.npmmirror.com/math-intrinsics set size:9530 disposed:false
3422 silly placeDep ROOT call-bind-apply-helpers@1.0.2 OK for: get-intrinsic@1.3.0 want: ^1.0.2
3423 silly placeDep ROOT es-define-property@1.0.1 OK for: get-intrinsic@1.3.0 want: ^1.0.1
3424 silly placeDep ROOT es-object-atoms@1.1.1 OK for: get-intrinsic@1.3.0 want: ^1.1.1
3425 silly placeDep ROOT function-bind@1.1.2 OK for: get-intrinsic@1.3.0 want: ^1.1.2
3426 silly placeDep ROOT get-proto@1.0.1 OK for: get-intrinsic@1.3.0 want: ^1.0.1
3427 silly placeDep ROOT gopd@1.2.0 OK for: get-intrinsic@1.3.0 want: ^1.2.0
3428 silly placeDep ROOT has-symbols@1.1.0 OK for: get-intrinsic@1.3.0 want: ^1.1.0
3429 silly placeDep ROOT math-intrinsics@1.1.0 OK for: get-intrinsic@1.3.0 want: ^1.1.0
3430 silly fetch manifest dunder-proto@^1.0.1
3431 silly packumentCache full:https://registry.npmmirror.com/dunder-proto cache-miss
3432 http fetch GET 200 https://registry.npmmirror.com/dunder-proto 36ms (cache revalidated)
3433 silly packumentCache full:https://registry.npmmirror.com/dunder-proto set size:8521 disposed:false
3434 silly placeDep ROOT dunder-proto@1.0.1 OK for: get-proto@1.0.1 want: ^1.0.1
3435 silly placeDep ROOT pump@3.0.3 OK for: get-stream@5.2.0 want: ^3.0.0
3436 silly fetch manifest end-of-stream@^1.1.0
3437 silly packumentCache full:https://registry.npmmirror.com/end-of-stream cache-miss
3438 silly fetch manifest once@^1.3.1
3439 silly packumentCache full:https://registry.npmmirror.com/once cache-miss
3440 http fetch GET 200 https://registry.npmmirror.com/once 43ms (cache revalidated)
3441 silly packumentCache full:https://registry.npmmirror.com/once set size:11112 disposed:false
3442 http fetch GET 200 https://registry.npmmirror.com/end-of-stream 45ms (cache revalidated)
3443 silly packumentCache full:https://registry.npmmirror.com/end-of-stream set size:24810 disposed:false
3444 silly placeDep ROOT is-glob@4.0.3 OK for: glob-parent@5.1.2 want: ^4.0.1
3445 silly fetch manifest is-extglob@^2.1.1
3446 silly packumentCache full:https://registry.npmmirror.com/is-extglob cache-miss
3447 http fetch GET 200 https://registry.npmmirror.com/is-extglob 35ms (cache revalidated)
3448 silly packumentCache full:https://registry.npmmirror.com/is-extglob set size:11880 disposed:false
3449 silly placeDep ROOT bcp-47-match@2.0.3 OK for: hast-util-select@6.0.4 want: ^2.0.0
3450 silly placeDep ROOT comma-separated-tokens@2.0.3 OK for: hast-util-select@6.0.4 want: ^2.0.0
3451 silly placeDep ROOT css-selector-parser@3.2.0 OK for: hast-util-select@6.0.4 want: ^3.0.0
3452 silly placeDep ROOT devlop@1.1.0 OK for: hast-util-select@6.0.4 want: ^1.0.0
3453 silly placeDep ROOT direction@2.0.1 OK for: hast-util-select@6.0.4 want: ^2.0.0
3454 silly placeDep ROOT hast-util-has-property@3.0.0 OK for: hast-util-select@6.0.4 want: ^3.0.0
3455 silly placeDep ROOT hast-util-to-string@3.0.1 OK for: hast-util-select@6.0.4 want: ^3.0.0
3456 silly placeDep ROOT hast-util-whitespace@3.0.0 OK for: hast-util-select@6.0.4 want: ^3.0.0
3457 silly placeDep ROOT property-information@7.1.0 OK for: hast-util-select@6.0.4 want: ^7.0.0
3458 silly placeDep ROOT space-separated-tokens@2.0.2 OK for: hast-util-select@6.0.4 want: ^2.0.0
3459 silly placeDep ROOT zwitch@2.0.4 OK for: hast-util-select@6.0.4 want: ^2.0.0
3460 silly fetch manifest dequal@^2.0.0
3461 silly packumentCache full:https://registry.npmmirror.com/dequal cache-miss
3462 http fetch GET 200 https://registry.npmmirror.com/dequal 33ms (cache revalidated)
3463 silly packumentCache full:https://registry.npmmirror.com/dequal set size:18261 disposed:false
3464 silly placeDep ROOT dequal@2.0.3 OK for: devlop@1.1.0 want: ^2.0.0
3465 silly placeDep ROOT ccount@2.0.1 OK for: hast-util-to-html@9.0.5 want: ^2.0.0
3466 silly placeDep ROOT html-void-elements@3.0.0 OK for: hast-util-to-html@9.0.5 want: ^3.0.0
3467 silly placeDep ROOT mdast-util-to-hast@13.2.0 OK for: hast-util-to-html@9.0.5 want: ^13.0.0
3468 silly placeDep ROOT stringify-entities@4.0.4 OK for: hast-util-to-html@9.0.5 want: ^4.0.0
3469 silly fetch manifest micromark-util-sanitize-uri@^2.0.0
3470 silly packumentCache full:https://registry.npmmirror.com/micromark-util-sanitize-uri cache-miss
3471 silly fetch manifest trim-lines@^3.0.0
3472 silly packumentCache full:https://registry.npmmirror.com/trim-lines cache-miss
3473 silly fetch manifest unist-util-position@^5.0.0
3474 silly packumentCache full:https://registry.npmmirror.com/unist-util-position cache-miss
3475 silly fetch manifest character-entities-html4@^2.0.0
3476 silly packumentCache full:https://registry.npmmirror.com/character-entities-html4 cache-miss
3477 silly fetch manifest character-entities-legacy@^3.0.0
3478 silly packumentCache full:https://registry.npmmirror.com/character-entities-legacy cache-miss
3479 http fetch GET 200 https://registry.npmmirror.com/character-entities-html4 292ms (cache revalidated)
3480 silly packumentCache full:https://registry.npmmirror.com/character-entities-html4 set size:28634 disposed:false
3481 http fetch GET 200 https://registry.npmmirror.com/character-entities-legacy 293ms (cache revalidated)
3482 silly packumentCache full:https://registry.npmmirror.com/character-entities-legacy set size:29228 disposed:false
3483 http fetch GET 200 https://registry.npmmirror.com/unist-util-position 299ms (cache revalidated)
3484 silly packumentCache full:https://registry.npmmirror.com/unist-util-position set size:44875 disposed:false
3485 http fetch GET 200 https://registry.npmmirror.com/micromark-util-sanitize-uri 302ms (cache revalidated)
3486 silly packumentCache full:https://registry.npmmirror.com/micromark-util-sanitize-uri set size:27965 disposed:false
3487 http fetch GET 200 https://registry.npmmirror.com/trim-lines 371ms (cache revalidated)
3488 silly packumentCache full:https://registry.npmmirror.com/trim-lines set size:24710 disposed:false
3489 silly placeDep ROOT hast-util-is-element@3.0.0 OK for: hast-util-to-text@4.0.2 want: ^3.0.0
3490 silly placeDep ROOT unist-util-find-after@5.0.0 OK for: hast-util-to-text@4.0.2 want: ^5.0.0
3491 silly placeDep ROOT hast-util-parse-selector@4.0.0 OK for: hastscript@9.0.1 want: ^4.0.0
3492 silly placeDep ROOT safer-buffer@2.1.2 OK for: iconv-lite@0.6.3 want: >= 2.1.2 < 3.0.0
3493 silly placeDep ROOT is-extglob@2.1.1 OK for: is-glob@4.0.3 want: ^2.1.1
3494 silly placeDep node_modules/is-svg fast-xml-parser@4.5.3 OK for: is-svg@4.4.0 want: ^4.1.3
3495 silly fetch manifest strnum@^1.1.1
3496 silly packumentCache full:https://registry.npmmirror.com/strnum cache-hit
3497 silly placeDep ROOT argparse@2.0.1 OK for: js-yaml@4.1.1 want: ^2.0.1
3498 silly placeDep ROOT commander@8.3.0 OK for: katex@0.16.25 want: ^8.3.0
3499 silly placeDep ROOT pkg-types@1.3.1 OK for: local-pkg@0.5.1 want: ^1.2.1
3500 silly fetch manifest confbox@^0.1.8
3501 silly packumentCache full:https://registry.npmmirror.com/confbox cache-miss
3502 silly fetch manifest pathe@^2.0.1
3503 silly packumentCache full:https://registry.npmmirror.com/pathe cache-hit
3504 http fetch GET 200 https://registry.npmmirror.com/confbox 41ms (cache revalidated)
3505 silly packumentCache full:https://registry.npmmirror.com/confbox set size:41500 disposed:false
3506 silly placeDep ROOT source-map-js@1.2.1 OK for: magicast@0.5.1 want: ^1.2.1
3507 silly placeDep ROOT linkify-it@5.0.0 OK for: markdown-it@14.1.0 want: ^5.0.0
3508 silly placeDep ROOT mdurl@2.0.0 OK for: markdown-it@14.1.0 want: ^2.0.0
3509 silly placeDep ROOT punycode.js@2.3.1 OK for: markdown-it@14.1.0 want: ^2.3.1
3510 silly placeDep ROOT uc.micro@2.1.0 OK for: markdown-it@14.1.0 want: ^2.1.0
3511 silly fetch manifest uc.micro@^2.0.0
3512 silly packumentCache full:https://registry.npmmirror.com/uc.micro cache-hit
3513 silly placeDep ROOT @ungap/structured-clone@1.3.0 OK for: mdast-util-to-hast@13.2.0 want: ^1.0.0
3514 silly placeDep ROOT micromark-util-sanitize-uri@2.0.1 OK for: mdast-util-to-hast@13.2.0 want: ^2.0.0
3515 silly placeDep ROOT trim-lines@3.0.1 OK for: mdast-util-to-hast@13.2.0 want: ^3.0.0
3516 silly placeDep ROOT unist-util-position@5.0.0 OK for: mdast-util-to-hast@13.2.0 want: ^5.0.0
3517 silly fetch manifest micromark-util-character@^2.0.0
3518 silly packumentCache full:https://registry.npmmirror.com/micromark-util-character cache-miss
3519 silly fetch manifest micromark-util-encode@^2.0.0
3520 silly packumentCache full:https://registry.npmmirror.com/micromark-util-encode cache-miss
3521 silly fetch manifest micromark-util-symbol@^2.0.0
3522 silly packumentCache full:https://registry.npmmirror.com/micromark-util-symbol cache-miss
3523 http fetch GET 200 https://registry.npmmirror.com/micromark-util-character 66ms (cache revalidated)
3524 silly packumentCache full:https://registry.npmmirror.com/micromark-util-character set size:36518 disposed:false
3525 http fetch GET 200 https://registry.npmmirror.com/micromark-util-encode 67ms (cache revalidated)
3526 silly packumentCache full:https://registry.npmmirror.com/micromark-util-encode set size:23990 disposed:false
3527 http fetch GET 200 https://registry.npmmirror.com/micromark-util-symbol 68ms (cache revalidated)
3528 silly packumentCache full:https://registry.npmmirror.com/micromark-util-symbol set size:25055 disposed:false
3529 silly placeDep ROOT @types/minimist@1.2.5 OK for: meow@9.0.0 want: ^1.2.0
3530 silly placeDep ROOT camelcase-keys@6.2.2 OK for: meow@9.0.0 want: ^6.2.2
3531 silly placeDep ROOT decamelize@1.2.0 OK for: meow@9.0.0 want: ^1.2.0
3532 silly placeDep ROOT decamelize-keys@1.1.1 OK for: meow@9.0.0 want: ^1.1.0
3533 silly placeDep ROOT hard-rejection@2.1.0 OK for: meow@9.0.0 want: ^2.1.0
3534 silly placeDep ROOT minimist-options@4.1.0 OK for: meow@9.0.0 want: 4.1.0
3535 silly placeDep ROOT normalize-package-data@3.0.3 OK for: meow@9.0.0 want: ^3.0.0
3536 silly placeDep ROOT read-pkg-up@7.0.1 OK for: meow@9.0.0 want: ^7.0.1
3537 silly placeDep ROOT redent@3.0.0 OK for: meow@9.0.0 want: ^3.0.0
3538 silly placeDep ROOT trim-newlines@3.0.1 OK for: meow@9.0.0 want: ^3.0.0
3539 silly placeDep node_modules/meow type-fest@0.18.1 OK for: meow@9.0.0 want: ^0.18.0
3540 silly placeDep node_modules/meow yargs-parser@20.2.9 OK for: meow@9.0.0 want: ^20.2.3
3541 silly fetch manifest camelcase@^5.3.1
3542 silly packumentCache full:https://registry.npmmirror.com/camelcase cache-hit
3543 silly fetch manifest map-obj@^4.0.0
3544 silly packumentCache full:https://registry.npmmirror.com/map-obj cache-miss
3545 silly fetch manifest quick-lru@^4.0.1
3546 silly packumentCache full:https://registry.npmmirror.com/quick-lru cache-miss
3547 silly fetch manifest map-obj@^1.0.0
3548 silly packumentCache full:https://registry.npmmirror.com/map-obj cache-miss
3549 silly fetch manifest arrify@^1.0.1
3550 silly packumentCache full:https://registry.npmmirror.com/arrify cache-miss
3551 silly fetch manifest is-plain-obj@^1.1.0
3552 silly packumentCache full:https://registry.npmmirror.com/is-plain-obj cache-miss
3553 silly fetch manifest kind-of@^6.0.3
3554 silly packumentCache full:https://registry.npmmirror.com/kind-of cache-miss
3555 silly fetch manifest hosted-git-info@^4.0.1
3556 silly packumentCache full:https://registry.npmmirror.com/hosted-git-info cache-miss
3557 silly fetch manifest is-core-module@^2.5.0
3558 silly packumentCache full:https://registry.npmmirror.com/is-core-module cache-miss
3559 silly fetch manifest validate-npm-package-license@^3.0.1
3560 silly packumentCache full:https://registry.npmmirror.com/validate-npm-package-license cache-miss
3561 silly fetch manifest find-up@^4.1.0
3562 silly packumentCache full:https://registry.npmmirror.com/find-up cache-miss
3563 silly fetch manifest read-pkg@^5.2.0
3564 silly packumentCache full:https://registry.npmmirror.com/read-pkg cache-miss
3565 silly fetch manifest type-fest@^0.8.1
3566 silly packumentCache full:https://registry.npmmirror.com/type-fest cache-hit
3567 silly fetch manifest indent-string@^4.0.0
3568 silly packumentCache full:https://registry.npmmirror.com/indent-string cache-miss
3569 silly fetch manifest strip-indent@^3.0.0
3570 silly packumentCache full:https://registry.npmmirror.com/strip-indent cache-miss
3571 http fetch GET 200 https://registry.npmmirror.com/quick-lru 67ms (cache revalidated)
3572 silly packumentCache full:https://registry.npmmirror.com/quick-lru set size:45184 disposed:false
3573 http fetch GET 200 https://registry.npmmirror.com/map-obj 76ms (cache revalidated)
3574 silly packumentCache full:https://registry.npmmirror.com/map-obj set size:28396 disposed:false
3575 http fetch GET 200 https://registry.npmmirror.com/arrify 76ms (cache revalidated)
3576 silly packumentCache full:https://registry.npmmirror.com/arrify set size:8781 disposed:false
3577 http fetch GET 200 https://registry.npmmirror.com/hosted-git-info 76ms (cache revalidated)
3578 silly packumentCache full:https://registry.npmmirror.com/hosted-git-info set size:152081 disposed:false
3579 http fetch GET 200 https://registry.npmmirror.com/kind-of 78ms (cache revalidated)
3580 silly packumentCache full:https://registry.npmmirror.com/kind-of set size:69609 disposed:false
3581 http fetch GET 200 https://registry.npmmirror.com/map-obj 83ms (cache revalidated)
3582 silly packumentCache full:https://registry.npmmirror.com/map-obj set size:28396 disposed:false
3583 silly packumentCache full:https://registry.npmmirror.com/map-obj dispose
3584 http fetch GET 200 https://registry.npmmirror.com/find-up 86ms (cache revalidated)
3585 silly packumentCache full:https://registry.npmmirror.com/find-up set size:36584 disposed:false
3586 http fetch GET 200 https://registry.npmmirror.com/is-plain-obj 87ms (cache revalidated)
3587 silly packumentCache full:https://registry.npmmirror.com/is-plain-obj set size:13983 disposed:false
3588 http fetch GET 200 https://registry.npmmirror.com/indent-string 87ms (cache revalidated)
3589 silly packumentCache full:https://registry.npmmirror.com/indent-string set size:26430 disposed:false
3590 http fetch GET 200 https://registry.npmmirror.com/validate-npm-package-license 89ms (cache revalidated)
3591 silly packumentCache full:https://registry.npmmirror.com/validate-npm-package-license set size:20535 disposed:false
3592 http fetch GET 200 https://registry.npmmirror.com/strip-indent 89ms (cache revalidated)
3593 silly packumentCache full:https://registry.npmmirror.com/strip-indent set size:20078 disposed:false
3594 http fetch GET 200 https://registry.npmmirror.com/is-core-module 91ms (cache revalidated)
3595 silly packumentCache full:https://registry.npmmirror.com/is-core-module set size:66005 disposed:false
3596 http fetch GET 200 https://registry.npmmirror.com/read-pkg 98ms (cache revalidated)
3597 silly packumentCache full:https://registry.npmmirror.com/read-pkg set size:35478 disposed:false
3598 silly placeDep node_modules/camelcase-keys camelcase@5.3.1 OK for: camelcase-keys@6.2.2 want: ^5.3.1
3599 silly placeDep ROOT map-obj@4.3.0 OK for: camelcase-keys@6.2.2 want: ^4.0.0
3600 silly placeDep ROOT quick-lru@4.0.1 OK for: camelcase-keys@6.2.2 want: ^4.0.1
3601 silly placeDep node_modules/decamelize-keys map-obj@1.0.1 OK for: decamelize-keys@1.1.1 want: ^1.0.0
3602 silly placeDep ROOT micromark-util-character@2.1.1 OK for: micromark-util-sanitize-uri@2.0.1 want: ^2.0.0
3603 silly placeDep ROOT micromark-util-encode@2.0.1 OK for: micromark-util-sanitize-uri@2.0.1 want: ^2.0.0
3604 silly placeDep ROOT micromark-util-symbol@2.0.1 OK for: micromark-util-sanitize-uri@2.0.1 want: ^2.0.0
3605 silly fetch manifest micromark-util-types@^2.0.0
3606 silly packumentCache full:https://registry.npmmirror.com/micromark-util-types cache-miss
3607 http fetch GET 200 https://registry.npmmirror.com/micromark-util-types 41ms (cache revalidated)
3608 silly packumentCache full:https://registry.npmmirror.com/micromark-util-types set size:27151 disposed:false
3609 silly placeDep ROOT micromark-util-types@2.0.2 OK for: micromark-util-character@2.1.1 want: ^2.0.0
3610 silly placeDep ROOT braces@3.0.3 OK for: micromatch@4.0.8 want: ^3.0.3
3611 silly placeDep node_modules/micromatch picomatch@2.3.1 OK for: micromatch@4.0.8 want: ^2.3.1
3612 silly fetch manifest fill-range@^7.1.1
3613 silly packumentCache full:https://registry.npmmirror.com/fill-range cache-miss
3614 http fetch GET 200 https://registry.npmmirror.com/fill-range 45ms (cache revalidated)
3615 silly packumentCache full:https://registry.npmmirror.com/fill-range set size:79685 disposed:false
3616 silly placeDep ROOT fill-range@7.1.1 OK for: braces@3.0.3 want: ^7.1.1
3617 silly fetch manifest to-regex-range@^5.0.1
3618 silly packumentCache full:https://registry.npmmirror.com/to-regex-range cache-miss
3619 http fetch GET 200 https://registry.npmmirror.com/to-regex-range 40ms (cache revalidated)
3620 silly packumentCache full:https://registry.npmmirror.com/to-regex-range set size:55700 disposed:false
3621 silly placeDep ROOT to-regex-range@5.0.1 OK for: fill-range@7.1.1 want: ^5.0.1
3622 silly fetch manifest is-number@^7.0.0
3623 silly packumentCache full:https://registry.npmmirror.com/is-number cache-miss
3624 http fetch GET 200 https://registry.npmmirror.com/is-number 38ms (cache revalidated)
3625 silly packumentCache full:https://registry.npmmirror.com/is-number set size:35937 disposed:false
3626 silly placeDep ROOT mime-db@1.52.0 OK for: mime-types@2.1.35 want: 1.52.0
3627 silly placeDep ROOT arrify@1.0.1 OK for: minimist-options@4.1.0 want: ^1.0.1
3628 silly placeDep ROOT is-plain-obj@1.1.0 OK for: minimist-options@4.1.0 want: ^1.1.0
3629 silly placeDep ROOT kind-of@6.0.3 OK for: minimist-options@4.1.0 want: ^6.0.3
3630 silly placeDep node_modules/mlly pathe@2.0.3 OK for: mlly@1.8.0 want: ^2.0.3
3631 silly placeDep ROOT ufo@1.6.1 OK for: mlly@1.8.0 want: ^1.6.1
3632 silly placeDep ROOT he@1.2.0 OK for: node-html-parser@7.0.1 want: 1.2.0
3633 silly placeDep ROOT hosted-git-info@4.1.0 OK for: normalize-package-data@3.0.3 want: ^4.0.1
3634 silly placeDep ROOT is-core-module@2.16.1 OK for: normalize-package-data@3.0.3 want: ^2.5.0
3635 silly placeDep ROOT validate-npm-package-license@3.0.4 OK for: normalize-package-data@3.0.3 want: ^3.0.1
3636 silly fetch manifest lru-cache@^6.0.0
3637 silly packumentCache full:https://registry.npmmirror.com/lru-cache cache-hit
3638 silly fetch manifest spdx-correct@^3.0.0
3639 silly packumentCache full:https://registry.npmmirror.com/spdx-correct cache-miss
3640 silly fetch manifest spdx-expression-parse@^3.0.0
3641 silly packumentCache full:https://registry.npmmirror.com/spdx-expression-parse cache-miss
3642 http fetch GET 200 https://registry.npmmirror.com/spdx-correct 44ms (cache revalidated)
3643 silly packumentCache full:https://registry.npmmirror.com/spdx-correct set size:34411 disposed:false
3644 http fetch GET 200 https://registry.npmmirror.com/spdx-expression-parse 53ms (cache revalidated)
3645 silly packumentCache full:https://registry.npmmirror.com/spdx-expression-parse set size:28955 disposed:false
3646 silly placeDep ROOT lru-cache@6.0.0 OK for: hosted-git-info@4.1.0 want: ^6.0.0
3647 silly placeDep ROOT yallist@4.0.0 OK for: lru-cache@6.0.0 want: ^4.0.0
3648 silly placeDep ROOT yocto-queue@1.2.2 OK for: p-limit@6.2.0 want: ^1.1.1
3649 silly placeDep ROOT eventemitter3@5.0.1 OK for: p-queue@8.1.1 want: ^5.0.1
3650 silly placeDep ROOT p-timeout@6.1.4 OK for: p-queue@8.1.1 want: ^6.1.2
3651 silly placeDep ROOT @pagefind/darwin-arm64@1.4.0 OK for: pagefind@1.4.0 want: 1.4.0
3652 silly placeDep ROOT @pagefind/darwin-x64@1.4.0 OK for: pagefind@1.4.0 want: 1.4.0
3653 silly placeDep ROOT @pagefind/freebsd-x64@1.4.0 OK for: pagefind@1.4.0 want: 1.4.0
3654 silly placeDep ROOT @pagefind/linux-arm64@1.4.0 OK for: pagefind@1.4.0 want: 1.4.0
3655 silly placeDep ROOT @pagefind/linux-x64@1.4.0 OK for: pagefind@1.4.0 want: 1.4.0
3656 silly placeDep ROOT @pagefind/windows-x64@1.4.0 OK for: pagefind@1.4.0 want: 1.4.0
3657 silly placeDep node_modules/parse5 entities@6.0.1 OK for: parse5@7.3.0 want: ^6.0.0
3658 silly placeDep ROOT confbox@0.1.8 OK for: pkg-types@1.3.1 want: ^0.1.8
3659 silly placeDep node_modules/pkg-types pathe@2.0.3 OK for: pkg-types@1.3.1 want: ^2.0.1
3660 silly placeDep ROOT nanoid@3.3.11 OK for: postcss@8.5.6 want: ^3.3.11
3661 silly placeDep ROOT read-cache@1.0.0 OK for: postcss-import@16.1.1 want: ^1.0.0
3662 silly placeDep ROOT resolve@1.22.11 OK for: postcss-import@16.1.1 want: ^1.1.7
3663 silly fetch manifest pify@^2.3.0
3664 silly packumentCache full:https://registry.npmmirror.com/pify cache-miss
3665 silly fetch manifest path-parse@^1.0.7
3666 silly packumentCache full:https://registry.npmmirror.com/path-parse cache-miss
3667 silly fetch manifest supports-preserve-symlinks-flag@^1.0.0
3668 silly packumentCache full:https://registry.npmmirror.com/supports-preserve-symlinks-flag cache-miss
3669 http fetch GET 200 https://registry.npmmirror.com/pify 45ms (cache revalidated)
3670 silly packumentCache full:https://registry.npmmirror.com/pify set size:29706 disposed:false
3671 http fetch GET 200 https://registry.npmmirror.com/path-parse 53ms (cache revalidated)
3672 silly packumentCache full:https://registry.npmmirror.com/path-parse set size:12468 disposed:false
3673 http fetch GET 200 https://registry.npmmirror.com/supports-preserve-symlinks-flag 54ms (cache revalidated)
3674 silly packumentCache full:https://registry.npmmirror.com/supports-preserve-symlinks-flag set size:6704 disposed:false
3675 silly placeDep ROOT lilconfig@3.1.3 OK for: postcss-load-config@4.0.2 want: ^3.0.0
3676 silly placeDep node_modules/postcss-nested postcss-selector-parser@6.1.2 OK for: postcss-nested@6.2.0 want: ^6.1.1
3677 silly placeDep ROOT util-deprecate@1.0.2 OK for: postcss-selector-parser@7.1.0 want: ^1.0.2
3678 silly placeDep node_modules/prompts kleur@3.0.3 OK for: prompts@2.4.2 want: ^3.0.3
3679 silly placeDep ROOT sisteransi@1.0.5 OK for: prompts@2.4.2 want: ^1.0.5
3680 silly placeDep ROOT end-of-stream@1.4.5 OK for: pump@3.0.3 want: ^1.1.0
3681 silly placeDep ROOT once@1.4.0 OK for: pump@3.0.3 want: ^1.3.1
3682 silly fetch manifest once@^1.4.0
3683 silly packumentCache full:https://registry.npmmirror.com/once cache-hit
3684 silly fetch manifest wrappy@1
3685 silly packumentCache full:https://registry.npmmirror.com/wrappy cache-miss
3686 http fetch GET 200 https://registry.npmmirror.com/wrappy 37ms (cache revalidated)
3687 silly packumentCache full:https://registry.npmmirror.com/wrappy set size:6604 disposed:false
3688 silly placeDep ROOT wrappy@1.0.2 OK for: once@1.4.0 want: 1
3689 silly placeDep ROOT pify@2.3.0 OK for: read-cache@1.0.0 want: ^2.3.0
3690 silly placeDep ROOT find-up@4.1.0 OK for: read-pkg-up@7.0.1 want: ^4.1.0
3691 silly placeDep ROOT read-pkg@5.2.0 OK for: read-pkg-up@7.0.1 want: ^5.2.0
3692 silly placeDep node_modules/read-pkg-up type-fest@0.8.1 OK for: read-pkg-up@7.0.1 want: ^0.8.1
3693 silly fetch manifest locate-path@^5.0.0
3694 silly packumentCache full:https://registry.npmmirror.com/locate-path cache-miss
3695 silly fetch manifest path-exists@^4.0.0
3696 silly packumentCache full:https://registry.npmmirror.com/path-exists cache-miss
3697 silly fetch manifest @types/normalize-package-data@^2.4.0
3698 silly packumentCache full:https://registry.npmmirror.com/@types%2fnormalize-package-data cache-miss
3699 silly fetch manifest normalize-package-data@^2.5.0
3700 silly packumentCache full:https://registry.npmmirror.com/normalize-package-data cache-hit
3701 silly fetch manifest parse-json@^5.0.0
3702 silly packumentCache full:https://registry.npmmirror.com/parse-json cache-miss
3703 silly fetch manifest type-fest@^0.6.0
3704 silly packumentCache full:https://registry.npmmirror.com/type-fest cache-hit
3705 http fetch GET 200 https://registry.npmmirror.com/path-exists 64ms (cache revalidated)
3706 silly packumentCache full:https://registry.npmmirror.com/path-exists set size:11480 disposed:false
3707 http fetch GET 200 https://registry.npmmirror.com/@types%2fnormalize-package-data 65ms (cache revalidated)
3708 silly packumentCache full:https://registry.npmmirror.com/@types%2fnormalize-package-data set size:11676 disposed:false
3709 http fetch GET 200 https://registry.npmmirror.com/locate-path 66ms (cache revalidated)
3710 silly packumentCache full:https://registry.npmmirror.com/locate-path set size:26579 disposed:false
3711 http fetch GET 200 https://registry.npmmirror.com/parse-json 65ms (cache revalidated)
3712 silly packumentCache full:https://registry.npmmirror.com/parse-json set size:44937 disposed:false
3713 silly placeDep ROOT locate-path@5.0.0 OK for: find-up@4.1.0 want: ^5.0.0
3714 silly placeDep ROOT path-exists@4.0.0 OK for: find-up@4.1.0 want: ^4.0.0
3715 silly fetch manifest p-locate@^4.1.0
3716 silly packumentCache full:https://registry.npmmirror.com/p-locate cache-miss
3717 http fetch GET 200 https://registry.npmmirror.com/p-locate 48ms (cache revalidated)
3718 silly packumentCache full:https://registry.npmmirror.com/p-locate set size:15864 disposed:false
3719 silly placeDep ROOT p-locate@4.1.0 OK for: locate-path@5.0.0 want: ^4.1.0
3720 silly fetch manifest p-limit@^2.2.0
3721 silly packumentCache full:https://registry.npmmirror.com/p-limit cache-hit
3722 silly placeDep node_modules/p-locate p-limit@2.3.0 OK for: p-locate@4.1.0 want: ^2.2.0
3723 silly fetch manifest p-try@^2.0.0
3724 silly packumentCache full:https://registry.npmmirror.com/p-try cache-miss
3725 http fetch GET 200 https://registry.npmmirror.com/p-try 82ms (cache revalidated)
3726 silly packumentCache full:https://registry.npmmirror.com/p-try set size:10033 disposed:false
3727 silly placeDep ROOT @types/normalize-package-data@2.4.4 OK for: read-pkg@5.2.0 want: ^2.4.0
3728 silly placeDep node_modules/read-pkg normalize-package-data@2.5.0 OK for: read-pkg@5.2.0 want: ^2.5.0
3729 silly placeDep ROOT parse-json@5.2.0 OK for: read-pkg@5.2.0 want: ^5.0.0
3730 silly placeDep node_modules/read-pkg type-fest@0.6.0 OK for: read-pkg@5.2.0 want: ^0.6.0
3731 silly fetch manifest hosted-git-info@^2.1.4
3732 silly packumentCache full:https://registry.npmmirror.com/hosted-git-info cache-hit
3733 silly fetch manifest semver@2 || 3 || 4 || 5
3734 silly packumentCache full:https://registry.npmmirror.com/semver cache-hit
3735 silly fetch manifest error-ex@^1.3.1
3736 silly packumentCache full:https://registry.npmmirror.com/error-ex cache-miss
3737 silly fetch manifest json-parse-even-better-errors@^2.3.0
3738 silly packumentCache full:https://registry.npmmirror.com/json-parse-even-better-errors cache-miss
3739 silly fetch manifest lines-and-columns@^1.1.6
3740 silly packumentCache full:https://registry.npmmirror.com/lines-and-columns cache-miss
3741 http fetch GET 200 https://registry.npmmirror.com/error-ex 51ms (cache revalidated)
3742 silly packumentCache full:https://registry.npmmirror.com/error-ex set size:30632 disposed:false
3743 http fetch GET 200 https://registry.npmmirror.com/lines-and-columns 53ms (cache revalidated)
3744 silly packumentCache full:https://registry.npmmirror.com/lines-and-columns set size:70564 disposed:false
3745 http fetch GET 200 https://registry.npmmirror.com/json-parse-even-better-errors 58ms (cache revalidated)
3746 silly packumentCache full:https://registry.npmmirror.com/json-parse-even-better-errors set size:28531 disposed:false
3747 silly placeDep ROOT error-ex@1.3.4 OK for: parse-json@5.2.0 want: ^1.3.1
3748 silly placeDep ROOT json-parse-even-better-errors@2.3.1 OK for: parse-json@5.2.0 want: ^2.3.0
3749 silly placeDep ROOT lines-and-columns@1.2.4 OK for: parse-json@5.2.0 want: ^1.1.6
3750 silly fetch manifest is-arrayish@^0.2.1
3751 silly packumentCache full:https://registry.npmmirror.com/is-arrayish cache-miss
3752 http fetch GET 200 https://registry.npmmirror.com/is-arrayish 47ms (cache revalidated)
3753 silly packumentCache full:https://registry.npmmirror.com/is-arrayish set size:14409 disposed:false
3754 silly placeDep ROOT is-arrayish@0.2.1 OK for: error-ex@1.3.4 want: ^0.2.1
3755 silly placeDep ROOT core-util-is@1.0.3 OK for: readable-stream@2.3.8 want: ~1.0.0
3756 silly placeDep ROOT isarray@1.0.0 OK for: readable-stream@2.3.8 want: ~1.0.0
3757 silly placeDep ROOT process-nextick-args@2.0.1 OK for: readable-stream@2.3.8 want: ~2.0.0
3758 silly placeDep ROOT safe-buffer@5.1.2 OK for: readable-stream@2.3.8 want: ~5.1.1
3759 silly placeDep ROOT string_decoder@1.1.1 OK for: readable-stream@2.3.8 want: ~1.1.1
3760 silly placeDep ROOT indent-string@4.0.0 OK for: redent@3.0.0 want: ^4.0.0
3761 silly placeDep ROOT strip-indent@3.0.0 OK for: redent@3.0.0 want: ^3.0.0
3762 silly fetch manifest min-indent@^1.0.0
3763 silly packumentCache full:https://registry.npmmirror.com/min-indent cache-miss
3764 http fetch GET 200 https://registry.npmmirror.com/min-indent 45ms (cache revalidated)
3765 silly packumentCache full:https://registry.npmmirror.com/min-indent set size:4999 disposed:false
3766 silly placeDep ROOT rehype-parse@9.0.1 OK for: rehype@13.0.2 want: ^9.0.0
3767 silly placeDep ROOT rehype-stringify@10.0.1 OK for: rehype@13.0.2 want: ^10.0.0
3768 silly placeDep ROOT unified@11.0.5 OK for: rehype@13.0.2 want: ^11.0.0
3769 silly fetch manifest hast-util-from-html@^2.0.0
3770 silly packumentCache full:https://registry.npmmirror.com/hast-util-from-html cache-miss
3771 silly fetch manifest bail@^2.0.0
3772 silly packumentCache full:https://registry.npmmirror.com/bail cache-miss
3773 silly fetch manifest extend@^3.0.0
3774 silly packumentCache full:https://registry.npmmirror.com/extend cache-miss
3775 silly fetch manifest is-plain-obj@^4.0.0
3776 silly packumentCache full:https://registry.npmmirror.com/is-plain-obj cache-hit
3777 silly fetch manifest trough@^2.0.0
3778 silly packumentCache full:https://registry.npmmirror.com/trough cache-miss
3779 http fetch GET 200 https://registry.npmmirror.com/bail 52ms (cache revalidated)
3780 silly packumentCache full:https://registry.npmmirror.com/bail set size:24648 disposed:false
3781 http fetch GET 200 https://registry.npmmirror.com/trough 58ms (cache revalidated)
3782 silly packumentCache full:https://registry.npmmirror.com/trough set size:39902 disposed:false
3783 http fetch GET 200 https://registry.npmmirror.com/extend 60ms (cache revalidated)
3784 silly packumentCache full:https://registry.npmmirror.com/extend set size:22892 disposed:false
3785 http fetch GET 200 https://registry.npmmirror.com/hast-util-from-html 68ms (cache revalidated)
3786 silly packumentCache full:https://registry.npmmirror.com/hast-util-from-html set size:58693 disposed:false
3787 silly placeDep ROOT hast-util-heading-rank@3.0.0 OK for: rehype-autolink-headings@7.1.0 want: ^3.0.0
3788 silly placeDep ROOT expressive-code@0.41.3 OK for: rehype-expressive-code@0.41.3 want: ^0.41.3
3789 silly fetch manifest @expressive-code/plugin-frames@^0.41.3
3790 silly packumentCache full:https://registry.npmmirror.com/@expressive-code%2fplugin-frames cache-miss
3791 silly fetch manifest @expressive-code/plugin-shiki@^0.41.3
3792 silly packumentCache full:https://registry.npmmirror.com/@expressive-code%2fplugin-shiki cache-miss
3793 silly fetch manifest @expressive-code/plugin-text-markers@^0.41.3
3794 silly packumentCache full:https://registry.npmmirror.com/@expressive-code%2fplugin-text-markers cache-miss
3795 http fetch GET 200 https://registry.npmmirror.com/@expressive-code%2fplugin-text-markers 80ms (cache revalidated)
3796 silly packumentCache full:https://registry.npmmirror.com/@expressive-code%2fplugin-text-markers set size:216356 disposed:false
3797 http fetch GET 200 https://registry.npmmirror.com/@expressive-code%2fplugin-shiki 113ms (cache revalidated)
3798 silly packumentCache full:https://registry.npmmirror.com/@expressive-code%2fplugin-shiki set size:202065 disposed:false
3799 http fetch GET 200 https://registry.npmmirror.com/@expressive-code%2fplugin-frames 122ms (cache revalidated)
3800 silly packumentCache full:https://registry.npmmirror.com/@expressive-code%2fplugin-frames set size:220946 disposed:false
3801 silly placeDep ROOT @expressive-code/plugin-frames@0.41.3 OK for: expressive-code@0.41.3 want: ^0.41.3
3802 silly placeDep ROOT @expressive-code/plugin-shiki@0.41.3 OK for: expressive-code@0.41.3 want: ^0.41.3
3803 silly placeDep ROOT @expressive-code/plugin-text-markers@0.41.3 OK for: expressive-code@0.41.3 want: ^0.41.3
3804 silly placeDep ROOT @types/katex@0.16.7 OK for: rehype-katex@7.0.1 want: ^0.16.0
3805 silly placeDep ROOT hast-util-from-html-isomorphic@2.0.0 OK for: rehype-katex@7.0.1 want: ^2.0.0
3806 silly fetch manifest hast-util-from-dom@^5.0.0
3807 silly packumentCache full:https://registry.npmmirror.com/hast-util-from-dom cache-miss
3808 silly fetch manifest unist-util-remove-position@^5.0.0
3809 silly packumentCache full:https://registry.npmmirror.com/unist-util-remove-position cache-miss
3810 http fetch GET 200 https://registry.npmmirror.com/unist-util-remove-position 45ms (cache revalidated)
3811 silly packumentCache full:https://registry.npmmirror.com/unist-util-remove-position set size:44902 disposed:false
3812 http fetch GET 200 https://registry.npmmirror.com/hast-util-from-dom 62ms (cache revalidated)
3813 silly packumentCache full:https://registry.npmmirror.com/hast-util-from-dom set size:50799 disposed:false
3814 silly placeDep ROOT hast-util-from-dom@5.0.1 OK for: hast-util-from-html-isomorphic@2.0.0 want: ^5.0.0
3815 silly placeDep ROOT hast-util-from-html@2.0.3 OK for: hast-util-from-html-isomorphic@2.0.0 want: ^2.0.0
3816 silly placeDep ROOT unist-util-remove-position@5.0.0 OK for: hast-util-from-html-isomorphic@2.0.0 want: ^5.0.0
3817 silly fetch manifest web-namespaces@^2.0.0
3818 silly packumentCache full:https://registry.npmmirror.com/web-namespaces cache-miss
3819 silly fetch manifest hast-util-from-parse5@^8.0.0
3820 silly packumentCache full:https://registry.npmmirror.com/hast-util-from-parse5 cache-miss
3821 http fetch GET 200 https://registry.npmmirror.com/hast-util-from-parse5 67ms (cache revalidated)
3822 silly packumentCache full:https://registry.npmmirror.com/hast-util-from-parse5 set size:79697 disposed:false
3823 http fetch GET 200 https://registry.npmmirror.com/web-namespaces 121ms (cache revalidated)
3824 silly packumentCache full:https://registry.npmmirror.com/web-namespaces set size:24773 disposed:false
3825 silly placeDep ROOT web-namespaces@2.0.1 OK for: hast-util-from-dom@5.0.1 want: ^2.0.0
3826 silly placeDep ROOT hast-util-from-parse5@8.0.3 OK for: hast-util-from-html@2.0.3 want: ^8.0.0
3827 silly placeDep ROOT vfile-message@4.0.3 OK for: hast-util-from-html@2.0.3 want: ^4.0.0
3828 silly fetch manifest vfile-location@^5.0.0
3829 silly packumentCache full:https://registry.npmmirror.com/vfile-location cache-miss
3830 silly fetch manifest unist-util-stringify-position@^4.0.0
3831 silly packumentCache full:https://registry.npmmirror.com/unist-util-stringify-position cache-miss
3832 http fetch GET 200 https://registry.npmmirror.com/unist-util-stringify-position 43ms (cache revalidated)
3833 silly packumentCache full:https://registry.npmmirror.com/unist-util-stringify-position set size:46719 disposed:false
3834 http fetch GET 200 https://registry.npmmirror.com/vfile-location 49ms (cache revalidated)
3835 silly packumentCache full:https://registry.npmmirror.com/vfile-location set size:56204 disposed:false
3836 silly placeDep ROOT vfile-location@5.0.3 OK for: hast-util-from-parse5@8.0.3 want: ^5.0.0
3837 silly placeDep ROOT mdast-util-directive@3.1.0 OK for: remark-directive@3.0.1 want: ^3.0.0
3838 silly placeDep ROOT micromark-extension-directive@3.0.2 OK for: remark-directive@3.0.1 want: ^3.0.0
3839 silly fetch manifest mdast-util-from-markdown@^2.0.0
3840 silly packumentCache full:https://registry.npmmirror.com/mdast-util-from-markdown cache-miss
3841 silly fetch manifest mdast-util-to-markdown@^2.0.0
3842 silly packumentCache full:https://registry.npmmirror.com/mdast-util-to-markdown cache-miss
3843 silly fetch manifest parse-entities@^4.0.0
3844 silly packumentCache full:https://registry.npmmirror.com/parse-entities cache-miss
3845 silly fetch manifest micromark-factory-space@^2.0.0
3846 silly packumentCache full:https://registry.npmmirror.com/micromark-factory-space cache-miss
3847 silly fetch manifest micromark-factory-whitespace@^2.0.0
3848 silly packumentCache full:https://registry.npmmirror.com/micromark-factory-whitespace cache-miss
3849 silly fetch manifest parse-entities@^4.0.0
3850 silly packumentCache full:https://registry.npmmirror.com/parse-entities cache-miss
3851 http fetch GET 200 https://registry.npmmirror.com/parse-entities 70ms (cache revalidated)
3852 silly packumentCache full:https://registry.npmmirror.com/parse-entities set size:52790 disposed:false
3853 http fetch GET 200 https://registry.npmmirror.com/mdast-util-from-markdown 72ms (cache revalidated)
3854 silly packumentCache full:https://registry.npmmirror.com/mdast-util-from-markdown set size:128635 disposed:false
3855 http fetch GET 200 https://registry.npmmirror.com/mdast-util-to-markdown 78ms (cache revalidated)
3856 silly packumentCache full:https://registry.npmmirror.com/mdast-util-to-markdown set size:151293 disposed:false
3857 http fetch GET 200 https://registry.npmmirror.com/parse-entities 85ms (cache revalidated)
3858 silly packumentCache full:https://registry.npmmirror.com/parse-entities set size:52790 disposed:false
3859 silly packumentCache full:https://registry.npmmirror.com/parse-entities dispose
3860 http fetch GET 200 https://registry.npmmirror.com/micromark-factory-whitespace 86ms (cache revalidated)
3861 silly packumentCache full:https://registry.npmmirror.com/micromark-factory-whitespace set size:24502 disposed:false
3862 http fetch GET 200 https://registry.npmmirror.com/micromark-factory-space 88ms (cache revalidated)
3863 silly packumentCache full:https://registry.npmmirror.com/micromark-factory-space set size:23973 disposed:false
3864 silly placeDep ROOT mdast-util-from-markdown@2.0.2 OK for: mdast-util-directive@3.1.0 want: ^2.0.0
3865 silly placeDep ROOT mdast-util-to-markdown@2.1.2 OK for: mdast-util-directive@3.1.0 want: ^2.0.0
3866 silly placeDep ROOT parse-entities@4.0.2 OK for: mdast-util-directive@3.1.0 want: ^4.0.0
3867 silly fetch manifest decode-named-character-reference@^1.0.0
3868 silly packumentCache full:https://registry.npmmirror.com/decode-named-character-reference cache-miss
3869 silly fetch manifest micromark@^4.0.0
3870 silly packumentCache full:https://registry.npmmirror.com/micromark cache-miss
3871 silly fetch manifest micromark-util-decode-numeric-character-reference@^2.0.0
3872 silly packumentCache full:https://registry.npmmirror.com/micromark-util-decode-numeric-character-reference cache-miss
3873 silly fetch manifest micromark-util-decode-string@^2.0.0
3874 silly packumentCache full:https://registry.npmmirror.com/micromark-util-decode-string cache-miss
3875 silly fetch manifest micromark-util-normalize-identifier@^2.0.0
3876 silly packumentCache full:https://registry.npmmirror.com/micromark-util-normalize-identifier cache-miss
3877 silly fetch manifest longest-streak@^3.0.0
3878 silly packumentCache full:https://registry.npmmirror.com/longest-streak cache-miss
3879 silly fetch manifest mdast-util-phrasing@^4.0.0
3880 silly packumentCache full:https://registry.npmmirror.com/mdast-util-phrasing cache-miss
3881 silly fetch manifest micromark-util-classify-character@^2.0.0
3882 silly packumentCache full:https://registry.npmmirror.com/micromark-util-classify-character cache-miss
3883 silly fetch manifest micromark-util-decode-string@^2.0.0
3884 silly packumentCache full:https://registry.npmmirror.com/micromark-util-decode-string cache-miss
3885 silly fetch manifest @types/unist@^2.0.0
3886 silly packumentCache full:https://registry.npmmirror.com/@types%2funist cache-hit
3887 silly fetch manifest character-reference-invalid@^2.0.0
3888 silly packumentCache full:https://registry.npmmirror.com/character-reference-invalid cache-miss
3889 silly fetch manifest decode-named-character-reference@^1.0.0
3890 silly packumentCache full:https://registry.npmmirror.com/decode-named-character-reference cache-miss
3891 silly fetch manifest is-alphanumerical@^2.0.0
3892 silly packumentCache full:https://registry.npmmirror.com/is-alphanumerical cache-miss
3893 silly fetch manifest is-decimal@^2.0.0
3894 silly packumentCache full:https://registry.npmmirror.com/is-decimal cache-miss
3895 silly fetch manifest is-hexadecimal@^2.0.0
3896 silly packumentCache full:https://registry.npmmirror.com/is-hexadecimal cache-miss
3897 http fetch GET 200 https://registry.npmmirror.com/micromark 74ms (cache revalidated)
3898 silly packumentCache full:https://registry.npmmirror.com/micromark set size:188141 disposed:false
3899 http fetch GET 200 https://registry.npmmirror.com/is-alphanumerical 146ms (cache revalidated)
3900 silly packumentCache full:https://registry.npmmirror.com/is-alphanumerical set size:22608 disposed:false
3901 http fetch GET 200 https://registry.npmmirror.com/is-hexadecimal 148ms (cache revalidated)
3902 silly packumentCache full:https://registry.npmmirror.com/is-hexadecimal set size:21647 disposed:false
3903 http fetch GET 200 https://registry.npmmirror.com/is-decimal 149ms (cache revalidated)
3904 silly packumentCache full:https://registry.npmmirror.com/is-decimal set size:21006 disposed:false
3905 http fetch GET 200 https://registry.npmmirror.com/character-reference-invalid 150ms (cache revalidated)
3906 silly packumentCache full:https://registry.npmmirror.com/character-reference-invalid set size:29856 disposed:false
3907 http fetch GET 200 https://registry.npmmirror.com/longest-streak 151ms (cache revalidated)
3908 silly packumentCache full:https://registry.npmmirror.com/longest-streak set size:27287 disposed:false
3909 http fetch GET 200 https://registry.npmmirror.com/micromark-util-decode-string 156ms (cache revalidated)
3910 silly packumentCache full:https://registry.npmmirror.com/micromark-util-decode-string set size:20593 disposed:false
3911 http fetch GET 200 https://registry.npmmirror.com/micromark-util-decode-string 157ms (cache revalidated)
3912 silly packumentCache full:https://registry.npmmirror.com/micromark-util-decode-string set size:20593 disposed:false
3913 silly packumentCache full:https://registry.npmmirror.com/micromark-util-decode-string dispose
3914 http fetch GET 200 https://registry.npmmirror.com/micromark-util-classify-character 158ms (cache revalidated)
3915 silly packumentCache full:https://registry.npmmirror.com/micromark-util-classify-character set size:24663 disposed:false
3916 http fetch GET 200 https://registry.npmmirror.com/micromark-util-decode-numeric-character-reference 158ms (cache revalidated)
3917 silly packumentCache full:https://registry.npmmirror.com/micromark-util-decode-numeric-character-reference set size:20284 disposed:false
3918 http fetch GET 200 https://registry.npmmirror.com/micromark-util-normalize-identifier 163ms (cache revalidated)
3919 silly packumentCache full:https://registry.npmmirror.com/micromark-util-normalize-identifier set size:24104 disposed:false
3920 http fetch GET 200 https://registry.npmmirror.com/decode-named-character-reference 165ms (cache revalidated)
3921 silly packumentCache full:https://registry.npmmirror.com/decode-named-character-reference set size:22128 disposed:false
3922 http fetch GET 200 https://registry.npmmirror.com/decode-named-character-reference 164ms (cache revalidated)
3923 silly packumentCache full:https://registry.npmmirror.com/decode-named-character-reference set size:22128 disposed:false
3924 silly packumentCache full:https://registry.npmmirror.com/decode-named-character-reference dispose
3925 http fetch GET 200 https://registry.npmmirror.com/mdast-util-phrasing 165ms (cache revalidated)
3926 silly packumentCache full:https://registry.npmmirror.com/mdast-util-phrasing set size:30639 disposed:false
3927 silly placeDep ROOT decode-named-character-reference@1.2.0 OK for: mdast-util-from-markdown@2.0.2 want: ^1.0.0
3928 silly placeDep ROOT micromark@4.0.2 OK for: mdast-util-from-markdown@2.0.2 want: ^4.0.0
3929 silly placeDep ROOT micromark-util-decode-numeric-character-reference@2.0.2 OK for: mdast-util-from-markdown@2.0.2 want: ^2.0.0
3930 silly placeDep ROOT micromark-util-decode-string@2.0.1 OK for: mdast-util-from-markdown@2.0.2 want: ^2.0.0
3931 silly placeDep ROOT micromark-util-normalize-identifier@2.0.1 OK for: mdast-util-from-markdown@2.0.2 want: ^2.0.0
3932 silly placeDep ROOT unist-util-stringify-position@4.0.0 OK for: mdast-util-from-markdown@2.0.2 want: ^4.0.0
3933 silly fetch manifest character-entities@^2.0.0
3934 silly packumentCache full:https://registry.npmmirror.com/character-entities cache-miss
3935 silly fetch manifest @types/debug@^4.0.0
3936 silly packumentCache full:https://registry.npmmirror.com/@types%2fdebug cache-miss
3937 silly fetch manifest micromark-core-commonmark@^2.0.0
3938 silly packumentCache full:https://registry.npmmirror.com/micromark-core-commonmark cache-miss
3939 silly fetch manifest micromark-util-chunked@^2.0.0
3940 silly packumentCache full:https://registry.npmmirror.com/micromark-util-chunked cache-miss
3941 silly fetch manifest micromark-util-combine-extensions@^2.0.0
3942 silly packumentCache full:https://registry.npmmirror.com/micromark-util-combine-extensions cache-miss
3943 silly fetch manifest micromark-util-resolve-all@^2.0.0
3944 silly packumentCache full:https://registry.npmmirror.com/micromark-util-resolve-all cache-miss
3945 silly fetch manifest micromark-util-subtokenize@^2.0.0
3946 silly packumentCache full:https://registry.npmmirror.com/micromark-util-subtokenize cache-miss
3947 http fetch GET 200 https://registry.npmmirror.com/character-entities 52ms (cache revalidated)
3948 silly packumentCache full:https://registry.npmmirror.com/character-entities set size:31573 disposed:false
3949 http fetch GET 200 https://registry.npmmirror.com/@types%2fdebug 57ms (cache revalidated)
3950 silly packumentCache full:https://registry.npmmirror.com/@types%2fdebug set size:45442 disposed:false
3951 http fetch GET 200 https://registry.npmmirror.com/micromark-util-subtokenize 63ms (cache revalidated)
3952 silly packumentCache full:https://registry.npmmirror.com/micromark-util-subtokenize set size:36633 disposed:false
3953 http fetch GET 200 https://registry.npmmirror.com/micromark-util-combine-extensions 65ms (cache revalidated)
3954 silly packumentCache full:https://registry.npmmirror.com/micromark-util-combine-extensions set size:23770 disposed:false
3955 http fetch GET 200 https://registry.npmmirror.com/micromark-util-chunked 66ms (cache revalidated)
3956 silly packumentCache full:https://registry.npmmirror.com/micromark-util-chunked set size:23622 disposed:false
3957 http fetch GET 200 https://registry.npmmirror.com/micromark-core-commonmark 69ms (cache revalidated)
3958 silly packumentCache full:https://registry.npmmirror.com/micromark-core-commonmark set size:50358 disposed:false
3959 http fetch GET 200 https://registry.npmmirror.com/micromark-util-resolve-all 84ms (cache revalidated)
3960 silly packumentCache full:https://registry.npmmirror.com/micromark-util-resolve-all set size:23454 disposed:false
3961 silly placeDep ROOT character-entities@2.0.2 OK for: decode-named-character-reference@1.2.0 want: ^2.0.0
3962 silly placeDep ROOT longest-streak@3.1.0 OK for: mdast-util-to-markdown@2.1.2 want: ^3.0.0
3963 silly placeDep ROOT mdast-util-phrasing@4.1.0 OK for: mdast-util-to-markdown@2.1.2 want: ^4.0.0
3964 silly placeDep ROOT micromark-util-classify-character@2.0.1 OK for: mdast-util-to-markdown@2.1.2 want: ^2.0.0
3965 silly placeDep ROOT unist-util-is@6.0.1 OK for: mdast-util-phrasing@4.1.0 want: ^6.0.0
3966 silly placeDep ROOT @types/debug@4.1.12 OK for: micromark@4.0.2 want: ^4.0.0
3967 silly placeDep ROOT micromark-core-commonmark@2.0.3 OK for: micromark@4.0.2 want: ^2.0.0
3968 silly placeDep ROOT micromark-factory-space@2.0.1 OK for: micromark@4.0.2 want: ^2.0.0
3969 silly placeDep ROOT micromark-util-chunked@2.0.1 OK for: micromark@4.0.2 want: ^2.0.0
3970 silly placeDep ROOT micromark-util-combine-extensions@2.0.1 OK for: micromark@4.0.2 want: ^2.0.0
3971 silly placeDep ROOT micromark-util-resolve-all@2.0.1 OK for: micromark@4.0.2 want: ^2.0.0
3972 silly placeDep ROOT micromark-util-subtokenize@2.1.0 OK for: micromark@4.0.2 want: ^2.0.0
3973 silly fetch manifest @types/ms@*
3974 silly packumentCache full:https://registry.npmmirror.com/@types%2fms cache-miss
3975 silly fetch manifest micromark-factory-destination@^2.0.0
3976 silly packumentCache full:https://registry.npmmirror.com/micromark-factory-destination cache-miss
3977 silly fetch manifest micromark-factory-label@^2.0.0
3978 silly packumentCache full:https://registry.npmmirror.com/micromark-factory-label cache-miss
3979 silly fetch manifest micromark-factory-title@^2.0.0
3980 silly packumentCache full:https://registry.npmmirror.com/micromark-factory-title cache-miss
3981 silly fetch manifest micromark-util-html-tag-name@^2.0.0
3982 silly packumentCache full:https://registry.npmmirror.com/micromark-util-html-tag-name cache-miss
3983 http fetch GET 200 https://registry.npmmirror.com/@types%2fms 60ms (cache revalidated)
3984 silly packumentCache full:https://registry.npmmirror.com/@types%2fms set size:25899 disposed:false
3985 http fetch GET 200 https://registry.npmmirror.com/micromark-factory-destination 61ms (cache revalidated)
3986 silly packumentCache full:https://registry.npmmirror.com/micromark-factory-destination set size:24696 disposed:false
3987 http fetch GET 200 https://registry.npmmirror.com/micromark-factory-label 64ms (cache revalidated)
3988 silly packumentCache full:https://registry.npmmirror.com/micromark-factory-label set size:28394 disposed:false
3989 http fetch GET 200 https://registry.npmmirror.com/micromark-factory-title 64ms (cache revalidated)
3990 silly packumentCache full:https://registry.npmmirror.com/micromark-factory-title set size:28781 disposed:false
3991 http fetch GET 200 https://registry.npmmirror.com/micromark-util-html-tag-name 90ms (cache revalidated)
3992 silly packumentCache full:https://registry.npmmirror.com/micromark-util-html-tag-name set size:25429 disposed:false
3993 silly placeDep ROOT @types/ms@2.1.0 OK for: @types/debug@4.1.12 want: *
3994 silly placeDep ROOT micromark-factory-destination@2.0.1 OK for: micromark-core-commonmark@2.0.3 want: ^2.0.0
3995 silly placeDep ROOT micromark-factory-label@2.0.1 OK for: micromark-core-commonmark@2.0.3 want: ^2.0.0
3996 silly placeDep ROOT micromark-factory-title@2.0.1 OK for: micromark-core-commonmark@2.0.3 want: ^2.0.0
3997 silly placeDep ROOT micromark-factory-whitespace@2.0.1 OK for: micromark-core-commonmark@2.0.3 want: ^2.0.0
3998 silly placeDep ROOT micromark-util-html-tag-name@2.0.1 OK for: micromark-core-commonmark@2.0.3 want: ^2.0.0
3999 silly placeDep node_modules/parse-entities @types/unist@2.0.11 OK for: parse-entities@4.0.2 want: ^2.0.0
4000 silly placeDep ROOT character-entities-legacy@3.0.0 OK for: parse-entities@4.0.2 want: ^3.0.0
4001 silly placeDep ROOT character-reference-invalid@2.0.1 OK for: parse-entities@4.0.2 want: ^2.0.0
4002 silly placeDep ROOT is-alphanumerical@2.0.1 OK for: parse-entities@4.0.2 want: ^2.0.0
4003 silly placeDep ROOT is-decimal@2.0.1 OK for: parse-entities@4.0.2 want: ^2.0.0
4004 silly placeDep ROOT is-hexadecimal@2.0.1 OK for: parse-entities@4.0.2 want: ^2.0.0
4005 silly fetch manifest is-alphabetical@^2.0.0
4006 silly packumentCache full:https://registry.npmmirror.com/is-alphabetical cache-miss
4007 http fetch GET 200 https://registry.npmmirror.com/is-alphabetical 47ms (cache revalidated)
4008 silly packumentCache full:https://registry.npmmirror.com/is-alphabetical set size:21891 disposed:false
4009 silly placeDep ROOT is-alphabetical@2.0.1 OK for: is-alphanumerical@2.0.1 want: ^2.0.0
4010 silly placeDep node_modules/remark-directive-rehype hastscript@7.2.0 OK for: remark-directive-rehype@0.4.2 want: ^7.0.2
4011 silly placeDep ROOT unist-util-map@3.1.3 OK for: remark-directive-rehype@0.4.2 want: ^3.1.2
4012 silly fetch manifest @types/hast@^2.0.0
4013 silly packumentCache full:https://registry.npmmirror.com/@types%2fhast cache-hit
4014 silly fetch manifest hast-util-parse-selector@^3.0.0
4015 silly packumentCache full:https://registry.npmmirror.com/hast-util-parse-selector cache-hit
4016 silly fetch manifest property-information@^6.0.0
4017 silly packumentCache full:https://registry.npmmirror.com/property-information cache-hit
4018 silly placeDep ROOT mdast-util-math@3.0.0 OK for: remark-math@6.0.0 want: ^3.0.0
4019 silly placeDep ROOT micromark-extension-math@3.1.0 OK for: remark-math@6.0.0 want: ^3.0.0
4020 silly placeDep node_modules/remark-sectionize unist-util-find-after@4.0.1 OK for: remark-sectionize@2.1.0 want: ^4.0.1
4021 silly placeDep node_modules/remark-sectionize unist-util-visit@4.1.2 OK for: remark-sectionize@2.1.0 want: ^4.1.2
4022 silly fetch manifest unist-util-is@^5.0.0
4023 silly packumentCache full:https://registry.npmmirror.com/unist-util-is cache-hit
4024 silly fetch manifest unist-util-is@^5.0.0
4025 silly packumentCache full:https://registry.npmmirror.com/unist-util-is cache-hit
4026 silly fetch manifest unist-util-visit-parents@^5.1.1
4027 silly packumentCache full:https://registry.npmmirror.com/unist-util-visit-parents cache-hit
4028 silly placeDep ROOT path-parse@1.0.7 OK for: resolve@1.22.11 want: ^1.0.7
4029 silly placeDep ROOT supports-preserve-symlinks-flag@1.0.0 OK for: resolve@1.22.11 want: ^1.0.0
4030 silly placeDep ROOT queue-microtask@1.2.3 OK for: run-parallel@1.2.0 want: ^1.2.2
4031 silly placeDep ROOT escape-string-regexp@4.0.0 OK for: sanitize-html@2.17.0 want: ^4.0.0
4032 silly placeDep ROOT is-plain-object@5.0.0 OK for: sanitize-html@2.17.0 want: ^5.0.0
4033 silly placeDep ROOT parse-srcset@1.0.2 OK for: sanitize-html@2.17.0 want: ^1.0.2
4034 silly placeDep ROOT @shuding/opentype.js@1.4.0-beta.0 OK for: satori@0.18.3 want: 1.4.0-beta.0
4035 silly placeDep ROOT css-background-parser@0.1.0 OK for: satori@0.18.3 want: ^0.1.0
4036 silly placeDep ROOT css-box-shadow@1.0.0-3 OK for: satori@0.18.3 want: 1.0.0-3
4037 silly placeDep ROOT css-gradient-parser@0.0.17 OK for: satori@0.18.3 want: ^0.0.17
4038 silly placeDep ROOT css-to-react-native@3.2.0 OK for: satori@0.18.3 want: ^3.0.0
4039 silly placeDep ROOT emoji-regex-xs@2.0.1 OK for: satori@0.18.3 want: ^2.0.1
4040 silly placeDep ROOT escape-html@1.0.3 OK for: satori@0.18.3 want: ^1.0.3
4041 silly placeDep ROOT linebreak@1.1.0 OK for: satori@0.18.3 want: ^1.1.0
4042 silly placeDep ROOT parse-css-color@0.2.1 OK for: satori@0.18.3 want: ^0.2.1
4043 silly placeDep ROOT yoga-layout@3.2.1 OK for: satori@0.18.3 want: ^3.2.1
4044 silly fetch manifest fflate@^0.7.3
4045 silly packumentCache full:https://registry.npmmirror.com/fflate cache-miss
4046 silly fetch manifest string.prototype.codepointat@^0.2.1
4047 silly packumentCache full:https://registry.npmmirror.com/string.prototype.codepointat cache-miss
4048 silly fetch manifest camelize@^1.0.0
4049 silly packumentCache full:https://registry.npmmirror.com/camelize cache-miss
4050 silly fetch manifest css-color-keywords@^1.0.0
4051 silly packumentCache full:https://registry.npmmirror.com/css-color-keywords cache-miss
4052 silly fetch manifest base64-js@0.0.8
4053 silly packumentCache full:https://registry.npmmirror.com/base64-js cache-hit
4054 silly fetch manifest color-name@^1.1.4
4055 silly packumentCache full:https://registry.npmmirror.com/color-name cache-miss
4056 silly fetch manifest hex-rgb@^4.1.0
4057 silly packumentCache full:https://registry.npmmirror.com/hex-rgb cache-miss
4058 http fetch GET 200 https://registry.npmmirror.com/fflate 52ms (cache revalidated)
4059 silly packumentCache full:https://registry.npmmirror.com/fflate set size:184829 disposed:false
4060 http fetch GET 200 https://registry.npmmirror.com/camelize 57ms (cache revalidated)
4061 silly packumentCache full:https://registry.npmmirror.com/camelize set size:14804 disposed:false
4062 http fetch GET 200 https://registry.npmmirror.com/css-color-keywords 58ms (cache revalidated)
4063 silly packumentCache full:https://registry.npmmirror.com/css-color-keywords set size:3756 disposed:false
4064 http fetch GET 200 https://registry.npmmirror.com/color-name 88ms (cache revalidated)
4065 silly packumentCache full:https://registry.npmmirror.com/color-name set size:18706 disposed:false
4066 http fetch GET 200 https://registry.npmmirror.com/hex-rgb 130ms (cache revalidated)
4067 silly packumentCache full:https://registry.npmmirror.com/hex-rgb set size:14249 disposed:false
4068 http fetch GET 200 https://registry.npmmirror.com/string.prototype.codepointat 170ms (cache revalidated)
4069 silly packumentCache full:https://registry.npmmirror.com/string.prototype.codepointat set size:13230 disposed:false
4070 silly placeDep ROOT fflate@0.7.4 OK for: @shuding/opentype.js@1.4.0-beta.0 want: ^0.7.3
4071 silly placeDep ROOT string.prototype.codepointat@0.2.1 OK for: @shuding/opentype.js@1.4.0-beta.0 want: ^0.2.1
4072 silly placeDep ROOT camelize@1.0.1 OK for: css-to-react-native@3.2.0 want: ^1.0.0
4073 silly placeDep ROOT css-color-keywords@1.0.0 OK for: css-to-react-native@3.2.0 want: ^1.0.0
4074 silly placeDep node_modules/linebreak base64-js@0.0.8 OK for: linebreak@1.1.0 want: 0.0.8
4075 silly placeDep ROOT color-name@1.1.4 OK for: parse-css-color@0.2.1 want: ^1.1.4
4076 silly placeDep ROOT hex-rgb@4.3.0 OK for: parse-css-color@0.2.1 want: ^4.1.0
4077 silly placeDep ROOT @img/colour@1.0.0 OK for: sharp@0.34.5 want: ^1.0.0
4078 silly placeDep ROOT @img/sharp-darwin-arm64@0.34.5 OK for: sharp@0.34.5 want: 0.34.5
4079 silly placeDep ROOT @img/sharp-darwin-x64@0.34.5 OK for: sharp@0.34.5 want: 0.34.5
4080 silly placeDep ROOT @img/sharp-libvips-darwin-arm64@1.2.4 OK for: sharp@0.34.5 want: 1.2.4
4081 silly placeDep ROOT @img/sharp-libvips-darwin-x64@1.2.4 OK for: sharp@0.34.5 want: 1.2.4
4082 silly placeDep ROOT @img/sharp-libvips-linux-arm@1.2.4 OK for: sharp@0.34.5 want: 1.2.4
4083 silly placeDep ROOT @img/sharp-libvips-linux-arm64@1.2.4 OK for: sharp@0.34.5 want: 1.2.4
4084 silly placeDep ROOT @img/sharp-libvips-linux-ppc64@1.2.4 OK for: sharp@0.34.5 want: 1.2.4
4085 silly placeDep ROOT @img/sharp-libvips-linux-riscv64@1.2.4 OK for: sharp@0.34.5 want: 1.2.4
4086 silly placeDep ROOT @img/sharp-libvips-linux-s390x@1.2.4 OK for: sharp@0.34.5 want: 1.2.4
4087 silly placeDep ROOT @img/sharp-libvips-linux-x64@1.2.4 OK for: sharp@0.34.5 want: 1.2.4
4088 silly placeDep ROOT @img/sharp-libvips-linuxmusl-arm64@1.2.4 OK for: sharp@0.34.5 want: 1.2.4
4089 silly placeDep ROOT @img/sharp-libvips-linuxmusl-x64@1.2.4 OK for: sharp@0.34.5 want: 1.2.4
4090 silly placeDep ROOT @img/sharp-linux-arm@0.34.5 OK for: sharp@0.34.5 want: 0.34.5
4091 silly placeDep ROOT @img/sharp-linux-arm64@0.34.5 OK for: sharp@0.34.5 want: 0.34.5
4092 silly placeDep ROOT @img/sharp-linux-ppc64@0.34.5 OK for: sharp@0.34.5 want: 0.34.5
4093 silly placeDep ROOT @img/sharp-linux-riscv64@0.34.5 OK for: sharp@0.34.5 want: 0.34.5
4094 silly placeDep ROOT @img/sharp-linux-s390x@0.34.5 OK for: sharp@0.34.5 want: 0.34.5
4095 silly placeDep ROOT @img/sharp-linux-x64@0.34.5 OK for: sharp@0.34.5 want: 0.34.5
4096 silly placeDep ROOT @img/sharp-linuxmusl-arm64@0.34.5 OK for: sharp@0.34.5 want: 0.34.5
4097 silly placeDep ROOT @img/sharp-linuxmusl-x64@0.34.5 OK for: sharp@0.34.5 want: 0.34.5
4098 silly placeDep ROOT @img/sharp-wasm32@0.34.5 OK for: sharp@0.34.5 want: 0.34.5
4099 silly placeDep ROOT @img/sharp-win32-arm64@0.34.5 OK for: sharp@0.34.5 want: 0.34.5
4100 silly placeDep ROOT @img/sharp-win32-ia32@0.34.5 OK for: sharp@0.34.5 want: 0.34.5
4101 silly placeDep ROOT @img/sharp-win32-x64@0.34.5 OK for: sharp@0.34.5 want: 0.34.5
4102 silly placeDep ROOT detect-libc@2.1.2 OK for: sharp@0.34.5 want: ^2.1.2
4103 silly fetch manifest @emnapi/runtime@^1.7.0
4104 silly packumentCache full:https://registry.npmmirror.com/@emnapi%2fruntime cache-miss
4105 http fetch GET 200 https://registry.npmmirror.com/@emnapi%2fruntime 60ms (cache revalidated)
4106 silly packumentCache full:https://registry.npmmirror.com/@emnapi%2fruntime set size:99922 disposed:false
4107 silly placeDep ROOT @emnapi/runtime@1.7.1 OK for: @img/sharp-wasm32@0.34.5 want: ^1.7.0
4108 silly placeDep ROOT @shikijs/core@3.15.0 OK for: shiki@3.15.0 want: 3.15.0
4109 silly placeDep ROOT @shikijs/engine-javascript@3.15.0 OK for: shiki@3.15.0 want: 3.15.0
4110 silly placeDep ROOT @shikijs/engine-oniguruma@3.15.0 OK for: shiki@3.15.0 want: 3.15.0
4111 silly placeDep ROOT @shikijs/langs@3.15.0 OK for: shiki@3.15.0 want: 3.15.0
4112 silly placeDep ROOT @shikijs/themes@3.15.0 OK for: shiki@3.15.0 want: 3.15.0
4113 silly placeDep ROOT @shikijs/types@3.15.0 OK for: shiki@3.15.0 want: 3.15.0
4114 silly placeDep ROOT @shikijs/vscode-textmate@10.0.2 OK for: shiki@3.15.0 want: ^10.0.2
4115 silly fetch manifest oniguruma-to-es@^4.3.3
4116 silly packumentCache full:https://registry.npmmirror.com/oniguruma-to-es cache-miss
4117 http fetch GET 200 https://registry.npmmirror.com/oniguruma-to-es 101ms (cache revalidated)
4118 silly packumentCache full:https://registry.npmmirror.com/oniguruma-to-es set size:139100 disposed:false
4119 silly placeDep ROOT oniguruma-to-es@4.3.3 OK for: @shikijs/engine-javascript@3.15.0 want: ^4.3.3
4120 silly fetch manifest oniguruma-parser@^0.12.1
4121 silly packumentCache full:https://registry.npmmirror.com/oniguruma-parser cache-miss
4122 silly fetch manifest regex@^6.0.1
4123 silly packumentCache full:https://registry.npmmirror.com/regex cache-miss
4124 silly fetch manifest regex-recursion@^6.0.2
4125 silly packumentCache full:https://registry.npmmirror.com/regex-recursion cache-miss
4126 http fetch GET 200 https://registry.npmmirror.com/oniguruma-parser 81ms (cache revalidated)
4127 silly packumentCache full:https://registry.npmmirror.com/oniguruma-parser set size:82814 disposed:false
4128 http fetch GET 200 https://registry.npmmirror.com/regex-recursion 106ms (cache revalidated)
4129 silly packumentCache full:https://registry.npmmirror.com/regex-recursion set size:37120 disposed:false
4130 http fetch GET 200 https://registry.npmmirror.com/regex 112ms (cache revalidated)
4131 silly packumentCache full:https://registry.npmmirror.com/regex set size:118706 disposed:false
4132 silly placeDep ROOT oniguruma-parser@0.12.1 OK for: oniguruma-to-es@4.3.3 want: ^0.12.1
4133 silly placeDep ROOT regex@6.0.1 OK for: oniguruma-to-es@4.3.3 want: ^6.0.1
4134 silly placeDep ROOT regex-recursion@6.0.2 OK for: oniguruma-to-es@4.3.3 want: ^6.0.2
4135 silly fetch manifest regex-utilities@^2.3.0
4136 silly packumentCache full:https://registry.npmmirror.com/regex-utilities cache-miss
4137 silly fetch manifest regex-utilities@^2.3.0
4138 silly packumentCache full:https://registry.npmmirror.com/regex-utilities cache-miss
4139 http fetch GET 200 https://registry.npmmirror.com/regex-utilities 269ms (cache revalidated)
4140 silly packumentCache full:https://registry.npmmirror.com/regex-utilities set size:17265 disposed:false
4141 http fetch GET 200 https://registry.npmmirror.com/regex-utilities 270ms (cache revalidated)
4142 silly packumentCache full:https://registry.npmmirror.com/regex-utilities set size:17265 disposed:false
4143 silly packumentCache full:https://registry.npmmirror.com/regex-utilities dispose
4144 silly placeDep ROOT regex-utilities@2.3.0 OK for: regex@6.0.1 want: ^2.3.0
4145 silly placeDep node_modules/sitemap @types/node@17.0.45 OK for: sitemap@8.0.2 want: ^17.0.5
4146 silly placeDep ROOT @types/sax@1.2.7 OK for: sitemap@8.0.2 want: ^1.2.1
4147 silly placeDep ROOT arg@5.0.2 OK for: sitemap@8.0.2 want: ^5.0.0
4148 silly placeDep ROOT sax@1.4.3 OK for: sitemap@8.0.2 want: ^1.4.1
4149 silly placeDep ROOT duplexer@0.1.2 OK for: stream-combiner@0.2.2 want: ~0.1.1
4150 silly placeDep ROOT through@2.3.8 OK for: stream-combiner@0.2.2 want: ~2.3.4
4151 silly placeDep ROOT emoji-regex@10.6.0 OK for: string-width@7.2.0 want: ^10.3.0
4152 silly placeDep ROOT get-east-asian-width@1.4.0 OK for: string-width@7.2.0 want: ^1.0.0
4153 silly placeDep ROOT strip-ansi@7.1.2 OK for: string-width@7.2.0 want: ^7.1.0
4154 silly fetch manifest ansi-regex@^6.0.1
4155 silly packumentCache full:https://registry.npmmirror.com/ansi-regex cache-miss
4156 http fetch GET 200 https://registry.npmmirror.com/ansi-regex 34ms (cache revalidated)
4157 silly packumentCache full:https://registry.npmmirror.com/ansi-regex set size:40160 disposed:false
4158 silly placeDep ROOT character-entities-html4@2.1.0 OK for: stringify-entities@4.0.4 want: ^2.0.0
4159 silly placeDep ROOT ansi-regex@6.2.2 OK for: strip-ansi@7.1.2 want: ^6.0.1
4160 silly placeDep ROOT min-indent@1.0.1 OK for: strip-indent@3.0.0 want: ^1.0.0
4161 silly placeDep ROOT glob@10.5.0 OK for: stylus@0.64.0 want: ^10.4.5
4162 silly placeDep ROOT source-map@0.7.6 OK for: stylus@0.64.0 want: ^0.7.3
4163 silly fetch manifest foreground-child@^3.1.0
4164 silly packumentCache full:https://registry.npmmirror.com/foreground-child cache-miss
4165 silly fetch manifest jackspeak@^3.1.2
4166 silly packumentCache full:https://registry.npmmirror.com/jackspeak cache-miss
4167 silly fetch manifest minimatch@^9.0.4
4168 silly packumentCache full:https://registry.npmmirror.com/minimatch cache-miss
4169 silly fetch manifest minipass@^7.1.2
4170 silly packumentCache full:https://registry.npmmirror.com/minipass cache-hit
4171 silly fetch manifest package-json-from-dist@^1.0.0
4172 silly packumentCache full:https://registry.npmmirror.com/package-json-from-dist cache-miss
4173 silly fetch manifest path-scurry@^1.11.1
4174 silly packumentCache full:https://registry.npmmirror.com/path-scurry cache-miss
4175 http fetch GET 200 https://registry.npmmirror.com/minimatch 48ms (cache revalidated)
4176 silly packumentCache full:https://registry.npmmirror.com/minimatch set size:306866 disposed:false
4177 http fetch GET 200 https://registry.npmmirror.com/package-json-from-dist 54ms (cache revalidated)
4178 silly packumentCache full:https://registry.npmmirror.com/package-json-from-dist set size:9119 disposed:false
4179 http fetch GET 200 https://registry.npmmirror.com/jackspeak 57ms (cache revalidated)
4180 silly packumentCache full:https://registry.npmmirror.com/jackspeak set size:191956 disposed:false
4181 http fetch GET 200 https://registry.npmmirror.com/foreground-child 71ms (cache revalidated)
4182 silly packumentCache full:https://registry.npmmirror.com/foreground-child set size:59001 disposed:false
4183 http fetch GET 200 https://registry.npmmirror.com/path-scurry 76ms (cache revalidated)
4184 silly packumentCache full:https://registry.npmmirror.com/path-scurry set size:118487 disposed:false
4185 silly placeDep ROOT foreground-child@3.3.1 OK for: glob@10.5.0 want: ^3.1.0
4186 silly placeDep ROOT jackspeak@3.4.3 OK for: glob@10.5.0 want: ^3.1.2
4187 silly placeDep ROOT minimatch@9.0.5 OK for: glob@10.5.0 want: ^9.0.4
4188 silly placeDep node_modules/glob minipass@7.1.2 OK for: glob@10.5.0 want: ^7.1.2
4189 silly placeDep ROOT package-json-from-dist@1.0.1 OK for: glob@10.5.0 want: ^1.0.0
4190 silly placeDep ROOT path-scurry@1.11.1 OK for: glob@10.5.0 want: ^1.11.1
4191 silly fetch manifest cross-spawn@^7.0.6
4192 silly packumentCache full:https://registry.npmmirror.com/cross-spawn cache-miss
4193 silly fetch manifest signal-exit@^4.0.1
4194 silly packumentCache full:https://registry.npmmirror.com/signal-exit cache-miss
4195 silly fetch manifest @isaacs/cliui@^8.0.2
4196 silly packumentCache full:https://registry.npmmirror.com/@isaacs%2fcliui cache-miss
4197 silly fetch manifest @pkgjs/parseargs@^0.11.0
4198 silly packumentCache full:https://registry.npmmirror.com/@pkgjs%2fparseargs cache-miss
4199 silly fetch manifest brace-expansion@^2.0.1
4200 silly packumentCache full:https://registry.npmmirror.com/brace-expansion cache-miss
4201 silly fetch manifest lru-cache@^10.2.0
4202 silly packumentCache full:https://registry.npmmirror.com/lru-cache cache-hit
4203 silly fetch manifest minipass@^5.0.0 || ^6.0.2 || ^7.0.0
4204 silly packumentCache full:https://registry.npmmirror.com/minipass cache-hit
4205 http fetch GET 200 https://registry.npmmirror.com/brace-expansion 46ms (cache revalidated)
4206 silly packumentCache full:https://registry.npmmirror.com/brace-expansion set size:48312 disposed:false
4207 http fetch GET 200 https://registry.npmmirror.com/@isaacs%2fcliui 52ms (cache revalidated)
4208 silly packumentCache full:https://registry.npmmirror.com/@isaacs%2fcliui set size:7781 disposed:false
4209 http fetch GET 200 https://registry.npmmirror.com/@pkgjs%2fparseargs 53ms (cache revalidated)
4210 silly packumentCache full:https://registry.npmmirror.com/@pkgjs%2fparseargs set size:51139 disposed:false
4211 http fetch GET 200 https://registry.npmmirror.com/cross-spawn 54ms (cache revalidated)
4212 silly packumentCache full:https://registry.npmmirror.com/cross-spawn set size:108678 disposed:false
4213 http fetch GET 200 https://registry.npmmirror.com/signal-exit 56ms (cache revalidated)
4214 silly packumentCache full:https://registry.npmmirror.com/signal-exit set size:51671 disposed:false
4215 silly placeDep ROOT cross-spawn@7.0.6 OK for: foreground-child@3.3.1 want: ^7.0.6
4216 silly placeDep ROOT signal-exit@4.1.0 OK for: foreground-child@3.3.1 want: ^4.0.1
4217 silly fetch manifest path-key@^3.1.0
4218 silly packumentCache full:https://registry.npmmirror.com/path-key cache-miss
4219 silly fetch manifest shebang-command@^2.0.0
4220 silly packumentCache full:https://registry.npmmirror.com/shebang-command cache-miss
4221 silly fetch manifest which@^2.0.1
4222 silly packumentCache full:https://registry.npmmirror.com/which cache-miss
4223 http fetch GET 200 https://registry.npmmirror.com/path-key 35ms (cache revalidated)
4224 silly packumentCache full:https://registry.npmmirror.com/path-key set size:13005 disposed:false
4225 http fetch GET 200 https://registry.npmmirror.com/shebang-command 40ms (cache revalidated)
4226 silly packumentCache full:https://registry.npmmirror.com/shebang-command set size:7504 disposed:false
4227 http fetch GET 200 https://registry.npmmirror.com/which 40ms (cache revalidated)
4228 silly packumentCache full:https://registry.npmmirror.com/which set size:63288 disposed:false
4229 silly placeDep ROOT path-key@3.1.1 OK for: cross-spawn@7.0.6 want: ^3.1.0
4230 silly placeDep ROOT shebang-command@2.0.0 OK for: cross-spawn@7.0.6 want: ^2.0.0
4231 silly placeDep ROOT which@2.0.2 OK for: cross-spawn@7.0.6 want: ^2.0.1
4232 silly fetch manifest shebang-regex@^3.0.0
4233 silly packumentCache full:https://registry.npmmirror.com/shebang-regex cache-miss
4234 silly fetch manifest isexe@^2.0.0
4235 silly packumentCache full:https://registry.npmmirror.com/isexe cache-miss
4236 http fetch GET 200 https://registry.npmmirror.com/isexe 41ms (cache revalidated)
4237 silly packumentCache full:https://registry.npmmirror.com/isexe set size:19681 disposed:false
4238 http fetch GET 200 https://registry.npmmirror.com/shebang-regex 43ms (cache revalidated)
4239 silly packumentCache full:https://registry.npmmirror.com/shebang-regex set size:7770 disposed:false
4240 silly placeDep ROOT @isaacs/cliui@8.0.2 OK for: jackspeak@3.4.3 want: ^8.0.2
4241 silly placeDep ROOT @pkgjs/parseargs@0.11.0 OK for: jackspeak@3.4.3 want: ^0.11.0
4242 silly fetch manifest string-width@^5.1.2
4243 silly packumentCache full:https://registry.npmmirror.com/string-width cache-hit
4244 silly fetch manifest string-width-cjs@npm:string-width@^4.2.0
4245 silly packumentCache full:https://registry.npmmirror.com/string-width cache-hit
4246 silly fetch manifest strip-ansi-cjs@npm:strip-ansi@^6.0.1
4247 silly packumentCache full:https://registry.npmmirror.com/strip-ansi cache-hit
4248 silly fetch manifest wrap-ansi@^8.1.0
4249 silly packumentCache full:https://registry.npmmirror.com/wrap-ansi cache-hit
4250 silly fetch manifest wrap-ansi-cjs@npm:wrap-ansi@^7.0.0
4251 silly packumentCache full:https://registry.npmmirror.com/wrap-ansi cache-hit
4252 silly placeDep node_modules/@isaacs/cliui string-width@5.1.2 OK for: @isaacs/cliui@8.0.2 want: ^5.1.2
4253 silly placeDep ROOT string-width-cjs@4.2.3 OK for: @isaacs/cliui@8.0.2 want: npm:string-width@^4.2.0
4254 silly placeDep ROOT strip-ansi-cjs@6.0.1 OK for: @isaacs/cliui@8.0.2 want: npm:strip-ansi@^6.0.1
4255 silly placeDep node_modules/@isaacs/cliui wrap-ansi@8.1.0 OK for: @isaacs/cliui@8.0.2 want: ^8.1.0
4256 silly placeDep ROOT wrap-ansi-cjs@7.0.0 OK for: @isaacs/cliui@8.0.2 want: npm:wrap-ansi@^7.0.0
4257 silly fetch manifest eastasianwidth@^0.2.0
4258 silly packumentCache full:https://registry.npmmirror.com/eastasianwidth cache-miss
4259 silly fetch manifest emoji-regex@^9.2.2
4260 silly packumentCache full:https://registry.npmmirror.com/emoji-regex cache-hit
4261 silly fetch manifest ansi-regex@^5.0.1
4262 silly packumentCache full:https://registry.npmmirror.com/ansi-regex cache-hit
4263 silly fetch manifest ansi-styles@^6.1.0
4264 silly packumentCache full:https://registry.npmmirror.com/ansi-styles cache-hit
4265 silly fetch manifest ansi-styles@^4.0.0
4266 silly packumentCache full:https://registry.npmmirror.com/ansi-styles cache-hit
4267 silly fetch manifest strip-ansi@^6.0.0
4268 silly packumentCache full:https://registry.npmmirror.com/strip-ansi cache-hit
4269 http fetch GET 200 https://registry.npmmirror.com/eastasianwidth 37ms (cache revalidated)
4270 silly packumentCache full:https://registry.npmmirror.com/eastasianwidth set size:8068 disposed:false
4271 silly placeDep ROOT brace-expansion@2.0.2 OK for: minimatch@9.0.5 want: ^2.0.1
4272 silly fetch manifest balanced-match@^1.0.0
4273 silly packumentCache full:https://registry.npmmirror.com/balanced-match cache-miss
4274 http fetch GET 200 https://registry.npmmirror.com/balanced-match 39ms (cache revalidated)
4275 silly packumentCache full:https://registry.npmmirror.com/balanced-match set size:31066 disposed:false
4276 silly placeDep ROOT balanced-match@1.0.2 OK for: brace-expansion@2.0.2 want: ^1.0.0
4277 silly placeDep node_modules/path-scurry lru-cache@10.4.3 OK for: path-scurry@1.11.1 want: ^10.2.0
4278 silly placeDep node_modules/path-scurry minipass@7.1.2 OK for: path-scurry@1.11.1 want: ^5.0.0 || ^6.0.2 || ^7.0.0
4279 silly placeDep ROOT shebang-regex@3.0.0 OK for: shebang-command@2.0.0 want: ^3.0.0
4280 silly placeDep node_modules/string-width-cjs emoji-regex@8.0.0 OK for: string-width@4.2.3 want: ^8.0.0
4281 silly placeDep ROOT is-fullwidth-code-point@3.0.0 OK for: string-width@4.2.3 want: ^3.0.0
4282 silly placeDep node_modules/string-width-cjs strip-ansi@6.0.1 OK for: string-width@4.2.3 want: ^6.0.1
4283 silly placeDep node_modules/strip-ansi-cjs ansi-regex@5.0.1 OK for: strip-ansi@6.0.1 want: ^5.0.1
4284 silly placeDep ROOT @jridgewell/remapping@2.3.5 OK for: svelte@5.43.10 want: ^2.3.4
4285 silly placeDep ROOT @sveltejs/acorn-typescript@1.0.7 OK for: svelte@5.43.10 want: ^1.0.5
4286 silly placeDep ROOT esm-env@1.2.2 OK for: svelte@5.43.10 want: ^1.2.1
4287 silly placeDep ROOT esrap@2.1.3 OK for: svelte@5.43.10 want: ^2.1.0
4288 silly placeDep ROOT is-reference@3.0.3 OK for: svelte@5.43.10 want: ^3.0.3
4289 silly placeDep ROOT locate-character@3.0.0 OK for: svelte@5.43.10 want: ^3.0.0
4290 silly placeDep ROOT zimmerframe@1.1.4 OK for: svelte@5.43.10 want: ^1.1.2
4291 silly fetch manifest @jridgewell/gen-mapping@^0.3.5
4292 silly packumentCache full:https://registry.npmmirror.com/@jridgewell%2fgen-mapping cache-miss
4293 silly fetch manifest @jridgewell/trace-mapping@^0.3.24
4294 silly packumentCache full:https://registry.npmmirror.com/@jridgewell%2ftrace-mapping cache-miss
4295 http fetch GET 200 https://registry.npmmirror.com/@jridgewell%2ftrace-mapping 42ms (cache revalidated)
4296 silly packumentCache full:https://registry.npmmirror.com/@jridgewell%2ftrace-mapping set size:171781 disposed:false
4297 http fetch GET 200 https://registry.npmmirror.com/@jridgewell%2fgen-mapping 49ms (cache revalidated)
4298 silly packumentCache full:https://registry.npmmirror.com/@jridgewell%2fgen-mapping set size:83227 disposed:false
4299 silly placeDep ROOT @jridgewell/gen-mapping@0.3.13 OK for: @jridgewell/remapping@2.3.5 want: ^0.3.5
4300 silly placeDep ROOT @jridgewell/trace-mapping@0.3.31 OK for: @jridgewell/remapping@2.3.5 want: ^0.3.24
4301 silly fetch manifest @jridgewell/resolve-uri@^3.1.0
4302 silly packumentCache full:https://registry.npmmirror.com/@jridgewell%2fresolve-uri cache-miss
4303 http fetch GET 200 https://registry.npmmirror.com/@jridgewell%2fresolve-uri 37ms (cache revalidated)
4304 silly packumentCache full:https://registry.npmmirror.com/@jridgewell%2fresolve-uri set size:54227 disposed:false
4305 silly placeDep ROOT @jridgewell/resolve-uri@3.1.2 OK for: @jridgewell/trace-mapping@0.3.31 want: ^3.1.0
4306 silly placeDep ROOT dedent-js@1.0.1 OK for: svelte2tsx@0.7.45 want: ^1.0.1
4307 silly placeDep ROOT scule@1.3.0 OK for: svelte2tsx@0.7.45 want: ^1.3.0
4308 silly placeDep ROOT @trysound/sax@0.2.0 OK for: svgo@3.3.2 want: 0.2.0
4309 silly placeDep node_modules/svgo commander@7.2.0 OK for: svgo@3.3.2 want: ^7.2.0
4310 silly placeDep ROOT css-tree@2.3.1 OK for: svgo@3.3.2 want: ^2.3.1
4311 silly placeDep ROOT csso@5.0.5 OK for: svgo@3.3.2 want: ^5.0.5
4312 silly fetch manifest mdn-data@2.0.30
4313 silly packumentCache full:https://registry.npmmirror.com/mdn-data cache-miss
4314 silly fetch manifest css-tree@~2.2.0
4315 silly packumentCache full:https://registry.npmmirror.com/css-tree cache-hit
4316 http fetch GET 200 https://registry.npmmirror.com/mdn-data 64ms (cache revalidated)
4317 silly packumentCache full:https://registry.npmmirror.com/mdn-data set size:144957 disposed:false
4318 silly placeDep ROOT mdn-data@2.0.30 OK for: css-tree@2.3.1 want: 2.0.30
4319 silly placeDep node_modules/csso css-tree@2.2.1 OK for: csso@5.0.5 want: ~2.2.0
4320 silly fetch manifest mdn-data@2.0.28
4321 silly packumentCache full:https://registry.npmmirror.com/mdn-data cache-hit
4322 silly placeDep ROOT delegate-it@6.3.0 OK for: swup@4.8.2 want: ^6.0.0
4323 silly placeDep ROOT opencollective-postinstall@2.0.3 OK for: swup@4.8.2 want: ^2.0.2
4324 silly placeDep ROOT path-to-regexp@6.3.0 OK for: swup@4.8.2 want: ^6.2.1
4325 silly fetch manifest typed-query-selector@^2.11.2
4326 silly packumentCache full:https://registry.npmmirror.com/typed-query-selector cache-miss
4327 http fetch GET 200 https://registry.npmmirror.com/typed-query-selector 80ms (cache revalidated)
4328 silly packumentCache full:https://registry.npmmirror.com/typed-query-selector set size:80205 disposed:false
4329 silly placeDep ROOT typed-query-selector@2.12.0 OK for: delegate-it@6.3.0 want: ^2.11.2
4330 silly placeDep ROOT morphdom@2.7.7 OK for: swup-morph-plugin@1.3.0 want: ^2.7.0
4331 silly placeDep node_modules/tailwindcss chokidar@3.6.0 OK for: tailwindcss@3.4.18 want: ^3.6.0
4332 silly placeDep ROOT didyoumean@1.2.2 OK for: tailwindcss@3.4.18 want: ^1.2.2
4333 silly placeDep node_modules/tailwindcss glob-parent@6.0.2 OK for: tailwindcss@3.4.18 want: ^6.0.2
4334 silly placeDep ROOT jiti@1.21.7 OK for: tailwindcss@3.4.18 want: ^1.21.7
4335 silly placeDep ROOT normalize-path@3.0.0 OK for: tailwindcss@3.4.18 want: ^3.0.0
4336 silly placeDep ROOT object-hash@3.0.0 OK for: tailwindcss@3.4.18 want: ^3.0.0
4337 silly placeDep node_modules/tailwindcss postcss-import@15.1.0 OK for: tailwindcss@3.4.18 want: ^15.1.0
4338 silly placeDep ROOT postcss-js@4.1.0 OK for: tailwindcss@3.4.18 want: ^4.0.1
4339 silly placeDep node_modules/tailwindcss postcss-selector-parser@6.1.2 OK for: tailwindcss@3.4.18 want: ^6.1.2
4340 silly placeDep ROOT sucrase@3.35.0 OK for: tailwindcss@3.4.18 want: ^3.35.0
4341 silly fetch manifest anymatch@~3.1.2
4342 silly packumentCache full:https://registry.npmmirror.com/anymatch cache-hit
4343 silly fetch manifest is-binary-path@~2.1.0
4344 silly packumentCache full:https://registry.npmmirror.com/is-binary-path cache-miss
4345 silly fetch manifest normalize-path@~3.0.0
4346 silly packumentCache full:https://registry.npmmirror.com/normalize-path cache-hit
4347 silly fetch manifest readdirp@~3.6.0
4348 silly packumentCache full:https://registry.npmmirror.com/readdirp cache-hit
4349 silly fetch manifest fsevents@~2.3.2
4350 silly packumentCache full:https://registry.npmmirror.com/fsevents cache-hit
4351 silly fetch manifest camelcase-css@^2.0.1
4352 silly packumentCache full:https://registry.npmmirror.com/camelcase-css cache-miss
4353 silly fetch manifest commander@^4.0.0
4354 silly packumentCache full:https://registry.npmmirror.com/commander cache-hit
4355 silly fetch manifest mz@^2.7.0
4356 silly packumentCache full:https://registry.npmmirror.com/mz cache-miss
4357 silly fetch manifest pirates@^4.0.1
4358 silly packumentCache full:https://registry.npmmirror.com/pirates cache-miss
4359 silly fetch manifest ts-interface-checker@^0.1.9
4360 silly packumentCache full:https://registry.npmmirror.com/ts-interface-checker cache-miss
4361 http fetch GET 200 https://registry.npmmirror.com/is-binary-path 48ms (cache revalidated)
4362 silly packumentCache full:https://registry.npmmirror.com/is-binary-path set size:11426 disposed:false
4363 http fetch GET 200 https://registry.npmmirror.com/pirates 50ms (cache revalidated)
4364 silly packumentCache full:https://registry.npmmirror.com/pirates set size:50016 disposed:false
4365 http fetch GET 200 https://registry.npmmirror.com/mz 73ms (cache revalidated)
4366 silly packumentCache full:https://registry.npmmirror.com/mz set size:40893 disposed:false
4367 http fetch GET 200 https://registry.npmmirror.com/ts-interface-checker 75ms (cache revalidated)
4368 silly packumentCache full:https://registry.npmmirror.com/ts-interface-checker set size:46076 disposed:false
4369 http fetch GET 200 https://registry.npmmirror.com/camelcase-css 76ms (cache revalidated)
4370 silly packumentCache full:https://registry.npmmirror.com/camelcase-css set size:8356 disposed:false
4371 silly placeDep ROOT camelcase-css@2.0.1 OK for: postcss-js@4.1.0 want: ^2.0.1
4372 silly placeDep node_modules/sucrase commander@4.1.1 OK for: sucrase@3.35.0 want: ^4.0.0
4373 silly placeDep ROOT mz@2.7.0 OK for: sucrase@3.35.0 want: ^2.7.0
4374 silly placeDep ROOT pirates@4.0.7 OK for: sucrase@3.35.0 want: ^4.0.1
4375 silly placeDep ROOT ts-interface-checker@0.1.13 OK for: sucrase@3.35.0 want: ^0.1.9
4376 silly fetch manifest any-promise@^1.0.0
4377 silly packumentCache full:https://registry.npmmirror.com/any-promise cache-miss
4378 silly fetch manifest object-assign@^4.0.1
4379 silly packumentCache full:https://registry.npmmirror.com/object-assign cache-miss
4380 silly fetch manifest thenify-all@^1.0.0
4381 silly packumentCache full:https://registry.npmmirror.com/thenify-all cache-miss
4382 http fetch GET 200 https://registry.npmmirror.com/any-promise 49ms (cache revalidated)
4383 silly packumentCache full:https://registry.npmmirror.com/any-promise set size:20149 disposed:false
4384 http fetch GET 200 https://registry.npmmirror.com/object-assign 62ms (cache revalidated)
4385 silly packumentCache full:https://registry.npmmirror.com/object-assign set size:27397 disposed:false
4386 http fetch GET 200 https://registry.npmmirror.com/thenify-all 99ms (cache revalidated)
4387 silly packumentCache full:https://registry.npmmirror.com/thenify-all set size:18394 disposed:false
4388 silly placeDep ROOT any-promise@1.3.0 OK for: mz@2.7.0 want: ^1.0.0
4389 silly placeDep ROOT object-assign@4.1.1 OK for: mz@2.7.0 want: ^4.0.1
4390 silly placeDep ROOT thenify-all@1.6.0 OK for: mz@2.7.0 want: ^1.0.0
4391 silly fetch manifest thenify@>= 3.1.0 < 4
4392 silly packumentCache full:https://registry.npmmirror.com/thenify cache-miss
4393 http fetch GET 200 https://registry.npmmirror.com/thenify 37ms (cache revalidated)
4394 silly packumentCache full:https://registry.npmmirror.com/thenify set size:20162 disposed:false
4395 silly placeDep ROOT chownr@2.0.0 OK for: tar@6.2.1 want: ^2.0.0
4396 silly placeDep ROOT fs-minipass@2.1.0 OK for: tar@6.2.1 want: ^2.0.0
4397 silly placeDep node_modules/tar minipass@5.0.0 OK for: tar@6.2.1 want: ^5.0.0
4398 silly placeDep ROOT minizlib@2.1.2 OK for: tar@6.2.1 want: ^2.1.1
4399 silly placeDep ROOT mkdirp@1.0.4 OK for: tar@6.2.1 want: ^1.0.3
4400 silly fetch manifest minipass@^3.0.0
4401 silly packumentCache full:https://registry.npmmirror.com/minipass cache-hit
4402 silly fetch manifest minipass@^3.0.0
4403 silly packumentCache full:https://registry.npmmirror.com/minipass cache-hit
4404 silly placeDep node_modules/fs-minipass minipass@3.3.6 OK for: fs-minipass@2.1.0 want: ^3.0.0
4405 silly placeDep node_modules/minizlib minipass@3.3.6 OK for: minizlib@2.1.2 want: ^3.0.0
4406 silly placeDep ROOT thenify@3.3.1 OK for: thenify-all@1.6.0 want: >= 3.1.0 < 4
4407 silly placeDep node_modules/through2 readable-stream@3.6.2 OK for: through2@4.0.2 want: 3
4408 silly placeDep ROOT fdir@6.5.0 OK for: tinyglobby@0.2.15 want: ^6.5.0
4409 silly placeDep ROOT is-number@7.0.0 OK for: to-regex-range@5.0.1 want: ^7.0.0
4410 silly placeDep ROOT bindings@1.5.0 OK for: ttf2woff2@4.0.5 want: ^1.5.0
4411 silly placeDep ROOT bufferstreams@3.0.0 OK for: ttf2woff2@4.0.5 want: ^3.0.0
4412 silly placeDep ROOT nan@2.23.1 OK for: ttf2woff2@4.0.5 want: ^2.14.2
4413 silly placeDep ROOT node-gyp@9.4.1 OK for: ttf2woff2@4.0.5 want: ^9.0.0
4414 silly fetch manifest file-uri-to-path@1.0.0
4415 silly packumentCache full:https://registry.npmmirror.com/file-uri-to-path cache-miss
4416 silly fetch manifest readable-stream@^3.4.0
4417 silly packumentCache full:https://registry.npmmirror.com/readable-stream cache-hit
4418 silly fetch manifest env-paths@^2.2.0
4419 silly packumentCache full:https://registry.npmmirror.com/env-paths cache-miss
4420 silly fetch manifest exponential-backoff@^3.1.1
4421 silly packumentCache full:https://registry.npmmirror.com/exponential-backoff cache-miss
4422 silly fetch manifest glob@^7.1.4
4423 silly packumentCache full:https://registry.npmmirror.com/glob cache-hit
4424 silly fetch manifest graceful-fs@^4.2.6
4425 silly packumentCache full:https://registry.npmmirror.com/graceful-fs cache-hit
4426 silly fetch manifest make-fetch-happen@^10.0.3
4427 silly packumentCache full:https://registry.npmmirror.com/make-fetch-happen cache-miss
4428 silly fetch manifest nopt@^6.0.0
4429 silly packumentCache full:https://registry.npmmirror.com/nopt cache-miss
4430 silly fetch manifest npmlog@^6.0.0
4431 silly packumentCache full:https://registry.npmmirror.com/npmlog cache-miss
4432 silly fetch manifest rimraf@^3.0.2
4433 silly packumentCache full:https://registry.npmmirror.com/rimraf cache-miss
4434 http fetch GET 200 https://registry.npmmirror.com/make-fetch-happen 53ms (cache revalidated)
4435 silly packumentCache full:https://registry.npmmirror.com/make-fetch-happen set size:333005 disposed:false
4436 http fetch GET 200 https://registry.npmmirror.com/exponential-backoff 70ms (cache revalidated)
4437 silly packumentCache full:https://registry.npmmirror.com/exponential-backoff set size:45460 disposed:false
4438 http fetch GET 200 https://registry.npmmirror.com/npmlog 70ms (cache revalidated)
4439 silly packumentCache full:https://registry.npmmirror.com/npmlog set size:64631 disposed:false
4440 http fetch GET 200 https://registry.npmmirror.com/file-uri-to-path 73ms (cache revalidated)
4441 silly packumentCache full:https://registry.npmmirror.com/file-uri-to-path set size:9131 disposed:false
4442 http fetch GET 200 https://registry.npmmirror.com/nopt 74ms (cache revalidated)
4443 silly packumentCache full:https://registry.npmmirror.com/nopt set size:69402 disposed:false
4444 http fetch GET 200 https://registry.npmmirror.com/env-paths 75ms (cache revalidated)
4445 silly packumentCache full:https://registry.npmmirror.com/env-paths set size:20488 disposed:false
4446 http fetch GET 200 https://registry.npmmirror.com/rimraf 75ms (cache revalidated)
4447 silly packumentCache full:https://registry.npmmirror.com/rimraf set size:196272 disposed:false
4448 silly placeDep ROOT file-uri-to-path@1.0.0 OK for: bindings@1.5.0 want: 1.0.0
4449 silly placeDep node_modules/bufferstreams readable-stream@3.6.2 OK for: bufferstreams@3.0.0 want: ^3.4.0
4450 silly placeDep ROOT env-paths@2.2.1 OK for: node-gyp@9.4.1 want: ^2.2.0
4451 silly placeDep ROOT exponential-backoff@3.1.3 OK for: node-gyp@9.4.1 want: ^3.1.1
4452 silly placeDep node_modules/node-gyp glob@7.2.3 OK for: node-gyp@9.4.1 want: ^7.1.4
4453 silly placeDep ROOT graceful-fs@4.2.11 OK for: node-gyp@9.4.1 want: ^4.2.6
4454 silly placeDep ROOT make-fetch-happen@10.2.1 OK for: node-gyp@9.4.1 want: ^10.0.3
4455 silly placeDep ROOT nopt@6.0.0 OK for: node-gyp@9.4.1 want: ^6.0.0
4456 silly placeDep ROOT npmlog@6.0.2 OK for: node-gyp@9.4.1 want: ^6.0.0
4457 silly placeDep ROOT rimraf@3.0.2 OK for: node-gyp@9.4.1 want: ^3.0.2
4458 silly fetch manifest fs.realpath@^1.0.0
4459 silly packumentCache full:https://registry.npmmirror.com/fs.realpath cache-miss
4460 silly fetch manifest inflight@^1.0.4
4461 silly packumentCache full:https://registry.npmmirror.com/inflight cache-miss
4462 silly fetch manifest minimatch@^3.1.1
4463 silly packumentCache full:https://registry.npmmirror.com/minimatch cache-hit
4464 silly fetch manifest path-is-absolute@^1.0.0
4465 silly packumentCache full:https://registry.npmmirror.com/path-is-absolute cache-miss
4466 silly fetch manifest agentkeepalive@^4.2.1
4467 silly packumentCache full:https://registry.npmmirror.com/agentkeepalive cache-miss
4468 silly fetch manifest cacache@^16.1.0
4469 silly packumentCache full:https://registry.npmmirror.com/cacache cache-miss
4470 silly fetch manifest http-proxy-agent@^5.0.0
4471 silly packumentCache full:https://registry.npmmirror.com/http-proxy-agent cache-miss
4472 silly fetch manifest https-proxy-agent@^5.0.0
4473 silly packumentCache full:https://registry.npmmirror.com/https-proxy-agent cache-miss
4474 silly fetch manifest is-lambda@^1.0.1
4475 silly packumentCache full:https://registry.npmmirror.com/is-lambda cache-miss
4476 silly fetch manifest lru-cache@^7.7.1
4477 silly packumentCache full:https://registry.npmmirror.com/lru-cache cache-hit
4478 silly fetch manifest minipass@^3.1.6
4479 silly packumentCache full:https://registry.npmmirror.com/minipass cache-hit
4480 silly fetch manifest minipass-collect@^1.0.2
4481 silly packumentCache full:https://registry.npmmirror.com/minipass-collect cache-miss
4482 silly fetch manifest minipass-fetch@^2.0.3
4483 silly packumentCache full:https://registry.npmmirror.com/minipass-fetch cache-miss
4484 silly fetch manifest minipass-flush@^1.0.5
4485 silly packumentCache full:https://registry.npmmirror.com/minipass-flush cache-miss
4486 silly fetch manifest minipass-pipeline@^1.2.4
4487 silly packumentCache full:https://registry.npmmirror.com/minipass-pipeline cache-miss
4488 silly fetch manifest negotiator@^0.6.3
4489 silly packumentCache full:https://registry.npmmirror.com/negotiator cache-miss
4490 silly fetch manifest promise-retry@^2.0.1
4491 silly packumentCache full:https://registry.npmmirror.com/promise-retry cache-miss
4492 silly fetch manifest socks-proxy-agent@^7.0.0
4493 silly packumentCache full:https://registry.npmmirror.com/socks-proxy-agent cache-miss
4494 silly fetch manifest ssri@^9.0.0
4495 silly packumentCache full:https://registry.npmmirror.com/ssri cache-miss
4496 silly fetch manifest abbrev@^1.0.0
4497 silly packumentCache full:https://registry.npmmirror.com/abbrev cache-miss
4498 silly fetch manifest are-we-there-yet@^3.0.0
4499 silly packumentCache full:https://registry.npmmirror.com/are-we-there-yet cache-miss
4500 silly fetch manifest console-control-strings@^1.1.0
4501 silly packumentCache full:https://registry.npmmirror.com/console-control-strings cache-miss
4502 silly fetch manifest gauge@^4.0.3
4503 silly packumentCache full:https://registry.npmmirror.com/gauge cache-miss
4504 silly fetch manifest set-blocking@^2.0.0
4505 silly packumentCache full:https://registry.npmmirror.com/set-blocking cache-miss
4506 silly fetch manifest glob@^7.1.3
4507 silly packumentCache full:https://registry.npmmirror.com/glob cache-hit
4508 http fetch GET 200 https://registry.npmmirror.com/is-lambda 156ms (cache revalidated)
4509 silly packumentCache full:https://registry.npmmirror.com/is-lambda set size:4449 disposed:false
4510 http fetch GET 200 https://registry.npmmirror.com/inflight 158ms (cache revalidated)
4511 silly packumentCache full:https://registry.npmmirror.com/inflight set size:12972 disposed:false
4512 http fetch GET 200 https://registry.npmmirror.com/minipass-pipeline 156ms (cache revalidated)
4513 silly packumentCache full:https://registry.npmmirror.com/minipass-pipeline set size:17221 disposed:false
4514 http fetch GET 200 https://registry.npmmirror.com/path-is-absolute 159ms (cache revalidated)
4515 silly packumentCache full:https://registry.npmmirror.com/path-is-absolute set size:7128 disposed:false
4516 http fetch GET 200 https://registry.npmmirror.com/ssri 156ms (cache revalidated)
4517 silly packumentCache full:https://registry.npmmirror.com/ssri set size:125135 disposed:false
4518 http fetch GET 200 https://registry.npmmirror.com/minipass-fetch 158ms (cache revalidated)
4519 silly packumentCache full:https://registry.npmmirror.com/minipass-fetch set size:86279 disposed:false
4520 http fetch GET 200 https://registry.npmmirror.com/cacache 161ms (cache revalidated)
4521 silly packumentCache full:https://registry.npmmirror.com/cacache set size:349335 disposed:false
4522 http fetch GET 200 https://registry.npmmirror.com/minipass-flush 163ms (cache revalidated)
4523 silly packumentCache full:https://registry.npmmirror.com/minipass-flush set size:10454 disposed:false
4524 http fetch GET 200 https://registry.npmmirror.com/http-proxy-agent 165ms (cache revalidated)
4525 silly packumentCache full:https://registry.npmmirror.com/http-proxy-agent set size:47100 disposed:false
4526 http fetch GET 200 https://registry.npmmirror.com/minipass-collect 164ms (cache revalidated)
4527 silly packumentCache full:https://registry.npmmirror.com/minipass-collect set size:9823 disposed:false
4528 http fetch GET 200 https://registry.npmmirror.com/fs.realpath 167ms (cache revalidated)
4529 silly packumentCache full:https://registry.npmmirror.com/fs.realpath set size:4742 disposed:false
4530 http fetch GET 200 https://registry.npmmirror.com/promise-retry 164ms (cache revalidated)
4531 silly packumentCache full:https://registry.npmmirror.com/promise-retry set size:31625 disposed:false
4532 http fetch GET 200 https://registry.npmmirror.com/https-proxy-agent 168ms (cache revalidated)
4533 silly packumentCache full:https://registry.npmmirror.com/https-proxy-agent set size:70730 disposed:false
4534 http fetch GET 200 https://registry.npmmirror.com/negotiator 167ms (cache revalidated)
4535 silly packumentCache full:https://registry.npmmirror.com/negotiator set size:52505 disposed:false
4536 http fetch GET 200 https://registry.npmmirror.com/abbrev 172ms (cache revalidated)
4537 silly packumentCache full:https://registry.npmmirror.com/abbrev set size:22351 disposed:false
4538 http fetch GET 200 https://registry.npmmirror.com/agentkeepalive 176ms (cache revalidated)
4539 silly packumentCache full:https://registry.npmmirror.com/agentkeepalive set size:126687 disposed:false
4540 http fetch GET 200 https://registry.npmmirror.com/console-control-strings 180ms (cache revalidated)
4541 silly packumentCache full:https://registry.npmmirror.com/console-control-strings set size:9218 disposed:false
4542 http fetch GET 200 https://registry.npmmirror.com/are-we-there-yet 182ms (cache revalidated)
4543 silly packumentCache full:https://registry.npmmirror.com/are-we-there-yet set size:48497 disposed:false
4544 http fetch GET 200 https://registry.npmmirror.com/set-blocking 183ms (cache revalidated)
4545 silly packumentCache full:https://registry.npmmirror.com/set-blocking set size:5779 disposed:false
4546 http fetch GET 200 https://registry.npmmirror.com/gauge 184ms (cache revalidated)
4547 silly packumentCache full:https://registry.npmmirror.com/gauge set size:97405 disposed:false
4548 http fetch GET 200 https://registry.npmmirror.com/socks-proxy-agent 196ms (cache revalidated)
4549 silly packumentCache full:https://registry.npmmirror.com/socks-proxy-agent set size:91489 disposed:false
4550 silly placeDep ROOT agentkeepalive@4.6.0 OK for: make-fetch-happen@10.2.1 want: ^4.2.1
4551 silly placeDep ROOT cacache@16.1.3 OK for: make-fetch-happen@10.2.1 want: ^16.1.0
4552 silly placeDep ROOT http-proxy-agent@5.0.0 OK for: make-fetch-happen@10.2.1 want: ^5.0.0
4553 silly placeDep ROOT https-proxy-agent@5.0.1 OK for: make-fetch-happen@10.2.1 want: ^5.0.0
4554 silly placeDep ROOT is-lambda@1.0.1 OK for: make-fetch-happen@10.2.1 want: ^1.0.1
4555 silly placeDep node_modules/make-fetch-happen lru-cache@7.18.3 OK for: make-fetch-happen@10.2.1 want: ^7.7.1
4556 silly placeDep node_modules/make-fetch-happen minipass@3.3.6 OK for: make-fetch-happen@10.2.1 want: ^3.1.6
4557 silly placeDep ROOT minipass-collect@1.0.2 OK for: make-fetch-happen@10.2.1 want: ^1.0.2
4558 silly placeDep ROOT minipass-fetch@2.1.2 OK for: make-fetch-happen@10.2.1 want: ^2.0.3
4559 silly placeDep ROOT minipass-flush@1.0.5 OK for: make-fetch-happen@10.2.1 want: ^1.0.5
4560 silly placeDep ROOT minipass-pipeline@1.2.4 OK for: make-fetch-happen@10.2.1 want: ^1.2.4
4561 silly placeDep ROOT negotiator@0.6.4 OK for: make-fetch-happen@10.2.1 want: ^0.6.3
4562 silly placeDep ROOT promise-retry@2.0.1 OK for: make-fetch-happen@10.2.1 want: ^2.0.1
4563 silly placeDep ROOT socks-proxy-agent@7.0.0 OK for: make-fetch-happen@10.2.1 want: ^7.0.0
4564 silly placeDep ROOT ssri@9.0.1 OK for: make-fetch-happen@10.2.1 want: ^9.0.0
4565 silly fetch manifest humanize-ms@^1.2.1
4566 silly packumentCache full:https://registry.npmmirror.com/humanize-ms cache-miss
4567 silly fetch manifest @npmcli/fs@^2.1.0
4568 silly packumentCache full:https://registry.npmmirror.com/@npmcli%2ffs cache-miss
4569 silly fetch manifest @npmcli/move-file@^2.0.0
4570 silly packumentCache full:https://registry.npmmirror.com/@npmcli%2fmove-file cache-miss
4571 silly fetch manifest glob@^8.0.1
4572 silly packumentCache full:https://registry.npmmirror.com/glob cache-hit
4573 silly fetch manifest infer-owner@^1.0.4
4574 silly packumentCache full:https://registry.npmmirror.com/infer-owner cache-miss
4575 silly fetch manifest p-map@^4.0.0
4576 silly packumentCache full:https://registry.npmmirror.com/p-map cache-miss
4577 silly fetch manifest promise-inflight@^1.0.1
4578 silly packumentCache full:https://registry.npmmirror.com/promise-inflight cache-miss
4579 silly fetch manifest unique-filename@^2.0.0
4580 silly packumentCache full:https://registry.npmmirror.com/unique-filename cache-miss
4581 silly fetch manifest @tootallnate/once@2
4582 silly packumentCache full:https://registry.npmmirror.com/@tootallnate%2fonce cache-miss
4583 silly fetch manifest agent-base@6
4584 silly packumentCache full:https://registry.npmmirror.com/agent-base cache-miss
4585 silly fetch manifest agent-base@6
4586 silly packumentCache full:https://registry.npmmirror.com/agent-base cache-miss
4587 silly fetch manifest minipass-sized@^1.0.3
4588 silly packumentCache full:https://registry.npmmirror.com/minipass-sized cache-miss
4589 silly fetch manifest encoding@^0.1.13
4590 silly packumentCache full:https://registry.npmmirror.com/encoding cache-miss
4591 silly fetch manifest err-code@^2.0.2
4592 silly packumentCache full:https://registry.npmmirror.com/err-code cache-miss
4593 silly fetch manifest retry@^0.12.0
4594 silly packumentCache full:https://registry.npmmirror.com/retry cache-miss
4595 silly fetch manifest agent-base@^6.0.2
4596 silly packumentCache full:https://registry.npmmirror.com/agent-base cache-miss
4597 silly fetch manifest socks@^2.6.2
4598 silly packumentCache full:https://registry.npmmirror.com/socks cache-miss
4599 silly fetch manifest minipass@^3.1.1
4600 silly packumentCache full:https://registry.npmmirror.com/minipass cache-hit
4601 http fetch GET 200 https://registry.npmmirror.com/@npmcli%2ffs 79ms (cache revalidated)
4602 silly packumentCache full:https://registry.npmmirror.com/@npmcli%2ffs set size:39308 disposed:false
4603 http fetch GET 200 https://registry.npmmirror.com/retry 86ms (cache revalidated)
4604 silly packumentCache full:https://registry.npmmirror.com/retry set size:29764 disposed:false
4605 http fetch GET 200 https://registry.npmmirror.com/socks 86ms (cache revalidated)
4606 silly packumentCache full:https://registry.npmmirror.com/socks set size:152878 disposed:false
4607 http fetch GET 200 https://registry.npmmirror.com/agent-base 92ms (cache revalidated)
4608 silly packumentCache full:https://registry.npmmirror.com/agent-base set size:60667 disposed:false
4609 http fetch GET 200 https://registry.npmmirror.com/infer-owner 94ms (cache revalidated)
4610 silly packumentCache full:https://registry.npmmirror.com/infer-owner set size:5111 disposed:false
4611 http fetch GET 200 https://registry.npmmirror.com/@tootallnate%2fonce 94ms (cache revalidated)
4612 silly packumentCache full:https://registry.npmmirror.com/@tootallnate%2fonce set size:14933 disposed:false
4613 http fetch GET 200 https://registry.npmmirror.com/err-code 90ms (cache revalidated)
4614 silly packumentCache full:https://registry.npmmirror.com/err-code set size:23574 disposed:false
4615 http fetch GET 200 https://registry.npmmirror.com/promise-inflight 95ms (cache revalidated)
4616 silly packumentCache full:https://registry.npmmirror.com/promise-inflight set size:4700 disposed:false
4617 http fetch GET 200 https://registry.npmmirror.com/encoding 94ms (cache revalidated)
4618 silly packumentCache full:https://registry.npmmirror.com/encoding set size:16633 disposed:false
4619 http fetch GET 200 https://registry.npmmirror.com/p-map 97ms (cache revalidated)
4620 silly packumentCache full:https://registry.npmmirror.com/p-map set size:46212 disposed:false
4621 http fetch GET 200 https://registry.npmmirror.com/unique-filename 96ms (cache revalidated)
4622 silly packumentCache full:https://registry.npmmirror.com/unique-filename set size:21632 disposed:false
4623 http fetch GET 200 https://registry.npmmirror.com/agent-base 98ms (cache revalidated)
4624 silly packumentCache full:https://registry.npmmirror.com/agent-base set size:60667 disposed:false
4625 silly packumentCache full:https://registry.npmmirror.com/agent-base dispose
4626 http fetch GET 200 https://registry.npmmirror.com/minipass-sized 97ms (cache revalidated)
4627 silly packumentCache full:https://registry.npmmirror.com/minipass-sized set size:8184 disposed:false
4628 http fetch GET 200 https://registry.npmmirror.com/@npmcli%2fmove-file 103ms (cache revalidated)
4629 silly packumentCache full:https://registry.npmmirror.com/@npmcli%2fmove-file set size:20105 disposed:false
4630 http fetch GET 200 https://registry.npmmirror.com/humanize-ms 105ms (cache revalidated)
4631 silly packumentCache full:https://registry.npmmirror.com/humanize-ms set size:12313 disposed:false
4632 http fetch GET 200 https://registry.npmmirror.com/agent-base 117ms (cache revalidated)
4633 silly packumentCache full:https://registry.npmmirror.com/agent-base set size:60667 disposed:true
4634 silly packumentCache full:https://registry.npmmirror.com/agent-base dispose
4635 silly placeDep ROOT humanize-ms@1.2.1 OK for: agentkeepalive@4.6.0 want: ^1.2.1
4636 silly placeDep ROOT @npmcli/fs@2.1.2 OK for: cacache@16.1.3 want: ^2.1.0
4637 silly placeDep ROOT @npmcli/move-file@2.0.1 OK for: cacache@16.1.3 want: ^2.0.0
4638 silly placeDep node_modules/cacache glob@8.1.0 OK for: cacache@16.1.3 want: ^8.0.1
4639 silly placeDep ROOT infer-owner@1.0.4 OK for: cacache@16.1.3 want: ^1.0.4
4640 silly placeDep node_modules/cacache lru-cache@7.18.3 OK for: cacache@16.1.3 want: ^7.7.1
4641 silly placeDep node_modules/cacache minipass@3.3.6 OK for: cacache@16.1.3 want: ^3.1.6
4642 silly placeDep ROOT p-map@4.0.0 OK for: cacache@16.1.3 want: ^4.0.0
4643 silly placeDep ROOT promise-inflight@1.0.1 OK for: cacache@16.1.3 want: ^1.0.1
4644 silly placeDep ROOT unique-filename@2.0.1 OK for: cacache@16.1.3 want: ^2.0.0
4645 silly fetch manifest @gar/promisify@^1.1.3
4646 silly packumentCache full:https://registry.npmmirror.com/@gar%2fpromisify cache-miss
4647 silly fetch manifest minimatch@^5.0.1
4648 silly packumentCache full:https://registry.npmmirror.com/minimatch cache-hit
4649 silly fetch manifest aggregate-error@^3.0.0
4650 silly packumentCache full:https://registry.npmmirror.com/aggregate-error cache-miss
4651 silly fetch manifest unique-slug@^3.0.0
4652 silly packumentCache full:https://registry.npmmirror.com/unique-slug cache-miss
4653 http fetch GET 200 https://registry.npmmirror.com/@gar%2fpromisify 40ms (cache revalidated)
4654 silly packumentCache full:https://registry.npmmirror.com/@gar%2fpromisify set size:12366 disposed:false
4655 http fetch GET 200 https://registry.npmmirror.com/aggregate-error 49ms (cache revalidated)
4656 silly packumentCache full:https://registry.npmmirror.com/aggregate-error set size:22371 disposed:false
4657 http fetch GET 200 https://registry.npmmirror.com/unique-slug 71ms (cache revalidated)
4658 silly packumentCache full:https://registry.npmmirror.com/unique-slug set size:18851 disposed:false
4659 silly placeDep ROOT @gar/promisify@1.1.3 OK for: @npmcli/fs@2.1.2 want: ^1.1.3
4660 silly placeDep ROOT @tootallnate/once@2.0.0 OK for: http-proxy-agent@5.0.0 want: 2
4661 silly placeDep ROOT agent-base@6.0.2 OK for: http-proxy-agent@5.0.0 want: 6
4662 silly placeDep node_modules/minipass-collect minipass@3.3.6 OK for: minipass-collect@1.0.2 want: ^3.0.0
4663 silly placeDep ROOT encoding@0.1.13 OK for: minipass-fetch@2.1.2 want: ^0.1.13
4664 silly placeDep node_modules/minipass-fetch minipass@3.3.6 OK for: minipass-fetch@2.1.2 want: ^3.1.6
4665 silly placeDep ROOT minipass-sized@1.0.3 OK for: minipass-fetch@2.1.2 want: ^1.0.3
4666 silly placeDep node_modules/minipass-flush minipass@3.3.6 OK for: minipass-flush@1.0.5 want: ^3.0.0
4667 silly placeDep node_modules/minipass-pipeline minipass@3.3.6 OK for: minipass-pipeline@1.2.4 want: ^3.0.0
4668 silly placeDep node_modules/minipass-sized minipass@3.3.6 OK for: minipass-sized@1.0.3 want: ^3.0.0
4669 silly placeDep ROOT abbrev@1.1.1 OK for: nopt@6.0.0 want: ^1.0.0
4670 silly placeDep ROOT are-we-there-yet@3.0.1 OK for: npmlog@6.0.2 want: ^3.0.0
4671 silly placeDep ROOT console-control-strings@1.1.0 OK for: npmlog@6.0.2 want: ^1.1.0
4672 silly placeDep ROOT gauge@4.0.4 OK for: npmlog@6.0.2 want: ^4.0.3
4673 silly placeDep ROOT set-blocking@2.0.0 OK for: npmlog@6.0.2 want: ^2.0.0
4674 silly fetch manifest delegates@^1.0.0
4675 silly packumentCache full:https://registry.npmmirror.com/delegates cache-miss
4676 silly fetch manifest readable-stream@^3.6.0
4677 silly packumentCache full:https://registry.npmmirror.com/readable-stream cache-hit
4678 silly fetch manifest aproba@^1.0.3 || ^2.0.0
4679 silly packumentCache full:https://registry.npmmirror.com/aproba cache-miss
4680 silly fetch manifest color-support@^1.1.3
4681 silly packumentCache full:https://registry.npmmirror.com/color-support cache-miss
4682 silly fetch manifest has-unicode@^2.0.1
4683 silly packumentCache full:https://registry.npmmirror.com/has-unicode cache-miss
4684 silly fetch manifest signal-exit@^3.0.7
4685 silly packumentCache full:https://registry.npmmirror.com/signal-exit cache-hit
4686 silly fetch manifest wide-align@^1.1.5
4687 silly packumentCache full:https://registry.npmmirror.com/wide-align cache-miss
4688 http fetch GET 200 https://registry.npmmirror.com/delegates 43ms (cache revalidated)
4689 silly packumentCache full:https://registry.npmmirror.com/delegates set size:8540 disposed:false
4690 http fetch GET 200 https://registry.npmmirror.com/has-unicode 54ms (cache revalidated)
4691 silly packumentCache full:https://registry.npmmirror.com/has-unicode set size:7516 disposed:false
4692 http fetch GET 200 https://registry.npmmirror.com/color-support 54ms (cache revalidated)
4693 silly packumentCache full:https://registry.npmmirror.com/color-support set size:13777 disposed:false
4694 http fetch GET 200 https://registry.npmmirror.com/aproba 55ms (cache revalidated)
4695 silly packumentCache full:https://registry.npmmirror.com/aproba set size:19248 disposed:false
4696 http fetch GET 200 https://registry.npmmirror.com/wide-align 101ms (cache revalidated)
4697 silly packumentCache full:https://registry.npmmirror.com/wide-align set size:14599 disposed:false
4698 silly placeDep ROOT delegates@1.0.0 OK for: are-we-there-yet@3.0.1 want: ^1.0.0
4699 silly placeDep node_modules/are-we-there-yet readable-stream@3.6.2 OK for: are-we-there-yet@3.0.1 want: ^3.6.0
4700 silly placeDep ROOT aproba@2.1.0 OK for: gauge@4.0.4 want: ^1.0.3 || ^2.0.0
4701 silly placeDep ROOT color-support@1.1.3 OK for: gauge@4.0.4 want: ^1.1.3
4702 silly placeDep ROOT has-unicode@2.0.1 OK for: gauge@4.0.4 want: ^2.0.1
4703 silly placeDep node_modules/gauge signal-exit@3.0.7 OK for: gauge@4.0.4 want: ^3.0.7
4704 silly placeDep node_modules/gauge string-width@4.2.3 OK for: gauge@4.0.4 want: ^4.2.3
4705 silly placeDep node_modules/gauge strip-ansi@6.0.1 OK for: gauge@4.0.4 want: ^6.0.1
4706 silly placeDep ROOT wide-align@1.1.5 OK for: gauge@4.0.4 want: ^1.1.5
4707 silly fetch manifest string-width@^1.0.2 || 2 || 3 || 4
4708 silly packumentCache full:https://registry.npmmirror.com/string-width cache-hit
4709 silly placeDep ROOT aggregate-error@3.1.0 OK for: p-map@4.0.0 want: ^3.0.0
4710 silly fetch manifest clean-stack@^2.0.0
4711 silly packumentCache full:https://registry.npmmirror.com/clean-stack cache-miss
4712 http fetch GET 200 https://registry.npmmirror.com/clean-stack 48ms (cache revalidated)
4713 silly packumentCache full:https://registry.npmmirror.com/clean-stack set size:45575 disposed:false
4714 silly placeDep ROOT clean-stack@2.2.0 OK for: aggregate-error@3.1.0 want: ^2.0.0
4715 silly placeDep ROOT err-code@2.0.3 OK for: promise-retry@2.0.1 want: ^2.0.2
4716 silly placeDep ROOT retry@0.12.0 OK for: promise-retry@2.0.1 want: ^0.12.0
4717 silly placeDep node_modules/rimraf glob@7.2.3 OK for: rimraf@3.0.2 want: ^7.1.3
4718 silly placeDep ROOT socks@2.8.7 OK for: socks-proxy-agent@7.0.0 want: ^2.6.2
4719 silly fetch manifest ip-address@^10.0.1
4720 silly packumentCache full:https://registry.npmmirror.com/ip-address cache-miss
4721 silly fetch manifest smart-buffer@^4.2.0
4722 silly packumentCache full:https://registry.npmmirror.com/smart-buffer cache-miss
4723 http fetch GET 200 https://registry.npmmirror.com/ip-address 60ms (cache revalidated)
4724 silly packumentCache full:https://registry.npmmirror.com/ip-address set size:119492 disposed:false
4725 http fetch GET 200 https://registry.npmmirror.com/smart-buffer 66ms (cache revalidated)
4726 silly packumentCache full:https://registry.npmmirror.com/smart-buffer set size:83961 disposed:false
4727 silly placeDep ROOT ip-address@10.1.0 OK for: socks@2.8.7 want: ^10.0.1
4728 silly placeDep ROOT smart-buffer@4.2.0 OK for: socks@2.8.7 want: ^4.2.0
4729 silly placeDep node_modules/ssri minipass@3.3.6 OK for: ssri@9.0.1 want: ^3.1.1
4730 silly placeDep node_modules/unicode-trie pako@0.2.9 OK for: unicode-trie@2.0.0 want: ^0.2.5
4731 silly placeDep ROOT bail@2.0.2 OK for: unified@11.0.5 want: ^2.0.0
4732 silly placeDep ROOT extend@3.0.2 OK for: unified@11.0.5 want: ^3.0.0
4733 silly placeDep node_modules/unified is-plain-obj@4.1.0 OK for: unified@11.0.5 want: ^4.0.0
4734 silly placeDep ROOT trough@2.2.0 OK for: unified@11.0.5 want: ^2.0.0
4735 silly placeDep node_modules/unifont css-tree@3.1.0 OK for: unifont@0.6.0 want: ^3.0.0
4736 silly placeDep ROOT ofetch@1.5.1 OK for: unifont@0.6.0 want: ^1.4.1
4737 silly placeDep ROOT ohash@2.0.11 OK for: unifont@0.6.0 want: ^2.0.0
4738 silly fetch manifest mdn-data@2.12.2
4739 silly packumentCache full:https://registry.npmmirror.com/mdn-data cache-hit
4740 silly placeDep ROOT destr@2.0.5 OK for: ofetch@1.5.1 want: ^2.0.5
4741 silly placeDep ROOT node-fetch-native@1.6.7 OK for: ofetch@1.5.1 want: ^1.6.7
4742 silly placeDep ROOT unique-slug@3.0.0 OK for: unique-filename@2.0.1 want: ^3.0.0
4743 silly fetch manifest imurmurhash@^0.1.4
4744 silly packumentCache full:https://registry.npmmirror.com/imurmurhash cache-miss
4745 http fetch GET 200 https://registry.npmmirror.com/imurmurhash 39ms (cache revalidated)
4746 silly packumentCache full:https://registry.npmmirror.com/imurmurhash set size:11941 disposed:false
4747 silly placeDep ROOT imurmurhash@0.1.4 OK for: unique-slug@3.0.0 want: ^0.1.4
4748 silly placeDep node_modules/unist-util-map @types/unist@2.0.11 OK for: unist-util-map@3.1.3 want: ^2.0.0
4749 silly placeDep ROOT anymatch@3.1.3 OK for: unstorage@1.17.2 want: ^3.1.3
4750 silly placeDep ROOT h3@1.15.4 OK for: unstorage@1.17.2 want: ^1.15.4
4751 silly placeDep node_modules/unstorage lru-cache@10.4.3 OK for: unstorage@1.17.2 want: ^10.4.3
4752 silly fetch manifest picomatch@^2.0.4
4753 silly packumentCache full:https://registry.npmmirror.com/picomatch cache-hit
4754 silly fetch manifest cookie-es@^1.2.2
4755 silly packumentCache full:https://registry.npmmirror.com/cookie-es cache-miss
4756 silly fetch manifest crossws@^0.3.5
4757 silly packumentCache full:https://registry.npmmirror.com/crossws cache-hit
4758 silly fetch manifest defu@^6.1.4
4759 silly packumentCache full:https://registry.npmmirror.com/defu cache-miss
4760 silly fetch manifest iron-webcrypto@^1.2.1
4761 silly packumentCache full:https://registry.npmmirror.com/iron-webcrypto cache-miss
4762 silly fetch manifest node-mock-http@^1.0.2
4763 silly packumentCache full:https://registry.npmmirror.com/node-mock-http cache-miss
4764 silly fetch manifest radix3@^1.1.2
4765 silly packumentCache full:https://registry.npmmirror.com/radix3 cache-miss
4766 silly fetch manifest uncrypto@^0.1.3
4767 silly packumentCache full:https://registry.npmmirror.com/uncrypto cache-miss
4768 http fetch GET 200 https://registry.npmmirror.com/uncrypto 49ms (cache revalidated)
4769 silly packumentCache full:https://registry.npmmirror.com/uncrypto set size:15758 disposed:false
4770 http fetch GET 200 https://registry.npmmirror.com/iron-webcrypto 51ms (cache revalidated)
4771 silly packumentCache full:https://registry.npmmirror.com/iron-webcrypto set size:126918 disposed:false
4772 http fetch GET 200 https://registry.npmmirror.com/radix3 53ms (cache revalidated)
4773 silly packumentCache full:https://registry.npmmirror.com/radix3 set size:37120 disposed:false
4774 http fetch GET 200 https://registry.npmmirror.com/node-mock-http 54ms (cache revalidated)
4775 silly packumentCache full:https://registry.npmmirror.com/node-mock-http set size:24760 disposed:false
4776 http fetch GET 200 https://registry.npmmirror.com/defu 54ms (cache revalidated)
4777 silly packumentCache full:https://registry.npmmirror.com/defu set size:62807 disposed:false
4778 http fetch GET 200 https://registry.npmmirror.com/cookie-es 55ms (cache revalidated)
4779 silly packumentCache full:https://registry.npmmirror.com/cookie-es set size:20451 disposed:false
4780 silly placeDep node_modules/anymatch picomatch@2.3.1 OK for: anymatch@3.1.3 want: ^2.0.4
4781 silly placeDep ROOT cookie-es@1.2.2 OK for: h3@1.15.4 want: ^1.2.2
4782 silly placeDep ROOT crossws@0.3.5 OK for: h3@1.15.4 want: ^0.3.5
4783 silly placeDep ROOT defu@6.1.4 OK for: h3@1.15.4 want: ^6.1.4
4784 silly placeDep ROOT iron-webcrypto@1.2.1 OK for: h3@1.15.4 want: ^1.2.1
4785 silly placeDep ROOT node-mock-http@1.0.3 OK for: h3@1.15.4 want: ^1.0.2
4786 silly placeDep ROOT radix3@1.1.2 OK for: h3@1.15.4 want: ^1.1.2
4787 silly placeDep ROOT uncrypto@0.1.3 OK for: h3@1.15.4 want: ^0.1.3
4788 silly placeDep ROOT escalade@3.2.0 OK for: update-browserslist-db@1.1.4 want: ^3.2.0
4789 silly placeDep ROOT spdx-correct@3.2.0 OK for: validate-npm-package-license@3.0.4 want: ^3.0.0
4790 silly placeDep ROOT spdx-expression-parse@3.0.1 OK for: validate-npm-package-license@3.0.4 want: ^3.0.0
4791 silly fetch manifest spdx-license-ids@^3.0.0
4792 silly packumentCache full:https://registry.npmmirror.com/spdx-license-ids cache-miss
4793 silly fetch manifest spdx-exceptions@^2.1.0
4794 silly packumentCache full:https://registry.npmmirror.com/spdx-exceptions cache-miss
4795 silly fetch manifest spdx-license-ids@^3.0.0
4796 silly packumentCache full:https://registry.npmmirror.com/spdx-license-ids cache-miss
4797 http fetch GET 200 https://registry.npmmirror.com/spdx-license-ids 54ms (cache revalidated)
4798 silly packumentCache full:https://registry.npmmirror.com/spdx-license-ids set size:71458 disposed:false
4799 http fetch GET 200 https://registry.npmmirror.com/spdx-exceptions 56ms (cache revalidated)
4800 silly packumentCache full:https://registry.npmmirror.com/spdx-exceptions set size:19496 disposed:false
4801 http fetch GET 200 https://registry.npmmirror.com/spdx-license-ids 57ms (cache revalidated)
4802 silly packumentCache full:https://registry.npmmirror.com/spdx-license-ids set size:71458 disposed:false
4803 silly packumentCache full:https://registry.npmmirror.com/spdx-license-ids dispose
4804 silly placeDep ROOT spdx-license-ids@3.0.22 OK for: spdx-correct@3.2.0 want: ^3.0.0
4805 silly placeDep ROOT spdx-exceptions@2.5.0 OK for: spdx-expression-parse@3.0.1 want: ^2.1.0
4806 silly placeDep node_modules/vinyl clone@1.0.4 OK for: vinyl@1.2.0 want: ^1.0.0
4807 silly placeDep ROOT clone-stats@0.0.1 OK for: vinyl@1.2.0 want: ^0.0.1
4808 silly placeDep node_modules/vinyl replace-ext@0.0.1 OK for: vinyl@1.2.0 want: 0.0.1
4809 silly placeDep ROOT fs-mkdirp-stream@1.0.0 OK for: vinyl-fs@3.0.3 want: ^1.0.0
4810 silly placeDep ROOT glob-stream@6.1.0 OK for: vinyl-fs@3.0.3 want: ^6.1.0
4811 silly placeDep ROOT is-valid-glob@1.0.0 OK for: vinyl-fs@3.0.3 want: ^1.0.0
4812 silly placeDep ROOT lazystream@1.0.1 OK for: vinyl-fs@3.0.3 want: ^1.0.0
4813 silly placeDep ROOT lead@1.0.0 OK for: vinyl-fs@3.0.3 want: ^1.0.0
4814 silly placeDep ROOT object.assign@4.1.7 OK for: vinyl-fs@3.0.3 want: ^4.0.4
4815 silly placeDep ROOT pumpify@1.5.1 OK for: vinyl-fs@3.0.3 want: ^1.3.5
4816 silly placeDep ROOT remove-bom-buffer@3.0.0 OK for: vinyl-fs@3.0.3 want: ^3.0.0
4817 silly placeDep ROOT remove-bom-stream@1.2.0 OK for: vinyl-fs@3.0.3 want: ^1.2.0
4818 silly placeDep ROOT resolve-options@1.1.0 OK for: vinyl-fs@3.0.3 want: ^1.1.0
4819 silly placeDep node_modules/vinyl-fs through2@2.0.5 OK for: vinyl-fs@3.0.3 want: ^2.0.0
4820 silly placeDep ROOT to-through@2.0.0 OK for: vinyl-fs@3.0.3 want: ^2.0.0
4821 silly placeDep ROOT value-or-function@3.0.0 OK for: vinyl-fs@3.0.3 want: ^3.0.0
4822 silly placeDep node_modules/vinyl-fs vinyl@2.2.1 OK for: vinyl-fs@3.0.3 want: ^2.0.0
4823 silly placeDep ROOT vinyl-sourcemap@1.1.0 OK for: vinyl-fs@3.0.3 want: ^1.1.0
4824 silly fetch manifest through2@^2.0.3
4825 silly packumentCache full:https://registry.npmmirror.com/through2 cache-hit
4826 silly fetch manifest glob@^7.1.1
4827 silly packumentCache full:https://registry.npmmirror.com/glob cache-hit
4828 silly fetch manifest glob-parent@^3.1.0
4829 silly packumentCache full:https://registry.npmmirror.com/glob-parent cache-hit
4830 silly fetch manifest is-negated-glob@^1.0.0
4831 silly packumentCache full:https://registry.npmmirror.com/is-negated-glob cache-miss
4832 silly fetch manifest ordered-read-streams@^1.0.0
4833 silly packumentCache full:https://registry.npmmirror.com/ordered-read-streams cache-miss
4834 silly fetch manifest remove-trailing-separator@^1.0.1
4835 silly packumentCache full:https://registry.npmmirror.com/remove-trailing-separator cache-miss
4836 silly fetch manifest to-absolute-glob@^2.0.0
4837 silly packumentCache full:https://registry.npmmirror.com/to-absolute-glob cache-miss
4838 silly fetch manifest unique-stream@^2.0.2
4839 silly packumentCache full:https://registry.npmmirror.com/unique-stream cache-miss
4840 silly fetch manifest flush-write-stream@^1.0.2
4841 silly packumentCache full:https://registry.npmmirror.com/flush-write-stream cache-miss
4842 silly fetch manifest call-bind@^1.0.8
4843 silly packumentCache full:https://registry.npmmirror.com/call-bind cache-miss
4844 silly fetch manifest call-bound@^1.0.3
4845 silly packumentCache full:https://registry.npmmirror.com/call-bound cache-miss
4846 silly fetch manifest define-properties@^1.2.1
4847 silly packumentCache full:https://registry.npmmirror.com/define-properties cache-miss
4848 silly fetch manifest object-keys@^1.1.1
4849 silly packumentCache full:https://registry.npmmirror.com/object-keys cache-miss
4850 silly fetch manifest duplexify@^3.6.0
4851 silly packumentCache full:https://registry.npmmirror.com/duplexify cache-miss
4852 silly fetch manifest pump@^2.0.0
4853 silly packumentCache full:https://registry.npmmirror.com/pump cache-hit
4854 silly fetch manifest is-buffer@^1.1.5
4855 silly packumentCache full:https://registry.npmmirror.com/is-buffer cache-miss
4856 silly fetch manifest is-utf8@^0.2.1
4857 silly packumentCache full:https://registry.npmmirror.com/is-utf8 cache-miss
4858 silly fetch manifest through2@^2.0.3
4859 silly packumentCache full:https://registry.npmmirror.com/through2 cache-hit
4860 silly fetch manifest xtend@~4.0.1
4861 silly packumentCache full:https://registry.npmmirror.com/xtend cache-miss
4862 silly fetch manifest through2@^2.0.3
4863 silly packumentCache full:https://registry.npmmirror.com/through2 cache-hit
4864 silly fetch manifest clone-buffer@^1.0.0
4865 silly packumentCache full:https://registry.npmmirror.com/clone-buffer cache-miss
4866 silly fetch manifest clone-stats@^1.0.0
4867 silly packumentCache full:https://registry.npmmirror.com/clone-stats cache-hit
4868 silly fetch manifest cloneable-readable@^1.0.0
4869 silly packumentCache full:https://registry.npmmirror.com/cloneable-readable cache-miss
4870 silly fetch manifest remove-trailing-separator@^1.0.1
4871 silly packumentCache full:https://registry.npmmirror.com/remove-trailing-separator cache-miss
4872 silly fetch manifest replace-ext@^1.0.0
4873 silly packumentCache full:https://registry.npmmirror.com/replace-ext cache-hit
4874 silly fetch manifest append-buffer@^1.0.2
4875 silly packumentCache full:https://registry.npmmirror.com/append-buffer cache-miss
4876 silly fetch manifest convert-source-map@^1.5.0
4877 silly packumentCache full:https://registry.npmmirror.com/convert-source-map cache-miss
4878 silly fetch manifest normalize-path@^2.1.1
4879 silly packumentCache full:https://registry.npmmirror.com/normalize-path cache-hit
4880 silly fetch manifest now-and-later@^2.0.0
4881 silly packumentCache full:https://registry.npmmirror.com/now-and-later cache-miss
4882 http fetch GET 200 https://registry.npmmirror.com/call-bound 77ms (cache revalidated)
4883 silly packumentCache full:https://registry.npmmirror.com/call-bound set size:15809 disposed:false
4884 http fetch GET 200 https://registry.npmmirror.com/is-utf8 85ms (cache revalidated)
4885 silly packumentCache full:https://registry.npmmirror.com/is-utf8 set size:4161 disposed:false
4886 http fetch GET 200 https://registry.npmmirror.com/call-bind 86ms (cache revalidated)
4887 silly packumentCache full:https://registry.npmmirror.com/call-bind set size:27963 disposed:false
4888 http fetch GET 200 https://registry.npmmirror.com/duplexify 86ms (cache revalidated)
4889 silly packumentCache full:https://registry.npmmirror.com/duplexify set size:64941 disposed:false
4890 http fetch GET 200 https://registry.npmmirror.com/remove-trailing-separator 88ms (cache revalidated)
4891 silly packumentCache full:https://registry.npmmirror.com/remove-trailing-separator set size:9346 disposed:false
4892 http fetch GET 200 https://registry.npmmirror.com/object-keys 88ms (cache revalidated)
4893 silly packumentCache full:https://registry.npmmirror.com/object-keys set size:64883 disposed:false
4894 http fetch GET 200 https://registry.npmmirror.com/is-negated-glob 91ms (cache revalidated)
4895 silly packumentCache full:https://registry.npmmirror.com/is-negated-glob set size:8444 disposed:false
4896 http fetch GET 200 https://registry.npmmirror.com/clone-buffer 90ms (cache revalidated)
4897 silly packumentCache full:https://registry.npmmirror.com/clone-buffer set size:4073 disposed:false
4898 http fetch GET 200 https://registry.npmmirror.com/define-properties 92ms (cache revalidated)
4899 silly packumentCache full:https://registry.npmmirror.com/define-properties set size:30757 disposed:false
4900 http fetch GET 200 https://registry.npmmirror.com/is-buffer 94ms (cache revalidated)
4901 silly packumentCache full:https://registry.npmmirror.com/is-buffer set size:31609 disposed:false
4902 http fetch GET 200 https://registry.npmmirror.com/flush-write-stream 96ms (cache revalidated)
4903 silly packumentCache full:https://registry.npmmirror.com/flush-write-stream set size:12525 disposed:false
4904 http fetch GET 200 https://registry.npmmirror.com/remove-trailing-separator 95ms (cache revalidated)
4905 silly packumentCache full:https://registry.npmmirror.com/remove-trailing-separator set size:9346 disposed:false
4906 silly packumentCache full:https://registry.npmmirror.com/remove-trailing-separator dispose
4907 http fetch GET 200 https://registry.npmmirror.com/convert-source-map 110ms (cache revalidated)
4908 silly packumentCache full:https://registry.npmmirror.com/convert-source-map set size:64246 disposed:false
4909 http fetch GET 200 https://registry.npmmirror.com/cloneable-readable 120ms (cache revalidated)
4910 silly packumentCache full:https://registry.npmmirror.com/cloneable-readable set size:27375 disposed:false
4911 http fetch GET 200 https://registry.npmmirror.com/to-absolute-glob 124ms (cache revalidated)
4912 silly packumentCache full:https://registry.npmmirror.com/to-absolute-glob set size:26211 disposed:false
4913 http fetch GET 200 https://registry.npmmirror.com/unique-stream 128ms (cache revalidated)
4914 silly packumentCache full:https://registry.npmmirror.com/unique-stream set size:30515 disposed:false
4915 http fetch GET 200 https://registry.npmmirror.com/ordered-read-streams 132ms (cache revalidated)
4916 silly packumentCache full:https://registry.npmmirror.com/ordered-read-streams set size:26268 disposed:false
4917 http fetch GET 200 https://registry.npmmirror.com/now-and-later 131ms (cache revalidated)
4918 silly packumentCache full:https://registry.npmmirror.com/now-and-later set size:29918 disposed:false
4919 http fetch GET 200 https://registry.npmmirror.com/xtend 134ms (cache revalidated)
4920 silly packumentCache full:https://registry.npmmirror.com/xtend set size:26701 disposed:false
4921 http fetch GET 200 https://registry.npmmirror.com/append-buffer 167ms (cache revalidated)
4922 silly packumentCache full:https://registry.npmmirror.com/append-buffer set size:9286 disposed:false
4923 silly placeDep node_modules/fs-mkdirp-stream through2@2.0.5 OK for: fs-mkdirp-stream@1.0.0 want: ^2.0.3
4924 silly placeDep node_modules/glob-stream glob@7.2.3 OK for: glob-stream@6.1.0 want: ^7.1.1
4925 silly placeDep node_modules/glob-stream glob-parent@3.1.0 OK for: glob-stream@6.1.0 want: ^3.1.0
4926 silly placeDep ROOT is-negated-glob@1.0.0 OK for: glob-stream@6.1.0 want: ^1.0.0
4927 silly placeDep ROOT ordered-read-streams@1.0.1 OK for: glob-stream@6.1.0 want: ^1.0.0
4928 silly placeDep ROOT remove-trailing-separator@1.1.0 OK for: glob-stream@6.1.0 want: ^1.0.1
4929 silly placeDep ROOT to-absolute-glob@2.0.2 OK for: glob-stream@6.1.0 want: ^2.0.0
4930 silly placeDep ROOT unique-stream@2.4.0 OK for: glob-stream@6.1.0 want: ^2.0.2
4931 silly fetch manifest is-glob@^3.1.0
4932 silly packumentCache full:https://registry.npmmirror.com/is-glob cache-hit
4933 silly fetch manifest path-dirname@^1.0.0
4934 silly packumentCache full:https://registry.npmmirror.com/path-dirname cache-miss
4935 silly fetch manifest is-absolute@^1.0.0
4936 silly packumentCache full:https://registry.npmmirror.com/is-absolute cache-miss
4937 silly fetch manifest json-stable-stringify-without-jsonify@^1.0.1
4938 silly packumentCache full:https://registry.npmmirror.com/json-stable-stringify-without-jsonify cache-miss
4939 silly fetch manifest through2-filter@3.0.0
4940 silly packumentCache full:https://registry.npmmirror.com/through2-filter cache-miss
4941 http fetch GET 200 https://registry.npmmirror.com/json-stable-stringify-without-jsonify 50ms (cache revalidated)
4942 silly packumentCache full:https://registry.npmmirror.com/json-stable-stringify-without-jsonify set size:5784 disposed:false
4943 http fetch GET 200 https://registry.npmmirror.com/is-absolute 50ms (cache revalidated)
4944 silly packumentCache full:https://registry.npmmirror.com/is-absolute set size:33621 disposed:false
4945 http fetch GET 200 https://registry.npmmirror.com/path-dirname 58ms (cache revalidated)
4946 silly packumentCache full:https://registry.npmmirror.com/path-dirname set size:3493 disposed:false
4947 http fetch GET 200 https://registry.npmmirror.com/through2-filter 87ms (cache revalidated)
4948 silly packumentCache full:https://registry.npmmirror.com/through2-filter set size:22363 disposed:false
4949 silly placeDep ROOT flush-write-stream@1.1.1 OK for: lead@1.0.0 want: ^1.0.2
4950 silly placeDep ROOT call-bind@1.0.8 OK for: object.assign@4.1.7 want: ^1.0.8
4951 silly placeDep ROOT call-bound@1.0.4 OK for: object.assign@4.1.7 want: ^1.0.3
4952 silly placeDep ROOT define-properties@1.2.1 OK for: object.assign@4.1.7 want: ^1.2.1
4953 silly placeDep ROOT object-keys@1.1.1 OK for: object.assign@4.1.7 want: ^1.1.1
4954 silly fetch manifest set-function-length@^1.2.2
4955 silly packumentCache full:https://registry.npmmirror.com/set-function-length cache-miss
4956 silly fetch manifest define-data-property@^1.0.1
4957 silly packumentCache full:https://registry.npmmirror.com/define-data-property cache-miss
4958 silly fetch manifest has-property-descriptors@^1.0.0
4959 silly packumentCache full:https://registry.npmmirror.com/has-property-descriptors cache-miss
4960 http fetch GET 200 https://registry.npmmirror.com/has-property-descriptors 45ms (cache revalidated)
4961 silly packumentCache full:https://registry.npmmirror.com/has-property-descriptors set size:12803 disposed:false
4962 http fetch GET 200 https://registry.npmmirror.com/define-data-property 47ms (cache revalidated)
4963 silly packumentCache full:https://registry.npmmirror.com/define-data-property set size:28969 disposed:false
4964 http fetch GET 200 https://registry.npmmirror.com/set-function-length 48ms (cache revalidated)
4965 silly packumentCache full:https://registry.npmmirror.com/set-function-length set size:25181 disposed:false
4966 silly placeDep ROOT set-function-length@1.2.2 OK for: call-bind@1.0.8 want: ^1.2.2
4967 silly fetch manifest define-data-property@^1.1.4
4968 silly packumentCache full:https://registry.npmmirror.com/define-data-property cache-hit
4969 silly fetch manifest has-property-descriptors@^1.0.2
4970 silly packumentCache full:https://registry.npmmirror.com/has-property-descriptors cache-hit
4971 silly placeDep ROOT define-data-property@1.1.4 OK for: define-properties@1.2.1 want: ^1.0.1
4972 silly placeDep ROOT has-property-descriptors@1.0.2 OK for: define-properties@1.2.1 want: ^1.0.0
4973 silly placeDep ROOT duplexify@3.7.1 OK for: pumpify@1.5.1 want: ^3.6.0
4974 silly placeDep node_modules/pumpify pump@2.0.1 OK for: pumpify@1.5.1 want: ^2.0.0
4975 silly fetch manifest stream-shift@^1.0.0
4976 silly packumentCache full:https://registry.npmmirror.com/stream-shift cache-miss
4977 http fetch GET 200 https://registry.npmmirror.com/stream-shift 35ms (cache revalidated)
4978 silly packumentCache full:https://registry.npmmirror.com/stream-shift set size:7363 disposed:false
4979 silly placeDep ROOT stream-shift@1.0.3 OK for: duplexify@3.7.1 want: ^1.0.0
4980 silly placeDep ROOT is-buffer@1.1.6 OK for: remove-bom-buffer@3.0.0 want: ^1.1.5
4981 silly placeDep ROOT is-utf8@0.2.1 OK for: remove-bom-buffer@3.0.0 want: ^0.2.1
4982 silly placeDep node_modules/remove-bom-stream through2@2.0.5 OK for: remove-bom-stream@1.2.0 want: ^2.0.3
4983 silly placeDep ROOT is-absolute@1.0.0 OK for: to-absolute-glob@2.0.2 want: ^1.0.0
4984 silly fetch manifest is-relative@^1.0.0
4985 silly packumentCache full:https://registry.npmmirror.com/is-relative cache-miss
4986 silly fetch manifest is-windows@^1.0.1
4987 silly packumentCache full:https://registry.npmmirror.com/is-windows cache-miss
4988 http fetch GET 200 https://registry.npmmirror.com/is-windows 43ms (cache revalidated)
4989 silly packumentCache full:https://registry.npmmirror.com/is-windows set size:16955 disposed:false
4990 http fetch GET 200 https://registry.npmmirror.com/is-relative 44ms (cache revalidated)
4991 silly packumentCache full:https://registry.npmmirror.com/is-relative set size:16731 disposed:false
4992 silly placeDep ROOT is-relative@1.0.0 OK for: is-absolute@1.0.0 want: ^1.0.0
4993 silly placeDep ROOT is-windows@1.0.2 OK for: is-absolute@1.0.0 want: ^1.0.1
4994 silly fetch manifest is-unc-path@^1.0.0
4995 silly packumentCache full:https://registry.npmmirror.com/is-unc-path cache-miss
4996 http fetch GET 200 https://registry.npmmirror.com/is-unc-path 34ms (cache revalidated)
4997 silly packumentCache full:https://registry.npmmirror.com/is-unc-path set size:10311 disposed:false
4998 silly placeDep ROOT is-unc-path@1.0.0 OK for: is-relative@1.0.0 want: ^1.0.0
4999 silly fetch manifest unc-path-regex@^0.1.2
5000 silly packumentCache full:https://registry.npmmirror.com/unc-path-regex cache-miss
5001 http fetch GET 200 https://registry.npmmirror.com/unc-path-regex 45ms (cache revalidated)
5002 silly packumentCache full:https://registry.npmmirror.com/unc-path-regex set size:8818 disposed:false
5003 silly placeDep ROOT unc-path-regex@0.1.2 OK for: is-unc-path@1.0.0 want: ^0.1.2
5004 silly placeDep node_modules/to-through through2@2.0.5 OK for: to-through@2.0.0 want: ^2.0.3
5005 silly placeDep ROOT json-stable-stringify-without-jsonify@1.0.1 OK for: unique-stream@2.4.0 want: ^1.0.1
5006 silly placeDep ROOT through2-filter@3.0.0 OK for: unique-stream@2.4.0 want: 3.0.0
5007 silly fetch manifest through2@~2.0.0
5008 silly packumentCache full:https://registry.npmmirror.com/through2 cache-hit
5009 silly fetch manifest xtend@~4.0.0
5010 silly packumentCache full:https://registry.npmmirror.com/xtend cache-hit
5011 silly placeDep node_modules/through2-filter through2@2.0.5 OK for: through2-filter@3.0.0 want: ~2.0.0
5012 silly placeDep ROOT xtend@4.0.2 OK for: through2-filter@3.0.0 want: ~4.0.0
5013 silly placeDep ROOT append-buffer@1.0.2 OK for: vinyl-sourcemap@1.1.0 want: ^1.0.2
5014 silly placeDep ROOT convert-source-map@1.9.0 OK for: vinyl-sourcemap@1.1.0 want: ^1.5.0
5015 silly placeDep node_modules/vinyl-sourcemap normalize-path@2.1.1 OK for: vinyl-sourcemap@1.1.0 want: ^2.1.1
5016 silly placeDep ROOT now-and-later@2.0.1 OK for: vinyl-sourcemap@1.1.0 want: ^2.0.0
5017 silly placeDep node_modules/vinyl-sourcemap vinyl@2.2.1 OK for: vinyl-sourcemap@1.1.0 want: ^2.0.0
5018 silly fetch manifest buffer-equal@^1.0.0
5019 silly packumentCache full:https://registry.npmmirror.com/buffer-equal cache-miss
5020 http fetch GET 200 https://registry.npmmirror.com/buffer-equal 39ms (cache revalidated)
5021 silly packumentCache full:https://registry.npmmirror.com/buffer-equal set size:11672 disposed:false
5022 silly fetch manifest convert-source-map@^2.0.0
5023 silly packumentCache full:https://registry.npmmirror.com/convert-source-map cache-hit
5024 silly fetch manifest gensync@^1.0.0-beta.2
5025 silly packumentCache full:https://registry.npmmirror.com/gensync cache-miss
5026 http fetch GET 200 https://registry.npmmirror.com/gensync 58ms (cache revalidated)
5027 silly packumentCache full:https://registry.npmmirror.com/gensync set size:12128 disposed:false
5028 silly fetch manifest json5@^2.2.3
5029 silly packumentCache full:https://registry.npmmirror.com/json5 cache-miss
5030 http fetch GET 200 https://registry.npmmirror.com/json5 46ms (cache revalidated)
5031 silly packumentCache full:https://registry.npmmirror.com/json5 set size:78995 disposed:false
5032 silly placeDep node_modules/@babel/core convert-source-map@2.0.0 OK for: @babel/core@7.28.5 want: ^2.0.0
5033 silly placeDep ROOT gensync@1.0.0-beta.2 OK for: @babel/core@7.28.5 want: ^1.0.0-beta.2
5034 silly placeDep ROOT json5@2.2.3 OK for: @babel/core@7.28.5 want: ^2.2.3
5035 silly placeDep ROOT buffer-equal@1.0.1 OK for: append-buffer@1.0.2 want: ^1.0.0
5036 silly placeDep ROOT fsevents@2.3.3 OK for: vite@6.4.1 want: ~2.3.3
5037 silly placeDep ROOT rollup@4.53.2 OK for: vite@6.4.1 want: ^4.34.9
5038 silly fetch manifest @rollup/rollup-darwin-arm64@4.53.2
5039 silly packumentCache full:https://registry.npmmirror.com/@rollup%2frollup-darwin-arm64 cache-miss
5040 silly fetch manifest @rollup/rollup-android-arm64@4.53.2
5041 silly packumentCache full:https://registry.npmmirror.com/@rollup%2frollup-android-arm64 cache-miss
5042 silly fetch manifest @rollup/rollup-win32-arm64-msvc@4.53.2
5043 silly packumentCache full:https://registry.npmmirror.com/@rollup%2frollup-win32-arm64-msvc cache-miss
5044 silly fetch manifest @rollup/rollup-freebsd-arm64@4.53.2
5045 silly packumentCache full:https://registry.npmmirror.com/@rollup%2frollup-freebsd-arm64 cache-miss
5046 silly fetch manifest @rollup/rollup-linux-arm64-gnu@4.53.2
5047 silly packumentCache full:https://registry.npmmirror.com/@rollup%2frollup-linux-arm64-gnu cache-miss
5048 silly fetch manifest @rollup/rollup-linux-arm64-musl@4.53.2
5049 silly packumentCache full:https://registry.npmmirror.com/@rollup%2frollup-linux-arm64-musl cache-miss
5050 silly fetch manifest @rollup/rollup-android-arm-eabi@4.53.2
5051 silly packumentCache full:https://registry.npmmirror.com/@rollup%2frollup-android-arm-eabi cache-miss
5052 silly fetch manifest @rollup/rollup-linux-arm-gnueabihf@4.53.2
5053 silly packumentCache full:https://registry.npmmirror.com/@rollup%2frollup-linux-arm-gnueabihf cache-miss
5054 silly fetch manifest @rollup/rollup-linux-arm-musleabihf@4.53.2
5055 silly packumentCache full:https://registry.npmmirror.com/@rollup%2frollup-linux-arm-musleabihf cache-miss
5056 silly fetch manifest @rollup/rollup-win32-ia32-msvc@4.53.2
5057 silly packumentCache full:https://registry.npmmirror.com/@rollup%2frollup-win32-ia32-msvc cache-miss
5058 silly fetch manifest @rollup/rollup-linux-loong64-gnu@4.53.2
5059 silly packumentCache full:https://registry.npmmirror.com/@rollup%2frollup-linux-loong64-gnu cache-miss
5060 silly fetch manifest @rollup/rollup-linux-riscv64-gnu@4.53.2
5061 silly packumentCache full:https://registry.npmmirror.com/@rollup%2frollup-linux-riscv64-gnu cache-miss
5062 silly fetch manifest @rollup/rollup-linux-riscv64-musl@4.53.2
5063 silly packumentCache full:https://registry.npmmirror.com/@rollup%2frollup-linux-riscv64-musl cache-miss
5064 silly fetch manifest @rollup/rollup-linux-ppc64-gnu@4.53.2
5065 silly packumentCache full:https://registry.npmmirror.com/@rollup%2frollup-linux-ppc64-gnu cache-miss
5066 silly fetch manifest @rollup/rollup-linux-s390x-gnu@4.53.2
5067 silly packumentCache full:https://registry.npmmirror.com/@rollup%2frollup-linux-s390x-gnu cache-miss
5068 silly fetch manifest @rollup/rollup-darwin-x64@4.53.2
5069 silly packumentCache full:https://registry.npmmirror.com/@rollup%2frollup-darwin-x64 cache-miss
5070 silly fetch manifest @rollup/rollup-win32-x64-gnu@4.53.2
5071 silly packumentCache full:https://registry.npmmirror.com/@rollup%2frollup-win32-x64-gnu cache-miss
5072 silly fetch manifest @rollup/rollup-win32-x64-msvc@4.53.2
5073 silly packumentCache full:https://registry.npmmirror.com/@rollup%2frollup-win32-x64-msvc cache-miss
5074 silly fetch manifest @rollup/rollup-freebsd-x64@4.53.2
5075 silly packumentCache full:https://registry.npmmirror.com/@rollup%2frollup-freebsd-x64 cache-miss
5076 silly fetch manifest @rollup/rollup-linux-x64-gnu@4.53.2
5077 silly packumentCache full:https://registry.npmmirror.com/@rollup%2frollup-linux-x64-gnu cache-miss
5078 silly fetch manifest @rollup/rollup-linux-x64-musl@4.53.2
5079 silly packumentCache full:https://registry.npmmirror.com/@rollup%2frollup-linux-x64-musl cache-miss
5080 silly fetch manifest @rollup/rollup-openharmony-arm64@4.53.2
5081 silly packumentCache full:https://registry.npmmirror.com/@rollup%2frollup-openharmony-arm64 cache-miss
5082 http fetch GET 200 https://registry.npmmirror.com/@rollup%2frollup-darwin-arm64 97ms (cache revalidated)
5083 silly packumentCache full:https://registry.npmmirror.com/@rollup%2frollup-darwin-arm64 set size:325578 disposed:false
5084 http fetch GET 200 https://registry.npmmirror.com/@rollup%2frollup-linux-ppc64-gnu 106ms (cache revalidated)
5085 silly packumentCache full:https://registry.npmmirror.com/@rollup%2frollup-linux-ppc64-gnu set size:57668 disposed:false
5086 http fetch GET 200 https://registry.npmmirror.com/@rollup%2frollup-freebsd-arm64 108ms (cache revalidated)
5087 silly packumentCache full:https://registry.npmmirror.com/@rollup%2frollup-freebsd-arm64 set size:162350 disposed:false
5088 http fetch GET 200 https://registry.npmmirror.com/@rollup%2frollup-linux-loong64-gnu 110ms (cache revalidated)
5089 silly packumentCache full:https://registry.npmmirror.com/@rollup%2frollup-linux-loong64-gnu set size:33368 disposed:false
5090 http fetch GET 200 https://registry.npmmirror.com/@rollup%2frollup-android-arm-eabi 112ms (cache revalidated)
5091 silly packumentCache full:https://registry.npmmirror.com/@rollup%2frollup-android-arm-eabi set size:329890 disposed:false
5092 http fetch GET 200 https://registry.npmmirror.com/@rollup%2frollup-linux-arm64-gnu 121ms (cache revalidated)
5093 silly packumentCache full:https://registry.npmmirror.com/@rollup%2frollup-linux-arm64-gnu set size:331996 disposed:false
5094 http fetch GET 200 https://registry.npmmirror.com/@rollup%2frollup-linux-arm-gnueabihf 124ms (cache revalidated)
5095 silly packumentCache full:https://registry.npmmirror.com/@rollup%2frollup-linux-arm-gnueabihf set size:335032 disposed:false
5096 http fetch GET 200 https://registry.npmmirror.com/@rollup%2frollup-linux-arm-musleabihf 126ms (cache revalidated)
5097 silly packumentCache full:https://registry.npmmirror.com/@rollup%2frollup-linux-arm-musleabihf set size:220321 disposed:false
5098 http fetch GET 200 https://registry.npmmirror.com/@rollup%2frollup-android-arm64 129ms (cache revalidated)
5099 silly packumentCache full:https://registry.npmmirror.com/@rollup%2frollup-android-arm64 set size:326920 disposed:false
5100 http fetch GET 200 https://registry.npmmirror.com/@rollup%2frollup-win32-ia32-msvc 129ms (cache revalidated)
5101 silly packumentCache full:https://registry.npmmirror.com/@rollup%2frollup-win32-ia32-msvc set size:328643 disposed:false
5102 http fetch GET 200 https://registry.npmmirror.com/@rollup%2frollup-linux-arm64-musl 132ms (cache revalidated)
5103 silly packumentCache full:https://registry.npmmirror.com/@rollup%2frollup-linux-arm64-musl set size:283558 disposed:false
5104 http fetch GET 200 https://registry.npmmirror.com/@rollup%2frollup-linux-s390x-gnu 135ms (cache revalidated)
5105 silly packumentCache full:https://registry.npmmirror.com/@rollup%2frollup-linux-s390x-gnu set size:225704 disposed:false
5106 http fetch GET 200 https://registry.npmmirror.com/@rollup%2frollup-win32-arm64-msvc 138ms (cache revalidated)
5107 silly packumentCache full:https://registry.npmmirror.com/@rollup%2frollup-win32-arm64-msvc set size:330010 disposed:false
5108 http fetch GET 200 https://registry.npmmirror.com/@rollup%2frollup-darwin-x64 139ms (cache revalidated)
5109 silly packumentCache full:https://registry.npmmirror.com/@rollup%2frollup-darwin-x64 set size:322999 disposed:false
5110 http fetch GET 200 https://registry.npmmirror.com/@rollup%2frollup-linux-riscv64-gnu 142ms (cache revalidated)
5111 silly packumentCache full:https://registry.npmmirror.com/@rollup%2frollup-linux-riscv64-gnu set size:253706 disposed:false
5112 http fetch GET 200 https://registry.npmmirror.com/@rollup%2frollup-win32-x64-gnu 145ms (cache revalidated)
5113 silly packumentCache full:https://registry.npmmirror.com/@rollup%2frollup-win32-x64-gnu set size:27347 disposed:false
5114 http fetch GET 200 https://registry.npmmirror.com/@rollup%2frollup-linux-riscv64-musl 147ms (cache revalidated)
5115 silly packumentCache full:https://registry.npmmirror.com/@rollup%2frollup-linux-riscv64-musl set size:86845 disposed:false
5116 http fetch GET 200 https://registry.npmmirror.com/@rollup%2frollup-freebsd-x64 147ms (cache revalidated)
5117 silly packumentCache full:https://registry.npmmirror.com/@rollup%2frollup-freebsd-x64 set size:162809 disposed:false
5118 http fetch GET 200 https://registry.npmmirror.com/@rollup%2frollup-win32-x64-msvc 149ms (cache revalidated)
5119 silly packumentCache full:https://registry.npmmirror.com/@rollup%2frollup-win32-x64-msvc set size:327390 disposed:false
5120 http fetch GET 200 https://registry.npmmirror.com/@rollup%2frollup-linux-x64-musl 156ms (cache revalidated)
5121 silly packumentCache full:https://registry.npmmirror.com/@rollup%2frollup-linux-x64-musl set size:328438 disposed:false
5122 http fetch GET 200 https://registry.npmmirror.com/@rollup%2frollup-openharmony-arm64 157ms (cache revalidated)
5123 silly packumentCache full:https://registry.npmmirror.com/@rollup%2frollup-openharmony-arm64 set size:36669 disposed:false
5124 http fetch GET 200 https://registry.npmmirror.com/@rollup%2frollup-linux-x64-gnu 162ms (cache revalidated)
5125 silly packumentCache full:https://registry.npmmirror.com/@rollup%2frollup-linux-x64-gnu set size:329395 disposed:false
5126 silly placeDep ROOT @rollup/rollup-android-arm-eabi@4.53.2 OK for: rollup@4.53.2 want: 4.53.2
5127 silly placeDep ROOT @rollup/rollup-android-arm64@4.53.2 OK for: rollup@4.53.2 want: 4.53.2
5128 silly placeDep ROOT @rollup/rollup-darwin-arm64@4.53.2 OK for: rollup@4.53.2 want: 4.53.2
5129 silly placeDep ROOT @rollup/rollup-darwin-x64@4.53.2 OK for: rollup@4.53.2 want: 4.53.2
5130 silly placeDep ROOT @rollup/rollup-freebsd-arm64@4.53.2 OK for: rollup@4.53.2 want: 4.53.2
5131 silly placeDep ROOT @rollup/rollup-freebsd-x64@4.53.2 OK for: rollup@4.53.2 want: 4.53.2
5132 silly placeDep ROOT @rollup/rollup-linux-arm-gnueabihf@4.53.2 OK for: rollup@4.53.2 want: 4.53.2
5133 silly placeDep ROOT @rollup/rollup-linux-arm-musleabihf@4.53.2 OK for: rollup@4.53.2 want: 4.53.2
5134 silly placeDep ROOT @rollup/rollup-linux-arm64-gnu@4.53.2 OK for: rollup@4.53.2 want: 4.53.2
5135 silly placeDep ROOT @rollup/rollup-linux-arm64-musl@4.53.2 OK for: rollup@4.53.2 want: 4.53.2
5136 silly placeDep ROOT @rollup/rollup-linux-loong64-gnu@4.53.2 OK for: rollup@4.53.2 want: 4.53.2
5137 silly placeDep ROOT @rollup/rollup-linux-ppc64-gnu@4.53.2 OK for: rollup@4.53.2 want: 4.53.2
5138 silly placeDep ROOT @rollup/rollup-linux-riscv64-gnu@4.53.2 OK for: rollup@4.53.2 want: 4.53.2
5139 silly placeDep ROOT @rollup/rollup-linux-riscv64-musl@4.53.2 OK for: rollup@4.53.2 want: 4.53.2
5140 silly placeDep ROOT @rollup/rollup-linux-s390x-gnu@4.53.2 OK for: rollup@4.53.2 want: 4.53.2
5141 silly placeDep ROOT @rollup/rollup-linux-x64-gnu@4.53.2 OK for: rollup@4.53.2 want: 4.53.2
5142 silly placeDep ROOT @rollup/rollup-linux-x64-musl@4.53.2 OK for: rollup@4.53.2 want: 4.53.2
5143 silly placeDep ROOT @rollup/rollup-openharmony-arm64@4.53.2 OK for: rollup@4.53.2 want: 4.53.2
5144 silly placeDep ROOT @rollup/rollup-win32-arm64-msvc@4.53.2 OK for: rollup@4.53.2 want: 4.53.2
5145 silly placeDep ROOT @rollup/rollup-win32-ia32-msvc@4.53.2 OK for: rollup@4.53.2 want: 4.53.2
5146 silly placeDep ROOT @rollup/rollup-win32-x64-gnu@4.53.2 OK for: rollup@4.53.2 want: 4.53.2
5147 silly placeDep ROOT @rollup/rollup-win32-x64-msvc@4.53.2 OK for: rollup@4.53.2 want: 4.53.2
5148 silly placeDep ROOT vscode-css-languageservice@6.3.8 OK for: volar-service-css@0.0.66 want: ^6.3.0
5149 silly fetch manifest @emmetio/css-parser@github:ramya-rao-a/css-parser#vscode
5150 silly placeDep node_modules/volar-service-emmet @emmetio/css-parser@ OK for: volar-service-emmet@0.0.66 want: github:ramya-rao-a/css-parser#vscode
5151 silly placeDep ROOT @vscode/emmet-helper@2.11.0 OK for: volar-service-emmet@0.0.66 want: ^2.9.3
5152 silly fetch manifest emmet@^2.4.3
5153 silly packumentCache full:https://registry.npmmirror.com/emmet cache-miss
5154 silly fetch manifest jsonc-parser@^2.3.0
5155 silly packumentCache full:https://registry.npmmirror.com/jsonc-parser cache-miss
5156 silly fetch manifest vscode-languageserver-types@^3.15.1
5157 silly packumentCache full:https://registry.npmmirror.com/vscode-languageserver-types cache-hit
5158 http fetch GET 200 https://registry.npmmirror.com/jsonc-parser 98ms (cache revalidated)
5159 silly packumentCache full:https://registry.npmmirror.com/jsonc-parser set size:95390 disposed:false
5160 http fetch GET 200 https://registry.npmmirror.com/emmet 99ms (cache revalidated)
5161 silly packumentCache full:https://registry.npmmirror.com/emmet set size:137460 disposed:false
5162 silly placeDep ROOT emmet@2.4.11 OK for: @vscode/emmet-helper@2.11.0 want: ^2.4.3
5163 silly placeDep ROOT jsonc-parser@2.3.1 OK for: @vscode/emmet-helper@2.11.0 want: ^2.3.0
5164 silly placeDep ROOT vscode-languageserver-types@3.17.5 OK for: @vscode/emmet-helper@2.11.0 want: ^3.15.1
5165 silly placeDep ROOT typescript-auto-import-cache@0.3.6 OK for: volar-service-typescript@0.0.66 want: ^0.3.5
5166 silly placeDep ROOT vscode-nls@5.2.0 OK for: volar-service-typescript@0.0.66 want: ^5.2.0
5167 silly placeDep ROOT yaml-language-server@1.19.2 OK for: volar-service-yaml@0.0.66 want: ~1.19.2
5168 silly fetch manifest ajv@^8.17.1
5169 silly packumentCache full:https://registry.npmmirror.com/ajv cache-miss
5170 silly fetch manifest ajv-draft-04@^1.0.0
5171 silly packumentCache full:https://registry.npmmirror.com/ajv-draft-04 cache-miss
5172 silly fetch manifest prettier@^3.5.0
5173 silly packumentCache full:https://registry.npmmirror.com/prettier cache-hit
5174 silly fetch manifest request-light@^0.5.7
5175 silly packumentCache full:https://registry.npmmirror.com/request-light cache-hit
5176 silly fetch manifest vscode-json-languageservice@4.1.8
5177 silly packumentCache full:https://registry.npmmirror.com/vscode-json-languageservice cache-miss
5178 silly fetch manifest yaml@2.7.1
5179 silly packumentCache full:https://registry.npmmirror.com/yaml cache-hit
5180 http fetch GET 200 https://registry.npmmirror.com/ajv 51ms (cache revalidated)
5181 silly packumentCache full:https://registry.npmmirror.com/ajv set size:1042497 disposed:false
5182 http fetch GET 200 https://registry.npmmirror.com/vscode-json-languageservice 65ms (cache revalidated)
5183 silly packumentCache full:https://registry.npmmirror.com/vscode-json-languageservice set size:442400 disposed:false
5184 http fetch GET 200 https://registry.npmmirror.com/ajv-draft-04 179ms (cache revalidated)
5185 silly packumentCache full:https://registry.npmmirror.com/ajv-draft-04 set size:9756 disposed:false
5186 silly placeDep ROOT @vscode/l10n@0.0.18 OK for: vscode-css-languageservice@6.3.8 want: ^0.0.18
5187 silly placeDep ROOT vscode-jsonrpc@8.2.0 OK for: vscode-languageserver-protocol@3.17.5 want: 8.2.0
5188 silly placeDep ROOT isexe@2.0.0 OK for: which@2.0.2 want: ^2.0.0
5189 silly placeDep node_modules/wide-align string-width@4.2.3 OK for: wide-align@1.1.5 want: ^1.0.2 || 2 || 3 || 4
5190 silly placeDep ROOT ansi-styles@6.2.3 OK for: wrap-ansi@9.0.2 want: ^6.2.1
5191 silly placeDep node_modules/wrap-ansi-cjs ansi-styles@4.3.0 OK for: wrap-ansi@7.0.0 want: ^4.0.0
5192 silly placeDep node_modules/wrap-ansi-cjs string-width@4.2.3 OK for: wrap-ansi@7.0.0 want: ^4.1.0
5193 silly placeDep node_modules/wrap-ansi-cjs strip-ansi@6.0.1 OK for: wrap-ansi@7.0.0 want: ^6.0.0
5194 silly fetch manifest color-convert@^2.0.1
5195 silly packumentCache full:https://registry.npmmirror.com/color-convert cache-miss
5196 http fetch GET 200 https://registry.npmmirror.com/color-convert 68ms (cache revalidated)
5197 silly packumentCache full:https://registry.npmmirror.com/color-convert set size:68349 disposed:false
5198 silly placeDep ROOT ajv@8.17.1 OK for: yaml-language-server@1.19.2 want: ^8.17.1
5199 silly placeDep ROOT ajv-draft-04@1.0.0 OK for: yaml-language-server@1.19.2 want: ^1.0.0
5200 silly placeDep ROOT prettier@3.6.2 OK for: yaml-language-server@1.19.2 want: ^3.5.0
5201 silly placeDep node_modules/yaml-language-server request-light@0.5.8 OK for: yaml-language-server@1.19.2 want: ^0.5.7
5202 silly placeDep ROOT vscode-json-languageservice@4.1.8 OK for: yaml-language-server@1.19.2 want: 4.1.8
5203 silly placeDep node_modules/yaml-language-server yaml@2.7.1 OK for: yaml-language-server@1.19.2 want: 2.7.1
5204 silly fetch manifest fast-uri@^3.0.1
5205 silly packumentCache full:https://registry.npmmirror.com/fast-uri cache-miss
5206 silly fetch manifest json-schema-traverse@^1.0.0
5207 silly packumentCache full:https://registry.npmmirror.com/json-schema-traverse cache-miss
5208 silly fetch manifest require-from-string@^2.0.2
5209 silly packumentCache full:https://registry.npmmirror.com/require-from-string cache-miss
5210 silly fetch manifest jsonc-parser@^3.0.0
5211 silly packumentCache full:https://registry.npmmirror.com/jsonc-parser cache-hit
5212 http fetch GET 200 https://registry.npmmirror.com/json-schema-traverse 45ms (cache revalidated)
5213 silly packumentCache full:https://registry.npmmirror.com/json-schema-traverse set size:19581 disposed:false
5214 http fetch GET 200 https://registry.npmmirror.com/require-from-string 45ms (cache revalidated)
5215 silly packumentCache full:https://registry.npmmirror.com/require-from-string set size:14946 disposed:false
5216 http fetch GET 200 https://registry.npmmirror.com/fast-uri 55ms (cache revalidated)
5217 silly packumentCache full:https://registry.npmmirror.com/fast-uri set size:62695 disposed:false
5218 silly placeDep ROOT fast-uri@3.1.0 OK for: ajv@8.17.1 want: ^3.0.1
5219 silly placeDep ROOT json-schema-traverse@1.0.0 OK for: ajv@8.17.1 want: ^1.0.0
5220 silly placeDep ROOT require-from-string@2.0.2 OK for: ajv@8.17.1 want: ^2.0.2
5221 silly placeDep node_modules/vscode-json-languageservice jsonc-parser@3.3.1 OK for: vscode-json-languageservice@4.1.8 want: ^3.0.0
5222 silly placeDep ROOT cliui@8.0.1 OK for: yargs@17.7.2 want: ^8.0.1
5223 silly placeDep ROOT get-caller-file@2.0.5 OK for: yargs@17.7.2 want: ^2.0.5
5224 silly placeDep ROOT require-directory@2.1.1 OK for: yargs@17.7.2 want: ^2.1.1
5225 silly placeDep node_modules/yargs string-width@4.2.3 OK for: yargs@17.7.2 want: ^4.2.3
5226 silly placeDep ROOT y18n@5.0.8 OK for: yargs@17.7.2 want: ^5.0.5
5227 silly fetch manifest string-width@^4.2.0
5228 silly packumentCache full:https://registry.npmmirror.com/string-width cache-hit
5229 silly fetch manifest wrap-ansi@^7.0.0
5230 silly packumentCache full:https://registry.npmmirror.com/wrap-ansi cache-hit
5231 silly placeDep node_modules/cliui string-width@4.2.3 OK for: cliui@8.0.1 want: ^4.2.0
5232 silly placeDep node_modules/cliui strip-ansi@6.0.1 OK for: cliui@8.0.1 want: ^6.0.1
5233 silly placeDep node_modules/cliui wrap-ansi@7.0.0 OK for: cliui@8.0.1 want: ^7.0.0
5234 silly placeDep ROOT buffer-crc32@0.2.13 OK for: yauzl@2.10.0 want: ~0.2.3
5235 silly placeDep ROOT fd-slicer@1.1.0 OK for: yauzl@2.10.0 want: ~1.1.0
5236 silly fetch manifest pend@~1.2.0
5237 silly packumentCache full:https://registry.npmmirror.com/pend cache-miss
5238 http fetch GET 200 https://registry.npmmirror.com/pend 50ms (cache revalidated)
5239 silly packumentCache full:https://registry.npmmirror.com/pend set size:8028 disposed:false
5240 silly placeDep ROOT pend@1.2.0 OK for: fd-slicer@1.1.0 want: ~1.2.0
5241 silly placeDep ROOT yoctocolors@2.1.2 OK for: yocto-spinner@0.2.3 want: ^2.1.1
5242 silly placeDep node_modules/@iconify/utils pkg-types@2.3.0 OK for: local-pkg@1.1.2 want: ^2.3.0
5243 silly placeDep ROOT quansync@0.2.11 OK for: local-pkg@1.1.2 want: ^0.2.11
5244 silly fetch manifest confbox@^0.2.2
5245 silly packumentCache full:https://registry.npmmirror.com/confbox cache-hit
5246 silly fetch manifest exsolve@^1.0.7
5247 silly packumentCache full:https://registry.npmmirror.com/exsolve cache-miss
5248 http fetch GET 200 https://registry.npmmirror.com/exsolve 41ms (cache revalidated)
5249 silly packumentCache full:https://registry.npmmirror.com/exsolve set size:59788 disposed:false
5250 silly placeDep node_modules/@iconify/utils confbox@0.2.2 OK for: pkg-types@2.3.0 want: ^0.2.2
5251 silly placeDep ROOT exsolve@1.0.8 OK for: pkg-types@2.3.0 want: ^1.0.7
5252 silly placeDep node_modules/@iconify/utils pathe@2.0.3 OK for: pkg-types@2.3.0 want: ^2.0.3
5253 silly placeDep ROOT eastasianwidth@0.2.0 OK for: string-width@5.1.2 want: ^0.2.0
5254 silly placeDep node_modules/@isaacs/cliui emoji-regex@9.2.2 OK for: string-width@5.1.2 want: ^9.2.2
5255 silly placeDep ROOT @swup/browserslist-config@1.0.1 OK for: @swup/plugin@3.0.1 want: ^1.0.0
5256 silly placeDep ROOT @swup/prettier-config@1.1.0 OK for: @swup/plugin@3.0.1 want: ^1.0.0
5257 silly placeDep ROOT microbundle@0.15.1 OK for: @swup/plugin@3.0.1 want: ^0.15.1
5258 silly placeDep node_modules/@swup/parallel-plugin prettier@2.8.8 OK for: @swup/plugin@3.0.1 want: ^2.7.1
5259 silly placeDep ROOT shelljs@0.8.5 OK for: @swup/plugin@3.0.1 want: ^0.8.5
5260 silly placeDep ROOT shelljs-live@0.0.5 OK for: @swup/plugin@3.0.1 want: ^0.0.5
5261 silly fetch manifest @rollup/plugin-alias@^3.1.1
5262 silly packumentCache full:https://registry.npmmirror.com/@rollup%2fplugin-alias cache-miss
5263 silly fetch manifest @rollup/plugin-babel@^5.2.2
5264 silly packumentCache full:https://registry.npmmirror.com/@rollup%2fplugin-babel cache-miss
5265 silly fetch manifest @rollup/plugin-commonjs@^17.0.0
5266 silly packumentCache full:https://registry.npmmirror.com/@rollup%2fplugin-commonjs cache-miss
5267 silly fetch manifest @rollup/plugin-json@^4.1.0
5268 silly packumentCache full:https://registry.npmmirror.com/@rollup%2fplugin-json cache-miss
5269 silly fetch manifest @rollup/plugin-node-resolve@^11.0.1
5270 silly packumentCache full:https://registry.npmmirror.com/@rollup%2fplugin-node-resolve cache-miss
5271 silly fetch manifest @surma/rollup-plugin-off-main-thread@^2.2.2
5272 silly packumentCache full:https://registry.npmmirror.com/@surma%2frollup-plugin-off-main-thread cache-miss
5273 silly fetch manifest asyncro@^3.0.0
5274 silly packumentCache full:https://registry.npmmirror.com/asyncro cache-miss
5275 silly fetch manifest babel-plugin-macros@^3.0.1
5276 silly packumentCache full:https://registry.npmmirror.com/babel-plugin-macros cache-miss
5277 silly fetch manifest babel-plugin-transform-async-to-promises@^0.8.18
5278 silly packumentCache full:https://registry.npmmirror.com/babel-plugin-transform-async-to-promises cache-miss
5279 silly fetch manifest babel-plugin-transform-replace-expressions@^0.2.0
5280 silly packumentCache full:https://registry.npmmirror.com/babel-plugin-transform-replace-expressions cache-miss
5281 silly fetch manifest brotli-size@^4.0.0
5282 silly packumentCache full:https://registry.npmmirror.com/brotli-size cache-miss
5283 silly fetch manifest builtin-modules@^3.1.0
5284 silly packumentCache full:https://registry.npmmirror.com/builtin-modules cache-miss
5285 silly fetch manifest camelcase@^6.2.0
5286 silly packumentCache full:https://registry.npmmirror.com/camelcase cache-hit
5287 silly fetch manifest filesize@^6.1.0
5288 silly packumentCache full:https://registry.npmmirror.com/filesize cache-miss
5289 silly fetch manifest gzip-size@^6.0.0
5290 silly packumentCache full:https://registry.npmmirror.com/gzip-size cache-miss
5291 silly fetch manifest lodash.merge@^4.6.2
5292 silly packumentCache full:https://registry.npmmirror.com/lodash.merge cache-miss
5293 silly fetch manifest pretty-bytes@^5.4.1
5294 silly packumentCache full:https://registry.npmmirror.com/pretty-bytes cache-miss
5295 silly fetch manifest rollup@^2.35.1
5296 silly packumentCache full:https://registry.npmmirror.com/rollup cache-miss
5297 silly fetch manifest rollup-plugin-bundle-size@^1.0.3
5298 silly packumentCache full:https://registry.npmmirror.com/rollup-plugin-bundle-size cache-miss
5299 silly fetch manifest rollup-plugin-postcss@^4.0.0
5300 silly packumentCache full:https://registry.npmmirror.com/rollup-plugin-postcss cache-miss
5301 silly fetch manifest rollup-plugin-terser@^7.0.2
5302 silly packumentCache full:https://registry.npmmirror.com/rollup-plugin-terser cache-miss
5303 silly fetch manifest rollup-plugin-typescript2@^0.32.0
5304 silly packumentCache full:https://registry.npmmirror.com/rollup-plugin-typescript2 cache-miss
5305 silly fetch manifest rollup-plugin-visualizer@^5.6.0
5306 silly packumentCache full:https://registry.npmmirror.com/rollup-plugin-visualizer cache-miss
5307 silly fetch manifest sade@^1.7.4
5308 silly packumentCache full:https://registry.npmmirror.com/sade cache-miss
5309 silly fetch manifest terser@^5.7.0
5310 silly packumentCache full:https://registry.npmmirror.com/terser cache-hit
5311 silly fetch manifest tiny-glob@^0.2.8
5312 silly packumentCache full:https://registry.npmmirror.com/tiny-glob cache-miss
5313 silly fetch manifest typescript@^4.1.3
5314 silly packumentCache full:https://registry.npmmirror.com/typescript cache-miss
5315 silly fetch manifest glob@^7.0.0
5316 silly packumentCache full:https://registry.npmmirror.com/glob cache-hit
5317 silly fetch manifest interpret@^1.0.0
5318 silly packumentCache full:https://registry.npmmirror.com/interpret cache-miss
5319 silly fetch manifest rechoir@^0.6.2
5320 silly packumentCache full:https://registry.npmmirror.com/rechoir cache-miss
5321 http cache https://registry.npmmirror.com/rollup 96ms (cache hit)
5322 silly packumentCache full:https://registry.npmmirror.com/rollup set size:5663170 disposed:false
5323 http cache https://registry.npmmirror.com/typescript 167ms (cache hit)
5324 silly packumentCache full:https://registry.npmmirror.com/typescript set size:14143151 disposed:false
5325 http fetch GET 200 https://registry.npmmirror.com/gzip-size 321ms (cache revalidated)
5326 silly packumentCache full:https://registry.npmmirror.com/gzip-size set size:31035 disposed:false
5327 http fetch GET 200 https://registry.npmmirror.com/lodash.merge 322ms (cache revalidated)
5328 silly packumentCache full:https://registry.npmmirror.com/lodash.merge set size:77437 disposed:false
5329 http fetch GET 200 https://registry.npmmirror.com/asyncro 326ms (cache revalidated)
5330 silly packumentCache full:https://registry.npmmirror.com/asyncro set size:18304 disposed:false
5331 http fetch GET 200 https://registry.npmmirror.com/@rollup%2fplugin-node-resolve 328ms (cache revalidated)
5332 silly packumentCache full:https://registry.npmmirror.com/@rollup%2fplugin-node-resolve set size:184363 disposed:false
5333 http fetch GET 200 https://registry.npmmirror.com/babel-plugin-transform-replace-expressions 329ms (cache revalidated)
5334 silly packumentCache full:https://registry.npmmirror.com/babel-plugin-transform-replace-expressions set size:18720 disposed:false
5335 http fetch GET 200 https://registry.npmmirror.com/filesize 329ms (cache revalidated)
5336 silly packumentCache full:https://registry.npmmirror.com/filesize set size:304661 disposed:false
5337 http fetch GET 200 https://registry.npmmirror.com/babel-plugin-transform-async-to-promises 334ms (cache revalidated)
5338 silly packumentCache full:https://registry.npmmirror.com/babel-plugin-transform-async-to-promises set size:80052 disposed:false
5339 http fetch GET 200 https://registry.npmmirror.com/@rollup%2fplugin-alias 337ms (cache revalidated)
5340 silly packumentCache full:https://registry.npmmirror.com/@rollup%2fplugin-alias set size:73628 disposed:false
5341 http fetch GET 200 https://registry.npmmirror.com/@rollup%2fplugin-commonjs 338ms (cache revalidated)
5342 silly packumentCache full:https://registry.npmmirror.com/@rollup%2fplugin-commonjs set size:305051 disposed:false
5343 http fetch GET 200 https://registry.npmmirror.com/@rollup%2fplugin-json 341ms (cache revalidated)
5344 silly packumentCache full:https://registry.npmmirror.com/@rollup%2fplugin-json set size:37386 disposed:false
5345 http fetch GET 200 https://registry.npmmirror.com/@rollup%2fplugin-babel 343ms (cache revalidated)
5346 silly packumentCache full:https://registry.npmmirror.com/@rollup%2fplugin-babel set size:76568 disposed:false
5347 http fetch GET 200 https://registry.npmmirror.com/@surma%2frollup-plugin-off-main-thread 343ms (cache revalidated)
5348 silly packumentCache full:https://registry.npmmirror.com/@surma%2frollup-plugin-off-main-thread set size:26270 disposed:false
5349 http fetch GET 200 https://registry.npmmirror.com/brotli-size 345ms (cache revalidated)
5350 silly packumentCache full:https://registry.npmmirror.com/brotli-size set size:15705 disposed:false
5351 http fetch GET 200 https://registry.npmmirror.com/babel-plugin-macros 346ms (cache revalidated)
5352 silly packumentCache full:https://registry.npmmirror.com/babel-plugin-macros set size:103989 disposed:false
5353 http fetch GET 200 https://registry.npmmirror.com/builtin-modules 348ms (cache revalidated)
5354 silly packumentCache full:https://registry.npmmirror.com/builtin-modules set size:21011 disposed:false
5355 http fetch GET 200 https://registry.npmmirror.com/rechoir 349ms (cache revalidated)
5356 silly packumentCache full:https://registry.npmmirror.com/rechoir set size:29380 disposed:false
5357 http fetch GET 200 https://registry.npmmirror.com/rollup-plugin-visualizer 352ms (cache revalidated)
5358 silly packumentCache full:https://registry.npmmirror.com/rollup-plugin-visualizer set size:375211 disposed:false
5359 http fetch GET 200 https://registry.npmmirror.com/interpret 355ms (cache revalidated)
5360 silly packumentCache full:https://registry.npmmirror.com/interpret set size:83937 disposed:false
5361 http fetch GET 200 https://registry.npmmirror.com/pretty-bytes 361ms (cache revalidated)
5362 silly packumentCache full:https://registry.npmmirror.com/pretty-bytes set size:56609 disposed:false
5363 http fetch GET 200 https://registry.npmmirror.com/rollup-plugin-typescript2 370ms (cache revalidated)
5364 silly packumentCache full:https://registry.npmmirror.com/rollup-plugin-typescript2 set size:218660 disposed:false
5365 http fetch GET 200 https://registry.npmmirror.com/rollup-plugin-bundle-size 373ms (cache revalidated)
5366 silly packumentCache full:https://registry.npmmirror.com/rollup-plugin-bundle-size set size:8038 disposed:false
5367 http fetch GET 200 https://registry.npmmirror.com/sade 372ms (cache revalidated)
5368 silly packumentCache full:https://registry.npmmirror.com/sade set size:57470 disposed:false
5369 http fetch GET 200 https://registry.npmmirror.com/rollup-plugin-postcss 381ms (cache revalidated)
5370 silly packumentCache full:https://registry.npmmirror.com/rollup-plugin-postcss set size:234150 disposed:false
5371 http fetch GET 200 https://registry.npmmirror.com/tiny-glob 387ms (cache revalidated)
5372 silly packumentCache full:https://registry.npmmirror.com/tiny-glob set size:29344 disposed:false
5373 http fetch GET 200 https://registry.npmmirror.com/rollup-plugin-terser 398ms (cache revalidated)
5374 silly packumentCache full:https://registry.npmmirror.com/rollup-plugin-terser set size:69218 disposed:false
5375 silly fetch manifest @babel/core@^7.12.10
5376 silly packumentCache full:https://registry.npmmirror.com/@babel%2fcore cache-miss
5377 http fetch GET 200 https://registry.npmmirror.com/@babel%2fcore 98ms (cache revalidated)
5378 silly packumentCache full:https://registry.npmmirror.com/@babel%2fcore set size:664675 disposed:false
5379 silly fetch manifest @types/babel__core@^7.1.9
5380 silly packumentCache full:https://registry.npmmirror.com/@types%2fbabel__core cache-miss
5381 http fetch GET 200 https://registry.npmmirror.com/@types%2fbabel__core 42ms (cache revalidated)
5382 silly packumentCache full:https://registry.npmmirror.com/@types%2fbabel__core set size:67843 disposed:false
5383 silly fetch manifest postcss@^8.2.1
5384 silly packumentCache full:https://registry.npmmirror.com/postcss cache-hit
5385 silly fetch manifest rolldown@1.x
5386 silly packumentCache full:https://registry.npmmirror.com/rolldown cache-miss
5387 http fetch GET 200 https://registry.npmmirror.com/rolldown 49ms (cache revalidated)
5388 silly packumentCache full:https://registry.npmmirror.com/rolldown set size:3588660 disposed:false
5389 silly placeDep node_modules/microbundle @rollup/plugin-alias@3.1.9 OK for: microbundle@0.15.1 want: ^3.1.1
5390 silly placeDep node_modules/microbundle rollup@2.79.2 OK for: @rollup/plugin-alias@3.1.9 want: ^1.20.0||^2.0.0
5391 silly placeDep node_modules/microbundle @rollup/plugin-babel@5.3.1 OK for: microbundle@0.15.1 want: ^5.2.2
5392 silly placeDep node_modules/microbundle @rollup/plugin-commonjs@17.1.0 OK for: microbundle@0.15.1 want: ^17.0.0
5393 silly placeDep node_modules/microbundle @rollup/plugin-json@4.1.0 OK for: microbundle@0.15.1 want: ^4.1.0
5394 silly placeDep node_modules/microbundle @rollup/plugin-node-resolve@11.2.1 OK for: microbundle@0.15.1 want: ^11.0.1
5395 silly placeDep ROOT @surma/rollup-plugin-off-main-thread@2.2.3 OK for: microbundle@0.15.1 want: ^2.2.2
5396 silly placeDep ROOT asyncro@3.0.0 OK for: microbundle@0.15.1 want: ^3.0.0
5397 silly placeDep ROOT babel-plugin-macros@3.1.0 OK for: microbundle@0.15.1 want: ^3.0.1
5398 silly placeDep ROOT babel-plugin-transform-async-to-promises@0.8.18 OK for: microbundle@0.15.1 want: ^0.8.18
5399 silly placeDep ROOT babel-plugin-transform-replace-expressions@0.2.0 OK for: microbundle@0.15.1 want: ^0.2.0
5400 silly placeDep ROOT brotli-size@4.0.0 OK for: microbundle@0.15.1 want: ^4.0.0
5401 silly placeDep ROOT builtin-modules@3.3.0 OK for: microbundle@0.15.1 want: ^3.1.0
5402 silly placeDep node_modules/microbundle camelcase@6.3.0 OK for: microbundle@0.15.1 want: ^6.2.0
5403 silly placeDep ROOT filesize@6.4.0 OK for: microbundle@0.15.1 want: ^6.1.0
5404 silly placeDep ROOT gzip-size@6.0.0 OK for: microbundle@0.15.1 want: ^6.0.0
5405 silly placeDep ROOT lodash.merge@4.6.2 OK for: microbundle@0.15.1 want: ^4.6.2
5406 silly placeDep ROOT pretty-bytes@5.6.0 OK for: microbundle@0.15.1 want: ^5.4.1
5407 silly placeDep ROOT rollup-plugin-bundle-size@1.0.3 OK for: microbundle@0.15.1 want: ^1.0.3
5408 silly placeDep ROOT rollup-plugin-postcss@4.0.2 OK for: microbundle@0.15.1 want: ^4.0.0
5409 silly placeDep node_modules/microbundle rollup-plugin-terser@7.0.2 OK for: microbundle@0.15.1 want: ^7.0.2
5410 silly placeDep ROOT rollup-plugin-typescript2@0.32.1 OK for: microbundle@0.15.1 want: ^0.32.0
5411 silly placeDep ROOT rollup-plugin-visualizer@5.14.0 OK for: microbundle@0.15.1 want: ^5.6.0
5412 silly placeDep ROOT sade@1.8.1 OK for: microbundle@0.15.1 want: ^1.7.4
5413 silly placeDep ROOT terser@5.44.1 OK for: microbundle@0.15.1 want: ^5.7.0
5414 silly placeDep ROOT tiny-glob@0.2.9 OK for: microbundle@0.15.1 want: ^0.2.8
5415 silly placeDep node_modules/microbundle typescript@4.9.5 OK for: microbundle@0.15.1 want: ^4.1.3
5416 silly fetch manifest slash@^3.0.0
5417 silly packumentCache full:https://registry.npmmirror.com/slash cache-miss
5418 silly fetch manifest @rollup/pluginutils@^3.1.0
5419 silly packumentCache full:https://registry.npmmirror.com/@rollup%2fpluginutils cache-hit
5420 silly fetch manifest @rollup/pluginutils@^3.1.0
5421 silly packumentCache full:https://registry.npmmirror.com/@rollup%2fpluginutils cache-hit
5422 silly fetch manifest commondir@^1.0.1
5423 silly packumentCache full:https://registry.npmmirror.com/commondir cache-miss
5424 silly fetch manifest glob@^7.1.6
5425 silly packumentCache full:https://registry.npmmirror.com/glob cache-hit
5426 silly fetch manifest is-reference@^1.2.1
5427 silly packumentCache full:https://registry.npmmirror.com/is-reference cache-hit
5428 silly fetch manifest magic-string@^0.25.7
5429 silly packumentCache full:https://registry.npmmirror.com/magic-string cache-hit
5430 silly fetch manifest @rollup/pluginutils@^3.0.8
5431 silly packumentCache full:https://registry.npmmirror.com/@rollup%2fpluginutils cache-hit
5432 silly fetch manifest @rollup/pluginutils@^3.1.0
5433 silly packumentCache full:https://registry.npmmirror.com/@rollup%2fpluginutils cache-hit
5434 silly fetch manifest @types/resolve@1.17.1
5435 silly packumentCache full:https://registry.npmmirror.com/@types%2fresolve cache-miss
5436 silly fetch manifest is-module@^1.0.0
5437 silly packumentCache full:https://registry.npmmirror.com/is-module cache-miss
5438 silly fetch manifest ejs@^3.1.6
5439 silly packumentCache full:https://registry.npmmirror.com/ejs cache-miss
5440 silly fetch manifest magic-string@^0.25.0
5441 silly packumentCache full:https://registry.npmmirror.com/magic-string cache-hit
5442 silly fetch manifest string.prototype.matchall@^4.0.6
5443 silly packumentCache full:https://registry.npmmirror.com/string.prototype.matchall cache-miss
5444 silly fetch manifest cosmiconfig@^7.0.0
5445 silly packumentCache full:https://registry.npmmirror.com/cosmiconfig cache-miss
5446 silly fetch manifest duplexer@0.1.1
5447 silly packumentCache full:https://registry.npmmirror.com/duplexer cache-hit
5448 silly fetch manifest chalk@^1.1.3
5449 silly packumentCache full:https://registry.npmmirror.com/chalk cache-hit
5450 silly fetch manifest maxmin@^2.1.0
5451 silly packumentCache full:https://registry.npmmirror.com/maxmin cache-miss
5452 silly fetch manifest chalk@^4.1.0
5453 silly packumentCache full:https://registry.npmmirror.com/chalk cache-hit
5454 silly fetch manifest concat-with-sourcemaps@^1.1.0
5455 silly packumentCache full:https://registry.npmmirror.com/concat-with-sourcemaps cache-miss
5456 silly fetch manifest cssnano@^5.0.1
5457 silly packumentCache full:https://registry.npmmirror.com/cssnano cache-miss
5458 silly fetch manifest import-cwd@^3.0.0
5459 silly packumentCache full:https://registry.npmmirror.com/import-cwd cache-miss
5460 silly fetch manifest p-queue@^6.6.2
5461 silly packumentCache full:https://registry.npmmirror.com/p-queue cache-hit
5462 silly fetch manifest pify@^5.0.0
5463 silly packumentCache full:https://registry.npmmirror.com/pify cache-hit
5464 silly fetch manifest postcss-load-config@^3.0.0
5465 silly packumentCache full:https://registry.npmmirror.com/postcss-load-config cache-hit
5466 silly fetch manifest postcss-modules@^4.0.0
5467 silly packumentCache full:https://registry.npmmirror.com/postcss-modules cache-miss
5468 silly fetch manifest promise.series@^0.2.0
5469 silly packumentCache full:https://registry.npmmirror.com/promise.series cache-miss
5470 silly fetch manifest rollup-pluginutils@^2.8.2
5471 silly packumentCache full:https://registry.npmmirror.com/rollup-pluginutils cache-miss
5472 silly fetch manifest safe-identifier@^0.4.2
5473 silly packumentCache full:https://registry.npmmirror.com/safe-identifier cache-miss
5474 silly fetch manifest style-inject@^0.3.0
5475 silly packumentCache full:https://registry.npmmirror.com/style-inject cache-miss
5476 silly fetch manifest jest-worker@^26.2.1
5477 silly packumentCache full:https://registry.npmmirror.com/jest-worker cache-miss
5478 silly fetch manifest serialize-javascript@^4.0.0
5479 silly packumentCache full:https://registry.npmmirror.com/serialize-javascript cache-miss
5480 silly fetch manifest terser@^5.0.0
5481 silly packumentCache full:https://registry.npmmirror.com/terser cache-hit
5482 silly fetch manifest @rollup/pluginutils@^4.1.2
5483 silly packumentCache full:https://registry.npmmirror.com/@rollup%2fpluginutils cache-hit
5484 silly fetch manifest find-cache-dir@^3.3.2
5485 silly packumentCache full:https://registry.npmmirror.com/find-cache-dir cache-miss
5486 silly fetch manifest fs-extra@^10.0.0
5487 silly packumentCache full:https://registry.npmmirror.com/fs-extra cache-miss
5488 silly fetch manifest open@^8.4.0
5489 silly packumentCache full:https://registry.npmmirror.com/open cache-miss
5490 silly fetch manifest mri@^1.1.0
5491 silly packumentCache full:https://registry.npmmirror.com/mri cache-miss
5492 silly fetch manifest @jridgewell/source-map@^0.3.3
5493 silly packumentCache full:https://registry.npmmirror.com/@jridgewell%2fsource-map cache-miss
5494 silly fetch manifest commander@^2.20.0
5495 silly packumentCache full:https://registry.npmmirror.com/commander cache-hit
5496 silly fetch manifest source-map-support@~0.5.20
5497 silly packumentCache full:https://registry.npmmirror.com/source-map-support cache-miss
5498 silly fetch manifest globalyzer@0.1.0
5499 silly packumentCache full:https://registry.npmmirror.com/globalyzer cache-miss
5500 silly fetch manifest globrex@^0.1.2
5501 silly packumentCache full:https://registry.npmmirror.com/globrex cache-miss
5502 http fetch GET 200 https://registry.npmmirror.com/import-cwd 103ms (cache revalidated)
5503 silly packumentCache full:https://registry.npmmirror.com/import-cwd set size:5804 disposed:false
5504 http fetch GET 200 https://registry.npmmirror.com/@types%2fresolve 107ms (cache revalidated)
5505 silly packumentCache full:https://registry.npmmirror.com/@types%2fresolve set size:30412 disposed:false
5506 http fetch GET 200 https://registry.npmmirror.com/concat-with-sourcemaps 109ms (cache revalidated)
5507 silly packumentCache full:https://registry.npmmirror.com/concat-with-sourcemaps set size:32428 disposed:false
5508 http fetch GET 200 https://registry.npmmirror.com/slash 115ms (cache revalidated)
5509 silly packumentCache full:https://registry.npmmirror.com/slash set size:18425 disposed:false
5510 http fetch GET 200 https://registry.npmmirror.com/cssnano 114ms (cache revalidated)
5511 silly packumentCache full:https://registry.npmmirror.com/cssnano set size:421349 disposed:false
5512 http fetch GET 200 https://registry.npmmirror.com/ejs 124ms (cache revalidated)
5513 silly packumentCache full:https://registry.npmmirror.com/ejs set size:123970 disposed:false
5514 http fetch GET 200 https://registry.npmmirror.com/cosmiconfig 127ms (cache revalidated)
5515 silly packumentCache full:https://registry.npmmirror.com/cosmiconfig set size:206509 disposed:false
5516 http fetch GET 200 https://registry.npmmirror.com/open 127ms (cache revalidated)
5517 silly packumentCache full:https://registry.npmmirror.com/open set size:105451 disposed:false
5518 http fetch GET 200 https://registry.npmmirror.com/jest-worker 132ms (cache revalidated)
5519 silly packumentCache full:https://registry.npmmirror.com/jest-worker set size:394005 disposed:false
5520 http fetch GET 200 https://registry.npmmirror.com/postcss-modules 143ms (cache revalidated)
5521 silly packumentCache full:https://registry.npmmirror.com/postcss-modules set size:112481 disposed:false
5522 http fetch GET 200 https://registry.npmmirror.com/serialize-javascript 138ms (cache revalidated)
5523 silly packumentCache full:https://registry.npmmirror.com/serialize-javascript set size:52054 disposed:false
5524 http fetch GET 200 https://registry.npmmirror.com/commondir 150ms (cache revalidated)
5525 silly packumentCache full:https://registry.npmmirror.com/commondir set size:8335 disposed:false
5526 http fetch GET 200 https://registry.npmmirror.com/fs-extra 141ms (cache revalidated)
5527 silly packumentCache full:https://registry.npmmirror.com/fs-extra set size:213291 disposed:false
5528 http fetch GET 200 https://registry.npmmirror.com/maxmin 152ms (cache revalidated)
5529 silly packumentCache full:https://registry.npmmirror.com/maxmin set size:21141 disposed:false
5530 http fetch GET 200 https://registry.npmmirror.com/style-inject 153ms (cache revalidated)
5531 silly packumentCache full:https://registry.npmmirror.com/style-inject set size:13552 disposed:false
5532 http fetch GET 200 https://registry.npmmirror.com/string.prototype.matchall 155ms (cache revalidated)
5533 silly packumentCache full:https://registry.npmmirror.com/string.prototype.matchall set size:53942 disposed:false
5534 http fetch GET 200 https://registry.npmmirror.com/mri 148ms (cache revalidated)
5535 silly packumentCache full:https://registry.npmmirror.com/mri set size:21231 disposed:false
5536 http fetch GET 200 https://registry.npmmirror.com/rollup-pluginutils 171ms (cache revalidated)
5537 silly packumentCache full:https://registry.npmmirror.com/rollup-pluginutils set size:59830 disposed:false
5538 http fetch GET 200 https://registry.npmmirror.com/@jridgewell%2fsource-map 174ms (cache revalidated)
5539 silly packumentCache full:https://registry.npmmirror.com/@jridgewell%2fsource-map set size:46580 disposed:false
5540 http fetch GET 200 https://registry.npmmirror.com/globrex 175ms (cache revalidated)
5541 silly packumentCache full:https://registry.npmmirror.com/globrex set size:15163 disposed:false
5542 http fetch GET 200 https://registry.npmmirror.com/promise.series 185ms (cache revalidated)
5543 silly packumentCache full:https://registry.npmmirror.com/promise.series set size:5450 disposed:false
5544 http fetch GET 200 https://registry.npmmirror.com/source-map-support 178ms (cache revalidated)
5545 silly packumentCache full:https://registry.npmmirror.com/source-map-support set size:108781 disposed:false
5546 http fetch GET 200 https://registry.npmmirror.com/globalyzer 179ms (cache revalidated)
5547 silly packumentCache full:https://registry.npmmirror.com/globalyzer set size:4787 disposed:false
5548 http fetch GET 200 https://registry.npmmirror.com/find-cache-dir 187ms (cache revalidated)
5549 silly packumentCache full:https://registry.npmmirror.com/find-cache-dir set size:27702 disposed:false
5550 http fetch GET 200 https://registry.npmmirror.com/is-module 281ms (cache revalidated)
5551 silly packumentCache full:https://registry.npmmirror.com/is-module set size:4377 disposed:false
5552 http fetch GET 200 https://registry.npmmirror.com/safe-identifier 325ms (cache revalidated)
5553 silly packumentCache full:https://registry.npmmirror.com/safe-identifier set size:12908 disposed:false
5554 silly placeDep ROOT ejs@3.1.10 OK for: @surma/rollup-plugin-off-main-thread@2.2.3 want: ^3.1.6
5555 silly placeDep node_modules/@surma/rollup-plugin-off-main-thread magic-string@0.25.9 OK for: @surma/rollup-plugin-off-main-thread@2.2.3 want: ^0.25.0
5556 silly placeDep ROOT string.prototype.matchall@4.0.12 OK for: @surma/rollup-plugin-off-main-thread@2.2.3 want: ^4.0.6
5557 silly fetch manifest jake@^10.8.5
5558 silly packumentCache full:https://registry.npmmirror.com/jake cache-miss
5559 silly fetch manifest sourcemap-codec@^1.4.8
5560 silly packumentCache full:https://registry.npmmirror.com/sourcemap-codec cache-miss
5561 silly fetch manifest es-abstract@^1.23.6
5562 silly packumentCache full:https://registry.npmmirror.com/es-abstract cache-miss
5563 silly fetch manifest internal-slot@^1.1.0
5564 silly packumentCache full:https://registry.npmmirror.com/internal-slot cache-miss
5565 silly fetch manifest regexp.prototype.flags@^1.5.3
5566 silly packumentCache full:https://registry.npmmirror.com/regexp.prototype.flags cache-miss
5567 silly fetch manifest set-function-name@^2.0.2
5568 silly packumentCache full:https://registry.npmmirror.com/set-function-name cache-miss
5569 silly fetch manifest side-channel@^1.1.0
5570 silly packumentCache full:https://registry.npmmirror.com/side-channel cache-miss
5571 http fetch GET 200 https://registry.npmmirror.com/jake 45ms (cache revalidated)
5572 silly packumentCache full:https://registry.npmmirror.com/jake set size:243694 disposed:false
5573 http fetch GET 200 https://registry.npmmirror.com/es-abstract 56ms (cache revalidated)
5574 silly packumentCache full:https://registry.npmmirror.com/es-abstract set size:346512 disposed:false
5575 http fetch GET 200 https://registry.npmmirror.com/set-function-name 65ms (cache revalidated)
5576 silly packumentCache full:https://registry.npmmirror.com/set-function-name set size:14062 disposed:false
5577 http fetch GET 200 https://registry.npmmirror.com/regexp.prototype.flags 70ms (cache revalidated)
5578 silly packumentCache full:https://registry.npmmirror.com/regexp.prototype.flags set size:59069 disposed:false
5579 http fetch GET 200 https://registry.npmmirror.com/side-channel 73ms (cache revalidated)
5580 silly packumentCache full:https://registry.npmmirror.com/side-channel set size:21123 disposed:false
5581 http fetch GET 200 https://registry.npmmirror.com/sourcemap-codec 73ms (cache revalidated)
5582 silly packumentCache full:https://registry.npmmirror.com/sourcemap-codec set size:38426 disposed:false
5583 http fetch GET 200 https://registry.npmmirror.com/internal-slot 96ms (cache revalidated)
5584 silly packumentCache full:https://registry.npmmirror.com/internal-slot set size:26930 disposed:false
5585 silly placeDep ROOT cosmiconfig@7.1.0 OK for: babel-plugin-macros@3.1.0 want: ^7.0.0
5586 silly fetch manifest @types/parse-json@^4.0.0
5587 silly packumentCache full:https://registry.npmmirror.com/@types%2fparse-json cache-miss
5588 silly fetch manifest import-fresh@^3.2.1
5589 silly packumentCache full:https://registry.npmmirror.com/import-fresh cache-miss
5590 silly fetch manifest path-type@^4.0.0
5591 silly packumentCache full:https://registry.npmmirror.com/path-type cache-miss
5592 silly fetch manifest yaml@^1.10.0
5593 silly packumentCache full:https://registry.npmmirror.com/yaml cache-hit
5594 http fetch GET 200 https://registry.npmmirror.com/import-fresh 48ms (cache revalidated)
5595 silly packumentCache full:https://registry.npmmirror.com/import-fresh set size:15715 disposed:false
5596 http fetch GET 200 https://registry.npmmirror.com/path-type 69ms (cache revalidated)
5597 silly packumentCache full:https://registry.npmmirror.com/path-type set size:13446 disposed:false
5598 http fetch GET 200 https://registry.npmmirror.com/@types%2fparse-json 87ms (cache revalidated)
5599 silly packumentCache full:https://registry.npmmirror.com/@types%2fparse-json set size:7385 disposed:false
5600 silly placeDep node_modules/brotli-size duplexer@0.1.1 OK for: brotli-size@4.0.0 want: 0.1.1
5601 silly placeDep ROOT @types/parse-json@4.0.2 OK for: cosmiconfig@7.1.0 want: ^4.0.0
5602 silly placeDep ROOT import-fresh@3.3.1 OK for: cosmiconfig@7.1.0 want: ^3.2.1
5603 silly placeDep ROOT path-type@4.0.0 OK for: cosmiconfig@7.1.0 want: ^4.0.0
5604 silly placeDep node_modules/cosmiconfig yaml@1.10.2 OK for: cosmiconfig@7.1.0 want: ^1.10.0
5605 silly fetch manifest parent-module@^1.0.0
5606 silly packumentCache full:https://registry.npmmirror.com/parent-module cache-miss
5607 silly fetch manifest resolve-from@^4.0.0
5608 silly packumentCache full:https://registry.npmmirror.com/resolve-from cache-miss
5609 http fetch GET 200 https://registry.npmmirror.com/resolve-from 53ms (cache revalidated)
5610 silly packumentCache full:https://registry.npmmirror.com/resolve-from set size:11769 disposed:false
5611 http fetch GET 200 https://registry.npmmirror.com/parent-module 81ms (cache revalidated)
5612 silly packumentCache full:https://registry.npmmirror.com/parent-module set size:14577 disposed:false
5613 silly placeDep ROOT jake@10.9.4 OK for: ejs@3.1.10 want: ^10.8.5
5614 silly fetch manifest async@^3.2.6
5615 silly packumentCache full:https://registry.npmmirror.com/async cache-miss
5616 silly fetch manifest filelist@^1.0.4
5617 silly packumentCache full:https://registry.npmmirror.com/filelist cache-miss
5618 http fetch GET 200 https://registry.npmmirror.com/filelist 36ms (cache revalidated)
5619 silly packumentCache full:https://registry.npmmirror.com/filelist set size:17971 disposed:false
5620 http fetch GET 200 https://registry.npmmirror.com/async 50ms (cache revalidated)
5621 silly packumentCache full:https://registry.npmmirror.com/async set size:199049 disposed:false
5622 silly placeDep ROOT parent-module@1.0.1 OK for: import-fresh@3.3.1 want: ^1.0.0
5623 silly placeDep ROOT resolve-from@4.0.0 OK for: import-fresh@3.3.1 want: ^4.0.0
5624 silly fetch manifest callsites@^3.0.0
5625 silly packumentCache full:https://registry.npmmirror.com/callsites cache-miss
5626 http fetch GET 200 https://registry.npmmirror.com/callsites 74ms (cache revalidated)
5627 silly packumentCache full:https://registry.npmmirror.com/callsites set size:18569 disposed:false
5628 silly placeDep ROOT async@3.2.6 OK for: jake@10.9.4 want: ^3.2.6
5629 silly placeDep ROOT filelist@1.0.4 OK for: jake@10.9.4 want: ^1.0.4
5630 silly placeDep node_modules/filelist minimatch@5.1.6 OK for: filelist@1.0.4 want: ^5.0.1
5631 silly placeDep ROOT callsites@3.1.0 OK for: parent-module@1.0.1 want: ^3.0.0
5632 silly placeDep node_modules/rollup-plugin-bundle-size chalk@1.1.3 OK for: rollup-plugin-bundle-size@1.0.3 want: ^1.1.3
5633 silly placeDep ROOT maxmin@2.1.0 OK for: rollup-plugin-bundle-size@1.0.3 want: ^2.1.0
5634 silly fetch manifest ansi-styles@^2.2.1
5635 silly packumentCache full:https://registry.npmmirror.com/ansi-styles cache-hit
5636 silly fetch manifest escape-string-regexp@^1.0.2
5637 silly packumentCache full:https://registry.npmmirror.com/escape-string-regexp cache-hit
5638 silly fetch manifest has-ansi@^2.0.0
5639 silly packumentCache full:https://registry.npmmirror.com/has-ansi cache-miss
5640 silly fetch manifest strip-ansi@^3.0.0
5641 silly packumentCache full:https://registry.npmmirror.com/strip-ansi cache-hit
5642 silly fetch manifest supports-color@^2.0.0
5643 silly packumentCache full:https://registry.npmmirror.com/supports-color cache-miss
5644 silly fetch manifest chalk@^1.0.0
5645 silly packumentCache full:https://registry.npmmirror.com/chalk cache-hit
5646 silly fetch manifest figures@^1.0.1
5647 silly packumentCache full:https://registry.npmmirror.com/figures cache-miss
5648 silly fetch manifest gzip-size@^3.0.0
5649 silly packumentCache full:https://registry.npmmirror.com/gzip-size cache-hit
5650 silly fetch manifest pretty-bytes@^3.0.0
5651 silly packumentCache full:https://registry.npmmirror.com/pretty-bytes cache-hit
5652 http fetch GET 200 https://registry.npmmirror.com/figures 41ms (cache revalidated)
5653 silly packumentCache full:https://registry.npmmirror.com/figures set size:60691 disposed:false
5654 http fetch GET 200 https://registry.npmmirror.com/supports-color 45ms (cache revalidated)
5655 silly packumentCache full:https://registry.npmmirror.com/supports-color set size:108822 disposed:false
5656 http fetch GET 200 https://registry.npmmirror.com/has-ansi 78ms (cache revalidated)
5657 silly packumentCache full:https://registry.npmmirror.com/has-ansi set size:23949 disposed:false
5658 silly placeDep node_modules/maxmin chalk@1.1.3 OK for: maxmin@2.1.0 want: ^1.0.0
5659 silly placeDep ROOT figures@1.7.0 OK for: maxmin@2.1.0 want: ^1.0.1
5660 silly placeDep node_modules/maxmin gzip-size@3.0.0 OK for: maxmin@2.1.0 want: ^3.0.0
5661 silly placeDep node_modules/maxmin pretty-bytes@3.0.1 OK for: maxmin@2.1.0 want: ^3.0.0
5662 silly fetch manifest escape-string-regexp@^1.0.5
5663 silly packumentCache full:https://registry.npmmirror.com/escape-string-regexp cache-hit
5664 silly fetch manifest number-is-nan@^1.0.0
5665 silly packumentCache full:https://registry.npmmirror.com/number-is-nan cache-miss
5666 http fetch GET 200 https://registry.npmmirror.com/number-is-nan 60ms (cache revalidated)
5667 silly packumentCache full:https://registry.npmmirror.com/number-is-nan set size:7828 disposed:false
5668 silly placeDep node_modules/figures escape-string-regexp@1.0.5 OK for: figures@1.7.0 want: ^1.0.5
5669 silly fetch manifest postcss@8.x
5670 silly packumentCache full:https://registry.npmmirror.com/postcss cache-hit
5671 silly placeDep node_modules/rollup-plugin-postcss chalk@4.1.2 OK for: rollup-plugin-postcss@4.0.2 want: ^4.1.0
5672 silly placeDep ROOT concat-with-sourcemaps@1.1.0 OK for: rollup-plugin-postcss@4.0.2 want: ^1.1.0
5673 silly placeDep ROOT cssnano@5.1.15 OK for: rollup-plugin-postcss@4.0.2 want: ^5.0.1
5674 silly placeDep ROOT import-cwd@3.0.0 OK for: rollup-plugin-postcss@4.0.2 want: ^3.0.0
5675 silly placeDep node_modules/rollup-plugin-postcss p-queue@6.6.2 OK for: rollup-plugin-postcss@4.0.2 want: ^6.6.2
5676 silly placeDep node_modules/rollup-plugin-postcss pify@5.0.0 OK for: rollup-plugin-postcss@4.0.2 want: ^5.0.0
5677 silly placeDep node_modules/rollup-plugin-postcss postcss-load-config@3.1.4 OK for: rollup-plugin-postcss@4.0.2 want: ^3.0.0
5678 silly placeDep ROOT postcss-modules@4.3.1 OK for: rollup-plugin-postcss@4.0.2 want: ^4.0.0
5679 silly placeDep ROOT promise.series@0.2.0 OK for: rollup-plugin-postcss@4.0.2 want: ^0.2.0
5680 silly placeDep ROOT rollup-pluginutils@2.8.2 OK for: rollup-plugin-postcss@4.0.2 want: ^2.8.2
5681 silly placeDep ROOT safe-identifier@0.4.2 OK for: rollup-plugin-postcss@4.0.2 want: ^0.4.2
5682 silly placeDep ROOT style-inject@0.3.0 OK for: rollup-plugin-postcss@4.0.2 want: ^0.3.0
5683 silly fetch manifest ansi-styles@^4.1.0
5684 silly packumentCache full:https://registry.npmmirror.com/ansi-styles cache-hit
5685 silly fetch manifest supports-color@^7.1.0
5686 silly packumentCache full:https://registry.npmmirror.com/supports-color cache-hit
5687 silly fetch manifest source-map@^0.6.1
5688 silly packumentCache full:https://registry.npmmirror.com/source-map cache-hit
5689 silly fetch manifest lilconfig@^2.0.3
5690 silly packumentCache full:https://registry.npmmirror.com/lilconfig cache-hit
5691 silly fetch manifest yaml@^1.10.2
5692 silly packumentCache full:https://registry.npmmirror.com/yaml cache-hit
5693 silly fetch manifest cssnano-preset-default@^5.2.14
5694 silly packumentCache full:https://registry.npmmirror.com/cssnano-preset-default cache-miss
5695 silly fetch manifest import-from@^3.0.0
5696 silly packumentCache full:https://registry.npmmirror.com/import-from cache-miss
5697 silly fetch manifest eventemitter3@^4.0.4
5698 silly packumentCache full:https://registry.npmmirror.com/eventemitter3 cache-hit
5699 silly fetch manifest p-timeout@^3.2.0
5700 silly packumentCache full:https://registry.npmmirror.com/p-timeout cache-hit
5701 silly fetch manifest lilconfig@^2.0.5
5702 silly packumentCache full:https://registry.npmmirror.com/lilconfig cache-hit
5703 silly fetch manifest yaml@^1.10.2
5704 silly packumentCache full:https://registry.npmmirror.com/yaml cache-hit
5705 silly fetch manifest generic-names@^4.0.0
5706 silly packumentCache full:https://registry.npmmirror.com/generic-names cache-miss
5707 silly fetch manifest icss-replace-symbols@^1.1.0
5708 silly packumentCache full:https://registry.npmmirror.com/icss-replace-symbols cache-miss
5709 silly fetch manifest lodash.camelcase@^4.3.0
5710 silly packumentCache full:https://registry.npmmirror.com/lodash.camelcase cache-miss
5711 silly fetch manifest postcss-modules-extract-imports@^3.0.0
5712 silly packumentCache full:https://registry.npmmirror.com/postcss-modules-extract-imports cache-miss
5713 silly fetch manifest postcss-modules-local-by-default@^4.0.0
5714 silly packumentCache full:https://registry.npmmirror.com/postcss-modules-local-by-default cache-miss
5715 silly fetch manifest postcss-modules-scope@^3.0.0
5716 silly packumentCache full:https://registry.npmmirror.com/postcss-modules-scope cache-miss
5717 silly fetch manifest postcss-modules-values@^4.0.0
5718 silly packumentCache full:https://registry.npmmirror.com/postcss-modules-values cache-miss
5719 silly fetch manifest string-hash@^1.1.1
5720 silly packumentCache full:https://registry.npmmirror.com/string-hash cache-miss
5721 silly fetch manifest estree-walker@^0.6.1
5722 silly packumentCache full:https://registry.npmmirror.com/estree-walker cache-hit
5723 http fetch GET 200 https://registry.npmmirror.com/icss-replace-symbols 63ms (cache revalidated)
5724 silly packumentCache full:https://registry.npmmirror.com/icss-replace-symbols set size:8740 disposed:false
5725 http fetch GET 200 https://registry.npmmirror.com/lodash.camelcase 63ms (cache revalidated)
5726 silly packumentCache full:https://registry.npmmirror.com/lodash.camelcase set size:17090 disposed:false
5727 http fetch GET 200 https://registry.npmmirror.com/cssnano-preset-default 66ms (cache revalidated)
5728 silly packumentCache full:https://registry.npmmirror.com/cssnano-preset-default set size:279468 disposed:false
5729 http fetch GET 200 https://registry.npmmirror.com/import-from 68ms (cache revalidated)
5730 silly packumentCache full:https://registry.npmmirror.com/import-from set size:7263 disposed:false
5731 http fetch GET 200 https://registry.npmmirror.com/generic-names 80ms (cache revalidated)
5732 silly packumentCache full:https://registry.npmmirror.com/generic-names set size:15390 disposed:false
5733 http fetch GET 200 https://registry.npmmirror.com/string-hash 79ms (cache revalidated)
5734 silly packumentCache full:https://registry.npmmirror.com/string-hash set size:7413 disposed:false
5735 http fetch GET 200 https://registry.npmmirror.com/postcss-modules-extract-imports 80ms (cache revalidated)
5736 silly packumentCache full:https://registry.npmmirror.com/postcss-modules-extract-imports set size:42844 disposed:false
5737 http fetch GET 200 https://registry.npmmirror.com/postcss-modules-scope 82ms (cache revalidated)
5738 silly packumentCache full:https://registry.npmmirror.com/postcss-modules-scope set size:64312 disposed:false
5739 http fetch GET 200 https://registry.npmmirror.com/postcss-modules-local-by-default 86ms (cache revalidated)
5740 silly packumentCache full:https://registry.npmmirror.com/postcss-modules-local-by-default set size:91590 disposed:false
5741 http fetch GET 200 https://registry.npmmirror.com/postcss-modules-values 125ms (cache revalidated)
5742 silly packumentCache full:https://registry.npmmirror.com/postcss-modules-values set size:39832 disposed:false
5743 silly placeDep node_modules/concat-with-sourcemaps source-map@0.6.1 OK for: concat-with-sourcemaps@1.1.0 want: ^0.6.1
5744 silly fetch manifest postcss@^8.2.15
5745 silly packumentCache full:https://registry.npmmirror.com/postcss cache-hit
5746 silly placeDep ROOT cssnano-preset-default@5.2.14 OK for: cssnano@5.1.15 want: ^5.2.14
5747 silly placeDep node_modules/cssnano lilconfig@2.1.0 OK for: cssnano@5.1.15 want: ^2.0.3
5748 silly placeDep node_modules/cssnano yaml@1.10.2 OK for: cssnano@5.1.15 want: ^1.10.2
5749 silly fetch manifest css-declaration-sorter@^6.3.1
5750 silly packumentCache full:https://registry.npmmirror.com/css-declaration-sorter cache-miss
5751 silly fetch manifest postcss-calc@^8.2.3
5752 silly packumentCache full:https://registry.npmmirror.com/postcss-calc cache-miss
5753 silly fetch manifest cssnano-utils@^3.1.0
5754 silly packumentCache full:https://registry.npmmirror.com/cssnano-utils cache-miss
5755 silly fetch manifest postcss-discard-comments@^5.1.2
5756 silly packumentCache full:https://registry.npmmirror.com/postcss-discard-comments cache-miss
5757 silly fetch manifest postcss-convert-values@^5.1.3
5758 silly packumentCache full:https://registry.npmmirror.com/postcss-convert-values cache-miss
5759 silly fetch manifest postcss-discard-duplicates@^5.1.0
5760 silly packumentCache full:https://registry.npmmirror.com/postcss-discard-duplicates cache-miss
5761 silly fetch manifest postcss-colormin@^5.3.1
5762 silly packumentCache full:https://registry.npmmirror.com/postcss-colormin cache-miss
5763 silly fetch manifest postcss-discard-empty@^5.1.1
5764 silly packumentCache full:https://registry.npmmirror.com/postcss-discard-empty cache-miss
5765 silly fetch manifest postcss-discard-overridden@^5.1.0
5766 silly packumentCache full:https://registry.npmmirror.com/postcss-discard-overridden cache-miss
5767 silly fetch manifest postcss-merge-longhand@^5.1.7
5768 silly packumentCache full:https://registry.npmmirror.com/postcss-merge-longhand cache-miss
5769 silly fetch manifest postcss-merge-rules@^5.1.4
5770 silly packumentCache full:https://registry.npmmirror.com/postcss-merge-rules cache-miss
5771 silly fetch manifest postcss-minify-gradients@^5.1.1
5772 silly packumentCache full:https://registry.npmmirror.com/postcss-minify-gradients cache-miss
5773 silly fetch manifest postcss-minify-font-values@^5.1.0
5774 silly packumentCache full:https://registry.npmmirror.com/postcss-minify-font-values cache-miss
5775 silly fetch manifest postcss-minify-params@^5.1.4
5776 silly packumentCache full:https://registry.npmmirror.com/postcss-minify-params cache-miss
5777 silly fetch manifest postcss-normalize-charset@^5.1.0
5778 silly packumentCache full:https://registry.npmmirror.com/postcss-normalize-charset cache-miss
5779 silly fetch manifest postcss-minify-selectors@^5.2.1
5780 silly packumentCache full:https://registry.npmmirror.com/postcss-minify-selectors cache-miss
5781 silly fetch manifest postcss-normalize-display-values@^5.1.0
5782 silly packumentCache full:https://registry.npmmirror.com/postcss-normalize-display-values cache-miss
5783 silly fetch manifest postcss-normalize-positions@^5.1.1
5784 silly packumentCache full:https://registry.npmmirror.com/postcss-normalize-positions cache-miss
5785 silly fetch manifest postcss-normalize-repeat-style@^5.1.1
5786 silly packumentCache full:https://registry.npmmirror.com/postcss-normalize-repeat-style cache-miss
5787 silly fetch manifest postcss-normalize-string@^5.1.0
5788 silly packumentCache full:https://registry.npmmirror.com/postcss-normalize-string cache-miss
5789 silly fetch manifest postcss-normalize-timing-functions@^5.1.0
5790 silly packumentCache full:https://registry.npmmirror.com/postcss-normalize-timing-functions cache-miss
5791 silly fetch manifest postcss-normalize-unicode@^5.1.1
5792 silly packumentCache full:https://registry.npmmirror.com/postcss-normalize-unicode cache-miss
5793 silly fetch manifest postcss-normalize-whitespace@^5.1.1
5794 silly packumentCache full:https://registry.npmmirror.com/postcss-normalize-whitespace cache-miss
5795 silly fetch manifest postcss-normalize-url@^5.1.0
5796 silly packumentCache full:https://registry.npmmirror.com/postcss-normalize-url cache-miss
5797 silly fetch manifest postcss-ordered-values@^5.1.3
5798 silly packumentCache full:https://registry.npmmirror.com/postcss-ordered-values cache-miss
5799 silly fetch manifest postcss-reduce-initial@^5.1.2
5800 silly packumentCache full:https://registry.npmmirror.com/postcss-reduce-initial cache-miss
5801 silly fetch manifest postcss-reduce-transforms@^5.1.0
5802 silly packumentCache full:https://registry.npmmirror.com/postcss-reduce-transforms cache-miss
5803 silly fetch manifest postcss-svgo@^5.1.0
5804 silly packumentCache full:https://registry.npmmirror.com/postcss-svgo cache-miss
5805 silly fetch manifest postcss-unique-selectors@^5.1.1
5806 silly packumentCache full:https://registry.npmmirror.com/postcss-unique-selectors cache-miss
5807 http fetch GET 200 https://registry.npmmirror.com/postcss-convert-values 117ms (cache revalidated)
5808 silly packumentCache full:https://registry.npmmirror.com/postcss-convert-values set size:170030 disposed:false
5809 http fetch GET 200 https://registry.npmmirror.com/postcss-discard-empty 133ms (cache revalidated)
5810 silly packumentCache full:https://registry.npmmirror.com/postcss-discard-empty set size:90332 disposed:false
5811 http fetch GET 200 https://registry.npmmirror.com/postcss-discard-overridden 135ms (cache revalidated)
5812 silly packumentCache full:https://registry.npmmirror.com/postcss-discard-overridden set size:82909 disposed:false
5813 http fetch GET 200 https://registry.npmmirror.com/postcss-minify-font-values 136ms (cache revalidated)
5814 silly packumentCache full:https://registry.npmmirror.com/postcss-minify-font-values set size:95758 disposed:false
5815 http fetch GET 200 https://registry.npmmirror.com/postcss-minify-gradients 137ms (cache revalidated)
5816 silly packumentCache full:https://registry.npmmirror.com/postcss-minify-gradients set size:100787 disposed:false
5817 http fetch GET 200 https://registry.npmmirror.com/postcss-merge-longhand 141ms (cache revalidated)
5818 silly packumentCache full:https://registry.npmmirror.com/postcss-merge-longhand set size:150916 disposed:false
5819 http fetch GET 200 https://registry.npmmirror.com/postcss-colormin 145ms (cache revalidated)
5820 silly packumentCache full:https://registry.npmmirror.com/postcss-colormin set size:153483 disposed:false
5821 http fetch GET 200 https://registry.npmmirror.com/postcss-discard-duplicates 147ms (cache revalidated)
5822 silly packumentCache full:https://registry.npmmirror.com/postcss-discard-duplicates set size:105326 disposed:false
5823 http fetch GET 200 https://registry.npmmirror.com/postcss-minify-selectors 146ms (cache revalidated)
5824 silly packumentCache full:https://registry.npmmirror.com/postcss-minify-selectors set size:146909 disposed:false
5825 http fetch GET 200 https://registry.npmmirror.com/postcss-discard-comments 149ms (cache revalidated)
5826 silly packumentCache full:https://registry.npmmirror.com/postcss-discard-comments set size:118490 disposed:false
5827 http fetch GET 200 https://registry.npmmirror.com/postcss-calc 151ms (cache revalidated)
5828 silly packumentCache full:https://registry.npmmirror.com/postcss-calc set size:89963 disposed:false
5829 http fetch GET 200 https://registry.npmmirror.com/postcss-merge-rules 151ms (cache revalidated)
5830 silly packumentCache full:https://registry.npmmirror.com/postcss-merge-rules set size:181612 disposed:false
5831 http fetch GET 200 https://registry.npmmirror.com/postcss-minify-params 153ms (cache revalidated)
5832 silly packumentCache full:https://registry.npmmirror.com/postcss-minify-params set size:131941 disposed:false
5833 http fetch GET 200 https://registry.npmmirror.com/css-declaration-sorter 161ms (cache revalidated)
5834 silly packumentCache full:https://registry.npmmirror.com/css-declaration-sorter set size:111465 disposed:false
5835 http fetch GET 200 https://registry.npmmirror.com/cssnano-utils 162ms (cache revalidated)
5836 silly packumentCache full:https://registry.npmmirror.com/cssnano-utils set size:63911 disposed:false
5837 http fetch GET 200 https://registry.npmmirror.com/postcss-normalize-charset 175ms (cache revalidated)
5838 silly packumentCache full:https://registry.npmmirror.com/postcss-normalize-charset set size:76558 disposed:false
5839 http fetch GET 200 https://registry.npmmirror.com/postcss-normalize-url 188ms (cache revalidated)
5840 silly packumentCache full:https://registry.npmmirror.com/postcss-normalize-url set size:121819 disposed:false
5841 http fetch GET 200 https://registry.npmmirror.com/postcss-unique-selectors 189ms (cache revalidated)
5842 silly packumentCache full:https://registry.npmmirror.com/postcss-unique-selectors set size:99489 disposed:false
5843 http fetch GET 200 https://registry.npmmirror.com/postcss-reduce-initial 191ms (cache revalidated)
5844 silly packumentCache full:https://registry.npmmirror.com/postcss-reduce-initial set size:106885 disposed:false
5845 http fetch GET 200 https://registry.npmmirror.com/postcss-ordered-values 192ms (cache revalidated)
5846 silly packumentCache full:https://registry.npmmirror.com/postcss-ordered-values set size:122131 disposed:false
5847 http fetch GET 200 https://registry.npmmirror.com/postcss-reduce-transforms 194ms (cache revalidated)
5848 silly packumentCache full:https://registry.npmmirror.com/postcss-reduce-transforms set size:85751 disposed:false
5849 http fetch GET 200 https://registry.npmmirror.com/postcss-normalize-positions 197ms (cache revalidated)
5850 silly packumentCache full:https://registry.npmmirror.com/postcss-normalize-positions set size:81409 disposed:false
5851 http fetch GET 200 https://registry.npmmirror.com/postcss-normalize-display-values 202ms (cache revalidated)
5852 silly packumentCache full:https://registry.npmmirror.com/postcss-normalize-display-values set size:74804 disposed:false
5853 http fetch GET 200 https://registry.npmmirror.com/postcss-svgo 203ms (cache revalidated)
5854 silly packumentCache full:https://registry.npmmirror.com/postcss-svgo set size:115932 disposed:false
5855 http fetch GET 200 https://registry.npmmirror.com/postcss-normalize-string 207ms (cache revalidated)
5856 silly packumentCache full:https://registry.npmmirror.com/postcss-normalize-string set size:77438 disposed:false
5857 http fetch GET 200 https://registry.npmmirror.com/postcss-normalize-repeat-style 208ms (cache revalidated)
5858 silly packumentCache full:https://registry.npmmirror.com/postcss-normalize-repeat-style set size:80784 disposed:false
5859 http fetch GET 200 https://registry.npmmirror.com/postcss-normalize-whitespace 210ms (cache revalidated)
5860 silly packumentCache full:https://registry.npmmirror.com/postcss-normalize-whitespace set size:81014 disposed:false
5861 http fetch GET 200 https://registry.npmmirror.com/postcss-normalize-unicode 212ms (cache revalidated)
5862 silly packumentCache full:https://registry.npmmirror.com/postcss-normalize-unicode set size:94646 disposed:false
5863 http fetch GET 200 https://registry.npmmirror.com/postcss-normalize-timing-functions 220ms (cache revalidated)
5864 silly packumentCache full:https://registry.npmmirror.com/postcss-normalize-timing-functions set size:74894 disposed:false
5865 silly placeDep ROOT css-declaration-sorter@6.4.1 OK for: cssnano-preset-default@5.2.14 want: ^6.3.1
5866 silly placeDep ROOT cssnano-utils@3.1.0 OK for: cssnano-preset-default@5.2.14 want: ^3.1.0
5867 silly placeDep ROOT postcss-calc@8.2.4 OK for: cssnano-preset-default@5.2.14 want: ^8.2.3
5868 silly placeDep ROOT postcss-colormin@5.3.1 OK for: cssnano-preset-default@5.2.14 want: ^5.3.1
5869 silly placeDep ROOT postcss-convert-values@5.1.3 OK for: cssnano-preset-default@5.2.14 want: ^5.1.3
5870 silly placeDep ROOT postcss-discard-comments@5.1.2 OK for: cssnano-preset-default@5.2.14 want: ^5.1.2
5871 silly placeDep ROOT postcss-discard-duplicates@5.1.0 OK for: cssnano-preset-default@5.2.14 want: ^5.1.0
5872 silly placeDep ROOT postcss-discard-empty@5.1.1 OK for: cssnano-preset-default@5.2.14 want: ^5.1.1
5873 silly placeDep ROOT postcss-discard-overridden@5.1.0 OK for: cssnano-preset-default@5.2.14 want: ^5.1.0
5874 silly placeDep ROOT postcss-merge-longhand@5.1.7 OK for: cssnano-preset-default@5.2.14 want: ^5.1.7
5875 silly placeDep ROOT postcss-merge-rules@5.1.4 OK for: cssnano-preset-default@5.2.14 want: ^5.1.4
5876 silly placeDep ROOT postcss-minify-font-values@5.1.0 OK for: cssnano-preset-default@5.2.14 want: ^5.1.0
5877 silly placeDep ROOT postcss-minify-gradients@5.1.1 OK for: cssnano-preset-default@5.2.14 want: ^5.1.1
5878 silly placeDep ROOT postcss-minify-params@5.1.4 OK for: cssnano-preset-default@5.2.14 want: ^5.1.4
5879 silly placeDep ROOT postcss-minify-selectors@5.2.1 OK for: cssnano-preset-default@5.2.14 want: ^5.2.1
5880 silly placeDep ROOT postcss-normalize-charset@5.1.0 OK for: cssnano-preset-default@5.2.14 want: ^5.1.0
5881 silly placeDep ROOT postcss-normalize-display-values@5.1.0 OK for: cssnano-preset-default@5.2.14 want: ^5.1.0
5882 silly placeDep ROOT postcss-normalize-positions@5.1.1 OK for: cssnano-preset-default@5.2.14 want: ^5.1.1
5883 silly placeDep ROOT postcss-normalize-repeat-style@5.1.1 OK for: cssnano-preset-default@5.2.14 want: ^5.1.1
5884 silly placeDep ROOT postcss-normalize-string@5.1.0 OK for: cssnano-preset-default@5.2.14 want: ^5.1.0
5885 silly placeDep ROOT postcss-normalize-timing-functions@5.1.0 OK for: cssnano-preset-default@5.2.14 want: ^5.1.0
5886 silly placeDep ROOT postcss-normalize-unicode@5.1.1 OK for: cssnano-preset-default@5.2.14 want: ^5.1.1
5887 silly placeDep ROOT postcss-normalize-url@5.1.0 OK for: cssnano-preset-default@5.2.14 want: ^5.1.0
5888 silly placeDep ROOT postcss-normalize-whitespace@5.1.1 OK for: cssnano-preset-default@5.2.14 want: ^5.1.1
5889 silly placeDep ROOT postcss-ordered-values@5.1.3 OK for: cssnano-preset-default@5.2.14 want: ^5.1.3
5890 silly placeDep ROOT postcss-reduce-initial@5.1.2 OK for: cssnano-preset-default@5.2.14 want: ^5.1.2
5891 silly placeDep ROOT postcss-reduce-transforms@5.1.0 OK for: cssnano-preset-default@5.2.14 want: ^5.1.0
5892 silly placeDep ROOT postcss-svgo@5.1.0 OK for: cssnano-preset-default@5.2.14 want: ^5.1.0
5893 silly placeDep ROOT postcss-unique-selectors@5.1.1 OK for: cssnano-preset-default@5.2.14 want: ^5.1.1
5894 silly fetch manifest postcss-selector-parser@^6.0.9
5895 silly packumentCache full:https://registry.npmmirror.com/postcss-selector-parser cache-hit
5896 silly fetch manifest caniuse-api@^3.0.0
5897 silly packumentCache full:https://registry.npmmirror.com/caniuse-api cache-miss
5898 silly fetch manifest colord@^2.9.1
5899 silly packumentCache full:https://registry.npmmirror.com/colord cache-miss
5900 silly fetch manifest stylehacks@^5.1.1
5901 silly packumentCache full:https://registry.npmmirror.com/stylehacks cache-miss
5902 silly fetch manifest caniuse-api@^3.0.0
5903 silly packumentCache full:https://registry.npmmirror.com/caniuse-api cache-miss
5904 silly fetch manifest postcss-selector-parser@^6.0.5
5905 silly packumentCache full:https://registry.npmmirror.com/postcss-selector-parser cache-hit
5906 silly fetch manifest colord@^2.9.1
5907 silly packumentCache full:https://registry.npmmirror.com/colord cache-miss
5908 silly fetch manifest postcss-selector-parser@^6.0.5
5909 silly packumentCache full:https://registry.npmmirror.com/postcss-selector-parser cache-hit
5910 silly fetch manifest normalize-url@^6.0.1
5911 silly packumentCache full:https://registry.npmmirror.com/normalize-url cache-miss
5912 silly fetch manifest caniuse-api@^3.0.0
5913 silly packumentCache full:https://registry.npmmirror.com/caniuse-api cache-miss
5914 silly fetch manifest svgo@^2.7.0
5915 silly packumentCache full:https://registry.npmmirror.com/svgo cache-hit
5916 silly fetch manifest postcss-selector-parser@^6.0.5
5917 silly packumentCache full:https://registry.npmmirror.com/postcss-selector-parser cache-hit
5918 http fetch GET 200 https://registry.npmmirror.com/caniuse-api 69ms (cache revalidated)
5919 silly packumentCache full:https://registry.npmmirror.com/caniuse-api set size:36466 disposed:false
5920 http fetch GET 200 https://registry.npmmirror.com/caniuse-api 70ms (cache revalidated)
5921 silly packumentCache full:https://registry.npmmirror.com/caniuse-api set size:36466 disposed:false
5922 silly packumentCache full:https://registry.npmmirror.com/caniuse-api dispose
5923 http fetch GET 200 https://registry.npmmirror.com/caniuse-api 72ms (cache revalidated)
5924 silly packumentCache full:https://registry.npmmirror.com/caniuse-api set size:36466 disposed:true
5925 silly packumentCache full:https://registry.npmmirror.com/caniuse-api dispose
5926 http fetch GET 200 https://registry.npmmirror.com/normalize-url 79ms (cache revalidated)
5927 silly packumentCache full:https://registry.npmmirror.com/normalize-url set size:107855 disposed:false
5928 http fetch GET 200 https://registry.npmmirror.com/colord 97ms (cache revalidated)
5929 silly packumentCache full:https://registry.npmmirror.com/colord set size:213450 disposed:false
5930 http fetch GET 200 https://registry.npmmirror.com/colord 100ms (cache revalidated)
5931 silly packumentCache full:https://registry.npmmirror.com/colord set size:213450 disposed:false
5932 silly packumentCache full:https://registry.npmmirror.com/colord dispose
5933 http fetch GET 200 https://registry.npmmirror.com/stylehacks 106ms (cache revalidated)
5934 silly packumentCache full:https://registry.npmmirror.com/stylehacks set size:116157 disposed:false
5935 silly placeDep ROOT import-from@3.0.0 OK for: import-cwd@3.0.0 want: ^3.0.0
5936 silly fetch manifest resolve-from@^5.0.0
5937 silly packumentCache full:https://registry.npmmirror.com/resolve-from cache-hit
5938 silly placeDep node_modules/import-from resolve-from@5.0.0 OK for: import-from@3.0.0 want: ^5.0.0
5939 silly placeDep node_modules/postcss-calc postcss-selector-parser@6.1.2 OK for: postcss-calc@8.2.4 want: ^6.0.9
5940 silly placeDep ROOT caniuse-api@3.0.0 OK for: postcss-colormin@5.3.1 want: ^3.0.0
5941 silly placeDep ROOT colord@2.9.3 OK for: postcss-colormin@5.3.1 want: ^2.9.1
5942 silly fetch manifest lodash.memoize@^4.1.2
5943 silly packumentCache full:https://registry.npmmirror.com/lodash.memoize cache-miss
5944 silly fetch manifest lodash.uniq@^4.5.0
5945 silly packumentCache full:https://registry.npmmirror.com/lodash.uniq cache-miss
5946 http fetch GET 200 https://registry.npmmirror.com/lodash.uniq 88ms (cache revalidated)
5947 silly packumentCache full:https://registry.npmmirror.com/lodash.uniq set size:44536 disposed:false
5948 http fetch GET 200 https://registry.npmmirror.com/lodash.memoize 95ms (cache revalidated)
5949 silly packumentCache full:https://registry.npmmirror.com/lodash.memoize set size:41568 disposed:false
5950 silly placeDep ROOT lodash.memoize@4.1.2 OK for: caniuse-api@3.0.0 want: ^4.1.2
5951 silly placeDep ROOT lodash.uniq@4.5.0 OK for: caniuse-api@3.0.0 want: ^4.5.0
5952 silly placeDep ROOT stylehacks@5.1.1 OK for: postcss-merge-longhand@5.1.7 want: ^5.1.1
5953 silly fetch manifest postcss-selector-parser@^6.0.4
5954 silly packumentCache full:https://registry.npmmirror.com/postcss-selector-parser cache-hit
5955 silly placeDep node_modules/postcss-merge-rules postcss-selector-parser@6.1.2 OK for: postcss-merge-rules@5.1.4 want: ^6.0.5
5956 silly placeDep node_modules/postcss-minify-selectors postcss-selector-parser@6.1.2 OK for: postcss-minify-selectors@5.2.1 want: ^6.0.5
5957 silly placeDep ROOT generic-names@4.0.0 OK for: postcss-modules@4.3.1 want: ^4.0.0
5958 silly placeDep ROOT icss-replace-symbols@1.1.0 OK for: postcss-modules@4.3.1 want: ^1.1.0
5959 silly placeDep ROOT lodash.camelcase@4.3.0 OK for: postcss-modules@4.3.1 want: ^4.3.0
5960 silly placeDep ROOT postcss-modules-extract-imports@3.1.0 OK for: postcss-modules@4.3.1 want: ^3.0.0
5961 silly placeDep ROOT postcss-modules-local-by-default@4.2.0 OK for: postcss-modules@4.3.1 want: ^4.0.0
5962 silly placeDep ROOT postcss-modules-scope@3.2.1 OK for: postcss-modules@4.3.1 want: ^3.0.0
5963 silly placeDep ROOT postcss-modules-values@4.0.0 OK for: postcss-modules@4.3.1 want: ^4.0.0
5964 silly placeDep ROOT string-hash@1.1.3 OK for: postcss-modules@4.3.1 want: ^1.1.1
5965 silly fetch manifest loader-utils@^3.2.0
5966 silly packumentCache full:https://registry.npmmirror.com/loader-utils cache-miss
5967 silly fetch manifest icss-utils@^5.0.0
5968 silly packumentCache full:https://registry.npmmirror.com/icss-utils cache-miss
5969 silly fetch manifest icss-utils@^5.0.0
5970 silly packumentCache full:https://registry.npmmirror.com/icss-utils cache-miss
5971 http fetch GET 200 https://registry.npmmirror.com/icss-utils 47ms (cache revalidated)
5972 silly packumentCache full:https://registry.npmmirror.com/icss-utils set size:22962 disposed:false
5973 http fetch GET 200 https://registry.npmmirror.com/icss-utils 50ms (cache revalidated)
5974 silly packumentCache full:https://registry.npmmirror.com/icss-utils set size:22962 disposed:false
5975 silly packumentCache full:https://registry.npmmirror.com/icss-utils dispose
5976 http fetch GET 200 https://registry.npmmirror.com/loader-utils 96ms (cache revalidated)
5977 silly packumentCache full:https://registry.npmmirror.com/loader-utils set size:92313 disposed:false
5978 silly placeDep ROOT loader-utils@3.3.1 OK for: generic-names@4.0.0 want: ^3.2.0
5979 silly fetch manifest postcss@^8.1.0
5980 silly packumentCache full:https://registry.npmmirror.com/postcss cache-hit
5981 silly placeDep ROOT icss-utils@5.1.0 OK for: postcss-modules-local-by-default@4.2.0 want: ^5.0.0
5982 silly placeDep ROOT normalize-url@6.1.0 OK for: postcss-normalize-url@5.1.0 want: ^6.0.1
5983 silly placeDep node_modules/postcss-svgo svgo@2.8.0 OK for: postcss-svgo@5.1.0 want: ^2.7.0
5984 silly fetch manifest css-select@^4.1.3
5985 silly packumentCache full:https://registry.npmmirror.com/css-select cache-hit
5986 silly fetch manifest css-tree@^1.1.3
5987 silly packumentCache full:https://registry.npmmirror.com/css-tree cache-hit
5988 silly fetch manifest csso@^4.2.0
5989 silly packumentCache full:https://registry.npmmirror.com/csso cache-hit
5990 silly fetch manifest stable@^0.1.8
5991 silly packumentCache full:https://registry.npmmirror.com/stable cache-miss
5992 http fetch GET 200 https://registry.npmmirror.com/stable 41ms (cache revalidated)
5993 silly packumentCache full:https://registry.npmmirror.com/stable set size:18820 disposed:false
5994 silly placeDep node_modules/postcss-unique-selectors postcss-selector-parser@6.1.2 OK for: postcss-unique-selectors@5.1.1 want: ^6.0.5
5995 silly placeDep node_modules/rollup-plugin-typescript2 @rollup/pluginutils@4.2.1 OK for: rollup-plugin-typescript2@0.32.1 want: ^4.1.2
5996 silly placeDep ROOT find-cache-dir@3.3.2 OK for: rollup-plugin-typescript2@0.32.1 want: ^3.3.2
5997 silly placeDep ROOT fs-extra@10.1.0 OK for: rollup-plugin-typescript2@0.32.1 want: ^10.0.0
5998 silly fetch manifest picomatch@^2.2.2
5999 silly packumentCache full:https://registry.npmmirror.com/picomatch cache-hit
6000 silly fetch manifest make-dir@^3.0.2
6001 silly packumentCache full:https://registry.npmmirror.com/make-dir cache-miss
6002 silly fetch manifest pkg-dir@^4.1.0
6003 silly packumentCache full:https://registry.npmmirror.com/pkg-dir cache-miss
6004 silly fetch manifest jsonfile@^6.0.1
6005 silly packumentCache full:https://registry.npmmirror.com/jsonfile cache-miss
6006 silly fetch manifest universalify@^2.0.0
6007 silly packumentCache full:https://registry.npmmirror.com/universalify cache-miss
6008 http fetch GET 200 https://registry.npmmirror.com/universalify 43ms (cache revalidated)
6009 silly packumentCache full:https://registry.npmmirror.com/universalify set size:15581 disposed:false
6010 http fetch GET 200 https://registry.npmmirror.com/jsonfile 51ms (cache revalidated)
6011 silly packumentCache full:https://registry.npmmirror.com/jsonfile set size:44669 disposed:false
6012 http fetch GET 200 https://registry.npmmirror.com/make-dir 63ms (cache revalidated)
6013 silly packumentCache full:https://registry.npmmirror.com/make-dir set size:28241 disposed:false
6014 http fetch GET 200 https://registry.npmmirror.com/pkg-dir 66ms (cache revalidated)
6015 silly packumentCache full:https://registry.npmmirror.com/pkg-dir set size:24405 disposed:false
6016 silly placeDep ROOT commondir@1.0.1 OK for: find-cache-dir@3.3.2 want: ^1.0.1
6017 silly placeDep ROOT make-dir@3.1.0 OK for: find-cache-dir@3.3.2 want: ^3.0.2
6018 silly placeDep ROOT pkg-dir@4.2.0 OK for: find-cache-dir@3.3.2 want: ^4.1.0
6019 silly fetch manifest semver@^6.0.0
6020 silly packumentCache full:https://registry.npmmirror.com/semver cache-hit
6021 silly placeDep ROOT jsonfile@6.2.0 OK for: fs-extra@10.1.0 want: ^6.0.1
6022 silly placeDep ROOT universalify@2.0.1 OK for: fs-extra@10.1.0 want: ^2.0.0
6023 silly placeDep node_modules/make-dir semver@6.3.1 OK for: make-dir@3.1.0 want: ^6.0.0
6024 silly placeDep ROOT open@8.4.2 OK for: rollup-plugin-visualizer@5.14.0 want: ^8.4.0
6025 silly fetch manifest define-lazy-prop@^2.0.0
6026 silly packumentCache full:https://registry.npmmirror.com/define-lazy-prop cache-miss
6027 silly fetch manifest is-docker@^2.1.1
6028 silly packumentCache full:https://registry.npmmirror.com/is-docker cache-miss
6029 silly fetch manifest is-wsl@^2.2.0
6030 silly packumentCache full:https://registry.npmmirror.com/is-wsl cache-miss
6031 http fetch GET 200 https://registry.npmmirror.com/define-lazy-prop 59ms (cache revalidated)
6032 silly packumentCache full:https://registry.npmmirror.com/define-lazy-prop set size:7395 disposed:false
6033 http fetch GET 200 https://registry.npmmirror.com/is-docker 59ms (cache revalidated)
6034 silly packumentCache full:https://registry.npmmirror.com/is-docker set size:17911 disposed:false
6035 http fetch GET 200 https://registry.npmmirror.com/is-wsl 67ms (cache revalidated)
6036 silly packumentCache full:https://registry.npmmirror.com/is-wsl set size:15102 disposed:false
6037 silly placeDep ROOT define-lazy-prop@2.0.0 OK for: open@8.4.2 want: ^2.0.0
6038 silly placeDep ROOT is-docker@2.2.1 OK for: open@8.4.2 want: ^2.1.1
6039 silly placeDep ROOT is-wsl@2.2.0 OK for: open@8.4.2 want: ^2.2.0
6040 silly fetch manifest is-docker@^3.0.0
6041 silly packumentCache full:https://registry.npmmirror.com/is-docker cache-hit
6042 silly fetch manifest is-wsl@^3.1.0
6043 silly packumentCache full:https://registry.npmmirror.com/is-wsl cache-hit
6044 silly fetch manifest which-pm-runs@^1.1.0
6045 silly packumentCache full:https://registry.npmmirror.com/which-pm-runs cache-miss
6046 http fetch GET 200 https://registry.npmmirror.com/which-pm-runs 113ms (cache revalidated)
6047 silly packumentCache full:https://registry.npmmirror.com/which-pm-runs set size:4899 disposed:false
6048 silly placeDep node_modules/@astrojs/telemetry is-docker@3.0.0 OK for: @astrojs/telemetry@3.3.0 want: ^3.0.0
6049 silly placeDep node_modules/@astrojs/telemetry is-wsl@3.1.0 OK for: @astrojs/telemetry@3.3.0 want: ^3.1.0
6050 silly placeDep ROOT which-pm-runs@1.1.0 OK for: @astrojs/telemetry@3.3.0 want: ^1.1.0
6051 silly fetch manifest is-inside-container@^1.0.0
6052 silly packumentCache full:https://registry.npmmirror.com/is-inside-container cache-miss
6053 http fetch GET 200 https://registry.npmmirror.com/is-inside-container 50ms (cache revalidated)
6054 silly packumentCache full:https://registry.npmmirror.com/is-inside-container set size:4547 disposed:false
6055 silly placeDep node_modules/rollup-pluginutils estree-walker@0.6.1 OK for: rollup-pluginutils@2.8.2 want: ^0.6.1
6056 silly placeDep ROOT mri@1.2.0 OK for: sade@1.8.1 want: ^1.1.0
6057 silly placeDep node_modules/shelljs glob@7.2.3 OK for: shelljs@0.8.5 want: ^7.0.0
6058 silly placeDep ROOT interpret@1.4.0 OK for: shelljs@0.8.5 want: ^1.0.0
6059 silly placeDep ROOT rechoir@0.6.2 OK for: shelljs@0.8.5 want: ^0.6.2
6060 silly placeDep ROOT es-abstract@1.24.0 OK for: string.prototype.matchall@4.0.12 want: ^1.23.6
6061 silly placeDep ROOT internal-slot@1.1.0 OK for: string.prototype.matchall@4.0.12 want: ^1.1.0
6062 silly placeDep ROOT regexp.prototype.flags@1.5.4 OK for: string.prototype.matchall@4.0.12 want: ^1.5.3
6063 silly placeDep ROOT set-function-name@2.0.2 OK for: string.prototype.matchall@4.0.12 want: ^2.0.2
6064 silly placeDep ROOT side-channel@1.1.0 OK for: string.prototype.matchall@4.0.12 want: ^1.1.0
6065 silly fetch manifest array-buffer-byte-length@^1.0.2
6066 silly packumentCache full:https://registry.npmmirror.com/array-buffer-byte-length cache-miss
6067 silly fetch manifest arraybuffer.prototype.slice@^1.0.4
6068 silly packumentCache full:https://registry.npmmirror.com/arraybuffer.prototype.slice cache-miss
6069 silly fetch manifest available-typed-arrays@^1.0.7
6070 silly packumentCache full:https://registry.npmmirror.com/available-typed-arrays cache-miss
6071 silly fetch manifest data-view-buffer@^1.0.2
6072 silly packumentCache full:https://registry.npmmirror.com/data-view-buffer cache-miss
6073 silly fetch manifest data-view-byte-length@^1.0.2
6074 silly packumentCache full:https://registry.npmmirror.com/data-view-byte-length cache-miss
6075 silly fetch manifest data-view-byte-offset@^1.0.1
6076 silly packumentCache full:https://registry.npmmirror.com/data-view-byte-offset cache-miss
6077 silly fetch manifest es-to-primitive@^1.3.0
6078 silly packumentCache full:https://registry.npmmirror.com/es-to-primitive cache-miss
6079 silly fetch manifest function.prototype.name@^1.1.8
6080 silly packumentCache full:https://registry.npmmirror.com/function.prototype.name cache-miss
6081 silly fetch manifest get-symbol-description@^1.1.0
6082 silly packumentCache full:https://registry.npmmirror.com/get-symbol-description cache-miss
6083 silly fetch manifest globalthis@^1.0.4
6084 silly packumentCache full:https://registry.npmmirror.com/globalthis cache-miss
6085 silly fetch manifest has-proto@^1.2.0
6086 silly packumentCache full:https://registry.npmmirror.com/has-proto cache-miss
6087 silly fetch manifest is-array-buffer@^3.0.5
6088 silly packumentCache full:https://registry.npmmirror.com/is-array-buffer cache-miss
6089 silly fetch manifest is-callable@^1.2.7
6090 silly packumentCache full:https://registry.npmmirror.com/is-callable cache-miss
6091 silly fetch manifest is-data-view@^1.0.2
6092 silly packumentCache full:https://registry.npmmirror.com/is-data-view cache-miss
6093 silly fetch manifest is-negative-zero@^2.0.3
6094 silly packumentCache full:https://registry.npmmirror.com/is-negative-zero cache-miss
6095 silly fetch manifest is-regex@^1.2.1
6096 silly packumentCache full:https://registry.npmmirror.com/is-regex cache-miss
6097 silly fetch manifest is-set@^2.0.3
6098 silly packumentCache full:https://registry.npmmirror.com/is-set cache-miss
6099 silly fetch manifest is-shared-array-buffer@^1.0.4
6100 silly packumentCache full:https://registry.npmmirror.com/is-shared-array-buffer cache-miss
6101 silly fetch manifest is-string@^1.1.1
6102 silly packumentCache full:https://registry.npmmirror.com/is-string cache-miss
6103 silly fetch manifest is-typed-array@^1.1.15
6104 silly packumentCache full:https://registry.npmmirror.com/is-typed-array cache-miss
6105 silly fetch manifest is-weakref@^1.1.1
6106 silly packumentCache full:https://registry.npmmirror.com/is-weakref cache-miss
6107 silly fetch manifest object-inspect@^1.13.4
6108 silly packumentCache full:https://registry.npmmirror.com/object-inspect cache-miss
6109 silly fetch manifest own-keys@^1.0.1
6110 silly packumentCache full:https://registry.npmmirror.com/own-keys cache-miss
6111 silly fetch manifest regexp.prototype.flags@^1.5.4
6112 silly packumentCache full:https://registry.npmmirror.com/regexp.prototype.flags cache-hit
6113 silly fetch manifest safe-array-concat@^1.1.3
6114 silly packumentCache full:https://registry.npmmirror.com/safe-array-concat cache-miss
6115 silly fetch manifest safe-push-apply@^1.0.0
6116 silly packumentCache full:https://registry.npmmirror.com/safe-push-apply cache-miss
6117 silly fetch manifest safe-regex-test@^1.1.0
6118 silly packumentCache full:https://registry.npmmirror.com/safe-regex-test cache-miss
6119 silly fetch manifest set-proto@^1.0.0
6120 silly packumentCache full:https://registry.npmmirror.com/set-proto cache-miss
6121 silly fetch manifest stop-iteration-iterator@^1.1.0
6122 silly packumentCache full:https://registry.npmmirror.com/stop-iteration-iterator cache-miss
6123 silly fetch manifest string.prototype.trim@^1.2.10
6124 silly packumentCache full:https://registry.npmmirror.com/string.prototype.trim cache-miss
6125 silly fetch manifest string.prototype.trimend@^1.0.9
6126 silly packumentCache full:https://registry.npmmirror.com/string.prototype.trimend cache-miss
6127 silly fetch manifest string.prototype.trimstart@^1.0.8
6128 silly packumentCache full:https://registry.npmmirror.com/string.prototype.trimstart cache-miss
6129 http fetch GET 200 https://registry.npmmirror.com/array-buffer-byte-length 99ms (cache revalidated)
6130 silly packumentCache full:https://registry.npmmirror.com/array-buffer-byte-length set size:13461 disposed:false
6131 silly fetch manifest typed-array-buffer@^1.0.3
6132 silly packumentCache full:https://registry.npmmirror.com/typed-array-buffer cache-miss
6133 http fetch GET 200 https://registry.npmmirror.com/available-typed-arrays 101ms (cache revalidated)
6134 silly packumentCache full:https://registry.npmmirror.com/available-typed-arrays set size:25806 disposed:false
6135 silly fetch manifest typed-array-byte-length@^1.0.3
6136 silly packumentCache full:https://registry.npmmirror.com/typed-array-byte-length cache-miss
6137 http fetch GET 200 https://registry.npmmirror.com/has-proto 110ms (cache revalidated)
6138 silly packumentCache full:https://registry.npmmirror.com/has-proto set size:22190 disposed:false
6139 silly fetch manifest typed-array-byte-offset@^1.0.4
6140 silly packumentCache full:https://registry.npmmirror.com/typed-array-byte-offset cache-miss
6141 http fetch GET 200 https://registry.npmmirror.com/function.prototype.name 111ms (cache revalidated)
6142 silly packumentCache full:https://registry.npmmirror.com/function.prototype.name set size:40238 disposed:false
6143 silly fetch manifest typed-array-length@^1.0.7
6144 silly packumentCache full:https://registry.npmmirror.com/typed-array-length cache-miss
6145 http fetch GET 200 https://registry.npmmirror.com/is-array-buffer 112ms (cache revalidated)
6146 silly packumentCache full:https://registry.npmmirror.com/is-array-buffer set size:33143 disposed:false
6147 silly fetch manifest unbox-primitive@^1.1.0
6148 silly packumentCache full:https://registry.npmmirror.com/unbox-primitive cache-miss
6149 http fetch GET 200 https://registry.npmmirror.com/globalthis 114ms (cache revalidated)
6150 silly packumentCache full:https://registry.npmmirror.com/globalthis set size:19805 disposed:false
6151 silly fetch manifest which-typed-array@^1.1.19
6152 silly packumentCache full:https://registry.npmmirror.com/which-typed-array cache-miss
6153 http fetch GET 200 https://registry.npmmirror.com/is-regex 114ms (cache revalidated)
6154 silly packumentCache full:https://registry.npmmirror.com/is-regex set size:37260 disposed:false
6155 silly fetch manifest functions-have-names@^1.2.3
6156 silly packumentCache full:https://registry.npmmirror.com/functions-have-names cache-miss
6157 http fetch GET 200 https://registry.npmmirror.com/is-callable 115ms (cache revalidated)
6158 silly packumentCache full:https://registry.npmmirror.com/is-callable set size:59840 disposed:false
6159 silly fetch manifest object-inspect@^1.13.3
6160 silly packumentCache full:https://registry.npmmirror.com/object-inspect cache-miss
6161 http fetch GET 200 https://registry.npmmirror.com/data-view-byte-offset 117ms (cache revalidated)
6162 silly packumentCache full:https://registry.npmmirror.com/data-view-byte-offset set size:9465 disposed:false
6163 silly fetch manifest side-channel-list@^1.0.0
6164 silly packumentCache full:https://registry.npmmirror.com/side-channel-list cache-miss
6165 http fetch GET 200 https://registry.npmmirror.com/arraybuffer.prototype.slice 127ms (cache revalidated)
6166 silly packumentCache full:https://registry.npmmirror.com/arraybuffer.prototype.slice set size:21575 disposed:false
6167 silly fetch manifest side-channel-map@^1.0.1
6168 silly packumentCache full:https://registry.npmmirror.com/side-channel-map cache-miss
6169 http fetch GET 200 https://registry.npmmirror.com/object-inspect 125ms (cache revalidated)
6170 silly packumentCache full:https://registry.npmmirror.com/object-inspect set size:93930 disposed:false
6171 silly fetch manifest side-channel-weakmap@^1.0.2
6172 silly packumentCache full:https://registry.npmmirror.com/side-channel-weakmap cache-miss
6173 http fetch GET 200 https://registry.npmmirror.com/is-shared-array-buffer 129ms (cache revalidated)
6174 silly packumentCache full:https://registry.npmmirror.com/is-shared-array-buffer set size:18272 disposed:false
6175 http fetch GET 200 https://registry.npmmirror.com/is-string 137ms (cache revalidated)
6176 silly packumentCache full:https://registry.npmmirror.com/is-string set size:26951 disposed:false
6177 http fetch GET 200 https://registry.npmmirror.com/is-set 138ms (cache revalidated)
6178 silly packumentCache full:https://registry.npmmirror.com/is-set set size:13823 disposed:false
6179 http fetch GET 200 https://registry.npmmirror.com/safe-regex-test 136ms (cache revalidated)
6180 silly packumentCache full:https://registry.npmmirror.com/safe-regex-test set size:18007 disposed:false
6181 http fetch GET 200 https://registry.npmmirror.com/is-typed-array 141ms (cache revalidated)
6182 silly packumentCache full:https://registry.npmmirror.com/is-typed-array set size:71327 disposed:false
6183 http fetch GET 200 https://registry.npmmirror.com/is-negative-zero 149ms (cache revalidated)
6184 silly packumentCache full:https://registry.npmmirror.com/is-negative-zero set size:21274 disposed:false
6185 http fetch GET 200 https://registry.npmmirror.com/es-to-primitive 155ms (cache revalidated)
6186 silly packumentCache full:https://registry.npmmirror.com/es-to-primitive set size:20631 disposed:false
6187 http fetch GET 200 https://registry.npmmirror.com/data-view-buffer 163ms (cache revalidated)
6188 silly packumentCache full:https://registry.npmmirror.com/data-view-buffer set size:12185 disposed:false
6189 http fetch GET 200 https://registry.npmmirror.com/data-view-byte-length 164ms (cache revalidated)
6190 silly packumentCache full:https://registry.npmmirror.com/data-view-byte-length set size:12665 disposed:false
6191 http fetch GET 200 https://registry.npmmirror.com/string.prototype.trimend 159ms (cache revalidated)
6192 silly packumentCache full:https://registry.npmmirror.com/string.prototype.trimend set size:36504 disposed:false
6193 http fetch GET 200 https://registry.npmmirror.com/safe-push-apply 161ms (cache revalidated)
6194 silly packumentCache full:https://registry.npmmirror.com/safe-push-apply set size:5937 disposed:false
6195 http fetch GET 200 https://registry.npmmirror.com/string.prototype.trim 161ms (cache revalidated)
6196 silly packumentCache full:https://registry.npmmirror.com/string.prototype.trim set size:48767 disposed:false
6197 http fetch GET 200 https://registry.npmmirror.com/stop-iteration-iterator 168ms (cache revalidated)
6198 silly packumentCache full:https://registry.npmmirror.com/stop-iteration-iterator set size:9391 disposed:false
6199 http fetch GET 200 https://registry.npmmirror.com/typed-array-buffer 78ms (cache revalidated)
6200 silly packumentCache full:https://registry.npmmirror.com/typed-array-buffer set size:14572 disposed:false
6201 http fetch GET 200 https://registry.npmmirror.com/is-weakref 178ms (cache revalidated)
6202 silly packumentCache full:https://registry.npmmirror.com/is-weakref set size:16767 disposed:false
6203 http fetch GET 200 https://registry.npmmirror.com/get-symbol-description 181ms (cache revalidated)
6204 silly packumentCache full:https://registry.npmmirror.com/get-symbol-description set size:14972 disposed:false
6205 http fetch GET 200 https://registry.npmmirror.com/is-data-view 181ms (cache revalidated)
6206 silly packumentCache full:https://registry.npmmirror.com/is-data-view set size:14152 disposed:false
6207 http fetch GET 200 https://registry.npmmirror.com/own-keys 182ms (cache revalidated)
6208 silly packumentCache full:https://registry.npmmirror.com/own-keys set size:8925 disposed:false
6209 http fetch GET 200 https://registry.npmmirror.com/set-proto 185ms (cache revalidated)
6210 silly packumentCache full:https://registry.npmmirror.com/set-proto set size:5512 disposed:false
6211 http fetch GET 200 https://registry.npmmirror.com/safe-array-concat 188ms (cache revalidated)
6212 silly packumentCache full:https://registry.npmmirror.com/safe-array-concat set size:23181 disposed:false
6213 http fetch GET 200 https://registry.npmmirror.com/object-inspect 84ms (cache revalidated)
6214 silly packumentCache full:https://registry.npmmirror.com/object-inspect set size:93930 disposed:false
6215 silly packumentCache full:https://registry.npmmirror.com/object-inspect dispose
6216 http fetch GET 200 https://registry.npmmirror.com/functions-have-names 86ms (cache revalidated)
6217 silly packumentCache full:https://registry.npmmirror.com/functions-have-names set size:18383 disposed:false
6218 http fetch GET 200 https://registry.npmmirror.com/which-typed-array 89ms (cache revalidated)
6219 silly packumentCache full:https://registry.npmmirror.com/which-typed-array set size:83336 disposed:false
6220 http fetch GET 200 https://registry.npmmirror.com/string.prototype.trimstart 201ms (cache revalidated)
6221 silly packumentCache full:https://registry.npmmirror.com/string.prototype.trimstart set size:33574 disposed:false
6222 http fetch GET 200 https://registry.npmmirror.com/typed-array-length 101ms (cache revalidated)
6223 silly packumentCache full:https://registry.npmmirror.com/typed-array-length set size:32134 disposed:false
6224 http fetch GET 200 https://registry.npmmirror.com/side-channel-list 97ms (cache revalidated)
6225 silly packumentCache full:https://registry.npmmirror.com/side-channel-list set size:6183 disposed:false
6226 http fetch GET 200 https://registry.npmmirror.com/side-channel-weakmap 114ms (cache revalidated)
6227 silly packumentCache full:https://registry.npmmirror.com/side-channel-weakmap set size:13016 disposed:false
6228 http fetch GET 200 https://registry.npmmirror.com/typed-array-byte-length 141ms (cache revalidated)
6229 silly packumentCache full:https://registry.npmmirror.com/typed-array-byte-length set size:18909 disposed:false
6230 http fetch GET 200 https://registry.npmmirror.com/typed-array-byte-offset 133ms (cache revalidated)
6231 silly packumentCache full:https://registry.npmmirror.com/typed-array-byte-offset set size:22372 disposed:false
6232 http fetch GET 200 https://registry.npmmirror.com/side-channel-map 118ms (cache revalidated)
6233 silly packumentCache full:https://registry.npmmirror.com/side-channel-map set size:9391 disposed:false
6234 http fetch GET 200 https://registry.npmmirror.com/unbox-primitive 135ms (cache revalidated)
6235 silly packumentCache full:https://registry.npmmirror.com/unbox-primitive set size:13929 disposed:false
6236 silly placeDep ROOT array-buffer-byte-length@1.0.2 OK for: es-abstract@1.24.0 want: ^1.0.2
6237 silly placeDep ROOT arraybuffer.prototype.slice@1.0.4 OK for: es-abstract@1.24.0 want: ^1.0.4
6238 silly placeDep ROOT available-typed-arrays@1.0.7 OK for: es-abstract@1.24.0 want: ^1.0.7
6239 silly placeDep ROOT data-view-buffer@1.0.2 OK for: es-abstract@1.24.0 want: ^1.0.2
6240 silly placeDep ROOT data-view-byte-length@1.0.2 OK for: es-abstract@1.24.0 want: ^1.0.2
6241 silly placeDep ROOT data-view-byte-offset@1.0.1 OK for: es-abstract@1.24.0 want: ^1.0.1
6242 silly placeDep ROOT es-to-primitive@1.3.0 OK for: es-abstract@1.24.0 want: ^1.3.0
6243 silly placeDep ROOT function.prototype.name@1.1.8 OK for: es-abstract@1.24.0 want: ^1.1.8
6244 silly placeDep ROOT get-symbol-description@1.1.0 OK for: es-abstract@1.24.0 want: ^1.1.0
6245 silly placeDep ROOT globalthis@1.0.4 OK for: es-abstract@1.24.0 want: ^1.0.4
6246 silly placeDep ROOT has-proto@1.2.0 OK for: es-abstract@1.24.0 want: ^1.2.0
6247 silly placeDep ROOT is-array-buffer@3.0.5 OK for: es-abstract@1.24.0 want: ^3.0.5
6248 silly placeDep ROOT is-callable@1.2.7 OK for: es-abstract@1.24.0 want: ^1.2.7
6249 silly placeDep ROOT is-data-view@1.0.2 OK for: es-abstract@1.24.0 want: ^1.0.2
6250 silly placeDep ROOT is-negative-zero@2.0.3 OK for: es-abstract@1.24.0 want: ^2.0.3
6251 silly placeDep ROOT is-regex@1.2.1 OK for: es-abstract@1.24.0 want: ^1.2.1
6252 silly placeDep ROOT is-set@2.0.3 OK for: es-abstract@1.24.0 want: ^2.0.3
6253 silly placeDep ROOT is-shared-array-buffer@1.0.4 OK for: es-abstract@1.24.0 want: ^1.0.4
6254 silly placeDep ROOT is-string@1.1.1 OK for: es-abstract@1.24.0 want: ^1.1.1
6255 silly placeDep ROOT is-typed-array@1.1.15 OK for: es-abstract@1.24.0 want: ^1.1.15
6256 silly placeDep ROOT is-weakref@1.1.1 OK for: es-abstract@1.24.0 want: ^1.1.1
6257 silly placeDep ROOT object-inspect@1.13.4 OK for: es-abstract@1.24.0 want: ^1.13.4
6258 silly placeDep ROOT own-keys@1.0.1 OK for: es-abstract@1.24.0 want: ^1.0.1
6259 silly placeDep ROOT safe-array-concat@1.1.3 OK for: es-abstract@1.24.0 want: ^1.1.3
6260 silly placeDep ROOT safe-push-apply@1.0.0 OK for: es-abstract@1.24.0 want: ^1.0.0
6261 silly placeDep ROOT safe-regex-test@1.1.0 OK for: es-abstract@1.24.0 want: ^1.1.0
6262 silly placeDep ROOT set-proto@1.0.0 OK for: es-abstract@1.24.0 want: ^1.0.0
6263 silly placeDep ROOT stop-iteration-iterator@1.1.0 OK for: es-abstract@1.24.0 want: ^1.1.0
6264 silly placeDep ROOT string.prototype.trim@1.2.10 OK for: es-abstract@1.24.0 want: ^1.2.10
6265 silly placeDep ROOT string.prototype.trimend@1.0.9 OK for: es-abstract@1.24.0 want: ^1.0.9
6266 silly placeDep ROOT string.prototype.trimstart@1.0.8 OK for: es-abstract@1.24.0 want: ^1.0.8
6267 silly placeDep ROOT typed-array-buffer@1.0.3 OK for: es-abstract@1.24.0 want: ^1.0.3
6268 silly placeDep ROOT typed-array-byte-length@1.0.3 OK for: es-abstract@1.24.0 want: ^1.0.3
6269 silly placeDep ROOT typed-array-byte-offset@1.0.4 OK for: es-abstract@1.24.0 want: ^1.0.4
6270 silly placeDep ROOT typed-array-length@1.0.7 OK for: es-abstract@1.24.0 want: ^1.0.7
6271 silly placeDep ROOT unbox-primitive@1.1.0 OK for: es-abstract@1.24.0 want: ^1.1.0
6272 silly placeDep ROOT which-typed-array@1.1.19 OK for: es-abstract@1.24.0 want: ^1.1.19
6273 silly fetch manifest is-array-buffer@^3.0.4
6274 silly packumentCache full:https://registry.npmmirror.com/is-array-buffer cache-hit
6275 silly fetch manifest possible-typed-array-names@^1.0.0
6276 silly packumentCache full:https://registry.npmmirror.com/possible-typed-array-names cache-miss
6277 silly fetch manifest is-data-view@^1.0.1
6278 silly packumentCache full:https://registry.npmmirror.com/is-data-view cache-hit
6279 silly fetch manifest is-date-object@^1.0.5
6280 silly packumentCache full:https://registry.npmmirror.com/is-date-object cache-miss
6281 silly fetch manifest is-symbol@^1.0.4
6282 silly packumentCache full:https://registry.npmmirror.com/is-symbol cache-miss
6283 silly fetch manifest is-typed-array@^1.1.13
6284 silly packumentCache full:https://registry.npmmirror.com/is-typed-array cache-hit
6285 silly fetch manifest which-typed-array@^1.1.16
6286 silly packumentCache full:https://registry.npmmirror.com/which-typed-array cache-hit
6287 silly fetch manifest isarray@^2.0.5
6288 silly packumentCache full:https://registry.npmmirror.com/isarray cache-hit
6289 silly fetch manifest isarray@^2.0.5
6290 silly packumentCache full:https://registry.npmmirror.com/isarray cache-hit
6291 silly fetch manifest for-each@^0.3.3
6292 silly packumentCache full:https://registry.npmmirror.com/for-each cache-miss
6293 silly fetch manifest for-each@^0.3.3
6294 silly packumentCache full:https://registry.npmmirror.com/for-each cache-miss
6295 silly fetch manifest reflect.getprototypeof@^1.0.9
6296 silly packumentCache full:https://registry.npmmirror.com/reflect.getprototypeof cache-miss
6297 silly fetch manifest for-each@^0.3.3
6298 silly packumentCache full:https://registry.npmmirror.com/for-each cache-miss
6299 silly fetch manifest possible-typed-array-names@^1.0.0
6300 silly packumentCache full:https://registry.npmmirror.com/possible-typed-array-names cache-miss
6301 silly fetch manifest reflect.getprototypeof@^1.0.6
6302 silly packumentCache full:https://registry.npmmirror.com/reflect.getprototypeof cache-miss
6303 silly fetch manifest has-bigints@^1.0.2
6304 silly packumentCache full:https://registry.npmmirror.com/has-bigints cache-miss
6305 silly fetch manifest which-boxed-primitive@^1.1.1
6306 silly packumentCache full:https://registry.npmmirror.com/which-boxed-primitive cache-miss
6307 silly fetch manifest for-each@^0.3.5
6308 silly packumentCache full:https://registry.npmmirror.com/for-each cache-miss
6309 http fetch GET 200 https://registry.npmmirror.com/is-symbol 52ms (cache revalidated)
6310 silly packumentCache full:https://registry.npmmirror.com/is-symbol set size:20005 disposed:false
6311 http fetch GET 200 https://registry.npmmirror.com/is-date-object 171ms (cache revalidated)
6312 silly packumentCache full:https://registry.npmmirror.com/is-date-object set size:21215 disposed:false
6313 http fetch GET 200 https://registry.npmmirror.com/for-each 180ms (cache revalidated)
6314 silly packumentCache full:https://registry.npmmirror.com/for-each set size:13434 disposed:false
6315 http fetch GET 200 https://registry.npmmirror.com/for-each 187ms (cache revalidated)
6316 silly packumentCache full:https://registry.npmmirror.com/for-each set size:13434 disposed:false
6317 silly packumentCache full:https://registry.npmmirror.com/for-each dispose
6318 http fetch GET 200 https://registry.npmmirror.com/for-each 194ms (cache revalidated)
6319 silly packumentCache full:https://registry.npmmirror.com/for-each set size:13434 disposed:true
6320 silly packumentCache full:https://registry.npmmirror.com/for-each dispose
6321 http fetch GET 200 https://registry.npmmirror.com/which-boxed-primitive 194ms (cache revalidated)
6322 silly packumentCache full:https://registry.npmmirror.com/which-boxed-primitive set size:16752 disposed:false
6323 http fetch GET 200 https://registry.npmmirror.com/reflect.getprototypeof 213ms (cache revalidated)
6324 silly packumentCache full:https://registry.npmmirror.com/reflect.getprototypeof set size:42148 disposed:false
6325 http fetch GET 200 https://registry.npmmirror.com/reflect.getprototypeof 214ms (cache revalidated)
6326 silly packumentCache full:https://registry.npmmirror.com/reflect.getprototypeof set size:42148 disposed:false
6327 silly packumentCache full:https://registry.npmmirror.com/reflect.getprototypeof dispose
6328 http fetch GET 200 https://registry.npmmirror.com/has-bigints 242ms (cache revalidated)
6329 silly packumentCache full:https://registry.npmmirror.com/has-bigints set size:12436 disposed:false
6330 http fetch GET 200 https://registry.npmmirror.com/possible-typed-array-names 257ms (cache revalidated)
6331 silly packumentCache full:https://registry.npmmirror.com/possible-typed-array-names set size:9432 disposed:false
6332 http fetch GET 200 https://registry.npmmirror.com/for-each 266ms (cache revalidated)
6333 silly packumentCache full:https://registry.npmmirror.com/for-each set size:13434 disposed:true
6334 silly packumentCache full:https://registry.npmmirror.com/for-each dispose
6335 http fetch GET 200 https://registry.npmmirror.com/possible-typed-array-names 269ms (cache revalidated)
6336 silly packumentCache full:https://registry.npmmirror.com/possible-typed-array-names set size:9432 disposed:false
6337 silly packumentCache full:https://registry.npmmirror.com/possible-typed-array-names dispose
6338 silly placeDep ROOT possible-typed-array-names@1.1.0 OK for: available-typed-arrays@1.0.7 want: ^1.0.0
6339 silly placeDep ROOT is-date-object@1.1.0 OK for: es-to-primitive@1.3.0 want: ^1.0.5
6340 silly placeDep ROOT is-symbol@1.1.1 OK for: es-to-primitive@1.3.0 want: ^1.0.4
6341 silly placeDep ROOT functions-have-names@1.2.3 OK for: function.prototype.name@1.1.8 want: ^1.2.3
6342 silly placeDep node_modules/safe-array-concat isarray@2.0.5 OK for: safe-array-concat@1.1.3 want: ^2.0.5
6343 silly placeDep node_modules/safe-push-apply isarray@2.0.5 OK for: safe-push-apply@1.0.0 want: ^2.0.5
6344 silly placeDep ROOT side-channel-list@1.0.0 OK for: side-channel@1.1.0 want: ^1.0.0
6345 silly placeDep ROOT side-channel-map@1.0.1 OK for: side-channel@1.1.0 want: ^1.0.1
6346 silly placeDep ROOT side-channel-weakmap@1.0.2 OK for: side-channel@1.1.0 want: ^1.0.2
6347 silly placeDep node_modules/stylehacks postcss-selector-parser@6.1.2 OK for: stylehacks@5.1.1 want: ^6.0.4
6348 silly placeDep ROOT @jridgewell/source-map@0.3.11 OK for: terser@5.44.1 want: ^0.3.3
6349 silly placeDep node_modules/terser commander@2.20.3 OK for: terser@5.44.1 want: ^2.20.0
6350 silly placeDep ROOT source-map-support@0.5.21 OK for: terser@5.44.1 want: ~0.5.20
6351 silly fetch manifest source-map@^0.6.0
6352 silly packumentCache full:https://registry.npmmirror.com/source-map cache-hit
6353 silly placeDep node_modules/source-map-support source-map@0.6.1 OK for: source-map-support@0.5.21 want: ^0.6.0
6354 silly placeDep ROOT globalyzer@0.1.0 OK for: tiny-glob@0.2.9 want: 0.1.0
6355 silly placeDep ROOT globrex@0.1.2 OK for: tiny-glob@0.2.9 want: ^0.1.2
6356 silly placeDep ROOT for-each@0.3.5 OK for: typed-array-byte-length@1.0.3 want: ^0.3.3
6357 silly placeDep ROOT reflect.getprototypeof@1.0.10 OK for: typed-array-byte-offset@1.0.4 want: ^1.0.9
6358 silly fetch manifest which-builtin-type@^1.2.1
6359 silly packumentCache full:https://registry.npmmirror.com/which-builtin-type cache-miss
6360 http fetch GET 200 https://registry.npmmirror.com/which-builtin-type 34ms (cache revalidated)
6361 silly packumentCache full:https://registry.npmmirror.com/which-builtin-type set size:35743 disposed:false
6362 silly placeDep ROOT which-builtin-type@1.2.1 OK for: reflect.getprototypeof@1.0.10 want: ^1.2.1
6363 silly fetch manifest is-async-function@^2.0.0
6364 silly packumentCache full:https://registry.npmmirror.com/is-async-function cache-miss
6365 silly fetch manifest is-finalizationregistry@^1.1.0
6366 silly packumentCache full:https://registry.npmmirror.com/is-finalizationregistry cache-miss
6367 silly fetch manifest is-generator-function@^1.0.10
6368 silly packumentCache full:https://registry.npmmirror.com/is-generator-function cache-miss
6369 silly fetch manifest which-boxed-primitive@^1.1.0
6370 silly packumentCache full:https://registry.npmmirror.com/which-boxed-primitive cache-hit
6371 silly fetch manifest which-collection@^1.0.2
6372 silly packumentCache full:https://registry.npmmirror.com/which-collection cache-miss
6373 http fetch GET 200 https://registry.npmmirror.com/is-generator-function 46ms (cache revalidated)
6374 silly packumentCache full:https://registry.npmmirror.com/is-generator-function set size:40535 disposed:false
6375 http fetch GET 200 https://registry.npmmirror.com/which-collection 47ms (cache revalidated)
6376 silly packumentCache full:https://registry.npmmirror.com/which-collection set size:11802 disposed:false
6377 http fetch GET 200 https://registry.npmmirror.com/is-async-function 57ms (cache revalidated)
6378 silly packumentCache full:https://registry.npmmirror.com/is-async-function set size:50353 disposed:false
6379 http fetch GET 200 https://registry.npmmirror.com/is-finalizationregistry 62ms (cache revalidated)
6380 silly packumentCache full:https://registry.npmmirror.com/is-finalizationregistry set size:18822 disposed:false
6381 silly placeDep ROOT has-bigints@1.1.0 OK for: unbox-primitive@1.1.0 want: ^1.0.2
6382 silly placeDep ROOT which-boxed-primitive@1.1.1 OK for: unbox-primitive@1.1.0 want: ^1.1.1
6383 silly fetch manifest is-bigint@^1.1.0
6384 silly packumentCache full:https://registry.npmmirror.com/is-bigint cache-miss
6385 silly fetch manifest is-boolean-object@^1.2.1
6386 silly packumentCache full:https://registry.npmmirror.com/is-boolean-object cache-miss
6387 silly fetch manifest is-number-object@^1.1.1
6388 silly packumentCache full:https://registry.npmmirror.com/is-number-object cache-miss
6389 http fetch GET 200 https://registry.npmmirror.com/is-boolean-object 36ms (cache revalidated)
6390 silly packumentCache full:https://registry.npmmirror.com/is-boolean-object set size:27829 disposed:false
6391 http fetch GET 200 https://registry.npmmirror.com/is-bigint 50ms (cache revalidated)
6392 silly packumentCache full:https://registry.npmmirror.com/is-bigint set size:15538 disposed:false
6393 http fetch GET 200 https://registry.npmmirror.com/is-number-object 62ms (cache revalidated)
6394 silly packumentCache full:https://registry.npmmirror.com/is-number-object set size:28544 disposed:false
6395 silly placeDep ROOT is-bigint@1.1.0 OK for: which-boxed-primitive@1.1.1 want: ^1.1.0
6396 silly placeDep ROOT is-boolean-object@1.2.2 OK for: which-boxed-primitive@1.1.1 want: ^1.2.1
6397 silly placeDep ROOT is-number-object@1.1.1 OK for: which-boxed-primitive@1.1.1 want: ^1.1.1
6398 silly placeDep ROOT is-async-function@2.1.1 OK for: which-builtin-type@1.2.1 want: ^2.0.0
6399 silly placeDep ROOT is-finalizationregistry@1.1.1 OK for: which-builtin-type@1.2.1 want: ^1.1.0
6400 silly placeDep ROOT is-generator-function@1.1.2 OK for: which-builtin-type@1.2.1 want: ^1.0.10
6401 silly placeDep node_modules/which-builtin-type isarray@2.0.5 OK for: which-builtin-type@1.2.1 want: ^2.0.5
6402 silly placeDep ROOT which-collection@1.0.2 OK for: which-builtin-type@1.2.1 want: ^1.0.2
6403 silly fetch manifest async-function@^1.0.0
6404 silly packumentCache full:https://registry.npmmirror.com/async-function cache-miss
6405 silly fetch manifest generator-function@^2.0.0
6406 silly packumentCache full:https://registry.npmmirror.com/generator-function cache-miss
6407 silly fetch manifest is-map@^2.0.3
6408 silly packumentCache full:https://registry.npmmirror.com/is-map cache-miss
6409 silly fetch manifest is-weakmap@^2.0.2
6410 silly packumentCache full:https://registry.npmmirror.com/is-weakmap cache-miss
6411 silly fetch manifest is-weakset@^2.0.3
6412 silly packumentCache full:https://registry.npmmirror.com/is-weakset cache-miss
6413 http fetch GET 200 https://registry.npmmirror.com/async-function 33ms (cache revalidated)
6414 silly packumentCache full:https://registry.npmmirror.com/async-function set size:7186 disposed:false
6415 http fetch GET 200 https://registry.npmmirror.com/is-weakmap 39ms (cache revalidated)
6416 silly packumentCache full:https://registry.npmmirror.com/is-weakmap set size:13343 disposed:false
6417 http fetch GET 200 https://registry.npmmirror.com/is-map 42ms (cache revalidated)
6418 silly packumentCache full:https://registry.npmmirror.com/is-map set size:15281 disposed:false
6419 http fetch GET 200 https://registry.npmmirror.com/generator-function 42ms (cache revalidated)
6420 silly packumentCache full:https://registry.npmmirror.com/generator-function set size:10569 disposed:false
6421 http fetch GET 200 https://registry.npmmirror.com/is-weakset 43ms (cache revalidated)
6422 silly packumentCache full:https://registry.npmmirror.com/is-weakset set size:20246 disposed:false
6423 silly placeDep ROOT async-function@1.0.0 OK for: is-async-function@2.1.1 want: ^1.0.0
6424 silly placeDep ROOT generator-function@2.0.1 OK for: is-generator-function@1.1.2 want: ^2.0.0
6425 silly placeDep ROOT is-map@2.0.3 OK for: which-collection@1.0.2 want: ^2.0.3
6426 silly placeDep ROOT is-weakmap@2.0.2 OK for: which-collection@1.0.2 want: ^2.0.2
6427 silly placeDep ROOT is-weakset@2.0.4 OK for: which-collection@1.0.2 want: ^2.0.3
6428 silly placeDep ROOT is-inside-container@1.0.0 OK for: is-wsl@3.1.0 want: ^1.0.0
6429 silly placeDep node_modules/is-inside-container is-docker@3.0.0 OK for: is-inside-container@1.0.0 want: ^3.0.0
6430 silly placeDep ROOT sourcemap-codec@1.4.8 OK for: magic-string@0.25.9 want: ^1.4.8
6431 silly placeDep node_modules/@swup/route-name-plugin prettier@2.8.8 OK for: @swup/plugin@3.0.1 want: ^2.7.1
6432 silly placeDep node_modules/ansi-align emoji-regex@8.0.0 OK for: string-width@4.2.3 want: ^8.0.0
6433 silly placeDep node_modules/ansi-align strip-ansi@6.0.1 OK for: string-width@4.2.3 want: ^6.0.1
6434 silly placeDep node_modules/ansi-align ansi-regex@5.0.1 OK for: strip-ansi@6.0.1 want: ^5.0.1
6435 silly placeDep ROOT fs.realpath@1.0.0 OK for: glob@8.1.0 want: ^1.0.0
6436 silly placeDep ROOT inflight@1.0.6 OK for: glob@8.1.0 want: ^1.0.4
6437 silly placeDep node_modules/cacache minimatch@5.1.6 OK for: glob@8.1.0 want: ^5.0.1
6438 silly placeDep node_modules/cliui emoji-regex@8.0.0 OK for: string-width@4.2.3 want: ^8.0.0
6439 silly placeDep node_modules/cliui ansi-regex@5.0.1 OK for: strip-ansi@6.0.1 want: ^5.0.1
6440 silly placeDep node_modules/cliui ansi-styles@4.3.0 OK for: wrap-ansi@7.0.0 want: ^4.0.0
6441 silly placeDep ROOT color-convert@2.0.1 OK for: ansi-styles@4.3.0 want: ^2.0.1
6442 silly placeDep node_modules/csso mdn-data@2.0.28 OK for: css-tree@2.2.1 want: 2.0.28
6443 silly placeDep node_modules/gauge emoji-regex@8.0.0 OK for: string-width@4.2.3 want: ^8.0.0
6444 silly placeDep node_modules/gauge ansi-regex@5.0.1 OK for: strip-ansi@6.0.1 want: ^5.0.1
6445 silly placeDep node_modules/glob-stream minimatch@3.1.2 OK for: glob@7.2.3 want: ^3.1.1
6446 silly placeDep ROOT path-is-absolute@1.0.1 OK for: glob@7.2.3 want: ^1.0.0
6447 silly fetch manifest brace-expansion@^1.1.7
6448 silly packumentCache full:https://registry.npmmirror.com/brace-expansion cache-hit
6449 silly placeDep node_modules/glob-stream is-glob@3.1.0 OK for: glob-parent@3.1.0 want: ^3.1.0
6450 silly placeDep ROOT path-dirname@1.0.2 OK for: glob-parent@3.1.0 want: ^1.0.0
6451 silly placeDep node_modules/glob-stream brace-expansion@1.1.12 OK for: minimatch@3.1.2 want: ^1.1.7
6452 silly fetch manifest concat-map@0.0.1
6453 silly packumentCache full:https://registry.npmmirror.com/concat-map cache-miss
6454 http fetch GET 200 https://registry.npmmirror.com/concat-map 34ms (cache revalidated)
6455 silly packumentCache full:https://registry.npmmirror.com/concat-map set size:9270 disposed:false
6456 silly placeDep ROOT concat-map@0.0.1 OK for: brace-expansion@1.1.12 want: 0.0.1
6457 silly placeDep node_modules/is-svg strnum@1.1.2 OK for: fast-xml-parser@4.5.3 want: ^1.1.1
6458 silly placeDep node_modules/maxmin ansi-styles@2.2.1 OK for: chalk@1.1.3 want: ^2.2.1
6459 silly placeDep node_modules/maxmin escape-string-regexp@1.0.5 OK for: chalk@1.1.3 want: ^1.0.2
6460 silly placeDep ROOT has-ansi@2.0.0 OK for: chalk@1.1.3 want: ^2.0.0
6461 silly placeDep node_modules/maxmin strip-ansi@3.0.1 OK for: chalk@1.1.3 want: ^3.0.0
6462 silly placeDep ROOT supports-color@2.0.0 OK for: chalk@1.1.3 want: ^2.0.0
6463 silly fetch manifest ansi-regex@^2.0.0
6464 silly packumentCache full:https://registry.npmmirror.com/ansi-regex cache-hit
6465 silly fetch manifest ansi-regex@^2.0.0
6466 silly packumentCache full:https://registry.npmmirror.com/ansi-regex cache-hit
6467 silly placeDep node_modules/has-ansi ansi-regex@2.1.1 OK for: has-ansi@2.0.0 want: ^2.0.0
6468 silly placeDep ROOT number-is-nan@1.0.1 OK for: pretty-bytes@3.0.1 want: ^1.0.0
6469 silly placeDep node_modules/maxmin ansi-regex@2.1.1 OK for: strip-ansi@3.0.1 want: ^2.0.0
6470 silly placeDep ROOT slash@3.0.0 OK for: @rollup/plugin-alias@3.1.9 want: ^3.0.0
6471 silly fetch manifest rollup@^1.20.0||^2.0.0
6472 silly packumentCache full:https://registry.npmmirror.com/rollup cache-miss
6473 http cache https://registry.npmmirror.com/rollup 16ms (cache hit)
6474 silly packumentCache full:https://registry.npmmirror.com/rollup set size:5663170 disposed:false
6475 silly placeDep node_modules/microbundle @rollup/pluginutils@3.1.0 OK for: @rollup/plugin-babel@5.3.1 want: ^3.1.0
6476 silly fetch manifest @types/estree@0.0.39
6477 silly packumentCache full:https://registry.npmmirror.com/@types%2festree cache-hit
6478 silly fetch manifest estree-walker@^1.0.1
6479 silly packumentCache full:https://registry.npmmirror.com/estree-walker cache-hit
6480 silly placeDep node_modules/microbundle glob@7.2.3 OK for: @rollup/plugin-commonjs@17.1.0 want: ^7.1.6
6481 silly placeDep node_modules/microbundle is-reference@1.2.1 OK for: @rollup/plugin-commonjs@17.1.0 want: ^1.2.1
6482 silly placeDep node_modules/microbundle magic-string@0.25.9 OK for: @rollup/plugin-commonjs@17.1.0 want: ^0.25.7
6483 silly placeDep ROOT @types/resolve@1.17.1 OK for: @rollup/plugin-node-resolve@11.2.1 want: 1.17.1
6484 silly placeDep ROOT is-module@1.0.0 OK for: @rollup/plugin-node-resolve@11.2.1 want: ^1.0.0
6485 silly placeDep node_modules/microbundle @types/estree@0.0.39 OK for: @rollup/pluginutils@3.1.0 want: 0.0.39
6486 silly placeDep node_modules/microbundle/node_modules/@rollup/pluginutils estree-walker@1.0.1 OK for: @rollup/pluginutils@3.1.0 want: ^1.0.1
6487 silly placeDep node_modules/microbundle picomatch@2.3.1 OK for: @rollup/pluginutils@3.1.0 want: ^2.2.2
6488 silly placeDep node_modules/microbundle minimatch@3.1.2 OK for: glob@7.2.3 want: ^3.1.1
6489 silly placeDep node_modules/microbundle brace-expansion@1.1.12 OK for: minimatch@3.1.2 want: ^1.1.7
6490 silly placeDep ROOT jest-worker@26.6.2 OK for: rollup-plugin-terser@7.0.2 want: ^26.2.1
6491 silly placeDep ROOT serialize-javascript@4.0.0 OK for: rollup-plugin-terser@7.0.2 want: ^4.0.0
6492 silly fetch manifest merge-stream@^2.0.0
6493 silly packumentCache full:https://registry.npmmirror.com/merge-stream cache-miss
6494 silly fetch manifest supports-color@^7.0.0
6495 silly packumentCache full:https://registry.npmmirror.com/supports-color cache-hit
6496 silly fetch manifest randombytes@^2.1.0
6497 silly packumentCache full:https://registry.npmmirror.com/randombytes cache-miss
6498 http fetch GET 200 https://registry.npmmirror.com/merge-stream 37ms (cache revalidated)
6499 silly packumentCache full:https://registry.npmmirror.com/merge-stream set size:21260 disposed:false
6500 http fetch GET 200 https://registry.npmmirror.com/randombytes 48ms (cache revalidated)
6501 silly packumentCache full:https://registry.npmmirror.com/randombytes set size:15789 disposed:false
6502 silly placeDep ROOT merge-stream@2.0.0 OK for: jest-worker@26.6.2 want: ^2.0.0
6503 silly placeDep node_modules/jest-worker supports-color@7.2.0 OK for: jest-worker@26.6.2 want: ^7.0.0
6504 silly fetch manifest has-flag@^4.0.0
6505 silly packumentCache full:https://registry.npmmirror.com/has-flag cache-miss
6506 http fetch GET 200 https://registry.npmmirror.com/has-flag 35ms (cache revalidated)
6507 silly packumentCache full:https://registry.npmmirror.com/has-flag set size:12133 disposed:false
6508 silly placeDep ROOT randombytes@2.1.0 OK for: serialize-javascript@4.0.0 want: ^2.1.0
6509 silly placeDep ROOT has-flag@4.0.0 OK for: supports-color@7.2.0 want: ^4.0.0
6510 silly placeDep node_modules/node-gyp minimatch@3.1.2 OK for: glob@7.2.3 want: ^3.1.1
6511 silly placeDep node_modules/node-gyp brace-expansion@1.1.12 OK for: minimatch@3.1.2 want: ^1.1.7
6512 silly placeDep ROOT p-try@2.2.0 OK for: p-limit@2.3.0 want: ^2.0.0
6513 silly placeDep node_modules/postcss-svgo commander@7.2.0 OK for: svgo@2.8.0 want: ^7.2.0
6514 silly placeDep node_modules/postcss-svgo css-select@4.3.0 OK for: svgo@2.8.0 want: ^4.1.3
6515 silly placeDep node_modules/postcss-svgo css-tree@1.1.3 OK for: svgo@2.8.0 want: ^1.1.3
6516 silly placeDep node_modules/postcss-svgo csso@4.2.0 OK for: svgo@2.8.0 want: ^4.2.0
6517 silly placeDep ROOT stable@0.1.8 OK for: svgo@2.8.0 want: ^0.1.8
6518 silly fetch manifest domhandler@^4.3.1
6519 silly packumentCache full:https://registry.npmmirror.com/domhandler cache-hit
6520 silly fetch manifest domutils@^2.8.0
6521 silly packumentCache full:https://registry.npmmirror.com/domutils cache-hit
6522 silly fetch manifest mdn-data@2.0.14
6523 silly packumentCache full:https://registry.npmmirror.com/mdn-data cache-hit
6524 silly placeDep node_modules/postcss-svgo domhandler@4.3.1 OK for: css-select@4.3.0 want: ^4.3.1
6525 silly placeDep node_modules/postcss-svgo domutils@2.8.0 OK for: css-select@4.3.0 want: ^2.8.0
6526 silly fetch manifest dom-serializer@^1.0.1
6527 silly packumentCache full:https://registry.npmmirror.com/dom-serializer cache-hit
6528 silly placeDep node_modules/postcss-svgo mdn-data@2.0.14 OK for: css-tree@1.1.3 want: 2.0.14
6529 silly placeDep node_modules/postcss-svgo source-map@0.6.1 OK for: css-tree@1.1.3 want: ^0.6.1
6530 silly placeDep node_modules/postcss-svgo dom-serializer@1.4.1 OK for: domutils@2.8.0 want: ^1.0.1
6531 silly fetch manifest entities@^2.0.0
6532 silly packumentCache full:https://registry.npmmirror.com/entities cache-hit
6533 silly placeDep node_modules/postcss-svgo entities@2.2.0 OK for: dom-serializer@1.4.1 want: ^2.0.0
6534 silly placeDep node_modules/read-pkg hosted-git-info@2.8.9 OK for: normalize-package-data@2.5.0 want: ^2.1.4
6535 silly placeDep node_modules/read-pkg semver@5.7.2 OK for: normalize-package-data@2.5.0 want: 2 || 3 || 4 || 5
6536 silly placeDep node_modules/remark-directive-rehype @types/hast@2.3.10 OK for: hastscript@7.2.0 want: ^2.0.0
6537 silly placeDep node_modules/remark-directive-rehype hast-util-parse-selector@3.1.1 OK for: hastscript@7.2.0 want: ^3.0.0
6538 silly placeDep node_modules/remark-directive-rehype property-information@6.5.0 OK for: hastscript@7.2.0 want: ^6.0.0
6539 silly fetch manifest @types/unist@^2
6540 silly packumentCache full:https://registry.npmmirror.com/@types%2funist cache-hit
6541 silly placeDep node_modules/remark-directive-rehype @types/unist@2.0.11 OK for: @types/hast@2.3.10 want: ^2
6542 silly placeDep node_modules/remark-sectionize @types/unist@2.0.11 OK for: unist-util-find-after@4.0.1 want: ^2.0.0
6543 silly placeDep node_modules/remark-sectionize unist-util-is@5.2.1 OK for: unist-util-find-after@4.0.1 want: ^5.0.0
6544 silly placeDep node_modules/remark-sectionize unist-util-visit-parents@5.1.3 OK for: unist-util-visit@4.1.2 want: ^5.1.1
6545 silly placeDep node_modules/rimraf minimatch@3.1.2 OK for: glob@7.2.3 want: ^3.1.1
6546 silly placeDep node_modules/rimraf brace-expansion@1.1.12 OK for: minimatch@3.1.2 want: ^1.1.7
6547 silly placeDep node_modules/rollup-plugin-bundle-size ansi-styles@2.2.1 OK for: chalk@1.1.3 want: ^2.2.1
6548 silly placeDep node_modules/rollup-plugin-bundle-size escape-string-regexp@1.0.5 OK for: chalk@1.1.3 want: ^1.0.2
6549 silly placeDep node_modules/rollup-plugin-bundle-size strip-ansi@3.0.1 OK for: chalk@1.1.3 want: ^3.0.0
6550 silly placeDep node_modules/rollup-plugin-bundle-size ansi-regex@2.1.1 OK for: strip-ansi@3.0.1 want: ^2.0.0
6551 silly placeDep node_modules/rollup-plugin-postcss ansi-styles@4.3.0 OK for: chalk@4.1.2 want: ^4.1.0
6552 silly placeDep node_modules/rollup-plugin-postcss supports-color@7.2.0 OK for: chalk@4.1.2 want: ^7.1.0
6553 silly placeDep node_modules/rollup-plugin-postcss eventemitter3@4.0.7 OK for: p-queue@6.6.2 want: ^4.0.4
6554 silly placeDep node_modules/rollup-plugin-postcss p-timeout@3.2.0 OK for: p-queue@6.6.2 want: ^3.2.0
6555 silly fetch manifest p-finally@^1.0.0
6556 silly packumentCache full:https://registry.npmmirror.com/p-finally cache-miss
6557 http fetch GET 200 https://registry.npmmirror.com/p-finally 49ms (cache revalidated)
6558 silly packumentCache full:https://registry.npmmirror.com/p-finally set size:8706 disposed:false
6559 silly placeDep ROOT p-finally@1.0.0 OK for: p-timeout@3.2.0 want: ^1.0.0
6560 silly placeDep node_modules/rollup-plugin-postcss lilconfig@2.1.0 OK for: postcss-load-config@3.1.4 want: ^2.0.5
6561 silly placeDep node_modules/rollup-plugin-postcss yaml@1.10.2 OK for: postcss-load-config@3.1.4 want: ^1.10.2
6562 silly placeDep node_modules/rollup-plugin-typescript2 picomatch@2.3.1 OK for: @rollup/pluginutils@4.2.1 want: ^2.2.2
6563 silly placeDep node_modules/shelljs minimatch@3.1.2 OK for: glob@7.2.3 want: ^3.1.1
6564 silly placeDep node_modules/shelljs brace-expansion@1.1.12 OK for: minimatch@3.1.2 want: ^1.1.7
6565 silly placeDep node_modules/string-width-cjs ansi-regex@5.0.1 OK for: strip-ansi@6.0.1 want: ^5.0.1
6566 silly fetch manifest glob-parent@~5.1.2
6567 silly packumentCache full:https://registry.npmmirror.com/glob-parent cache-hit
6568 silly placeDep node_modules/tailwindcss/node_modules/chokidar glob-parent@5.1.2 OK for: chokidar@3.6.0 want: ~5.1.2
6569 silly placeDep ROOT is-binary-path@2.1.0 OK for: chokidar@3.6.0 want: ~2.1.0
6570 silly placeDep node_modules/tailwindcss readdirp@3.6.0 OK for: chokidar@3.6.0 want: ~3.6.0
6571 silly fetch manifest binary-extensions@^2.0.0
6572 silly packumentCache full:https://registry.npmmirror.com/binary-extensions cache-miss
6573 silly fetch manifest picomatch@^2.2.1
6574 silly packumentCache full:https://registry.npmmirror.com/picomatch cache-hit
6575 http fetch GET 200 https://registry.npmmirror.com/binary-extensions 51ms (cache revalidated)
6576 silly packumentCache full:https://registry.npmmirror.com/binary-extensions set size:43165 disposed:false
6577 silly placeDep ROOT binary-extensions@2.3.0 OK for: is-binary-path@2.1.0 want: ^2.0.0
6578 silly placeDep node_modules/tailwindcss picomatch@2.3.1 OK for: readdirp@3.6.0 want: ^2.2.1
6579 silly placeDep node_modules/unifont mdn-data@2.12.2 OK for: css-tree@3.1.0 want: 2.12.2
6580 silly placeDep ROOT clone-buffer@1.0.0 OK for: vinyl@2.2.1 want: ^1.0.0
6581 silly placeDep node_modules/vinyl-fs clone-stats@1.0.0 OK for: vinyl@2.2.1 want: ^1.0.0
6582 silly placeDep ROOT cloneable-readable@1.1.3 OK for: vinyl@2.2.1 want: ^1.0.0
6583 silly placeDep node_modules/vinyl-fs replace-ext@1.0.1 OK for: vinyl@2.2.1 want: ^1.0.0
6584 silly placeDep node_modules/vinyl-sourcemap clone-stats@1.0.0 OK for: vinyl@2.2.1 want: ^1.0.0
6585 silly placeDep node_modules/vinyl-sourcemap replace-ext@1.0.1 OK for: vinyl@2.2.1 want: ^1.0.0
6586 silly placeDep node_modules/wide-align emoji-regex@8.0.0 OK for: string-width@4.2.3 want: ^8.0.0
6587 silly placeDep node_modules/wide-align strip-ansi@6.0.1 OK for: string-width@4.2.3 want: ^6.0.1
6588 silly placeDep node_modules/wide-align ansi-regex@5.0.1 OK for: strip-ansi@6.0.1 want: ^5.0.1
6589 silly placeDep node_modules/wrap-ansi-cjs emoji-regex@8.0.0 OK for: string-width@4.2.3 want: ^8.0.0
6590 silly placeDep node_modules/wrap-ansi-cjs ansi-regex@5.0.1 OK for: strip-ansi@6.0.1 want: ^5.0.1
6591 silly placeDep node_modules/yargs emoji-regex@8.0.0 OK for: string-width@4.2.3 want: ^8.0.0
6592 silly placeDep node_modules/yargs strip-ansi@6.0.1 OK for: string-width@4.2.3 want: ^6.0.1
6593 silly placeDep node_modules/yargs ansi-regex@5.0.1 OK for: strip-ansi@6.0.1 want: ^5.0.1
6594 verbose stack Error: An unknown git error occurred
6594 verbose stack     at makeError (D:\nodejs\node_modules\npm\node_modules\@npmcli\git\lib\make-error.js:28:13)
6594 verbose stack     at D:\nodejs\node_modules\npm\node_modules\@npmcli\git\lib\spawn.js:37:26
6594 verbose stack     at process.processTicksAndRejections (node:internal/process/task_queues:105:5)
6594 verbose stack     at async module.exports (D:\nodejs\node_modules\npm\node_modules\@npmcli\git\lib\revs.js:18:22)
6594 verbose stack     at async D:\nodejs\node_modules\npm\node_modules\pacote\lib\git.js:258:19
6594 verbose stack     at async withTempDir (D:\nodejs\node_modules\npm\node_modules\@npmcli\fs\lib\with-temp-dir.js:21:14)
6594 verbose stack     at async #fetchManifest (D:\nodejs\node_modules\npm\node_modules\@npmcli\arborist\lib\arborist\build-ideal-tree.js:1202:20)
6594 verbose stack     at async #nodeFromEdge (D:\nodejs\node_modules\npm\node_modules\@npmcli\arborist\lib\arborist\build-ideal-tree.js:1040:19)
6594 verbose stack     at async #buildDepStep (D:\nodejs\node_modules\npm\node_modules\@npmcli\arborist\lib\arborist\build-ideal-tree.js:904:11)
6594 verbose stack     at async Arborist.buildIdealTree (D:\nodejs\node_modules\npm\node_modules\@npmcli\arborist\lib\arborist\build-ideal-tree.js:181:7)
6595 error code 128
6596 error An unknown git error occurred
6597 error command git --no-replace-objects ls-remote ssh://git@github.com/ramya-rao-a/css-parser.git
6598 error fatal: unable to access 'https://github.com/ramya-rao-a/css-parser.git/': Recv failure: Connection was reset
6599 silly unfinished npm timer reify 1763451582508
6600 silly unfinished npm timer reify:loadTrees 1763451582510
6601 verbose cwd D:\cursor\project8  blog\test
6602 verbose os Windows_NT 10.0.22631
6603 verbose node v22.20.0
6604 verbose npm  v10.9.3
6605 verbose exit 128
6606 verbose code 128
6607 error A complete log of this run can be found in: D:\cursor\project8  blog\test\.npm-cache\_logs\2025-11-18T07_39_40_960Z-debug-0.log
