0 verbose cli D:\nodejs\node.exe D:\nodejs\node_modules\npm\bin\npm-cli.js
1 info using npm@10.9.3
2 info using node@v22.20.0
3 silly config load:file:D:\nodejs\node_modules\npm\npmrc
4 silly config load:file:D:\cursor\project8  blog\test\.npmrc
5 silly config load:file:C:\Users\Arthur\.npmrc
6 silly config load:file:D:\nodejs\node_global\etc\npmrc
7 verbose title npm install
8 verbose argv "install" "--cache" ".npm-cache"
9 verbose logfile logs-max:10 dir:D:\cursor\project8  blog\test\.npm-cache\_logs\2025-11-26T02_51_47_944Z-
10 verbose logfile D:\cursor\project8  blog\test\.npm-cache\_logs\2025-11-26T02_51_47_944Z-debug-0.log
11 silly logfile done cleaning log files
12 silly packumentCache heap:4345298944 maxSize:1086324736 maxEntrySize:543162368
13 verbose shrinkwrap failed to load node_modules/.package-lock.json out of date, updated: node_modules
14 verbose shrinkwrap failed to load node_modules/.package-lock.json out of date, updated: node_modules
15 http fetch GET 200 https://registry.npmmirror.com/npm 169ms
16 silly idealTree buildDeps
17 silly fetch manifest @astrojs/svelte@7.2.2
18 silly packumentCache full:https://registry.npmmirror.com/@astrojs%2fsvelte cache-miss
19 http fetch GET 200 https://registry.npmmirror.com/@astrojs%2fsvelte 127ms (cache revalidated)
20 silly packumentCache full:https://registry.npmmirror.com/@astrojs%2fsvelte set size:375187 disposed:false
21 silly fetch manifest astro@5.15.8
22 silly packumentCache full:https://registry.npmmirror.com/astro cache-miss
23 http fetch GET 200 https://registry.npmmirror.com/astro 194ms (cache updated)
24 silly packumentCache full:https://registry.npmmirror.com/astro set size:1085354 disposed:false
25 silly fetch manifest svelte@^5.43.8
26 silly packumentCache full:https://registry.npmmirror.com/svelte cache-miss
27 http fetch GET 200 https://registry.npmmirror.com/svelte 128ms (cache updated)
28 silly packumentCache full:https://registry.npmmirror.com/svelte set size:466639 disposed:false
29 silly fetch manifest typescript@^5.9.3
30 silly packumentCache full:https://registry.npmmirror.com/typescript cache-miss
31 http fetch GET 200 https://registry.npmmirror.com/typescript 144ms (cache updated)
32 silly packumentCache full:https://registry.npmmirror.com/typescript set size:1633903 disposed:false
33 silly fetch manifest @iconify-json/simple-icons@^1.2.59
34 silly packumentCache full:https://registry.npmmirror.com/@iconify-json%2fsimple-icons cache-miss
35 http fetch GET 200 https://registry.npmmirror.com/@iconify-json%2fsimple-icons 104ms (cache updated)
36 silly packumentCache full:https://registry.npmmirror.com/@iconify-json%2fsimple-icons set size:99335 disposed:false
37 silly fetch manifest d3-force@^3.0.0
38 silly packumentCache full:https://registry.npmmirror.com/d3-force cache-miss
39 http fetch GET 200 https://registry.npmmirror.com/d3-force 47ms (cache miss)
40 silly packumentCache full:https://registry.npmmirror.com/d3-force set size:26219 disposed:false
41 silly fetch manifest @biomejs/biome@2.3.5
42 silly packumentCache full:https://registry.npmmirror.com/@biomejs%2fbiome cache-miss
43 http fetch GET 200 https://registry.npmmirror.com/@biomejs%2fbiome 86ms (cache updated)
44 silly packumentCache full:https://registry.npmmirror.com/@biomejs%2fbiome set size:50999 disposed:false
45 silly fetch manifest fontmin@^1.1.1
46 silly packumentCache full:https://registry.npmmirror.com/fontmin cache-miss
47 http fetch GET 200 https://registry.npmmirror.com/fontmin 64ms (cache revalidated)
48 silly packumentCache full:https://registry.npmmirror.com/fontmin set size:103543 disposed:false
49 silly placeDep ROOT @astrojs/svelte@7.2.2 REPLACE for: mizuki@7.1.0 want: 7.2.2
50 silly placeDep ROOT @biomejs/biome@2.3.5 REPLACE for: mizuki@7.1.0 want: 2.3.5
51 silly placeDep ROOT @iconify-json/simple-icons@1.2.60 REPLACE for: mizuki@7.1.0 want: ^1.2.59
52 silly placeDep ROOT astro@5.15.8 REPLACE for: mizuki@7.1.0 want: 5.15.8
53 silly placeDep ROOT d3-force@3.0.0 OK for: mizuki@7.1.0 want: ^3.0.0
54 silly placeDep ROOT fontmin@1.1.1 OK for: mizuki@7.1.0 want: ^1.1.1
55 silly placeDep ROOT svelte@5.44.1 REPLACE for: mizuki@7.1.0 want: ^5.43.8
56 silly fetch manifest @biomejs/cli-win32-x64@2.3.5
57 silly packumentCache full:https://registry.npmmirror.com/@biomejs%2fcli-win32-x64 cache-miss
58 silly fetch manifest @biomejs/cli-win32-arm64@2.3.5
59 silly packumentCache full:https://registry.npmmirror.com/@biomejs%2fcli-win32-arm64 cache-miss
60 silly fetch manifest @biomejs/cli-darwin-x64@2.3.5
61 silly packumentCache full:https://registry.npmmirror.com/@biomejs%2fcli-darwin-x64 cache-miss
62 silly fetch manifest @biomejs/cli-darwin-arm64@2.3.5
63 silly packumentCache full:https://registry.npmmirror.com/@biomejs%2fcli-darwin-arm64 cache-miss
64 silly fetch manifest @biomejs/cli-linux-x64@2.3.5
65 silly packumentCache full:https://registry.npmmirror.com/@biomejs%2fcli-linux-x64 cache-miss
66 silly fetch manifest @biomejs/cli-linux-arm64@2.3.5
67 silly packumentCache full:https://registry.npmmirror.com/@biomejs%2fcli-linux-arm64 cache-miss
68 silly fetch manifest @biomejs/cli-linux-x64-musl@2.3.5
69 silly packumentCache full:https://registry.npmmirror.com/@biomejs%2fcli-linux-x64-musl cache-miss
70 silly fetch manifest @biomejs/cli-linux-arm64-musl@2.3.5
71 silly packumentCache full:https://registry.npmmirror.com/@biomejs%2fcli-linux-arm64-musl cache-miss
72 silly fetch manifest magicast@^0.5.1
73 silly packumentCache full:https://registry.npmmirror.com/magicast cache-miss
74 silly fetch manifest d3-dispatch@1 - 3
75 silly packumentCache full:https://registry.npmmirror.com/d3-dispatch cache-miss
76 silly fetch manifest d3-quadtree@1 - 3
77 silly packumentCache full:https://registry.npmmirror.com/d3-quadtree cache-miss
78 silly fetch manifest d3-timer@1 - 3
79 silly packumentCache full:https://registry.npmmirror.com/d3-timer cache-miss
80 silly fetch manifest @types/node@^12.20.55
81 silly packumentCache full:https://registry.npmmirror.com/@types%2fnode cache-miss
82 silly fetch manifest @types/through2@^2.0.38
83 silly packumentCache full:https://registry.npmmirror.com/@types%2fthrough2 cache-miss
84 silly fetch manifest b3b@^0.0.1
85 silly packumentCache full:https://registry.npmmirror.com/b3b cache-miss
86 silly fetch manifest buffer-to-vinyl@^1.0.0
87 silly packumentCache full:https://registry.npmmirror.com/buffer-to-vinyl cache-miss
88 silly fetch manifest code-points@^2.0.0-1
89 silly packumentCache full:https://registry.npmmirror.com/code-points cache-miss
90 silly fetch manifest concat-stream@^2.0.0
91 silly packumentCache full:https://registry.npmmirror.com/concat-stream cache-miss
92 silly fetch manifest fonteditor-core@~2.4.0
93 silly packumentCache full:https://registry.npmmirror.com/fonteditor-core cache-miss
94 silly fetch manifest get-stdin@^8.0.0
95 silly packumentCache full:https://registry.npmmirror.com/get-stdin cache-miss
96 silly fetch manifest is-otf@^0.1.2
97 silly packumentCache full:https://registry.npmmirror.com/is-otf cache-miss
98 silly fetch manifest is-svg@^4.2.1
99 silly packumentCache full:https://registry.npmmirror.com/is-svg cache-miss
100 silly fetch manifest is-ttf@^0.2.2
101 silly packumentCache full:https://registry.npmmirror.com/is-ttf cache-miss
102 silly fetch manifest meow@^9.0.0
103 silly packumentCache full:https://registry.npmmirror.com/meow cache-miss
104 silly fetch manifest pako@^2.0.3
105 silly packumentCache full:https://registry.npmmirror.com/pako cache-miss
106 silly fetch manifest replace-ext@^2.0.0
107 silly packumentCache full:https://registry.npmmirror.com/replace-ext cache-miss
108 silly fetch manifest stream-combiner@^0.2.1
109 silly packumentCache full:https://registry.npmmirror.com/stream-combiner cache-miss
110 silly fetch manifest through2@^4.0.2
111 silly packumentCache full:https://registry.npmmirror.com/through2 cache-miss
112 silly fetch manifest ttf2woff2@^4.0.1
113 silly packumentCache full:https://registry.npmmirror.com/ttf2woff2 cache-miss
114 silly fetch manifest vinyl-fs@^3.0.3
115 silly packumentCache full:https://registry.npmmirror.com/vinyl-fs cache-miss
116 http fetch GET 200 https://registry.npmmirror.com/d3-dispatch 113ms (cache miss)
117 silly packumentCache full:https://registry.npmmirror.com/d3-dispatch set size:13522 disposed:false
118 http fetch GET 200 https://registry.npmmirror.com/d3-quadtree 117ms (cache miss)
119 silly packumentCache full:https://registry.npmmirror.com/d3-quadtree set size:15101 disposed:false
120 http fetch GET 200 https://registry.npmmirror.com/concat-stream 148ms (cache revalidated)
121 silly packumentCache full:https://registry.npmmirror.com/concat-stream set size:60983 disposed:false
122 http fetch GET 200 https://registry.npmmirror.com/d3-timer 159ms (cache miss)
123 silly packumentCache full:https://registry.npmmirror.com/d3-timer set size:15469 disposed:false
124 http fetch GET 200 https://registry.npmmirror.com/@types%2fnode 176ms (cache revalidated)
125 silly packumentCache full:https://registry.npmmirror.com/@types%2fnode set size:9925431 disposed:false
126 http fetch GET 200 https://registry.npmmirror.com/magicast 310ms (cache revalidated)
127 silly packumentCache full:https://registry.npmmirror.com/magicast set size:80510 disposed:false
128 http fetch GET 200 https://registry.npmmirror.com/code-points 309ms (cache revalidated)
129 silly packumentCache full:https://registry.npmmirror.com/code-points set size:17727 disposed:false
130 http fetch GET 200 https://registry.npmmirror.com/meow 309ms (cache revalidated)
131 silly packumentCache full:https://registry.npmmirror.com/meow set size:105483 disposed:false
132 http fetch GET 200 https://registry.npmmirror.com/get-stdin 312ms (cache revalidated)
133 silly packumentCache full:https://registry.npmmirror.com/get-stdin set size:22800 disposed:false
134 http fetch GET 200 https://registry.npmmirror.com/@types%2fthrough2 314ms (cache revalidated)
135 silly packumentCache full:https://registry.npmmirror.com/@types%2fthrough2 set size:52168 disposed:false
136 http fetch GET 200 https://registry.npmmirror.com/b3b 314ms (cache revalidated)
137 silly packumentCache full:https://registry.npmmirror.com/b3b set size:3369 disposed:false
138 http fetch GET 200 https://registry.npmmirror.com/fonteditor-core 314ms (cache revalidated)
139 silly packumentCache full:https://registry.npmmirror.com/fonteditor-core set size:180970 disposed:false
140 http fetch GET 200 https://registry.npmmirror.com/buffer-to-vinyl 316ms (cache revalidated)
141 silly packumentCache full:https://registry.npmmirror.com/buffer-to-vinyl set size:5750 disposed:false
142 http fetch GET 200 https://registry.npmmirror.com/@biomejs%2fcli-darwin-x64 323ms (cache updated)
143 silly packumentCache full:https://registry.npmmirror.com/@biomejs%2fcli-darwin-x64 set size:38747 disposed:false
144 http fetch GET 200 https://registry.npmmirror.com/is-otf 330ms (cache revalidated)
145 silly packumentCache full:https://registry.npmmirror.com/is-otf set size:5156 disposed:false
146 http fetch GET 200 https://registry.npmmirror.com/@biomejs%2fcli-linux-arm64-musl 338ms (cache updated)
147 silly packumentCache full:https://registry.npmmirror.com/@biomejs%2fcli-linux-arm64-musl set size:29923 disposed:false
148 http fetch GET 200 https://registry.npmmirror.com/@biomejs%2fcli-linux-x64-musl 340ms (cache updated)
149 silly packumentCache full:https://registry.npmmirror.com/@biomejs%2fcli-linux-x64-musl set size:30046 disposed:false
150 http fetch GET 200 https://registry.npmmirror.com/@biomejs%2fcli-darwin-arm64 342ms (cache updated)
151 silly packumentCache full:https://registry.npmmirror.com/@biomejs%2fcli-darwin-arm64 set size:38644 disposed:false
152 http fetch GET 200 https://registry.npmmirror.com/@biomejs%2fcli-linux-arm64 343ms (cache updated)
153 silly packumentCache full:https://registry.npmmirror.com/@biomejs%2fcli-linux-arm64 set size:38806 disposed:false
154 http fetch GET 200 https://registry.npmmirror.com/@biomejs%2fcli-win32-arm64 346ms (cache updated)
155 silly packumentCache full:https://registry.npmmirror.com/@biomejs%2fcli-win32-arm64 set size:38878 disposed:false
156 http fetch GET 200 https://registry.npmmirror.com/@biomejs%2fcli-linux-x64 346ms (cache updated)
157 silly packumentCache full:https://registry.npmmirror.com/@biomejs%2fcli-linux-x64 set size:38669 disposed:false
158 http fetch GET 200 https://registry.npmmirror.com/ttf2woff2 345ms (cache revalidated)
159 silly packumentCache full:https://registry.npmmirror.com/ttf2woff2 set size:102447 disposed:false
160 http fetch GET 200 https://registry.npmmirror.com/is-svg 348ms (cache revalidated)
161 silly packumentCache full:https://registry.npmmirror.com/is-svg set size:47097 disposed:false
162 http fetch GET 200 https://registry.npmmirror.com/stream-combiner 349ms (cache revalidated)
163 silly packumentCache full:https://registry.npmmirror.com/stream-combiner set size:13608 disposed:false
164 http fetch GET 200 https://registry.npmmirror.com/pako 350ms (cache revalidated)
165 silly packumentCache full:https://registry.npmmirror.com/pako set size:76844 disposed:false
166 http fetch GET 200 https://registry.npmmirror.com/is-ttf 351ms (cache revalidated)
167 silly packumentCache full:https://registry.npmmirror.com/is-ttf set size:7601 disposed:false
168 http fetch GET 200 https://registry.npmmirror.com/vinyl-fs 353ms (cache revalidated)
169 silly packumentCache full:https://registry.npmmirror.com/vinyl-fs set size:110984 disposed:false
170 http fetch GET 200 https://registry.npmmirror.com/through2 358ms (cache updated)
171 silly packumentCache full:https://registry.npmmirror.com/through2 set size:12853 disposed:false
172 http fetch GET 200 https://registry.npmmirror.com/replace-ext 367ms (cache revalidated)
173 silly packumentCache full:https://registry.npmmirror.com/replace-ext set size:10393 disposed:false
174 http fetch GET 200 https://registry.npmmirror.com/@biomejs%2fcli-win32-x64 689ms (cache updated)
175 silly packumentCache full:https://registry.npmmirror.com/@biomejs%2fcli-win32-x64 set size:38650 disposed:false
176 silly placeDep ROOT @biomejs/cli-darwin-arm64@2.3.5 OK for: @biomejs/biome@2.3.5 want: 2.3.5
177 silly placeDep ROOT @biomejs/cli-darwin-x64@2.3.5 OK for: @biomejs/biome@2.3.5 want: 2.3.5
178 silly placeDep ROOT @biomejs/cli-linux-arm64@2.3.5 OK for: @biomejs/biome@2.3.5 want: 2.3.5
179 silly placeDep ROOT @biomejs/cli-linux-arm64-musl@2.3.5 OK for: @biomejs/biome@2.3.5 want: 2.3.5
180 silly placeDep ROOT @biomejs/cli-linux-x64@2.3.5 OK for: @biomejs/biome@2.3.5 want: 2.3.5
181 silly placeDep ROOT @biomejs/cli-linux-x64-musl@2.3.5 OK for: @biomejs/biome@2.3.5 want: 2.3.5
182 silly placeDep ROOT @biomejs/cli-win32-arm64@2.3.5 OK for: @biomejs/biome@2.3.5 want: 2.3.5
183 silly placeDep ROOT @biomejs/cli-win32-x64@2.3.5 OK for: @biomejs/biome@2.3.5 want: 2.3.5
184 silly fetch manifest postcss-selector-parser@^7.0.0
185 silly packumentCache full:https://registry.npmmirror.com/postcss-selector-parser cache-miss
186 http fetch GET 200 https://registry.npmmirror.com/postcss-selector-parser 56ms (cache revalidated)
187 silly packumentCache full:https://registry.npmmirror.com/postcss-selector-parser set size:159232 disposed:false
188 silly placeDep ROOT postcss-selector-parser@7.1.0 REPLACE for: @csstools/selector-resolve-nested@3.1.0 want: ^7.0.0
189 silly fetch manifest rollup@^1.20.0||^2.0.0
190 silly packumentCache full:https://registry.npmmirror.com/rollup cache-miss
191 http fetch GET 200 https://registry.npmmirror.com/rollup 141ms (cache updated)
192 silly packumentCache full:https://registry.npmmirror.com/rollup set size:654421 disposed:false
193 silly placeDep ROOT rollup@2.79.2 REPLACE for: @rollup/plugin-alias@3.1.9 want: ^1.20.0||^2.0.0
194 silly fetch manifest fsevents@~2.3.2
195 silly packumentCache full:https://registry.npmmirror.com/fsevents cache-miss
196 http fetch GET 200 https://registry.npmmirror.com/fsevents 59ms (cache updated)
197 silly packumentCache full:https://registry.npmmirror.com/fsevents set size:16345 disposed:false
198 silly fetch manifest postcss-selector-parser@6.0.10
199 silly packumentCache full:https://registry.npmmirror.com/postcss-selector-parser cache-hit
200 silly placeDep node_modules/@tailwindcss/typography postcss-selector-parser@6.0.10 OK for: @tailwindcss/typography@0.5.19 want: 6.0.10
201 silly placeDep ROOT magicast@0.5.1 OK for: astro@5.15.8 want: ^0.5.1
202 silly placeDep ROOT d3-dispatch@3.0.1 OK for: d3-force@3.0.0 want: 1 - 3
203 silly placeDep ROOT d3-quadtree@3.0.1 OK for: d3-force@3.0.0 want: 1 - 3
204 silly placeDep ROOT d3-timer@3.0.1 OK for: d3-force@3.0.0 want: 1 - 3
205 silly placeDep node_modules/fontmin @types/node@12.20.55 OK for: fontmin@1.1.1 want: ^12.20.55
206 silly placeDep ROOT @types/through2@2.0.41 OK for: fontmin@1.1.1 want: ^2.0.38
207 silly placeDep ROOT b3b@0.0.1 OK for: fontmin@1.1.1 want: ^0.0.1
208 silly placeDep ROOT buffer-to-vinyl@1.1.0 OK for: fontmin@1.1.1 want: ^1.0.0
209 silly placeDep ROOT code-points@2.0.0-1 OK for: fontmin@1.1.1 want: ^2.0.0-1
210 silly placeDep ROOT concat-stream@2.0.0 OK for: fontmin@1.1.1 want: ^2.0.0
211 silly placeDep ROOT fonteditor-core@2.4.1 OK for: fontmin@1.1.1 want: ~2.4.0
212 silly placeDep ROOT get-stdin@8.0.0 OK for: fontmin@1.1.1 want: ^8.0.0
213 silly placeDep ROOT is-otf@0.1.2 OK for: fontmin@1.1.1 want: ^0.1.2
214 silly placeDep ROOT is-svg@4.4.0 OK for: fontmin@1.1.1 want: ^4.2.1
215 silly placeDep ROOT is-ttf@0.2.2 OK for: fontmin@1.1.1 want: ^0.2.2
216 silly placeDep ROOT meow@9.0.0 OK for: fontmin@1.1.1 want: ^9.0.0
217 silly placeDep node_modules/fontmin pako@2.1.0 OK for: fontmin@1.1.1 want: ^2.0.3
218 silly placeDep ROOT replace-ext@2.0.0 OK for: fontmin@1.1.1 want: ^2.0.0
219 silly placeDep ROOT stream-combiner@0.2.2 OK for: fontmin@1.1.1 want: ^0.2.1
220 silly placeDep ROOT through2@4.0.2 OK for: fontmin@1.1.1 want: ^4.0.2
221 silly placeDep ROOT ttf2woff2@4.0.5 OK for: fontmin@1.1.1 want: ^4.0.1
222 silly placeDep ROOT vinyl-fs@3.0.3 OK for: fontmin@1.1.1 want: ^3.0.3
223 silly fetch manifest file-type@^3.1.0
224 silly packumentCache full:https://registry.npmmirror.com/file-type cache-miss
225 silly fetch manifest readable-stream@^2.0.2
226 silly packumentCache full:https://registry.npmmirror.com/readable-stream cache-miss
227 silly fetch manifest uuid@^2.0.1
228 silly packumentCache full:https://registry.npmmirror.com/uuid cache-miss
229 silly fetch manifest vinyl@^1.0.0
230 silly packumentCache full:https://registry.npmmirror.com/vinyl cache-miss
231 silly fetch manifest code-point@^1.0.1
232 silly packumentCache full:https://registry.npmmirror.com/code-point cache-miss
233 silly fetch manifest readable-stream@^3.0.2
234 silly packumentCache full:https://registry.npmmirror.com/readable-stream cache-miss
235 silly fetch manifest typedarray@^0.0.6
236 silly packumentCache full:https://registry.npmmirror.com/typedarray cache-miss
237 silly fetch manifest @xmldom/xmldom@^0.8.3
238 silly packumentCache full:https://registry.npmmirror.com/@xmldom%2fxmldom cache-miss
239 silly fetch manifest fast-xml-parser@^4.1.3
240 silly packumentCache full:https://registry.npmmirror.com/fast-xml-parser cache-miss
241 silly fetch manifest @types/minimist@^1.2.0
242 silly packumentCache full:https://registry.npmmirror.com/@types%2fminimist cache-miss
243 silly fetch manifest camelcase-keys@^6.2.2
244 silly packumentCache full:https://registry.npmmirror.com/camelcase-keys cache-miss
245 silly fetch manifest decamelize@^1.2.0
246 silly packumentCache full:https://registry.npmmirror.com/decamelize cache-miss
247 silly fetch manifest decamelize-keys@^1.1.0
248 silly packumentCache full:https://registry.npmmirror.com/decamelize-keys cache-miss
249 silly fetch manifest hard-rejection@^2.1.0
250 silly packumentCache full:https://registry.npmmirror.com/hard-rejection cache-miss
251 silly fetch manifest minimist-options@4.1.0
252 silly packumentCache full:https://registry.npmmirror.com/minimist-options cache-miss
253 silly fetch manifest normalize-package-data@^3.0.0
254 silly packumentCache full:https://registry.npmmirror.com/normalize-package-data cache-miss
255 silly fetch manifest read-pkg-up@^7.0.1
256 silly packumentCache full:https://registry.npmmirror.com/read-pkg-up cache-miss
257 silly fetch manifest redent@^3.0.0
258 silly packumentCache full:https://registry.npmmirror.com/redent cache-miss
259 silly fetch manifest trim-newlines@^3.0.0
260 silly packumentCache full:https://registry.npmmirror.com/trim-newlines cache-miss
261 silly fetch manifest type-fest@^0.18.0
262 silly packumentCache full:https://registry.npmmirror.com/type-fest cache-miss
263 silly fetch manifest yargs-parser@^20.2.3
264 silly packumentCache full:https://registry.npmmirror.com/yargs-parser cache-miss
265 silly fetch manifest through@~2.3.4
266 silly packumentCache full:https://registry.npmmirror.com/through cache-miss
267 silly fetch manifest readable-stream@3
268 silly packumentCache full:https://registry.npmmirror.com/readable-stream cache-miss
269 silly fetch manifest bindings@^1.5.0
270 silly packumentCache full:https://registry.npmmirror.com/bindings cache-miss
271 silly fetch manifest bufferstreams@^3.0.0
272 silly packumentCache full:https://registry.npmmirror.com/bufferstreams cache-miss
273 silly fetch manifest nan@^2.14.2
274 silly packumentCache full:https://registry.npmmirror.com/nan cache-miss
275 silly fetch manifest node-gyp@^9.0.0
276 silly packumentCache full:https://registry.npmmirror.com/node-gyp cache-miss
277 silly fetch manifest fs-mkdirp-stream@^1.0.0
278 silly packumentCache full:https://registry.npmmirror.com/fs-mkdirp-stream cache-miss
279 silly fetch manifest glob-stream@^6.1.0
280 silly packumentCache full:https://registry.npmmirror.com/glob-stream cache-miss
281 silly fetch manifest is-valid-glob@^1.0.0
282 silly packumentCache full:https://registry.npmmirror.com/is-valid-glob cache-miss
283 silly fetch manifest lazystream@^1.0.0
284 silly packumentCache full:https://registry.npmmirror.com/lazystream cache-miss
285 http fetch GET 200 https://registry.npmmirror.com/uuid 108ms (cache revalidated)
286 silly packumentCache full:https://registry.npmmirror.com/uuid set size:197400 disposed:false
287 silly fetch manifest lead@^1.0.0
288 silly packumentCache full:https://registry.npmmirror.com/lead cache-miss
289 http fetch GET 200 https://registry.npmmirror.com/vinyl 131ms (cache revalidated)
290 silly packumentCache full:https://registry.npmmirror.com/vinyl set size:71330 disposed:false
291 silly fetch manifest pumpify@^1.3.5
292 silly packumentCache full:https://registry.npmmirror.com/pumpify cache-miss
293 http fetch GET 200 https://registry.npmmirror.com/readable-stream 134ms (cache revalidated)
294 silly packumentCache full:https://registry.npmmirror.com/readable-stream set size:231868 disposed:false
295 silly fetch manifest readable-stream@^2.3.3
296 silly packumentCache full:https://registry.npmmirror.com/readable-stream cache-hit
297 silly fetch manifest remove-bom-buffer@^3.0.0
298 silly packumentCache full:https://registry.npmmirror.com/remove-bom-buffer cache-miss
299 http fetch GET 200 https://registry.npmmirror.com/readable-stream 139ms (cache revalidated)
300 silly packumentCache full:https://registry.npmmirror.com/readable-stream set size:231868 disposed:false
301 silly packumentCache full:https://registry.npmmirror.com/readable-stream dispose
302 silly fetch manifest remove-bom-stream@^1.2.0
303 silly packumentCache full:https://registry.npmmirror.com/remove-bom-stream cache-miss
304 http fetch GET 200 https://registry.npmmirror.com/typedarray 141ms (cache revalidated)
305 silly packumentCache full:https://registry.npmmirror.com/typedarray set size:18688 disposed:false
306 silly fetch manifest resolve-options@^1.1.0
307 silly packumentCache full:https://registry.npmmirror.com/resolve-options cache-miss
308 http fetch GET 200 https://registry.npmmirror.com/decamelize 140ms (cache revalidated)
309 silly packumentCache full:https://registry.npmmirror.com/decamelize set size:27559 disposed:false
310 silly fetch manifest through2@^2.0.0
311 silly packumentCache full:https://registry.npmmirror.com/through2 cache-hit
312 silly fetch manifest to-through@^2.0.0
313 silly packumentCache full:https://registry.npmmirror.com/to-through cache-miss
314 http fetch GET 200 https://registry.npmmirror.com/decamelize-keys 141ms (cache revalidated)
315 silly packumentCache full:https://registry.npmmirror.com/decamelize-keys set size:15269 disposed:false
316 silly fetch manifest value-or-function@^3.0.0
317 silly packumentCache full:https://registry.npmmirror.com/value-or-function cache-miss
318 http fetch GET 200 https://registry.npmmirror.com/@types%2fminimist 143ms (cache revalidated)
319 silly packumentCache full:https://registry.npmmirror.com/@types%2fminimist set size:27032 disposed:false
320 silly fetch manifest vinyl@^2.0.0
321 silly packumentCache full:https://registry.npmmirror.com/vinyl cache-hit
322 silly fetch manifest vinyl-sourcemap@^1.1.0
323 silly packumentCache full:https://registry.npmmirror.com/vinyl-sourcemap cache-miss
324 http fetch GET 200 https://registry.npmmirror.com/@xmldom%2fxmldom 144ms (cache revalidated)
325 silly packumentCache full:https://registry.npmmirror.com/@xmldom%2fxmldom set size:151959 disposed:false
326 http fetch GET 200 https://registry.npmmirror.com/read-pkg-up 145ms (cache revalidated)
327 silly packumentCache full:https://registry.npmmirror.com/read-pkg-up set size:29272 disposed:false
328 http fetch GET 200 https://registry.npmmirror.com/fast-xml-parser 148ms (cache revalidated)
329 silly packumentCache full:https://registry.npmmirror.com/fast-xml-parser set size:466802 disposed:false
330 http fetch GET 200 https://registry.npmmirror.com/normalize-package-data 152ms (cache revalidated)
331 silly packumentCache full:https://registry.npmmirror.com/normalize-package-data set size:121214 disposed:false
332 http fetch GET 200 https://registry.npmmirror.com/trim-newlines 154ms (cache revalidated)
333 silly packumentCache full:https://registry.npmmirror.com/trim-newlines set size:21659 disposed:false
334 http fetch GET 200 https://registry.npmmirror.com/readable-stream 158ms (cache revalidated)
335 silly packumentCache full:https://registry.npmmirror.com/readable-stream set size:231868 disposed:true
336 silly packumentCache full:https://registry.npmmirror.com/readable-stream dispose
337 http fetch GET 200 https://registry.npmmirror.com/type-fest 163ms (cache revalidated)
338 silly packumentCache full:https://registry.npmmirror.com/type-fest set size:495249 disposed:false
339 http fetch GET 200 https://registry.npmmirror.com/camelcase-keys 171ms (cache revalidated)
340 silly packumentCache full:https://registry.npmmirror.com/camelcase-keys set size:70621 disposed:false
341 http fetch GET 200 https://registry.npmmirror.com/yargs-parser 171ms (cache revalidated)
342 silly packumentCache full:https://registry.npmmirror.com/yargs-parser set size:193344 disposed:false
343 http fetch GET 200 https://registry.npmmirror.com/hard-rejection 183ms (cache revalidated)
344 silly packumentCache full:https://registry.npmmirror.com/hard-rejection set size:10082 disposed:false
345 http fetch GET 200 https://registry.npmmirror.com/nan 185ms (cache revalidated)
346 silly packumentCache full:https://registry.npmmirror.com/nan set size:215310 disposed:false
347 http fetch GET 200 https://registry.npmmirror.com/minimist-options 190ms (cache revalidated)
348 silly packumentCache full:https://registry.npmmirror.com/minimist-options set size:21582 disposed:false
349 http fetch GET 200 https://registry.npmmirror.com/code-point 195ms (cache revalidated)
350 silly packumentCache full:https://registry.npmmirror.com/code-point set size:16962 disposed:false
351 http fetch GET 200 https://registry.npmmirror.com/bindings 192ms (cache revalidated)
352 silly packumentCache full:https://registry.npmmirror.com/bindings set size:27921 disposed:false
353 http fetch GET 200 https://registry.npmmirror.com/bufferstreams 193ms (cache revalidated)
354 silly packumentCache full:https://registry.npmmirror.com/bufferstreams set size:40293 disposed:false
355 http fetch GET 200 https://registry.npmmirror.com/redent 197ms (cache revalidated)
356 silly packumentCache full:https://registry.npmmirror.com/redent set size:8529 disposed:false
357 http fetch GET 200 https://registry.npmmirror.com/through 197ms (cache revalidated)
358 silly packumentCache full:https://registry.npmmirror.com/through set size:37323 disposed:false
359 http fetch GET 200 https://registry.npmmirror.com/fs-mkdirp-stream 197ms (cache revalidated)
360 silly packumentCache full:https://registry.npmmirror.com/fs-mkdirp-stream set size:11871 disposed:false
361 http fetch GET 200 https://registry.npmmirror.com/lazystream 198ms (cache revalidated)
362 silly packumentCache full:https://registry.npmmirror.com/lazystream set size:13352 disposed:false
363 http fetch GET 200 https://registry.npmmirror.com/glob-stream 199ms (cache revalidated)
364 silly packumentCache full:https://registry.npmmirror.com/glob-stream set size:95238 disposed:false
365 http fetch GET 200 https://registry.npmmirror.com/lead 96ms (cache revalidated)
366 silly packumentCache full:https://registry.npmmirror.com/lead set size:11953 disposed:false
367 http fetch GET 200 https://registry.npmmirror.com/is-valid-glob 203ms (cache revalidated)
368 silly packumentCache full:https://registry.npmmirror.com/is-valid-glob set size:11542 disposed:false
369 http fetch GET 200 https://registry.npmmirror.com/file-type 215ms (cache updated)
370 silly packumentCache full:https://registry.npmmirror.com/file-type set size:76939 disposed:false
371 http fetch GET 200 https://registry.npmmirror.com/node-gyp 219ms (cache updated)
372 silly packumentCache full:https://registry.npmmirror.com/node-gyp set size:50721 disposed:false
373 http fetch GET 200 https://registry.npmmirror.com/pumpify 98ms (cache revalidated)
374 silly packumentCache full:https://registry.npmmirror.com/pumpify set size:33532 disposed:false
375 http fetch GET 200 https://registry.npmmirror.com/value-or-function 94ms (cache revalidated)
376 silly packumentCache full:https://registry.npmmirror.com/value-or-function set size:20366 disposed:false
377 http fetch GET 200 https://registry.npmmirror.com/remove-bom-buffer 102ms (cache revalidated)
378 silly packumentCache full:https://registry.npmmirror.com/remove-bom-buffer set size:9851 disposed:false
379 http fetch GET 200 https://registry.npmmirror.com/remove-bom-stream 101ms (cache revalidated)
380 silly packumentCache full:https://registry.npmmirror.com/remove-bom-stream set size:11823 disposed:false
381 http fetch GET 200 https://registry.npmmirror.com/resolve-options 101ms (cache revalidated)
382 silly packumentCache full:https://registry.npmmirror.com/resolve-options set size:11701 disposed:false
383 http fetch GET 200 https://registry.npmmirror.com/to-through 102ms (cache revalidated)
384 silly packumentCache full:https://registry.npmmirror.com/to-through set size:11731 disposed:false
385 http fetch GET 200 https://registry.npmmirror.com/vinyl-sourcemap 343ms (cache revalidated)
386 silly packumentCache full:https://registry.npmmirror.com/vinyl-sourcemap set size:22872 disposed:false
387 silly placeDep ROOT file-type@3.9.0 OK for: buffer-to-vinyl@1.1.0 want: ^3.1.0
388 silly placeDep ROOT readable-stream@2.3.8 OK for: buffer-to-vinyl@1.1.0 want: ^2.0.2
389 silly placeDep ROOT uuid@2.0.3 OK for: buffer-to-vinyl@1.1.0 want: ^2.0.1
390 silly placeDep ROOT vinyl@1.2.0 OK for: buffer-to-vinyl@1.1.0 want: ^1.0.0
391 silly fetch manifest core-util-is@~1.0.0
392 silly packumentCache full:https://registry.npmmirror.com/core-util-is cache-miss
393 silly fetch manifest isarray@~1.0.0
394 silly packumentCache full:https://registry.npmmirror.com/isarray cache-miss
395 silly fetch manifest process-nextick-args@~2.0.0
396 silly packumentCache full:https://registry.npmmirror.com/process-nextick-args cache-miss
397 silly fetch manifest safe-buffer@~5.1.1
398 silly packumentCache full:https://registry.npmmirror.com/safe-buffer cache-miss
399 silly fetch manifest string_decoder@~1.1.1
400 silly packumentCache full:https://registry.npmmirror.com/string_decoder cache-miss
401 silly fetch manifest clone@^1.0.0
402 silly packumentCache full:https://registry.npmmirror.com/clone cache-miss
403 silly fetch manifest clone-stats@^0.0.1
404 silly packumentCache full:https://registry.npmmirror.com/clone-stats cache-miss
405 silly fetch manifest replace-ext@0.0.1
406 silly packumentCache full:https://registry.npmmirror.com/replace-ext cache-hit
407 http fetch GET 200 https://registry.npmmirror.com/safe-buffer 36ms (cache revalidated)
408 silly packumentCache full:https://registry.npmmirror.com/safe-buffer set size:38090 disposed:false
409 http fetch GET 200 https://registry.npmmirror.com/process-nextick-args 38ms (cache revalidated)
410 silly packumentCache full:https://registry.npmmirror.com/process-nextick-args set size:14354 disposed:false
411 http fetch GET 200 https://registry.npmmirror.com/core-util-is 53ms (cache revalidated)
412 silly packumentCache full:https://registry.npmmirror.com/core-util-is set size:6134 disposed:false
413 http fetch GET 200 https://registry.npmmirror.com/isarray 54ms (cache revalidated)
414 silly packumentCache full:https://registry.npmmirror.com/isarray set size:16148 disposed:false
415 http fetch GET 200 https://registry.npmmirror.com/string_decoder 54ms (cache revalidated)
416 silly packumentCache full:https://registry.npmmirror.com/string_decoder set size:24817 disposed:false
417 http fetch GET 200 https://registry.npmmirror.com/clone 56ms (cache revalidated)
418 silly packumentCache full:https://registry.npmmirror.com/clone set size:82113 disposed:false
419 http fetch GET 200 https://registry.npmmirror.com/clone-stats 60ms (cache revalidated)
420 silly packumentCache full:https://registry.npmmirror.com/clone-stats set size:5604 disposed:false
421 silly placeDep ROOT code-point@1.1.0 OK for: code-points@2.0.0-1 want: ^1.0.1
422 silly placeDep node_modules/concat-stream readable-stream@3.6.2 OK for: concat-stream@2.0.0 want: ^3.0.2
423 silly placeDep ROOT typedarray@0.0.6 OK for: concat-stream@2.0.0 want: ^0.0.6
424 silly fetch manifest string_decoder@^1.1.1
425 silly packumentCache full:https://registry.npmmirror.com/string_decoder cache-hit
426 silly placeDep ROOT @xmldom/xmldom@0.8.11 OK for: fonteditor-core@2.4.1 want: ^0.8.3
427 silly placeDep node_modules/is-svg fast-xml-parser@4.5.3 OK for: is-svg@4.4.0 want: ^4.1.3
428 silly fetch manifest strnum@^1.1.1
429 silly packumentCache full:https://registry.npmmirror.com/strnum cache-miss
430 http fetch GET 200 https://registry.npmmirror.com/strnum 47ms (cache revalidated)
431 silly packumentCache full:https://registry.npmmirror.com/strnum set size:31346 disposed:false
432 silly placeDep ROOT @types/minimist@1.2.5 OK for: meow@9.0.0 want: ^1.2.0
433 silly placeDep ROOT camelcase-keys@6.2.2 OK for: meow@9.0.0 want: ^6.2.2
434 silly placeDep ROOT decamelize@1.2.0 OK for: meow@9.0.0 want: ^1.2.0
435 silly placeDep ROOT decamelize-keys@1.1.1 OK for: meow@9.0.0 want: ^1.1.0
436 silly placeDep ROOT hard-rejection@2.1.0 OK for: meow@9.0.0 want: ^2.1.0
437 silly placeDep ROOT minimist-options@4.1.0 OK for: meow@9.0.0 want: 4.1.0
438 silly placeDep ROOT normalize-package-data@3.0.3 OK for: meow@9.0.0 want: ^3.0.0
439 silly placeDep ROOT read-pkg-up@7.0.1 OK for: meow@9.0.0 want: ^7.0.1
440 silly placeDep ROOT redent@3.0.0 OK for: meow@9.0.0 want: ^3.0.0
441 silly placeDep ROOT trim-newlines@3.0.1 OK for: meow@9.0.0 want: ^3.0.0
442 silly placeDep node_modules/meow type-fest@0.18.1 OK for: meow@9.0.0 want: ^0.18.0
443 silly placeDep node_modules/meow yargs-parser@20.2.9 OK for: meow@9.0.0 want: ^20.2.3
444 silly fetch manifest camelcase@^5.3.1
445 silly packumentCache full:https://registry.npmmirror.com/camelcase cache-miss
446 silly fetch manifest map-obj@^4.0.0
447 silly packumentCache full:https://registry.npmmirror.com/map-obj cache-miss
448 silly fetch manifest quick-lru@^4.0.1
449 silly packumentCache full:https://registry.npmmirror.com/quick-lru cache-miss
450 silly fetch manifest map-obj@^1.0.0
451 silly packumentCache full:https://registry.npmmirror.com/map-obj cache-miss
452 silly fetch manifest arrify@^1.0.1
453 silly packumentCache full:https://registry.npmmirror.com/arrify cache-miss
454 silly fetch manifest is-plain-obj@^1.1.0
455 silly packumentCache full:https://registry.npmmirror.com/is-plain-obj cache-miss
456 silly fetch manifest kind-of@^6.0.3
457 silly packumentCache full:https://registry.npmmirror.com/kind-of cache-miss
458 silly fetch manifest hosted-git-info@^4.0.1
459 silly packumentCache full:https://registry.npmmirror.com/hosted-git-info cache-miss
460 silly fetch manifest validate-npm-package-license@^3.0.1
461 silly packumentCache full:https://registry.npmmirror.com/validate-npm-package-license cache-miss
462 silly fetch manifest read-pkg@^5.2.0
463 silly packumentCache full:https://registry.npmmirror.com/read-pkg cache-miss
464 silly fetch manifest type-fest@^0.8.1
465 silly packumentCache full:https://registry.npmmirror.com/type-fest cache-hit
466 silly fetch manifest indent-string@^4.0.0
467 silly packumentCache full:https://registry.npmmirror.com/indent-string cache-miss
468 silly fetch manifest strip-indent@^3.0.0
469 silly packumentCache full:https://registry.npmmirror.com/strip-indent cache-miss
470 http fetch GET 200 https://registry.npmmirror.com/hosted-git-info 50ms (cache revalidated)
471 silly packumentCache full:https://registry.npmmirror.com/hosted-git-info set size:152081 disposed:false
472 http fetch GET 200 https://registry.npmmirror.com/indent-string 55ms (cache revalidated)
473 silly packumentCache full:https://registry.npmmirror.com/indent-string set size:26430 disposed:false
474 http fetch GET 200 https://registry.npmmirror.com/is-plain-obj 58ms (cache revalidated)
475 silly packumentCache full:https://registry.npmmirror.com/is-plain-obj set size:13983 disposed:false
476 http fetch GET 200 https://registry.npmmirror.com/camelcase 73ms (cache revalidated)
477 silly packumentCache full:https://registry.npmmirror.com/camelcase set size:53001 disposed:false
478 http fetch GET 200 https://registry.npmmirror.com/map-obj 74ms (cache revalidated)
479 silly packumentCache full:https://registry.npmmirror.com/map-obj set size:28396 disposed:false
480 http fetch GET 200 https://registry.npmmirror.com/quick-lru 73ms (cache revalidated)
481 silly packumentCache full:https://registry.npmmirror.com/quick-lru set size:45184 disposed:false
482 http fetch GET 200 https://registry.npmmirror.com/map-obj 74ms (cache revalidated)
483 silly packumentCache full:https://registry.npmmirror.com/map-obj set size:28396 disposed:false
484 silly packumentCache full:https://registry.npmmirror.com/map-obj dispose
485 http fetch GET 200 https://registry.npmmirror.com/validate-npm-package-license 74ms (cache revalidated)
486 silly packumentCache full:https://registry.npmmirror.com/validate-npm-package-license set size:20535 disposed:false
487 http fetch GET 200 https://registry.npmmirror.com/kind-of 74ms (cache revalidated)
488 silly packumentCache full:https://registry.npmmirror.com/kind-of set size:69609 disposed:false
489 http fetch GET 200 https://registry.npmmirror.com/arrify 77ms (cache revalidated)
490 silly packumentCache full:https://registry.npmmirror.com/arrify set size:8781 disposed:false
491 http fetch GET 200 https://registry.npmmirror.com/read-pkg 76ms (cache revalidated)
492 silly packumentCache full:https://registry.npmmirror.com/read-pkg set size:35478 disposed:false
493 http fetch GET 200 https://registry.npmmirror.com/strip-indent 76ms (cache revalidated)
494 silly packumentCache full:https://registry.npmmirror.com/strip-indent set size:20078 disposed:false
495 silly placeDep node_modules/camelcase-keys camelcase@5.3.1 OK for: camelcase-keys@6.2.2 want: ^5.3.1
496 silly placeDep ROOT map-obj@4.3.0 OK for: camelcase-keys@6.2.2 want: ^4.0.0
497 silly placeDep ROOT quick-lru@4.0.1 OK for: camelcase-keys@6.2.2 want: ^4.0.1
498 silly placeDep node_modules/decamelize-keys map-obj@1.0.1 OK for: decamelize-keys@1.1.1 want: ^1.0.0
499 silly placeDep ROOT arrify@1.0.1 OK for: minimist-options@4.1.0 want: ^1.0.1
500 silly placeDep node_modules/minimist-options is-plain-obj@1.1.0 OK for: minimist-options@4.1.0 want: ^1.1.0
501 silly placeDep ROOT kind-of@6.0.3 OK for: minimist-options@4.1.0 want: ^6.0.3
502 silly placeDep ROOT hosted-git-info@4.1.0 OK for: normalize-package-data@3.0.3 want: ^4.0.1
503 silly placeDep ROOT validate-npm-package-license@3.0.4 OK for: normalize-package-data@3.0.3 want: ^3.0.1
504 silly fetch manifest lru-cache@^6.0.0
505 silly packumentCache full:https://registry.npmmirror.com/lru-cache cache-miss
506 silly fetch manifest spdx-correct@^3.0.0
507 silly packumentCache full:https://registry.npmmirror.com/spdx-correct cache-miss
508 silly fetch manifest spdx-expression-parse@^3.0.0
509 silly packumentCache full:https://registry.npmmirror.com/spdx-expression-parse cache-miss
510 http fetch GET 200 https://registry.npmmirror.com/spdx-correct 48ms (cache revalidated)
511 silly packumentCache full:https://registry.npmmirror.com/spdx-correct set size:34411 disposed:false
512 http fetch GET 200 https://registry.npmmirror.com/spdx-expression-parse 52ms (cache revalidated)
513 silly packumentCache full:https://registry.npmmirror.com/spdx-expression-parse set size:28955 disposed:false
514 http fetch GET 200 https://registry.npmmirror.com/lru-cache 88ms (cache updated)
515 silly packumentCache full:https://registry.npmmirror.com/lru-cache set size:98536 disposed:false
516 silly placeDep node_modules/hosted-git-info lru-cache@6.0.0 OK for: hosted-git-info@4.1.0 want: ^6.0.0
517 silly fetch manifest postcss-selector-parser@^6.0.9
518 silly packumentCache full:https://registry.npmmirror.com/postcss-selector-parser cache-hit
519 silly placeDep node_modules/postcss-calc postcss-selector-parser@6.1.2 OK for: postcss-calc@8.2.4 want: ^6.0.9
520 silly fetch manifest postcss-selector-parser@^6.0.5
521 silly packumentCache full:https://registry.npmmirror.com/postcss-selector-parser cache-hit
522 silly placeDep node_modules/postcss-merge-rules postcss-selector-parser@6.1.2 OK for: postcss-merge-rules@5.1.4 want: ^6.0.5
523 silly placeDep node_modules/postcss-minify-selectors postcss-selector-parser@6.1.2 OK for: postcss-minify-selectors@5.2.1 want: ^6.0.5
524 silly placeDep node_modules/postcss-unique-selectors postcss-selector-parser@6.1.2 OK for: postcss-unique-selectors@5.1.1 want: ^6.0.5
525 silly placeDep ROOT read-pkg@5.2.0 OK for: read-pkg-up@7.0.1 want: ^5.2.0
526 silly placeDep node_modules/read-pkg-up type-fest@0.8.1 OK for: read-pkg-up@7.0.1 want: ^0.8.1
527 silly fetch manifest @types/normalize-package-data@^2.4.0
528 silly packumentCache full:https://registry.npmmirror.com/@types%2fnormalize-package-data cache-miss
529 silly fetch manifest normalize-package-data@^2.5.0
530 silly packumentCache full:https://registry.npmmirror.com/normalize-package-data cache-hit
531 silly fetch manifest type-fest@^0.6.0
532 silly packumentCache full:https://registry.npmmirror.com/type-fest cache-hit
533 http fetch GET 200 https://registry.npmmirror.com/@types%2fnormalize-package-data 50ms (cache revalidated)
534 silly packumentCache full:https://registry.npmmirror.com/@types%2fnormalize-package-data set size:11676 disposed:false
535 silly placeDep ROOT @types/normalize-package-data@2.4.4 OK for: read-pkg@5.2.0 want: ^2.4.0
536 silly placeDep node_modules/read-pkg normalize-package-data@2.5.0 OK for: read-pkg@5.2.0 want: ^2.5.0
537 silly placeDep node_modules/read-pkg type-fest@0.6.0 OK for: read-pkg@5.2.0 want: ^0.6.0
538 silly fetch manifest hosted-git-info@^2.1.4
539 silly packumentCache full:https://registry.npmmirror.com/hosted-git-info cache-hit
540 silly fetch manifest semver@2 || 3 || 4 || 5
541 silly packumentCache full:https://registry.npmmirror.com/semver cache-miss
542 http fetch GET 200 https://registry.npmmirror.com/semver 72ms (cache updated)
543 silly packumentCache full:https://registry.npmmirror.com/semver set size:44454 disposed:false
544 silly placeDep ROOT core-util-is@1.0.3 OK for: readable-stream@2.3.8 want: ~1.0.0
545 silly placeDep node_modules/readable-stream isarray@1.0.0 OK for: readable-stream@2.3.8 want: ~1.0.0
546 silly placeDep ROOT process-nextick-args@2.0.1 OK for: readable-stream@2.3.8 want: ~2.0.0
547 silly placeDep node_modules/readable-stream safe-buffer@5.1.2 OK for: readable-stream@2.3.8 want: ~5.1.1
548 silly placeDep ROOT string_decoder@1.1.1 OK for: readable-stream@2.3.8 want: ~1.1.1
549 silly fetch manifest safe-buffer@~5.1.0
550 silly packumentCache full:https://registry.npmmirror.com/safe-buffer cache-hit
551 silly placeDep ROOT indent-string@4.0.0 OK for: redent@3.0.0 want: ^4.0.0
552 silly placeDep ROOT strip-indent@3.0.0 OK for: redent@3.0.0 want: ^3.0.0
553 silly fetch manifest min-indent@^1.0.0
554 silly packumentCache full:https://registry.npmmirror.com/min-indent cache-miss
555 http fetch GET 200 https://registry.npmmirror.com/min-indent 48ms (cache revalidated)
556 silly packumentCache full:https://registry.npmmirror.com/min-indent set size:4999 disposed:false
557 silly placeDep ROOT fsevents@2.3.3 OK for: rollup@2.79.2 want: ~2.3.2
558 silly placeDep ROOT through@2.3.8 OK for: stream-combiner@0.2.2 want: ~2.3.4
559 silly placeDep node_modules/string_decoder safe-buffer@5.1.2 OK for: string_decoder@1.1.1 want: ~5.1.0
560 silly placeDep ROOT min-indent@1.0.1 OK for: strip-indent@3.0.0 want: ^1.0.0
561 silly fetch manifest postcss-selector-parser@^6.0.4
562 silly packumentCache full:https://registry.npmmirror.com/postcss-selector-parser cache-hit
563 silly placeDep node_modules/stylehacks postcss-selector-parser@6.1.2 OK for: stylehacks@5.1.1 want: ^6.0.4
564 silly placeDep node_modules/through2 readable-stream@3.6.2 OK for: through2@4.0.2 want: 3
565 silly placeDep ROOT bindings@1.5.0 OK for: ttf2woff2@4.0.5 want: ^1.5.0
566 silly placeDep ROOT bufferstreams@3.0.0 OK for: ttf2woff2@4.0.5 want: ^3.0.0
567 silly placeDep ROOT nan@2.23.1 OK for: ttf2woff2@4.0.5 want: ^2.14.2
568 silly placeDep ROOT node-gyp@9.4.1 OK for: ttf2woff2@4.0.5 want: ^9.0.0
569 silly fetch manifest file-uri-to-path@1.0.0
570 silly packumentCache full:https://registry.npmmirror.com/file-uri-to-path cache-miss
571 silly fetch manifest readable-stream@^3.4.0
572 silly packumentCache full:https://registry.npmmirror.com/readable-stream cache-hit
573 silly fetch manifest env-paths@^2.2.0
574 silly packumentCache full:https://registry.npmmirror.com/env-paths cache-miss
575 silly fetch manifest exponential-backoff@^3.1.1
576 silly packumentCache full:https://registry.npmmirror.com/exponential-backoff cache-miss
577 silly fetch manifest glob@^7.1.4
578 silly packumentCache full:https://registry.npmmirror.com/glob cache-miss
579 silly fetch manifest make-fetch-happen@^10.0.3
580 silly packumentCache full:https://registry.npmmirror.com/make-fetch-happen cache-miss
581 silly fetch manifest nopt@^6.0.0
582 silly packumentCache full:https://registry.npmmirror.com/nopt cache-miss
583 silly fetch manifest npmlog@^6.0.0
584 silly packumentCache full:https://registry.npmmirror.com/npmlog cache-miss
585 silly fetch manifest rimraf@^3.0.2
586 silly packumentCache full:https://registry.npmmirror.com/rimraf cache-miss
587 http fetch GET 200 https://registry.npmmirror.com/nopt 51ms (cache revalidated)
588 silly packumentCache full:https://registry.npmmirror.com/nopt set size:69402 disposed:false
589 http fetch GET 200 https://registry.npmmirror.com/file-uri-to-path 73ms (cache revalidated)
590 silly packumentCache full:https://registry.npmmirror.com/file-uri-to-path set size:9131 disposed:false
591 http fetch GET 200 https://registry.npmmirror.com/env-paths 74ms (cache revalidated)
592 silly packumentCache full:https://registry.npmmirror.com/env-paths set size:20488 disposed:false
593 http fetch GET 200 https://registry.npmmirror.com/npmlog 74ms (cache revalidated)
594 silly packumentCache full:https://registry.npmmirror.com/npmlog set size:64631 disposed:false
595 http fetch GET 200 https://registry.npmmirror.com/make-fetch-happen 76ms (cache revalidated)
596 silly packumentCache full:https://registry.npmmirror.com/make-fetch-happen set size:333005 disposed:false
597 http fetch GET 200 https://registry.npmmirror.com/exponential-backoff 86ms (cache updated)
598 silly packumentCache full:https://registry.npmmirror.com/exponential-backoff set size:9042 disposed:false
599 http fetch GET 200 https://registry.npmmirror.com/rimraf 89ms (cache updated)
600 silly packumentCache full:https://registry.npmmirror.com/rimraf set size:43761 disposed:false
601 http fetch GET 200 https://registry.npmmirror.com/glob 100ms (cache updated)
602 silly packumentCache full:https://registry.npmmirror.com/glob set size:82873 disposed:false
603 silly placeDep ROOT file-uri-to-path@1.0.0 OK for: bindings@1.5.0 want: 1.0.0
604 silly placeDep node_modules/bufferstreams readable-stream@3.6.2 OK for: bufferstreams@3.0.0 want: ^3.4.0
605 silly placeDep ROOT env-paths@2.2.1 OK for: node-gyp@9.4.1 want: ^2.2.0
606 silly placeDep ROOT exponential-backoff@3.1.3 OK for: node-gyp@9.4.1 want: ^3.1.1
607 silly placeDep node_modules/node-gyp glob@7.2.3 OK for: node-gyp@9.4.1 want: ^7.1.4
608 silly placeDep ROOT make-fetch-happen@10.2.1 OK for: node-gyp@9.4.1 want: ^10.0.3
609 silly placeDep ROOT nopt@6.0.0 OK for: node-gyp@9.4.1 want: ^6.0.0
610 silly placeDep ROOT npmlog@6.0.2 OK for: node-gyp@9.4.1 want: ^6.0.0
611 silly placeDep ROOT rimraf@3.0.2 OK for: node-gyp@9.4.1 want: ^3.0.2
612 silly fetch manifest minimatch@^3.1.1
613 silly packumentCache full:https://registry.npmmirror.com/minimatch cache-miss
614 silly fetch manifest agentkeepalive@^4.2.1
615 silly packumentCache full:https://registry.npmmirror.com/agentkeepalive cache-miss
616 silly fetch manifest cacache@^16.1.0
617 silly packumentCache full:https://registry.npmmirror.com/cacache cache-miss
618 silly fetch manifest http-proxy-agent@^5.0.0
619 silly packumentCache full:https://registry.npmmirror.com/http-proxy-agent cache-miss
620 silly fetch manifest https-proxy-agent@^5.0.0
621 silly packumentCache full:https://registry.npmmirror.com/https-proxy-agent cache-miss
622 silly fetch manifest is-lambda@^1.0.1
623 silly packumentCache full:https://registry.npmmirror.com/is-lambda cache-miss
624 silly fetch manifest lru-cache@^7.7.1
625 silly packumentCache full:https://registry.npmmirror.com/lru-cache cache-hit
626 silly fetch manifest minipass@^3.1.6
627 silly packumentCache full:https://registry.npmmirror.com/minipass cache-miss
628 silly fetch manifest minipass-collect@^1.0.2
629 silly packumentCache full:https://registry.npmmirror.com/minipass-collect cache-miss
630 silly fetch manifest minipass-fetch@^2.0.3
631 silly packumentCache full:https://registry.npmmirror.com/minipass-fetch cache-miss
632 silly fetch manifest minipass-flush@^1.0.5
633 silly packumentCache full:https://registry.npmmirror.com/minipass-flush cache-miss
634 silly fetch manifest minipass-pipeline@^1.2.4
635 silly packumentCache full:https://registry.npmmirror.com/minipass-pipeline cache-miss
636 silly fetch manifest negotiator@^0.6.3
637 silly packumentCache full:https://registry.npmmirror.com/negotiator cache-miss
638 silly fetch manifest promise-retry@^2.0.1
639 silly packumentCache full:https://registry.npmmirror.com/promise-retry cache-miss
640 silly fetch manifest socks-proxy-agent@^7.0.0
641 silly packumentCache full:https://registry.npmmirror.com/socks-proxy-agent cache-miss
642 silly fetch manifest ssri@^9.0.0
643 silly packumentCache full:https://registry.npmmirror.com/ssri cache-miss
644 silly fetch manifest abbrev@^1.0.0
645 silly packumentCache full:https://registry.npmmirror.com/abbrev cache-miss
646 silly fetch manifest are-we-there-yet@^3.0.0
647 silly packumentCache full:https://registry.npmmirror.com/are-we-there-yet cache-miss
648 silly fetch manifest console-control-strings@^1.1.0
649 silly packumentCache full:https://registry.npmmirror.com/console-control-strings cache-miss
650 silly fetch manifest gauge@^4.0.3
651 silly packumentCache full:https://registry.npmmirror.com/gauge cache-miss
652 silly fetch manifest set-blocking@^2.0.0
653 silly packumentCache full:https://registry.npmmirror.com/set-blocking cache-miss
654 silly fetch manifest glob@^7.1.3
655 silly packumentCache full:https://registry.npmmirror.com/glob cache-hit
656 http fetch GET 200 https://registry.npmmirror.com/minimatch 89ms (cache revalidated)
657 silly packumentCache full:https://registry.npmmirror.com/minimatch set size:306866 disposed:false
658 http fetch GET 200 https://registry.npmmirror.com/negotiator 91ms (cache revalidated)
659 silly packumentCache full:https://registry.npmmirror.com/negotiator set size:52505 disposed:false
660 http fetch GET 200 https://registry.npmmirror.com/ssri 93ms (cache revalidated)
661 silly packumentCache full:https://registry.npmmirror.com/ssri set size:125135 disposed:false
662 http fetch GET 200 https://registry.npmmirror.com/abbrev 94ms (cache revalidated)
663 silly packumentCache full:https://registry.npmmirror.com/abbrev set size:22351 disposed:false
664 http fetch GET 200 https://registry.npmmirror.com/is-lambda 107ms (cache revalidated)
665 silly packumentCache full:https://registry.npmmirror.com/is-lambda set size:4449 disposed:false
666 http fetch GET 200 https://registry.npmmirror.com/minipass-flush 108ms (cache revalidated)
667 silly packumentCache full:https://registry.npmmirror.com/minipass-flush set size:10454 disposed:false
668 http fetch GET 200 https://registry.npmmirror.com/http-proxy-agent 111ms (cache revalidated)
669 silly packumentCache full:https://registry.npmmirror.com/http-proxy-agent set size:47100 disposed:false
670 http fetch GET 200 https://registry.npmmirror.com/minipass-pipeline 112ms (cache revalidated)
671 silly packumentCache full:https://registry.npmmirror.com/minipass-pipeline set size:17221 disposed:false
672 http fetch GET 200 https://registry.npmmirror.com/https-proxy-agent 115ms (cache revalidated)
673 silly packumentCache full:https://registry.npmmirror.com/https-proxy-agent set size:70730 disposed:false
674 http fetch GET 200 https://registry.npmmirror.com/minipass-fetch 115ms (cache revalidated)
675 silly packumentCache full:https://registry.npmmirror.com/minipass-fetch set size:86279 disposed:false
676 http fetch GET 200 https://registry.npmmirror.com/minipass-collect 118ms (cache revalidated)
677 silly packumentCache full:https://registry.npmmirror.com/minipass-collect set size:9823 disposed:false
678 http fetch GET 200 https://registry.npmmirror.com/socks-proxy-agent 122ms (cache revalidated)
679 silly packumentCache full:https://registry.npmmirror.com/socks-proxy-agent set size:91489 disposed:false
680 http fetch GET 200 https://registry.npmmirror.com/set-blocking 122ms (cache revalidated)
681 silly packumentCache full:https://registry.npmmirror.com/set-blocking set size:5779 disposed:false
682 http fetch GET 200 https://registry.npmmirror.com/gauge 125ms (cache revalidated)
683 silly packumentCache full:https://registry.npmmirror.com/gauge set size:97405 disposed:false
684 http fetch GET 200 https://registry.npmmirror.com/cacache 133ms (cache updated)
685 silly packumentCache full:https://registry.npmmirror.com/cacache set size:65074 disposed:false
686 http fetch GET 200 https://registry.npmmirror.com/console-control-strings 134ms (cache revalidated)
687 silly packumentCache full:https://registry.npmmirror.com/console-control-strings set size:9218 disposed:false
688 http fetch GET 200 https://registry.npmmirror.com/agentkeepalive 139ms (cache updated)
689 silly packumentCache full:https://registry.npmmirror.com/agentkeepalive set size:23165 disposed:false
690 http fetch GET 200 https://registry.npmmirror.com/are-we-there-yet 149ms (cache updated)
691 silly packumentCache full:https://registry.npmmirror.com/are-we-there-yet set size:12769 disposed:false
692 http fetch GET 200 https://registry.npmmirror.com/promise-retry 164ms (cache revalidated)
693 silly packumentCache full:https://registry.npmmirror.com/promise-retry set size:31625 disposed:false
694 http fetch GET 200 https://registry.npmmirror.com/minipass 361ms (cache updated)
695 silly packumentCache full:https://registry.npmmirror.com/minipass set size:56996 disposed:false
696 silly placeDep ROOT agentkeepalive@4.6.0 OK for: make-fetch-happen@10.2.1 want: ^4.2.1
697 silly placeDep ROOT cacache@16.1.3 OK for: make-fetch-happen@10.2.1 want: ^16.1.0
698 silly placeDep ROOT http-proxy-agent@5.0.0 OK for: make-fetch-happen@10.2.1 want: ^5.0.0
699 silly placeDep ROOT https-proxy-agent@5.0.1 OK for: make-fetch-happen@10.2.1 want: ^5.0.0
700 silly placeDep ROOT is-lambda@1.0.1 OK for: make-fetch-happen@10.2.1 want: ^1.0.1
701 silly placeDep node_modules/make-fetch-happen lru-cache@7.18.3 OK for: make-fetch-happen@10.2.1 want: ^7.7.1
702 silly placeDep node_modules/make-fetch-happen minipass@3.3.6 OK for: make-fetch-happen@10.2.1 want: ^3.1.6
703 silly placeDep ROOT minipass-collect@1.0.2 OK for: make-fetch-happen@10.2.1 want: ^1.0.2
704 silly placeDep ROOT minipass-fetch@2.1.2 OK for: make-fetch-happen@10.2.1 want: ^2.0.3
705 silly placeDep ROOT minipass-flush@1.0.5 OK for: make-fetch-happen@10.2.1 want: ^1.0.5
706 silly placeDep ROOT minipass-pipeline@1.2.4 OK for: make-fetch-happen@10.2.1 want: ^1.2.4
707 silly placeDep ROOT negotiator@0.6.4 OK for: make-fetch-happen@10.2.1 want: ^0.6.3
708 silly placeDep ROOT promise-retry@2.0.1 OK for: make-fetch-happen@10.2.1 want: ^2.0.1
709 silly placeDep ROOT socks-proxy-agent@7.0.0 OK for: make-fetch-happen@10.2.1 want: ^7.0.0
710 silly placeDep ROOT ssri@9.0.1 OK for: make-fetch-happen@10.2.1 want: ^9.0.0
711 silly fetch manifest humanize-ms@^1.2.1
712 silly packumentCache full:https://registry.npmmirror.com/humanize-ms cache-miss
713 silly fetch manifest @npmcli/fs@^2.1.0
714 silly packumentCache full:https://registry.npmmirror.com/@npmcli%2ffs cache-miss
715 silly fetch manifest @npmcli/move-file@^2.0.0
716 silly packumentCache full:https://registry.npmmirror.com/@npmcli%2fmove-file cache-miss
717 silly fetch manifest glob@^8.0.1
718 silly packumentCache full:https://registry.npmmirror.com/glob cache-hit
719 silly fetch manifest infer-owner@^1.0.4
720 silly packumentCache full:https://registry.npmmirror.com/infer-owner cache-miss
721 silly fetch manifest p-map@^4.0.0
722 silly packumentCache full:https://registry.npmmirror.com/p-map cache-miss
723 silly fetch manifest promise-inflight@^1.0.1
724 silly packumentCache full:https://registry.npmmirror.com/promise-inflight cache-miss
725 silly fetch manifest unique-filename@^2.0.0
726 silly packumentCache full:https://registry.npmmirror.com/unique-filename cache-miss
727 silly fetch manifest @tootallnate/once@2
728 silly packumentCache full:https://registry.npmmirror.com/@tootallnate%2fonce cache-miss
729 silly fetch manifest agent-base@6
730 silly packumentCache full:https://registry.npmmirror.com/agent-base cache-miss
731 silly fetch manifest agent-base@6
732 silly packumentCache full:https://registry.npmmirror.com/agent-base cache-miss
733 silly fetch manifest minipass@^3.0.0
734 silly packumentCache full:https://registry.npmmirror.com/minipass cache-hit
735 silly fetch manifest minipass-sized@^1.0.3
736 silly packumentCache full:https://registry.npmmirror.com/minipass-sized cache-miss
737 silly fetch manifest encoding@^0.1.13
738 silly packumentCache full:https://registry.npmmirror.com/encoding cache-miss
739 silly fetch manifest minipass@^3.0.0
740 silly packumentCache full:https://registry.npmmirror.com/minipass cache-hit
741 silly fetch manifest minipass@^3.0.0
742 silly packumentCache full:https://registry.npmmirror.com/minipass cache-hit
743 silly fetch manifest err-code@^2.0.2
744 silly packumentCache full:https://registry.npmmirror.com/err-code cache-miss
745 silly fetch manifest retry@^0.12.0
746 silly packumentCache full:https://registry.npmmirror.com/retry cache-miss
747 silly fetch manifest agent-base@^6.0.2
748 silly packumentCache full:https://registry.npmmirror.com/agent-base cache-miss
749 silly fetch manifest socks@^2.6.2
750 silly packumentCache full:https://registry.npmmirror.com/socks cache-miss
751 silly fetch manifest minipass@^3.1.1
752 silly packumentCache full:https://registry.npmmirror.com/minipass cache-hit
753 http fetch GET 200 https://registry.npmmirror.com/encoding 66ms (cache revalidated)
754 silly packumentCache full:https://registry.npmmirror.com/encoding set size:16633 disposed:false
755 http fetch GET 200 https://registry.npmmirror.com/promise-inflight 74ms (cache revalidated)
756 silly packumentCache full:https://registry.npmmirror.com/promise-inflight set size:4700 disposed:false
757 http fetch GET 200 https://registry.npmmirror.com/@npmcli%2ffs 84ms (cache revalidated)
758 silly packumentCache full:https://registry.npmmirror.com/@npmcli%2ffs set size:39308 disposed:false
759 http fetch GET 200 https://registry.npmmirror.com/humanize-ms 85ms (cache revalidated)
760 silly packumentCache full:https://registry.npmmirror.com/humanize-ms set size:12313 disposed:false
761 http fetch GET 200 https://registry.npmmirror.com/infer-owner 85ms (cache revalidated)
762 silly packumentCache full:https://registry.npmmirror.com/infer-owner set size:5111 disposed:false
763 http fetch GET 200 https://registry.npmmirror.com/agent-base 85ms (cache revalidated)
764 silly packumentCache full:https://registry.npmmirror.com/agent-base set size:60667 disposed:false
765 http fetch GET 200 https://registry.npmmirror.com/retry 86ms (cache revalidated)
766 silly packumentCache full:https://registry.npmmirror.com/retry set size:29764 disposed:false
767 http fetch GET 200 https://registry.npmmirror.com/agent-base 88ms (cache revalidated)
768 silly packumentCache full:https://registry.npmmirror.com/agent-base set size:60667 disposed:false
769 silly packumentCache full:https://registry.npmmirror.com/agent-base dispose
770 http fetch GET 200 https://registry.npmmirror.com/@tootallnate%2fonce 88ms (cache revalidated)
771 silly packumentCache full:https://registry.npmmirror.com/@tootallnate%2fonce set size:14933 disposed:false
772 http fetch GET 200 https://registry.npmmirror.com/err-code 98ms (cache revalidated)
773 silly packumentCache full:https://registry.npmmirror.com/err-code set size:23574 disposed:false
774 http fetch GET 200 https://registry.npmmirror.com/minipass-sized 99ms (cache revalidated)
775 silly packumentCache full:https://registry.npmmirror.com/minipass-sized set size:8184 disposed:false
776 http fetch GET 200 https://registry.npmmirror.com/agent-base 100ms (cache revalidated)
777 silly packumentCache full:https://registry.npmmirror.com/agent-base set size:60667 disposed:true
778 silly packumentCache full:https://registry.npmmirror.com/agent-base dispose
779 http fetch GET 200 https://registry.npmmirror.com/unique-filename 101ms (cache revalidated)
780 silly packumentCache full:https://registry.npmmirror.com/unique-filename set size:21632 disposed:false
781 http fetch GET 200 https://registry.npmmirror.com/p-map 105ms (cache revalidated)
782 silly packumentCache full:https://registry.npmmirror.com/p-map set size:46212 disposed:false
783 http fetch GET 200 https://registry.npmmirror.com/socks 105ms (cache revalidated)
784 silly packumentCache full:https://registry.npmmirror.com/socks set size:152878 disposed:false
785 http fetch GET 200 https://registry.npmmirror.com/@npmcli%2fmove-file 119ms (cache revalidated)
786 silly packumentCache full:https://registry.npmmirror.com/@npmcli%2fmove-file set size:20105 disposed:false
787 silly placeDep ROOT humanize-ms@1.2.1 OK for: agentkeepalive@4.6.0 want: ^1.2.1
788 silly placeDep ROOT @npmcli/fs@2.1.2 OK for: cacache@16.1.3 want: ^2.1.0
789 silly placeDep ROOT @npmcli/move-file@2.0.1 OK for: cacache@16.1.3 want: ^2.0.0
790 silly placeDep node_modules/cacache glob@8.1.0 OK for: cacache@16.1.3 want: ^8.0.1
791 silly placeDep ROOT infer-owner@1.0.4 OK for: cacache@16.1.3 want: ^1.0.4
792 silly placeDep node_modules/cacache lru-cache@7.18.3 OK for: cacache@16.1.3 want: ^7.7.1
793 silly placeDep node_modules/cacache minipass@3.3.6 OK for: cacache@16.1.3 want: ^3.1.6
794 silly placeDep ROOT p-map@4.0.0 OK for: cacache@16.1.3 want: ^4.0.0
795 silly placeDep ROOT promise-inflight@1.0.1 OK for: cacache@16.1.3 want: ^1.0.1
796 silly placeDep ROOT unique-filename@2.0.1 OK for: cacache@16.1.3 want: ^2.0.0
797 silly fetch manifest @gar/promisify@^1.1.3
798 silly packumentCache full:https://registry.npmmirror.com/@gar%2fpromisify cache-miss
799 silly fetch manifest minimatch@^5.0.1
800 silly packumentCache full:https://registry.npmmirror.com/minimatch cache-hit
801 silly fetch manifest aggregate-error@^3.0.0
802 silly packumentCache full:https://registry.npmmirror.com/aggregate-error cache-miss
803 silly fetch manifest unique-slug@^3.0.0
804 silly packumentCache full:https://registry.npmmirror.com/unique-slug cache-miss
805 http fetch GET 200 https://registry.npmmirror.com/aggregate-error 44ms (cache revalidated)
806 silly packumentCache full:https://registry.npmmirror.com/aggregate-error set size:22371 disposed:false
807 http fetch GET 200 https://registry.npmmirror.com/@gar%2fpromisify 55ms (cache revalidated)
808 silly packumentCache full:https://registry.npmmirror.com/@gar%2fpromisify set size:12366 disposed:false
809 http fetch GET 200 https://registry.npmmirror.com/unique-slug 56ms (cache revalidated)
810 silly packumentCache full:https://registry.npmmirror.com/unique-slug set size:18851 disposed:false
811 silly placeDep ROOT @gar/promisify@1.1.3 OK for: @npmcli/fs@2.1.2 want: ^1.1.3
812 silly placeDep ROOT @tootallnate/once@2.0.0 OK for: http-proxy-agent@5.0.0 want: 2
813 silly placeDep ROOT agent-base@6.0.2 OK for: http-proxy-agent@5.0.0 want: 6
814 silly placeDep node_modules/minipass-collect minipass@3.3.6 OK for: minipass-collect@1.0.2 want: ^3.0.0
815 silly placeDep ROOT encoding@0.1.13 OK for: minipass-fetch@2.1.2 want: ^0.1.13
816 silly placeDep node_modules/minipass-fetch minipass@3.3.6 OK for: minipass-fetch@2.1.2 want: ^3.1.6
817 silly placeDep ROOT minipass-sized@1.0.3 OK for: minipass-fetch@2.1.2 want: ^1.0.3
818 silly placeDep node_modules/minipass-flush minipass@3.3.6 OK for: minipass-flush@1.0.5 want: ^3.0.0
819 silly placeDep node_modules/minipass-pipeline minipass@3.3.6 OK for: minipass-pipeline@1.2.4 want: ^3.0.0
820 silly placeDep node_modules/minipass-sized minipass@3.3.6 OK for: minipass-sized@1.0.3 want: ^3.0.0
821 silly placeDep ROOT abbrev@1.1.1 OK for: nopt@6.0.0 want: ^1.0.0
822 silly placeDep ROOT are-we-there-yet@3.0.1 OK for: npmlog@6.0.2 want: ^3.0.0
823 silly placeDep ROOT console-control-strings@1.1.0 OK for: npmlog@6.0.2 want: ^1.1.0
824 silly placeDep ROOT gauge@4.0.4 OK for: npmlog@6.0.2 want: ^4.0.3
825 silly placeDep ROOT set-blocking@2.0.0 OK for: npmlog@6.0.2 want: ^2.0.0
826 silly fetch manifest delegates@^1.0.0
827 silly packumentCache full:https://registry.npmmirror.com/delegates cache-miss
828 silly fetch manifest readable-stream@^3.6.0
829 silly packumentCache full:https://registry.npmmirror.com/readable-stream cache-hit
830 silly fetch manifest aproba@^1.0.3 || ^2.0.0
831 silly packumentCache full:https://registry.npmmirror.com/aproba cache-miss
832 silly fetch manifest color-support@^1.1.3
833 silly packumentCache full:https://registry.npmmirror.com/color-support cache-miss
834 silly fetch manifest has-unicode@^2.0.1
835 silly packumentCache full:https://registry.npmmirror.com/has-unicode cache-miss
836 silly fetch manifest signal-exit@^3.0.7
837 silly packumentCache full:https://registry.npmmirror.com/signal-exit cache-miss
838 silly fetch manifest string-width@^4.2.3
839 silly packumentCache full:https://registry.npmmirror.com/string-width cache-miss
840 silly fetch manifest strip-ansi@^6.0.1
841 silly packumentCache full:https://registry.npmmirror.com/strip-ansi cache-miss
842 silly fetch manifest wide-align@^1.1.5
843 silly packumentCache full:https://registry.npmmirror.com/wide-align cache-miss
844 http fetch GET 200 https://registry.npmmirror.com/aproba 46ms (cache revalidated)
845 silly packumentCache full:https://registry.npmmirror.com/aproba set size:19248 disposed:false
846 http fetch GET 200 https://registry.npmmirror.com/string-width 46ms (cache revalidated)
847 silly packumentCache full:https://registry.npmmirror.com/string-width set size:55780 disposed:false
848 http fetch GET 200 https://registry.npmmirror.com/strip-ansi 48ms (cache revalidated)
849 silly packumentCache full:https://registry.npmmirror.com/strip-ansi set size:37164 disposed:false
850 http fetch GET 200 https://registry.npmmirror.com/has-unicode 65ms (cache revalidated)
851 silly packumentCache full:https://registry.npmmirror.com/has-unicode set size:7516 disposed:false
852 http fetch GET 200 https://registry.npmmirror.com/color-support 66ms (cache revalidated)
853 silly packumentCache full:https://registry.npmmirror.com/color-support set size:13777 disposed:false
854 http fetch GET 200 https://registry.npmmirror.com/delegates 67ms (cache revalidated)
855 silly packumentCache full:https://registry.npmmirror.com/delegates set size:8540 disposed:false
856 http fetch GET 200 https://registry.npmmirror.com/wide-align 115ms (cache revalidated)
857 silly packumentCache full:https://registry.npmmirror.com/wide-align set size:14599 disposed:false
858 http fetch GET 200 https://registry.npmmirror.com/signal-exit 156ms (cache updated)
859 silly packumentCache full:https://registry.npmmirror.com/signal-exit set size:12845 disposed:false
860 silly placeDep ROOT delegates@1.0.0 OK for: are-we-there-yet@3.0.1 want: ^1.0.0
861 silly placeDep node_modules/are-we-there-yet readable-stream@3.6.2 OK for: are-we-there-yet@3.0.1 want: ^3.6.0
862 silly placeDep ROOT aproba@2.1.0 OK for: gauge@4.0.4 want: ^1.0.3 || ^2.0.0
863 silly placeDep ROOT color-support@1.1.3 OK for: gauge@4.0.4 want: ^1.1.3
864 silly placeDep ROOT has-unicode@2.0.1 OK for: gauge@4.0.4 want: ^2.0.1
865 silly placeDep node_modules/gauge signal-exit@3.0.7 OK for: gauge@4.0.4 want: ^3.0.7
866 silly placeDep node_modules/gauge string-width@4.2.3 OK for: gauge@4.0.4 want: ^4.2.3
867 silly placeDep node_modules/gauge strip-ansi@6.0.1 OK for: gauge@4.0.4 want: ^6.0.1
868 silly placeDep ROOT wide-align@1.1.5 OK for: gauge@4.0.4 want: ^1.1.5
869 silly fetch manifest emoji-regex@^8.0.0
870 silly packumentCache full:https://registry.npmmirror.com/emoji-regex cache-miss
871 silly fetch manifest ansi-regex@^5.0.1
872 silly packumentCache full:https://registry.npmmirror.com/ansi-regex cache-miss
873 silly fetch manifest string-width@^1.0.2 || 2 || 3 || 4
874 silly packumentCache full:https://registry.npmmirror.com/string-width cache-hit
875 http fetch GET 200 https://registry.npmmirror.com/ansi-regex 28ms (cache revalidated)
876 silly packumentCache full:https://registry.npmmirror.com/ansi-regex set size:40160 disposed:false
877 http fetch GET 200 https://registry.npmmirror.com/emoji-regex 30ms (cache revalidated)
878 silly packumentCache full:https://registry.npmmirror.com/emoji-regex set size:78767 disposed:false
879 silly placeDep ROOT aggregate-error@3.1.0 OK for: p-map@4.0.0 want: ^3.0.0
880 silly fetch manifest clean-stack@^2.0.0
881 silly packumentCache full:https://registry.npmmirror.com/clean-stack cache-miss
882 http fetch GET 200 https://registry.npmmirror.com/clean-stack 47ms (cache revalidated)
883 silly packumentCache full:https://registry.npmmirror.com/clean-stack set size:45575 disposed:false
884 silly placeDep ROOT clean-stack@2.2.0 OK for: aggregate-error@3.1.0 want: ^2.0.0
885 silly placeDep ROOT err-code@2.0.3 OK for: promise-retry@2.0.1 want: ^2.0.2
886 silly placeDep ROOT retry@0.12.0 OK for: promise-retry@2.0.1 want: ^0.12.0
887 silly placeDep node_modules/rimraf glob@7.2.3 OK for: rimraf@3.0.2 want: ^7.1.3
888 silly placeDep ROOT socks@2.8.7 OK for: socks-proxy-agent@7.0.0 want: ^2.6.2
889 silly fetch manifest ip-address@^10.0.1
890 silly packumentCache full:https://registry.npmmirror.com/ip-address cache-miss
891 silly fetch manifest smart-buffer@^4.2.0
892 silly packumentCache full:https://registry.npmmirror.com/smart-buffer cache-miss
893 http fetch GET 200 https://registry.npmmirror.com/ip-address 46ms (cache revalidated)
894 silly packumentCache full:https://registry.npmmirror.com/ip-address set size:119492 disposed:false
895 http fetch GET 200 https://registry.npmmirror.com/smart-buffer 52ms (cache revalidated)
896 silly packumentCache full:https://registry.npmmirror.com/smart-buffer set size:83961 disposed:false
897 silly placeDep ROOT ip-address@10.1.0 OK for: socks@2.8.7 want: ^10.0.1
898 silly placeDep ROOT smart-buffer@4.2.0 OK for: socks@2.8.7 want: ^4.2.0
899 silly placeDep node_modules/ssri minipass@3.3.6 OK for: ssri@9.0.1 want: ^3.1.1
900 silly placeDep ROOT unique-slug@3.0.0 OK for: unique-filename@2.0.1 want: ^3.0.0
901 silly fetch manifest imurmurhash@^0.1.4
902 silly packumentCache full:https://registry.npmmirror.com/imurmurhash cache-miss
903 http fetch GET 200 https://registry.npmmirror.com/imurmurhash 29ms (cache revalidated)
904 silly packumentCache full:https://registry.npmmirror.com/imurmurhash set size:11941 disposed:false
905 silly placeDep ROOT imurmurhash@0.1.4 OK for: unique-slug@3.0.0 want: ^0.1.4
906 silly placeDep ROOT spdx-correct@3.2.0 OK for: validate-npm-package-license@3.0.4 want: ^3.0.0
907 silly placeDep ROOT spdx-expression-parse@3.0.1 OK for: validate-npm-package-license@3.0.4 want: ^3.0.0
908 silly fetch manifest spdx-license-ids@^3.0.0
909 silly packumentCache full:https://registry.npmmirror.com/spdx-license-ids cache-miss
910 silly fetch manifest spdx-exceptions@^2.1.0
911 silly packumentCache full:https://registry.npmmirror.com/spdx-exceptions cache-miss
912 silly fetch manifest spdx-license-ids@^3.0.0
913 silly packumentCache full:https://registry.npmmirror.com/spdx-license-ids cache-miss
914 http fetch GET 200 https://registry.npmmirror.com/spdx-exceptions 48ms (cache revalidated)
915 silly packumentCache full:https://registry.npmmirror.com/spdx-exceptions set size:19496 disposed:false
916 http fetch GET 200 https://registry.npmmirror.com/spdx-license-ids 49ms (cache revalidated)
917 silly packumentCache full:https://registry.npmmirror.com/spdx-license-ids set size:71458 disposed:false
918 http fetch GET 200 https://registry.npmmirror.com/spdx-license-ids 56ms (cache revalidated)
919 silly packumentCache full:https://registry.npmmirror.com/spdx-license-ids set size:71458 disposed:false
920 silly packumentCache full:https://registry.npmmirror.com/spdx-license-ids dispose
921 silly placeDep ROOT spdx-license-ids@3.0.22 OK for: spdx-correct@3.2.0 want: ^3.0.0
922 silly placeDep ROOT spdx-exceptions@2.5.0 OK for: spdx-expression-parse@3.0.1 want: ^2.1.0
923 silly placeDep node_modules/vinyl clone@1.0.4 OK for: vinyl@1.2.0 want: ^1.0.0
924 silly placeDep ROOT clone-stats@0.0.1 OK for: vinyl@1.2.0 want: ^0.0.1
925 silly placeDep node_modules/vinyl replace-ext@0.0.1 OK for: vinyl@1.2.0 want: 0.0.1
926 silly placeDep ROOT fs-mkdirp-stream@1.0.0 OK for: vinyl-fs@3.0.3 want: ^1.0.0
927 silly placeDep ROOT glob-stream@6.1.0 OK for: vinyl-fs@3.0.3 want: ^6.1.0
928 silly placeDep ROOT is-valid-glob@1.0.0 OK for: vinyl-fs@3.0.3 want: ^1.0.0
929 silly placeDep ROOT lazystream@1.0.1 OK for: vinyl-fs@3.0.3 want: ^1.0.0
930 silly placeDep ROOT lead@1.0.0 OK for: vinyl-fs@3.0.3 want: ^1.0.0
931 silly placeDep ROOT pumpify@1.5.1 OK for: vinyl-fs@3.0.3 want: ^1.3.5
932 silly placeDep ROOT remove-bom-buffer@3.0.0 OK for: vinyl-fs@3.0.3 want: ^3.0.0
933 silly placeDep ROOT remove-bom-stream@1.2.0 OK for: vinyl-fs@3.0.3 want: ^1.2.0
934 silly placeDep ROOT resolve-options@1.1.0 OK for: vinyl-fs@3.0.3 want: ^1.1.0
935 silly placeDep node_modules/vinyl-fs through2@2.0.5 OK for: vinyl-fs@3.0.3 want: ^2.0.0
936 silly placeDep ROOT to-through@2.0.0 OK for: vinyl-fs@3.0.3 want: ^2.0.0
937 silly placeDep ROOT value-or-function@3.0.0 OK for: vinyl-fs@3.0.3 want: ^3.0.0
938 silly placeDep node_modules/vinyl-fs vinyl@2.2.1 OK for: vinyl-fs@3.0.3 want: ^2.0.0
939 silly placeDep ROOT vinyl-sourcemap@1.1.0 OK for: vinyl-fs@3.0.3 want: ^1.1.0
940 silly fetch manifest through2@^2.0.3
941 silly packumentCache full:https://registry.npmmirror.com/through2 cache-hit
942 silly fetch manifest glob@^7.1.1
943 silly packumentCache full:https://registry.npmmirror.com/glob cache-hit
944 silly fetch manifest glob-parent@^3.1.0
945 silly packumentCache full:https://registry.npmmirror.com/glob-parent cache-miss
946 silly fetch manifest is-negated-glob@^1.0.0
947 silly packumentCache full:https://registry.npmmirror.com/is-negated-glob cache-miss
948 silly fetch manifest ordered-read-streams@^1.0.0
949 silly packumentCache full:https://registry.npmmirror.com/ordered-read-streams cache-miss
950 silly fetch manifest remove-trailing-separator@^1.0.1
951 silly packumentCache full:https://registry.npmmirror.com/remove-trailing-separator cache-miss
952 silly fetch manifest to-absolute-glob@^2.0.0
953 silly packumentCache full:https://registry.npmmirror.com/to-absolute-glob cache-miss
954 silly fetch manifest unique-stream@^2.0.2
955 silly packumentCache full:https://registry.npmmirror.com/unique-stream cache-miss
956 silly fetch manifest flush-write-stream@^1.0.2
957 silly packumentCache full:https://registry.npmmirror.com/flush-write-stream cache-miss
958 silly fetch manifest duplexify@^3.6.0
959 silly packumentCache full:https://registry.npmmirror.com/duplexify cache-miss
960 silly fetch manifest pump@^2.0.0
961 silly packumentCache full:https://registry.npmmirror.com/pump cache-miss
962 silly fetch manifest is-buffer@^1.1.5
963 silly packumentCache full:https://registry.npmmirror.com/is-buffer cache-miss
964 silly fetch manifest is-utf8@^0.2.1
965 silly packumentCache full:https://registry.npmmirror.com/is-utf8 cache-miss
966 silly fetch manifest through2@^2.0.3
967 silly packumentCache full:https://registry.npmmirror.com/through2 cache-hit
968 silly fetch manifest xtend@~4.0.1
969 silly packumentCache full:https://registry.npmmirror.com/xtend cache-miss
970 silly fetch manifest through2@^2.0.3
971 silly packumentCache full:https://registry.npmmirror.com/through2 cache-hit
972 silly fetch manifest clone-buffer@^1.0.0
973 silly packumentCache full:https://registry.npmmirror.com/clone-buffer cache-miss
974 silly fetch manifest clone-stats@^1.0.0
975 silly packumentCache full:https://registry.npmmirror.com/clone-stats cache-hit
976 silly fetch manifest cloneable-readable@^1.0.0
977 silly packumentCache full:https://registry.npmmirror.com/cloneable-readable cache-miss
978 silly fetch manifest remove-trailing-separator@^1.0.1
979 silly packumentCache full:https://registry.npmmirror.com/remove-trailing-separator cache-miss
980 silly fetch manifest replace-ext@^1.0.0
981 silly packumentCache full:https://registry.npmmirror.com/replace-ext cache-hit
982 silly fetch manifest append-buffer@^1.0.2
983 silly packumentCache full:https://registry.npmmirror.com/append-buffer cache-miss
984 silly fetch manifest convert-source-map@^1.5.0
985 silly packumentCache full:https://registry.npmmirror.com/convert-source-map cache-miss
986 silly fetch manifest normalize-path@^2.1.1
987 silly packumentCache full:https://registry.npmmirror.com/normalize-path cache-miss
988 silly fetch manifest now-and-later@^2.0.0
989 silly packumentCache full:https://registry.npmmirror.com/now-and-later cache-miss
990 http fetch GET 200 https://registry.npmmirror.com/xtend 72ms (cache revalidated)
991 silly packumentCache full:https://registry.npmmirror.com/xtend set size:26701 disposed:false
992 http fetch GET 200 https://registry.npmmirror.com/glob-parent 81ms (cache updated)
993 silly packumentCache full:https://registry.npmmirror.com/glob-parent set size:7511 disposed:false
994 http fetch GET 200 https://registry.npmmirror.com/convert-source-map 86ms (cache updated)
995 silly packumentCache full:https://registry.npmmirror.com/convert-source-map set size:13632 disposed:false
996 http fetch GET 200 https://registry.npmmirror.com/remove-trailing-separator 92ms (cache revalidated)
997 silly packumentCache full:https://registry.npmmirror.com/remove-trailing-separator set size:9346 disposed:false
998 http fetch GET 200 https://registry.npmmirror.com/remove-trailing-separator 91ms (cache revalidated)
999 silly packumentCache full:https://registry.npmmirror.com/remove-trailing-separator set size:9346 disposed:false
1000 silly packumentCache full:https://registry.npmmirror.com/remove-trailing-separator dispose
1001 http fetch GET 200 https://registry.npmmirror.com/ordered-read-streams 94ms (cache revalidated)
1002 silly packumentCache full:https://registry.npmmirror.com/ordered-read-streams set size:26268 disposed:false
1003 http fetch GET 200 https://registry.npmmirror.com/is-negated-glob 94ms (cache revalidated)
1004 silly packumentCache full:https://registry.npmmirror.com/is-negated-glob set size:8444 disposed:false
1005 http fetch GET 200 https://registry.npmmirror.com/flush-write-stream 95ms (cache revalidated)
1006 silly packumentCache full:https://registry.npmmirror.com/flush-write-stream set size:12525 disposed:false
1007 http fetch GET 200 https://registry.npmmirror.com/pump 96ms (cache revalidated)
1008 silly packumentCache full:https://registry.npmmirror.com/pump set size:39118 disposed:false
1009 http fetch GET 200 https://registry.npmmirror.com/to-absolute-glob 97ms (cache revalidated)
1010 silly packumentCache full:https://registry.npmmirror.com/to-absolute-glob set size:26211 disposed:false
1011 http fetch GET 200 https://registry.npmmirror.com/is-buffer 97ms (cache revalidated)
1012 silly packumentCache full:https://registry.npmmirror.com/is-buffer set size:31609 disposed:false
1013 http fetch GET 200 https://registry.npmmirror.com/cloneable-readable 98ms (cache revalidated)
1014 silly packumentCache full:https://registry.npmmirror.com/cloneable-readable set size:27375 disposed:false
1015 http fetch GET 200 https://registry.npmmirror.com/clone-buffer 106ms (cache revalidated)
1016 silly packumentCache full:https://registry.npmmirror.com/clone-buffer set size:4073 disposed:false
1017 http fetch GET 200 https://registry.npmmirror.com/now-and-later 112ms (cache revalidated)
1018 silly packumentCache full:https://registry.npmmirror.com/now-and-later set size:29918 disposed:false
1019 http fetch GET 200 https://registry.npmmirror.com/append-buffer 121ms (cache revalidated)
1020 silly packumentCache full:https://registry.npmmirror.com/append-buffer set size:9286 disposed:false
1021 http fetch GET 200 https://registry.npmmirror.com/unique-stream 124ms (cache revalidated)
1022 silly packumentCache full:https://registry.npmmirror.com/unique-stream set size:30515 disposed:false
1023 http fetch GET 200 https://registry.npmmirror.com/duplexify 148ms (cache revalidated)
1024 silly packumentCache full:https://registry.npmmirror.com/duplexify set size:64941 disposed:false
1025 http fetch GET 200 https://registry.npmmirror.com/is-utf8 2843ms (cache revalidated)
1026 silly packumentCache full:https://registry.npmmirror.com/is-utf8 set size:4161 disposed:false
1027 http fetch GET 200 https://registry.npmmirror.com/normalize-path 2862ms (cache revalidated)
1028 silly packumentCache full:https://registry.npmmirror.com/normalize-path set size:28480 disposed:false
1029 silly placeDep node_modules/fs-mkdirp-stream through2@2.0.5 OK for: fs-mkdirp-stream@1.0.0 want: ^2.0.3
1030 silly placeDep node_modules/glob-stream glob@7.2.3 OK for: glob-stream@6.1.0 want: ^7.1.1
1031 silly placeDep node_modules/glob-stream glob-parent@3.1.0 OK for: glob-stream@6.1.0 want: ^3.1.0
1032 silly placeDep ROOT is-negated-glob@1.0.0 OK for: glob-stream@6.1.0 want: ^1.0.0
1033 silly placeDep ROOT ordered-read-streams@1.0.1 OK for: glob-stream@6.1.0 want: ^1.0.0
1034 silly placeDep ROOT remove-trailing-separator@1.1.0 OK for: glob-stream@6.1.0 want: ^1.0.1
1035 silly placeDep ROOT to-absolute-glob@2.0.2 OK for: glob-stream@6.1.0 want: ^2.0.0
1036 silly placeDep ROOT unique-stream@2.4.0 OK for: glob-stream@6.1.0 want: ^2.0.2
1037 silly fetch manifest is-glob@^3.1.0
1038 silly packumentCache full:https://registry.npmmirror.com/is-glob cache-miss
1039 silly fetch manifest path-dirname@^1.0.0
1040 silly packumentCache full:https://registry.npmmirror.com/path-dirname cache-miss
1041 silly fetch manifest is-absolute@^1.0.0
1042 silly packumentCache full:https://registry.npmmirror.com/is-absolute cache-miss
1043 silly fetch manifest json-stable-stringify-without-jsonify@^1.0.1
1044 silly packumentCache full:https://registry.npmmirror.com/json-stable-stringify-without-jsonify cache-miss
1045 silly fetch manifest through2-filter@3.0.0
1046 silly packumentCache full:https://registry.npmmirror.com/through2-filter cache-miss
1047 http fetch GET 200 https://registry.npmmirror.com/path-dirname 42ms (cache revalidated)
1048 silly packumentCache full:https://registry.npmmirror.com/path-dirname set size:3493 disposed:false
1049 http fetch GET 200 https://registry.npmmirror.com/is-glob 47ms (cache updated)
1050 silly packumentCache full:https://registry.npmmirror.com/is-glob set size:7966 disposed:false
1051 http fetch GET 200 https://registry.npmmirror.com/is-absolute 54ms (cache revalidated)
1052 silly packumentCache full:https://registry.npmmirror.com/is-absolute set size:33621 disposed:false
1053 http fetch GET 200 https://registry.npmmirror.com/through2-filter 56ms (cache revalidated)
1054 silly packumentCache full:https://registry.npmmirror.com/through2-filter set size:22363 disposed:false
1055 http fetch GET 200 https://registry.npmmirror.com/json-stable-stringify-without-jsonify 57ms (cache revalidated)
1056 silly packumentCache full:https://registry.npmmirror.com/json-stable-stringify-without-jsonify set size:5784 disposed:false
1057 silly placeDep ROOT flush-write-stream@1.1.1 OK for: lead@1.0.0 want: ^1.0.2
1058 silly placeDep ROOT duplexify@3.7.1 OK for: pumpify@1.5.1 want: ^3.6.0
1059 silly placeDep node_modules/pumpify pump@2.0.1 OK for: pumpify@1.5.1 want: ^2.0.0
1060 silly fetch manifest stream-shift@^1.0.0
1061 silly packumentCache full:https://registry.npmmirror.com/stream-shift cache-miss
1062 http fetch GET 200 https://registry.npmmirror.com/stream-shift 40ms (cache revalidated)
1063 silly packumentCache full:https://registry.npmmirror.com/stream-shift set size:7363 disposed:false
1064 silly placeDep ROOT stream-shift@1.0.3 OK for: duplexify@3.7.1 want: ^1.0.0
1065 silly placeDep ROOT is-buffer@1.1.6 OK for: remove-bom-buffer@3.0.0 want: ^1.1.5
1066 silly placeDep ROOT is-utf8@0.2.1 OK for: remove-bom-buffer@3.0.0 want: ^0.2.1
1067 silly placeDep node_modules/remove-bom-stream through2@2.0.5 OK for: remove-bom-stream@1.2.0 want: ^2.0.3
1068 silly placeDep ROOT is-absolute@1.0.0 OK for: to-absolute-glob@2.0.2 want: ^1.0.0
1069 silly fetch manifest is-relative@^1.0.0
1070 silly packumentCache full:https://registry.npmmirror.com/is-relative cache-miss
1071 silly fetch manifest is-windows@^1.0.1
1072 silly packumentCache full:https://registry.npmmirror.com/is-windows cache-miss
1073 http fetch GET 200 https://registry.npmmirror.com/is-relative 55ms (cache revalidated)
1074 silly packumentCache full:https://registry.npmmirror.com/is-relative set size:16731 disposed:false
1075 http fetch GET 200 https://registry.npmmirror.com/is-windows 59ms (cache revalidated)
1076 silly packumentCache full:https://registry.npmmirror.com/is-windows set size:16955 disposed:false
1077 silly placeDep ROOT is-relative@1.0.0 OK for: is-absolute@1.0.0 want: ^1.0.0
1078 silly placeDep ROOT is-windows@1.0.2 OK for: is-absolute@1.0.0 want: ^1.0.1
1079 silly fetch manifest is-unc-path@^1.0.0
1080 silly packumentCache full:https://registry.npmmirror.com/is-unc-path cache-miss
1081 http fetch GET 200 https://registry.npmmirror.com/is-unc-path 54ms (cache revalidated)
1082 silly packumentCache full:https://registry.npmmirror.com/is-unc-path set size:10311 disposed:false
1083 silly placeDep ROOT is-unc-path@1.0.0 OK for: is-relative@1.0.0 want: ^1.0.0
1084 silly fetch manifest unc-path-regex@^0.1.2
1085 silly packumentCache full:https://registry.npmmirror.com/unc-path-regex cache-miss
1086 http fetch GET 200 https://registry.npmmirror.com/unc-path-regex 54ms (cache revalidated)
1087 silly packumentCache full:https://registry.npmmirror.com/unc-path-regex set size:8818 disposed:false
1088 silly placeDep ROOT unc-path-regex@0.1.2 OK for: is-unc-path@1.0.0 want: ^0.1.2
1089 silly placeDep node_modules/to-through through2@2.0.5 OK for: to-through@2.0.0 want: ^2.0.3
1090 silly placeDep ROOT json-stable-stringify-without-jsonify@1.0.1 OK for: unique-stream@2.4.0 want: ^1.0.1
1091 silly placeDep ROOT through2-filter@3.0.0 OK for: unique-stream@2.4.0 want: 3.0.0
1092 silly fetch manifest through2@~2.0.0
1093 silly packumentCache full:https://registry.npmmirror.com/through2 cache-hit
1094 silly fetch manifest xtend@~4.0.0
1095 silly packumentCache full:https://registry.npmmirror.com/xtend cache-hit
1096 silly placeDep node_modules/through2-filter through2@2.0.5 OK for: through2-filter@3.0.0 want: ~2.0.0
1097 silly placeDep ROOT xtend@4.0.2 OK for: through2-filter@3.0.0 want: ~4.0.0
1098 silly placeDep ROOT append-buffer@1.0.2 OK for: vinyl-sourcemap@1.1.0 want: ^1.0.2
1099 silly placeDep node_modules/vinyl-sourcemap convert-source-map@1.9.0 OK for: vinyl-sourcemap@1.1.0 want: ^1.5.0
1100 silly placeDep node_modules/vinyl-sourcemap normalize-path@2.1.1 OK for: vinyl-sourcemap@1.1.0 want: ^2.1.1
1101 silly placeDep ROOT now-and-later@2.0.1 OK for: vinyl-sourcemap@1.1.0 want: ^2.0.0
1102 silly placeDep node_modules/vinyl-sourcemap vinyl@2.2.1 OK for: vinyl-sourcemap@1.1.0 want: ^2.0.0
1103 silly fetch manifest buffer-equal@^1.0.0
1104 silly packumentCache full:https://registry.npmmirror.com/buffer-equal cache-miss
1105 http fetch GET 200 https://registry.npmmirror.com/buffer-equal 62ms (cache revalidated)
1106 silly packumentCache full:https://registry.npmmirror.com/buffer-equal set size:11672 disposed:false
1107 silly placeDep ROOT buffer-equal@1.0.1 OK for: append-buffer@1.0.2 want: ^1.0.0
1108 silly fetch manifest rollup@^4.34.9
1109 silly packumentCache full:https://registry.npmmirror.com/rollup cache-hit
1110 silly placeDep node_modules/vite rollup@4.53.3 OK for: vite@6.4.1 want: ^4.34.9
1111 silly fetch manifest @rollup/rollup-darwin-arm64@4.53.3
1112 silly packumentCache full:https://registry.npmmirror.com/@rollup%2frollup-darwin-arm64 cache-miss
1113 silly fetch manifest @rollup/rollup-android-arm64@4.53.3
1114 silly packumentCache full:https://registry.npmmirror.com/@rollup%2frollup-android-arm64 cache-miss
1115 silly fetch manifest @rollup/rollup-win32-arm64-msvc@4.53.3
1116 silly packumentCache full:https://registry.npmmirror.com/@rollup%2frollup-win32-arm64-msvc cache-miss
1117 silly fetch manifest @rollup/rollup-freebsd-arm64@4.53.3
1118 silly packumentCache full:https://registry.npmmirror.com/@rollup%2frollup-freebsd-arm64 cache-miss
1119 silly fetch manifest @rollup/rollup-linux-arm64-gnu@4.53.3
1120 silly packumentCache full:https://registry.npmmirror.com/@rollup%2frollup-linux-arm64-gnu cache-miss
1121 silly fetch manifest @rollup/rollup-linux-arm64-musl@4.53.3
1122 silly packumentCache full:https://registry.npmmirror.com/@rollup%2frollup-linux-arm64-musl cache-miss
1123 silly fetch manifest @rollup/rollup-android-arm-eabi@4.53.3
1124 silly packumentCache full:https://registry.npmmirror.com/@rollup%2frollup-android-arm-eabi cache-miss
1125 silly fetch manifest @rollup/rollup-linux-arm-gnueabihf@4.53.3
1126 silly packumentCache full:https://registry.npmmirror.com/@rollup%2frollup-linux-arm-gnueabihf cache-miss
1127 silly fetch manifest @rollup/rollup-linux-arm-musleabihf@4.53.3
1128 silly packumentCache full:https://registry.npmmirror.com/@rollup%2frollup-linux-arm-musleabihf cache-miss
1129 silly fetch manifest @rollup/rollup-win32-ia32-msvc@4.53.3
1130 silly packumentCache full:https://registry.npmmirror.com/@rollup%2frollup-win32-ia32-msvc cache-miss
1131 silly fetch manifest @rollup/rollup-linux-loong64-gnu@4.53.3
1132 silly packumentCache full:https://registry.npmmirror.com/@rollup%2frollup-linux-loong64-gnu cache-miss
1133 silly fetch manifest @rollup/rollup-linux-riscv64-gnu@4.53.3
1134 silly packumentCache full:https://registry.npmmirror.com/@rollup%2frollup-linux-riscv64-gnu cache-miss
1135 silly fetch manifest @rollup/rollup-linux-riscv64-musl@4.53.3
1136 silly packumentCache full:https://registry.npmmirror.com/@rollup%2frollup-linux-riscv64-musl cache-miss
1137 silly fetch manifest @rollup/rollup-linux-ppc64-gnu@4.53.3
1138 silly packumentCache full:https://registry.npmmirror.com/@rollup%2frollup-linux-ppc64-gnu cache-miss
1139 silly fetch manifest @rollup/rollup-linux-s390x-gnu@4.53.3
1140 silly packumentCache full:https://registry.npmmirror.com/@rollup%2frollup-linux-s390x-gnu cache-miss
1141 silly fetch manifest @rollup/rollup-darwin-x64@4.53.3
1142 silly packumentCache full:https://registry.npmmirror.com/@rollup%2frollup-darwin-x64 cache-miss
1143 silly fetch manifest @rollup/rollup-win32-x64-gnu@4.53.3
1144 silly packumentCache full:https://registry.npmmirror.com/@rollup%2frollup-win32-x64-gnu cache-miss
1145 silly fetch manifest @rollup/rollup-win32-x64-msvc@4.53.3
1146 silly packumentCache full:https://registry.npmmirror.com/@rollup%2frollup-win32-x64-msvc cache-miss
1147 silly fetch manifest @rollup/rollup-freebsd-x64@4.53.3
1148 silly packumentCache full:https://registry.npmmirror.com/@rollup%2frollup-freebsd-x64 cache-miss
1149 silly fetch manifest @rollup/rollup-linux-x64-gnu@4.53.3
1150 silly packumentCache full:https://registry.npmmirror.com/@rollup%2frollup-linux-x64-gnu cache-miss
1151 silly fetch manifest @rollup/rollup-linux-x64-musl@4.53.3
1152 silly packumentCache full:https://registry.npmmirror.com/@rollup%2frollup-linux-x64-musl cache-miss
1153 silly fetch manifest @rollup/rollup-openharmony-arm64@4.53.3
1154 silly packumentCache full:https://registry.npmmirror.com/@rollup%2frollup-openharmony-arm64 cache-miss
1155 http fetch GET 200 https://registry.npmmirror.com/@rollup%2frollup-linux-loong64-gnu 171ms (cache updated)
1156 silly packumentCache full:https://registry.npmmirror.com/@rollup%2frollup-linux-loong64-gnu set size:7133 disposed:false
1157 http fetch GET 200 https://registry.npmmirror.com/@rollup%2frollup-linux-riscv64-musl 176ms (cache updated)
1158 silly packumentCache full:https://registry.npmmirror.com/@rollup%2frollup-linux-riscv64-musl set size:16946 disposed:false
1159 http fetch GET 200 https://registry.npmmirror.com/@rollup%2frollup-win32-x64-gnu 177ms (cache updated)
1160 silly packumentCache full:https://registry.npmmirror.com/@rollup%2frollup-win32-x64-gnu set size:6097 disposed:false
1161 http fetch GET 200 https://registry.npmmirror.com/@rollup%2frollup-linux-ppc64-gnu 179ms (cache updated)
1162 silly packumentCache full:https://registry.npmmirror.com/@rollup%2frollup-linux-ppc64-gnu set size:11826 disposed:false
1163 http fetch GET 200 https://registry.npmmirror.com/@rollup%2frollup-freebsd-arm64 187ms (cache updated)
1164 silly packumentCache full:https://registry.npmmirror.com/@rollup%2frollup-freebsd-arm64 set size:32147 disposed:false
1165 http fetch GET 200 https://registry.npmmirror.com/@rollup%2frollup-linux-arm-musleabihf 188ms (cache updated)
1166 silly packumentCache full:https://registry.npmmirror.com/@rollup%2frollup-linux-arm-musleabihf set size:42675 disposed:false
1167 http fetch GET 200 https://registry.npmmirror.com/@rollup%2frollup-linux-s390x-gnu 193ms (cache updated)
1168 silly packumentCache full:https://registry.npmmirror.com/@rollup%2frollup-linux-s390x-gnu set size:43989 disposed:false
1169 http fetch GET 200 https://registry.npmmirror.com/@rollup%2frollup-linux-arm64-musl 198ms (cache updated)
1170 silly packumentCache full:https://registry.npmmirror.com/@rollup%2frollup-linux-arm64-musl set size:54597 disposed:false
1171 http fetch GET 200 https://registry.npmmirror.com/@rollup%2frollup-android-arm-eabi 202ms (cache updated)
1172 silly packumentCache full:https://registry.npmmirror.com/@rollup%2frollup-android-arm-eabi set size:63419 disposed:false
1173 http fetch GET 200 https://registry.npmmirror.com/@rollup%2frollup-linux-riscv64-gnu 203ms (cache updated)
1174 silly packumentCache full:https://registry.npmmirror.com/@rollup%2frollup-linux-riscv64-gnu set size:48932 disposed:false
1175 http fetch GET 200 https://registry.npmmirror.com/@rollup%2frollup-win32-ia32-msvc 208ms (cache updated)
1176 silly packumentCache full:https://registry.npmmirror.com/@rollup%2frollup-win32-ia32-msvc set size:63751 disposed:false
1177 http fetch GET 200 https://registry.npmmirror.com/@rollup%2frollup-darwin-arm64 213ms (cache updated)
1178 silly packumentCache full:https://registry.npmmirror.com/@rollup%2frollup-darwin-arm64 set size:63191 disposed:false
1179 http fetch GET 200 https://registry.npmmirror.com/@rollup%2frollup-linux-arm64-gnu 215ms (cache updated)
1180 silly packumentCache full:https://registry.npmmirror.com/@rollup%2frollup-linux-arm64-gnu set size:63438 disposed:false
1181 http fetch GET 200 https://registry.npmmirror.com/@rollup%2frollup-android-arm64 219ms (cache updated)
1182 silly packumentCache full:https://registry.npmmirror.com/@rollup%2frollup-android-arm64 set size:63505 disposed:false
1183 http fetch GET 200 https://registry.npmmirror.com/@rollup%2frollup-openharmony-arm64 226ms (cache updated)
1184 silly packumentCache full:https://registry.npmmirror.com/@rollup%2frollup-openharmony-arm64 set size:7802 disposed:false
1185 http fetch GET 200 https://registry.npmmirror.com/@rollup%2frollup-freebsd-x64 230ms (cache updated)
1186 silly packumentCache full:https://registry.npmmirror.com/@rollup%2frollup-freebsd-x64 set size:32535 disposed:false
1187 http fetch GET 200 https://registry.npmmirror.com/@rollup%2frollup-win32-arm64-msvc 235ms (cache updated)
1188 silly packumentCache full:https://registry.npmmirror.com/@rollup%2frollup-win32-arm64-msvc set size:63576 disposed:false
1189 http fetch GET 200 https://registry.npmmirror.com/@rollup%2frollup-win32-x64-msvc 236ms (cache updated)
1190 silly packumentCache full:https://registry.npmmirror.com/@rollup%2frollup-win32-x64-msvc set size:63285 disposed:false
1191 http fetch GET 200 https://registry.npmmirror.com/@rollup%2frollup-linux-arm-gnueabihf 241ms (cache updated)
1192 silly packumentCache full:https://registry.npmmirror.com/@rollup%2frollup-linux-arm-gnueabihf set size:63984 disposed:false
1193 http fetch GET 200 https://registry.npmmirror.com/@rollup%2frollup-darwin-x64 245ms (cache updated)
1194 silly packumentCache full:https://registry.npmmirror.com/@rollup%2frollup-darwin-x64 set size:63068 disposed:false
1195 http fetch GET 200 https://registry.npmmirror.com/@rollup%2frollup-linux-x64-gnu 248ms (cache updated)
1196 silly packumentCache full:https://registry.npmmirror.com/@rollup%2frollup-linux-x64-gnu set size:63110 disposed:false
1197 http fetch GET 200 https://registry.npmmirror.com/@rollup%2frollup-linux-x64-musl 251ms (cache updated)
1198 silly packumentCache full:https://registry.npmmirror.com/@rollup%2frollup-linux-x64-musl set size:63299 disposed:false
1199 silly fetch manifest @emmetio/css-parser@ramya-rao-a/css-parser#vscode
1200 silly placeDep ROOT @emmetio/css-parser@0.4.0 REPLACE for: volar-service-emmet@0.0.66 want: ramya-rao-a/css-parser#vscode
1201 silly placeDep node_modules/wide-align string-width@4.2.3 OK for: wide-align@1.1.5 want: ^1.0.2 || 2 || 3 || 4
1202 silly placeDep node_modules/cacache minimatch@5.1.6 OK for: glob@8.1.0 want: ^5.0.1
1203 silly placeDep node_modules/gauge emoji-regex@8.0.0 OK for: string-width@4.2.3 want: ^8.0.0
1204 silly placeDep node_modules/gauge ansi-regex@5.0.1 OK for: strip-ansi@6.0.1 want: ^5.0.1
1205 silly placeDep node_modules/glob-stream minimatch@3.1.2 OK for: glob@7.2.3 want: ^3.1.1
1206 silly fetch manifest brace-expansion@^1.1.7
1207 silly packumentCache full:https://registry.npmmirror.com/brace-expansion cache-miss
1208 http fetch GET 200 https://registry.npmmirror.com/brace-expansion 39ms (cache revalidated)
1209 silly packumentCache full:https://registry.npmmirror.com/brace-expansion set size:48312 disposed:false
1210 silly placeDep node_modules/glob-stream is-glob@3.1.0 OK for: glob-parent@3.1.0 want: ^3.1.0
1211 silly placeDep ROOT path-dirname@1.0.2 OK for: glob-parent@3.1.0 want: ^1.0.0
1212 silly placeDep node_modules/glob-stream brace-expansion@1.1.12 OK for: minimatch@3.1.2 want: ^1.1.7
1213 silly placeDep node_modules/is-svg strnum@1.1.2 OK for: fast-xml-parser@4.5.3 want: ^1.1.1
1214 silly placeDep node_modules/node-gyp minimatch@3.1.2 OK for: glob@7.2.3 want: ^3.1.1
1215 silly placeDep node_modules/node-gyp brace-expansion@1.1.12 OK for: minimatch@3.1.2 want: ^1.1.7
1216 silly placeDep node_modules/read-pkg hosted-git-info@2.8.9 OK for: normalize-package-data@2.5.0 want: ^2.1.4
1217 silly placeDep node_modules/read-pkg semver@5.7.2 OK for: normalize-package-data@2.5.0 want: 2 || 3 || 4 || 5
1218 silly placeDep node_modules/rimraf minimatch@3.1.2 OK for: glob@7.2.3 want: ^3.1.1
1219 silly placeDep node_modules/rimraf brace-expansion@1.1.12 OK for: minimatch@3.1.2 want: ^1.1.7
1220 silly placeDep ROOT clone-buffer@1.0.0 OK for: vinyl@2.2.1 want: ^1.0.0
1221 silly placeDep node_modules/vinyl-fs clone-stats@1.0.0 OK for: vinyl@2.2.1 want: ^1.0.0
1222 silly placeDep ROOT cloneable-readable@1.1.3 OK for: vinyl@2.2.1 want: ^1.0.0
1223 silly placeDep node_modules/vinyl-fs replace-ext@1.0.1 OK for: vinyl@2.2.1 want: ^1.0.0
1224 silly placeDep node_modules/vinyl-sourcemap clone-stats@1.0.0 OK for: vinyl@2.2.1 want: ^1.0.0
1225 silly placeDep node_modules/vinyl-sourcemap replace-ext@1.0.1 OK for: vinyl@2.2.1 want: ^1.0.0
1226 silly placeDep ROOT @rollup/rollup-android-arm-eabi@4.53.3 OK for: rollup@4.53.3 want: 4.53.3
1227 silly placeDep ROOT @rollup/rollup-android-arm64@4.53.3 OK for: rollup@4.53.3 want: 4.53.3
1228 silly placeDep ROOT @rollup/rollup-darwin-arm64@4.53.3 OK for: rollup@4.53.3 want: 4.53.3
1229 silly placeDep ROOT @rollup/rollup-darwin-x64@4.53.3 OK for: rollup@4.53.3 want: 4.53.3
1230 silly placeDep ROOT @rollup/rollup-freebsd-arm64@4.53.3 OK for: rollup@4.53.3 want: 4.53.3
1231 silly placeDep ROOT @rollup/rollup-freebsd-x64@4.53.3 OK for: rollup@4.53.3 want: 4.53.3
1232 silly placeDep ROOT @rollup/rollup-linux-arm-gnueabihf@4.53.3 OK for: rollup@4.53.3 want: 4.53.3
1233 silly placeDep ROOT @rollup/rollup-linux-arm-musleabihf@4.53.3 OK for: rollup@4.53.3 want: 4.53.3
1234 silly placeDep ROOT @rollup/rollup-linux-arm64-gnu@4.53.3 OK for: rollup@4.53.3 want: 4.53.3
1235 silly placeDep ROOT @rollup/rollup-linux-arm64-musl@4.53.3 OK for: rollup@4.53.3 want: 4.53.3
1236 silly placeDep ROOT @rollup/rollup-linux-loong64-gnu@4.53.3 OK for: rollup@4.53.3 want: 4.53.3
1237 silly placeDep ROOT @rollup/rollup-linux-ppc64-gnu@4.53.3 OK for: rollup@4.53.3 want: 4.53.3
1238 silly placeDep ROOT @rollup/rollup-linux-riscv64-gnu@4.53.3 OK for: rollup@4.53.3 want: 4.53.3
1239 silly placeDep ROOT @rollup/rollup-linux-riscv64-musl@4.53.3 OK for: rollup@4.53.3 want: 4.53.3
1240 silly placeDep ROOT @rollup/rollup-linux-s390x-gnu@4.53.3 OK for: rollup@4.53.3 want: 4.53.3
1241 silly placeDep ROOT @rollup/rollup-linux-x64-gnu@4.53.3 OK for: rollup@4.53.3 want: 4.53.3
1242 silly placeDep ROOT @rollup/rollup-linux-x64-musl@4.53.3 OK for: rollup@4.53.3 want: 4.53.3
1243 silly placeDep ROOT @rollup/rollup-openharmony-arm64@4.53.3 OK for: rollup@4.53.3 want: 4.53.3
1244 silly placeDep ROOT @rollup/rollup-win32-arm64-msvc@4.53.3 OK for: rollup@4.53.3 want: 4.53.3
1245 silly placeDep ROOT @rollup/rollup-win32-ia32-msvc@4.53.3 OK for: rollup@4.53.3 want: 4.53.3
1246 silly placeDep ROOT @rollup/rollup-win32-x64-gnu@4.53.3 OK for: rollup@4.53.3 want: 4.53.3
1247 silly placeDep ROOT @rollup/rollup-win32-x64-msvc@4.53.3 OK for: rollup@4.53.3 want: 4.53.3
1248 silly placeDep node_modules/wide-align emoji-regex@8.0.0 OK for: string-width@4.2.3 want: ^8.0.0
1249 silly placeDep node_modules/wide-align strip-ansi@6.0.1 OK for: string-width@4.2.3 want: ^6.0.1
1250 silly placeDep node_modules/wide-align ansi-regex@5.0.1 OK for: strip-ansi@6.0.1 want: ^5.0.1
1251 silly reify mark retired [
1251 silly reify   'D:\\cursor\\project8  blog\\test\\node_modules\\astro',
1251 silly reify   'D:\\cursor\\project8  blog\\test\\node_modules\\.bin\\astro',
1251 silly reify   'D:\\cursor\\project8  blog\\test\\node_modules\\.bin\\astro.cmd',
1251 silly reify   'D:\\cursor\\project8  blog\\test\\node_modules\\.bin\\astro.ps1'
1251 silly reify ]
1252 silly reify mark retired [ 'D:\\cursor\\project8  blog\\test\\node_modules\\magicast' ]
1253 silly reify mark retired [
1253 silly reify   'D:\\cursor\\project8  blog\\test\\node_modules\\microbundle\\node_modules\\rollup',
1253 silly reify   'D:\\cursor\\project8  blog\\test\\node_modules\\microbundle\\node_modules\\.bin\\rollup',
1253 silly reify   'D:\\cursor\\project8  blog\\test\\node_modules\\microbundle\\node_modules\\.bin\\rollup.cmd',
1253 silly reify   'D:\\cursor\\project8  blog\\test\\node_modules\\microbundle\\node_modules\\.bin\\rollup.ps1'
1253 silly reify ]
1254 silly reify mark retired [
1254 silly reify   'D:\\cursor\\project8  blog\\test\\node_modules\\postcss-modules-scope\\node_modules\\postcss-selector-parser'
1254 silly reify ]
1255 silly reify mark retired [
1255 silly reify   'D:\\cursor\\project8  blog\\test\\node_modules\\postcss-modules-local-by-default\\node_modules\\postcss-selector-parser'
1255 silly reify ]
1256 silly reify mark retired [
1256 silly reify   'D:\\cursor\\project8  blog\\test\\node_modules\\postcss-nesting\\node_modules\\postcss-selector-parser'
1256 silly reify ]
1257 silly reify mark retired [
1257 silly reify   'D:\\cursor\\project8  blog\\test\\node_modules\\postcss-selector-parser'
1257 silly reify ]
1258 silly reify mark retired [
1258 silly reify   'D:\\cursor\\project8  blog\\test\\node_modules\\rollup',
1258 silly reify   'D:\\cursor\\project8  blog\\test\\node_modules\\.bin\\rollup',
1258 silly reify   'D:\\cursor\\project8  blog\\test\\node_modules\\.bin\\rollup.cmd',
1258 silly reify   'D:\\cursor\\project8  blog\\test\\node_modules\\.bin\\rollup.ps1'
1258 silly reify ]
1259 silly reify mark retired [ 'D:\\cursor\\project8  blog\\test\\node_modules\\svelte' ]
1260 silly reify mark retired [ 'D:\\cursor\\project8  blog\\test\\node_modules\\@astrojs\\svelte' ]
1261 silly reify mark retired [
1261 silly reify   'D:\\cursor\\project8  blog\\test\\node_modules\\@biomejs\\cli-win32-x64'
1261 silly reify ]
1262 silly reify mark retired [
1262 silly reify   'D:\\cursor\\project8  blog\\test\\node_modules\\@biomejs\\biome',
1262 silly reify   'D:\\cursor\\project8  blog\\test\\node_modules\\.bin\\biome',
1262 silly reify   'D:\\cursor\\project8  blog\\test\\node_modules\\.bin\\biome.cmd',
1262 silly reify   'D:\\cursor\\project8  blog\\test\\node_modules\\.bin\\biome.ps1'
1262 silly reify ]
1263 silly reify mark retired [
1263 silly reify   'D:\\cursor\\project8  blog\\test\\node_modules\\@emmetio\\css-parser'
1263 silly reify ]
1264 silly reify mark retired [
1264 silly reify   'D:\\cursor\\project8  blog\\test\\node_modules\\@iconify-json\\simple-icons'
1264 silly reify ]
1265 silly reify mark retired [
1265 silly reify   'D:\\cursor\\project8  blog\\test\\node_modules\\@rollup\\rollup-win32-x64-msvc'
1265 silly reify ]
1266 silly reify mark retired [
1266 silly reify   'D:\\cursor\\project8  blog\\test\\node_modules\\@rollup\\rollup-win32-x64-gnu'
1266 silly reify ]
1267 silly reify mark retired [ 'D:\\cursor\\project8  blog\\test\\node_modules\\@types\\js-yaml' ]
1268 silly reify moves {
1268 silly reify   'D:\\cursor\\project8  blog\\test\\node_modules\\astro': 'D:\\cursor\\project8  blog\\test\\node_modules\\.astro-XRVp1tik',
1268 silly reify   'D:\\cursor\\project8  blog\\test\\node_modules\\.bin\\astro': 'D:\\cursor\\project8  blog\\test\\node_modules\\.bin\\.astro-B3NPpwqw',
1268 silly reify   'D:\\cursor\\project8  blog\\test\\node_modules\\.bin\\astro.cmd': 'D:\\cursor\\project8  blog\\test\\node_modules\\.bin\\.astro.cmd-ud5E9IRy',
1268 silly reify   'D:\\cursor\\project8  blog\\test\\node_modules\\.bin\\astro.ps1': 'D:\\cursor\\project8  blog\\test\\node_modules\\.bin\\.astro.ps1-0yXcoNXc',
1268 silly reify   'D:\\cursor\\project8  blog\\test\\node_modules\\magicast': 'D:\\cursor\\project8  blog\\test\\node_modules\\.magicast-eDpnMtsH',
1268 silly reify   'D:\\cursor\\project8  blog\\test\\node_modules\\microbundle\\node_modules\\rollup': 'D:\\cursor\\project8  blog\\test\\node_modules\\microbundle\\node_modules\\.rollup-i13RzRLm',
1268 silly reify   'D:\\cursor\\project8  blog\\test\\node_modules\\microbundle\\node_modules\\.bin\\rollup': 'D:\\cursor\\project8  blog\\test\\node_modules\\microbundle\\node_modules\\.bin\\.rollup-5M6AvSYe',
1268 silly reify   'D:\\cursor\\project8  blog\\test\\node_modules\\microbundle\\node_modules\\.bin\\rollup.cmd': 'D:\\cursor\\project8  blog\\test\\node_modules\\microbundle\\node_modules\\.bin\\.rollup.cmd-eqPl6fos',
1268 silly reify   'D:\\cursor\\project8  blog\\test\\node_modules\\microbundle\\node_modules\\.bin\\rollup.ps1': 'D:\\cursor\\project8  blog\\test\\node_modules\\microbundle\\node_modules\\.bin\\.rollup.ps1-NVS7RnFv',
1268 silly reify   'D:\\cursor\\project8  blog\\test\\node_modules\\postcss-modules-scope\\node_modules\\postcss-selector-parser': 'D:\\cursor\\project8  blog\\test\\node_modules\\postcss-modules-scope\\node_modules\\.postcss-selector-parser-B0pZNoL4',
1268 silly reify   'D:\\cursor\\project8  blog\\test\\node_modules\\postcss-modules-local-by-default\\node_modules\\postcss-selector-parser': 'D:\\cursor\\project8  blog\\test\\node_modules\\postcss-modules-local-by-default\\node_modules\\.postcss-selector-parser-4nnJ9FyW',
1268 silly reify   'D:\\cursor\\project8  blog\\test\\node_modules\\postcss-nesting\\node_modules\\postcss-selector-parser': 'D:\\cursor\\project8  blog\\test\\node_modules\\postcss-nesting\\node_modules\\.postcss-selector-parser-uGv6hhva',
1268 silly reify   'D:\\cursor\\project8  blog\\test\\node_modules\\postcss-selector-parser': 'D:\\cursor\\project8  blog\\test\\node_modules\\.postcss-selector-parser-cehXiOjk',
1268 silly reify   'D:\\cursor\\project8  blog\\test\\node_modules\\rollup': 'D:\\cursor\\project8  blog\\test\\node_modules\\.rollup-viPS5esJ',
1268 silly reify   'D:\\cursor\\project8  blog\\test\\node_modules\\.bin\\rollup': 'D:\\cursor\\project8  blog\\test\\node_modules\\.bin\\.rollup-2K5WAKsZ',
1268 silly reify   'D:\\cursor\\project8  blog\\test\\node_modules\\.bin\\rollup.cmd': 'D:\\cursor\\project8  blog\\test\\node_modules\\.bin\\.rollup.cmd-Rln1mGvc',
1268 silly reify   'D:\\cursor\\project8  blog\\test\\node_modules\\.bin\\rollup.ps1': 'D:\\cursor\\project8  blog\\test\\node_modules\\.bin\\.rollup.ps1-MBXjiUZj',
1268 silly reify   'D:\\cursor\\project8  blog\\test\\node_modules\\svelte': 'D:\\cursor\\project8  blog\\test\\node_modules\\.svelte-FsGx8pDS',
1268 silly reify   'D:\\cursor\\project8  blog\\test\\node_modules\\@astrojs\\svelte': 'D:\\cursor\\project8  blog\\test\\node_modules\\@astrojs\\.svelte-C3VCdVTn',
1268 silly reify   'D:\\cursor\\project8  blog\\test\\node_modules\\@biomejs\\cli-win32-x64': 'D:\\cursor\\project8  blog\\test\\node_modules\\@biomejs\\.cli-win32-x64-4VsY5eHU',
1268 silly reify   'D:\\cursor\\project8  blog\\test\\node_modules\\@biomejs\\biome': 'D:\\cursor\\project8  blog\\test\\node_modules\\@biomejs\\.biome-HUSVpUy0',
1268 silly reify   'D:\\cursor\\project8  blog\\test\\node_modules\\.bin\\biome': 'D:\\cursor\\project8  blog\\test\\node_modules\\.bin\\.biome-Gku1TM3q',
1268 silly reify   'D:\\cursor\\project8  blog\\test\\node_modules\\.bin\\biome.cmd': 'D:\\cursor\\project8  blog\\test\\node_modules\\.bin\\.biome.cmd-CI2eWenJ',
1268 silly reify   'D:\\cursor\\project8  blog\\test\\node_modules\\.bin\\biome.ps1': 'D:\\cursor\\project8  blog\\test\\node_modules\\.bin\\.biome.ps1-87qctXOM',
1268 silly reify   'D:\\cursor\\project8  blog\\test\\node_modules\\@emmetio\\css-parser': 'D:\\cursor\\project8  blog\\test\\node_modules\\@emmetio\\.css-parser-poySdcbJ',
1268 silly reify   'D:\\cursor\\project8  blog\\test\\node_modules\\@iconify-json\\simple-icons': 'D:\\cursor\\project8  blog\\test\\node_modules\\@iconify-json\\.simple-icons-gzhxjRPE',
1268 silly reify   'D:\\cursor\\project8  blog\\test\\node_modules\\@rollup\\rollup-win32-x64-msvc': 'D:\\cursor\\project8  blog\\test\\node_modules\\@rollup\\.rollup-win32-x64-msvc-FFitgthS',
1268 silly reify   'D:\\cursor\\project8  blog\\test\\node_modules\\@rollup\\rollup-win32-x64-gnu': 'D:\\cursor\\project8  blog\\test\\node_modules\\@rollup\\.rollup-win32-x64-gnu-EnZB5gZM',
1268 silly reify   'D:\\cursor\\project8  blog\\test\\node_modules\\@types\\js-yaml': 'D:\\cursor\\project8  blog\\test\\node_modules\\@types\\.js-yaml-9GE0iO7r'
1268 silly reify }
1269 silly audit bulk request {
1269 silly audit   'ajv-draft-04': [ '1.0.0' ],
1269 silly audit   acorn: [ '8.15.0' ],
1269 silly audit   ajv: [ '8.17.1' ],
1269 silly audit   'ansi-styles': [ '6.2.3', '4.3.0', '2.2.1' ],
1269 silly audit   'ansi-align': [ '3.0.1' ],
1269 silly audit   'strip-ansi': [ '6.0.1', '3.0.1', '7.1.2' ],
1269 silly audit   'ansi-regex': [ '5.0.1', '6.2.2', '2.1.1' ],
1269 silly audit   'emoji-regex': [ '8.0.0', '10.6.0', '9.2.2' ],
1269 silly audit   'string-width': [ '4.2.3', '7.2.0', '5.1.2' ],
1269 silly audit   arg: [ '5.0.2' ],
1269 silly audit   'any-promise': [ '1.3.0' ],
1269 silly audit   anymatch: [ '3.1.3' ],
1269 silly audit   picomatch: [ '2.3.1', '4.0.3' ],
1269 silly audit   'aria-query': [ '5.3.2' ],
1269 silly audit   argparse: [ '2.0.1' ],
1269 silly audit   'array-buffer-byte-length': [ '1.0.2' ],
1269 silly audit   'array-iterate': [ '2.0.1' ],
1269 silly audit   'astro-icon': [ '1.1.5' ],
1269 silly audit   'arraybuffer.prototype.slice': [ '1.0.4' ],
1269 silly audit   'estree-walker': [ '2.0.2', '0.6.1', '1.0.1', '3.0.3' ],
1269 silly audit   asynckit: [ '0.4.0' ],
1269 silly audit   'async-function': [ '1.0.0' ],
1269 silly audit   'astro-expressive-code': [ '0.41.3' ],
1269 silly audit   autoprefixer: [ '10.4.22' ],
1269 silly audit   'available-typed-arrays': [ '1.0.7' ],
1269 silly audit   asyncro: [ '3.0.0' ],
1269 silly audit   async: [ '3.2.6' ],
1269 silly audit   'axobject-query': [ '4.1.0' ],
1269 silly audit   'babel-plugin-macros': [ '3.1.0' ],
1269 silly audit   axios: [ '1.13.2' ],
1269 silly audit   'babel-plugin-transform-replace-expressions': [ '0.2.0' ],
1269 silly audit   'babel-plugin-polyfill-corejs2': [ '0.4.14' ],
1269 silly audit   semver: [ '6.3.1', '7.7.3', '5.7.2' ],
1269 silly audit   'babel-plugin-polyfill-corejs3': [ '0.13.0' ],
1269 silly audit   'babel-plugin-transform-async-to-promises': [ '0.8.18' ],
1269 silly audit   'base-64': [ '1.0.0' ],
1269 silly audit   'babel-plugin-polyfill-regenerator': [ '0.6.5' ],
1269 silly audit   'balanced-match': [ '1.0.2' ],
1269 silly audit   bcryptjs: [ '3.0.3' ],
1269 silly audit   bail: [ '2.0.2' ],
1269 silly audit   boolbase: [ '1.0.0' ],
1269 silly audit   'base64-js': [ '1.5.1', '0.0.8' ],
1269 silly audit   'baseline-browser-mapping': [ '2.8.28' ],
1269 silly audit   'bcp-47-match': [ '2.0.3' ],
1269 silly audit   'binary-extensions': [ '2.3.0' ],
1269 silly audit   'brotli-size': [ '4.0.0' ],
1269 silly audit   boxen: [ '8.0.1' ],
1269 silly audit   braces: [ '3.0.3' ],
1269 silly audit   'brace-expansion': [ '2.0.2', '1.1.12' ],
1269 silly audit   'buffer-from': [ '1.1.2' ],
1269 silly audit   'buffer-crc32': [ '0.2.13' ],
1269 silly audit   brotli: [ '1.3.3' ],
1269 silly audit   browserslist: [ '4.28.0' ],
1269 silly audit   'call-bind': [ '1.0.8' ],
1269 silly audit   'call-bound': [ '1.0.4' ],
1269 silly audit   'call-bind-apply-helpers': [ '1.0.2' ],
1269 silly audit   'builtin-modules': [ '3.3.0' ],
1269 silly audit   callsites: [ '3.1.0' ],
1269 silly audit   camelcase: [ '8.0.0', '6.3.0', '5.3.1' ],
1269 silly audit   'camelcase-css': [ '2.0.1' ],
1269 silly audit   'caniuse-api': [ '3.0.0' ],
1269 silly audit   ccount: [ '2.0.1' ],
1269 silly audit   'caniuse-lite': [ '1.0.30001755' ],
1269 silly audit   camelize: [ '1.0.1' ],
1269 silly audit   'character-entities': [ '2.0.2' ],
1269 silly audit   chalk: [ '5.6.2', '1.1.3', '4.1.2' ],
1269 silly audit   'character-entities-html4': [ '2.1.0' ],
1269 silly audit   'character-entities-legacy': [ '3.0.0' ],
1269 silly audit   cheerio: [ '1.0.0' ],
1269 silly audit   htmlparser2: [ '9.1.0', '8.0.2' ],
1269 silly audit   'cheerio-select': [ '2.1.0' ],
1269 silly audit   'character-reference-invalid': [ '2.0.1' ],
1269 silly audit   chokidar: [ '4.0.3', '3.6.0' ],
1269 silly audit   chownr: [ '2.0.0' ],
1269 silly audit   'cli-boxes': [ '3.0.0' ],
1269 silly audit   cliui: [ '8.0.1' ],
1269 silly audit   'wrap-ansi': [ '7.0.0', '9.0.2', '8.1.0' ],
1269 silly audit   'ci-info': [ '4.3.1' ],
1269 silly audit   'color-name': [ '1.1.4' ],
1269 silly audit   clone: [ '2.1.2', '1.0.4' ],
1269 silly audit   clsx: [ '2.1.1' ],
1269 silly audit   'color-convert': [ '2.0.1' ],
1269 silly audit   colord: [ '2.9.3' ],
1269 silly audit   'combined-stream': [ '1.0.8' ],
1269 silly audit   commander: [ '8.3.0', '7.2.0', '4.1.1', '2.20.3' ],
1269 silly audit   'comma-separated-tokens': [ '2.0.3' ],
1269 silly audit   'common-ancestor-path': [ '1.0.1' ],
1269 silly audit   commondir: [ '1.0.1' ],
1269 silly audit   'concat-map': [ '0.0.1' ],
1269 silly audit   confbox: [ '0.1.8', '0.2.2' ],
1269 silly audit   'convert-source-map': [ '2.0.0', '1.9.0' ],
1269 silly audit   cookie: [ '1.0.2' ],
1269 silly audit   'concat-with-sourcemaps': [ '1.1.0' ],
1269 silly audit   'source-map': [ '0.6.1', '0.7.6' ],
1269 silly audit   'cookie-es': [ '1.2.2' ],
1269 silly audit   'core-js-compat': [ '3.46.0' ],
1269 silly audit   'css-box-shadow': [ '1.0.0-3' ],
1269 silly audit   'cross-spawn': [ '7.0.6' ],
1269 silly audit   'crypto-js': [ '4.2.0' ],
1269 silly audit   cosmiconfig: [ '7.1.0' ],
1269 silly audit   yaml: [ '1.10.2', '2.7.1', '2.8.1' ],
1269 silly audit   crossws: [ '0.3.5' ],
1269 silly audit   'css-declaration-sorter': [ '6.4.1' ],
1269 silly audit   'css-gradient-parser': [ '0.0.17' ],
1269 silly audit   'css-background-parser': [ '0.1.0' ],
1269 silly audit   'css-color-keywords': [ '1.0.0' ],
1269 silly audit   'css-select': [ '5.2.2', '4.3.0' ],
1269 silly audit   'css-to-react-native': [ '3.2.0' ],
1269 silly audit   'css-selector-parser': [ '3.1.3' ],
1269 silly audit   'css-tree': [ '2.3.1', '2.2.1', '1.1.3', '3.1.0' ],
1269 silly audit   'css-what': [ '6.2.2' ],
1269 silly audit   cssnano: [ '5.1.15' ],
1269 silly audit   lilconfig: [ '2.1.0', '3.1.3' ],
1269 silly audit   'cssnano-utils': [ '3.1.0' ],
1269 silly audit   'cssnano-preset-default': [ '5.2.14' ],
1269 silly audit   cssesc: [ '3.0.0' ],
1269 silly audit   csso: [ '5.0.5', '4.2.0' ],
1269 silly audit   'mdn-data': [ '2.0.28', '2.0.30', '2.0.14', '2.12.2' ],
1269 silly audit   'data-view-buffer': [ '1.0.2' ],
1269 silly audit   'data-view-byte-offset': [ '1.0.1' ],
1269 silly audit   dayjs: [ '1.11.19' ],
1269 silly audit   debug: [ '4.4.3' ],
1269 silly audit   'data-view-byte-length': [ '1.0.2' ],
1269 silly audit   'decode-named-character-reference': [ '1.2.0' ],
1269 silly audit   'dedent-js': [ '1.0.1' ],
1269 silly audit   'define-lazy-prop': [ '2.0.0' ],
1269 silly audit   defu: [ '6.1.4' ],
1269 silly audit   'define-data-property': [ '1.1.4' ],
1269 silly audit   dequal: [ '2.0.3' ],
1269 silly audit   'delegate-it': [ '6.3.0' ],
1269 silly audit   deepmerge: [ '4.3.1' ],
1269 silly audit   destr: [ '2.0.5' ],
1269 silly audit   'define-properties': [ '1.2.1' ],
1269 silly audit   'delayed-stream': [ '1.0.0' ],
1269 silly audit   devalue: [ '5.5.0' ],
1269 silly audit   'detect-libc': [ '2.1.2' ],
1269 silly audit   'deterministic-object-hash': [ '2.0.2' ],
1269 silly audit   dfa: [ '1.2.0' ],
1269 silly audit   devlop: [ '1.1.0' ],
1269 silly audit   'dom-serializer': [ '2.0.0', '1.4.1' ],
1269 silly audit   didyoumean: [ '1.2.2' ],
1269 silly audit   direction: [ '2.0.1' ],
1269 silly audit   dlv: [ '1.1.3' ],
1269 silly audit   eastasianwidth: [ '0.2.0' ],
1269 silly audit   domelementtype: [ '2.3.0' ],
1269 silly audit   diff: [ '5.2.0' ],
1269 silly audit   domhandler: [ '5.0.3', '4.3.1' ],
1269 silly audit   dset: [ '3.1.4' ],
1269 silly audit   domutils: [ '3.2.2', '2.8.0' ],
1269 silly audit   duplexer: [ '0.1.1', '0.1.2' ],
1269 silly audit   'dunder-proto': [ '1.0.1' ],
1269 silly audit   'electron-to-chromium': [ '1.5.254' ],
1269 silly audit   'emoji-regex-xs': [ '2.0.1' ],
1269 silly audit   'end-of-stream': [ '1.4.5' ],
1269 silly audit   emmet: [ '2.4.11' ],
1269 silly audit   'error-ex': [ '1.3.4' ],
1269 silly audit   ejs: [ '3.1.10' ],
1269 silly audit   'encoding-sniffer': [ '0.2.1' ],
1269 silly audit   entities: [ '4.5.0', '6.0.1', '2.2.0' ],
1269 silly audit   'es-define-property': [ '1.0.1' ],
1269 silly audit   'es-errors': [ '1.3.0' ],
1269 silly audit   'es-abstract': [ '1.24.0' ],
1269 silly audit   'es-object-atoms': [ '1.1.1' ],
1269 silly audit   'es-to-primitive': [ '1.3.0' ],
1269 silly audit   'escape-html': [ '1.0.3' ],
1269 silly audit   'es-set-tostringtag': [ '2.1.0' ],
1269 silly audit   'escape-string-regexp': [ '5.0.0', '1.0.5', '4.0.0' ],
1269 silly audit   'es-module-lexer': [ '1.7.0' ],
1269 silly audit   esrap: [ '2.1.2' ],
1269 silly audit   esbuild: [ '0.25.12' ],
1269 silly audit   esutils: [ '2.0.3' ],
1269 silly audit   escalade: [ '3.2.0' ],
1269 silly audit   'esm-env': [ '1.2.2' ],
1269 silly audit   eventemitter3: [ '5.0.1', '4.0.7' ],
1269 silly audit   extend: [ '3.0.2' ],
1269 silly audit   'extract-zip': [ '2.0.1' ],
1269 silly audit   'expressive-code': [ '0.41.3' ],
1269 silly audit   'fast-deep-equal': [ '3.1.3' ],
1269 silly audit   exsolve: [ '1.0.8' ],
1269 silly audit   fastq: [ '1.19.1' ],
1269 silly audit   'fast-glob': [ '3.3.3' ],
1269 silly audit   'fast-uri': [ '3.1.0' ],
1269 silly audit   fdir: [ '6.5.0' ],
1269 silly audit   'fast-xml-parser': [ '5.3.2', '4.5.3' ],
1269 silly audit   'fd-slicer': [ '1.1.0' ],
1269 silly audit   filesize: [ '6.4.0' ],
1269 silly audit   filelist: [ '1.0.4' ],
1269 silly audit   minimatch: [ '5.1.6', '9.0.5', '3.1.2' ],
1269 silly audit   fflate: [ '0.7.4' ],
1269 silly audit   'fill-range': [ '7.1.1' ],
1269 silly audit   'find-cache-dir': [ '3.3.2' ],
1269 silly audit   'focus-options-polyfill': [ '1.6.0' ],
1269 silly audit   figures: [ '1.7.0' ],
1269 silly audit   'find-up': [ '4.1.0' ],
1269 silly audit   fontkit: [ '2.0.4' ],
1269 silly audit   'follow-redirects': [ '1.15.11' ],
1269 silly audit   fontace: [ '0.3.1' ],
1269 silly audit   'foreground-child': [ '3.3.1' ],
1269 silly audit   'form-data': [ '4.0.4' ],
1269 silly audit   flattie: [ '1.1.1' ],
1269 silly audit   'for-each': [ '0.3.5' ],
1269 silly audit   'fs-minipass': [ '2.1.0' ],
1269 silly audit   minipass: [ '3.3.6', '7.1.2', '4.2.8', '5.0.0' ],
1269 silly audit   'fraction.js': [ '5.3.4' ],
1269 silly audit   'fs-extra': [ '10.1.0' ],
1269 silly audit   'function-bind': [ '1.1.2' ],
1269 silly audit   'fs.realpath': [ '1.0.0' ],
1269 silly audit   'function.prototype.name': [ '1.1.8' ],
1269 silly audit   'generator-function': [ '2.0.1' ],
1269 silly audit   'generic-names': [ '4.0.0' ],
1269 silly audit   'functions-have-names': [ '1.2.3' ],
1269 silly audit   'get-caller-file': [ '2.0.5' ],
1269 silly audit   'get-east-asian-width': [ '1.4.0' ],
1269 silly audit   'get-proto': [ '1.0.1' ],
1269 silly audit   'get-symbol-description': [ '1.1.0' ],
1269 silly audit   'get-stream': [ '5.2.0' ],
1269 silly audit   globals: [ '15.15.0' ],
1269 silly audit   'get-intrinsic': [ '1.3.0' ],
1269 silly audit   'github-slugger': [ '2.0.0' ],
1269 silly audit   globalthis: [ '1.0.4' ],
1269 silly audit   globrex: [ '0.1.2' ],
1269 silly audit   glob: [ '10.4.5', '7.2.3', '8.1.0' ],
1269 silly audit   'graceful-fs': [ '4.2.11' ],
1269 silly audit   globalyzer: [ '0.1.0' ],
1269 silly audit   'glob-parent': [ '5.1.2', '6.0.2', '3.1.0' ],
1269 silly audit   gensync: [ '1.0.0-beta.2' ],
1269 silly audit   gopd: [ '1.2.0' ],
1269 silly audit   'gzip-size': [ '6.0.0', '3.0.0' ],
1269 silly audit   h3: [ '1.15.4' ],
1269 silly audit   'has-flag': [ '4.0.0' ],
1269 silly audit   'has-ansi': [ '2.0.0' ],
1269 silly audit   'has-bigints': [ '1.1.0' ],
1269 silly audit   'has-proto': [ '1.2.0' ],
1269 silly audit   'has-symbols': [ '1.1.0' ],
1269 silly audit   'has-property-descriptors': [ '1.0.2' ],
1269 silly audit   hasown: [ '2.0.2' ],
1269 silly audit   'hast-util-from-dom': [ '5.0.1' ],
1269 silly audit   'has-tostringtag': [ '1.0.2' ],
1269 silly audit   'hast-util-from-parse5': [ '8.0.3' ],
1269 silly audit   'hast-util-from-html-isomorphic': [ '2.0.0' ],
1269 silly audit   'hast-util-from-html': [ '2.0.3' ],
1269 silly audit   'hast-util-raw': [ '9.1.0' ],
1269 silly audit   'hast-util-heading-rank': [ '3.0.0' ],
1269 silly audit   'hast-util-is-element': [ '3.0.0' ],
1269 silly audit   'hast-util-has-property': [ '3.0.0' ],
1269 silly audit   'hast-util-select': [ '6.0.4' ],
1269 silly audit   'hast-util-parse-selector': [ '4.0.0', '3.1.1' ],
1269 silly audit   'hast-util-to-html': [ '9.0.5' ],
1269 silly audit   'hast-util-to-string': [ '3.0.1' ],
1269 silly audit   'hast-util-to-text': [ '4.0.2' ],
1269 silly audit   'hast-util-to-parse5': [ '8.0.0' ],
1269 silly audit   'property-information': [ '6.5.0', '7.1.0' ],
1269 silly audit   'hex-rgb': [ '4.3.0' ],
1269 silly audit   hastscript: [ '9.0.1', '7.2.0' ],
1269 silly audit   'hast-util-whitespace': [ '3.0.0' ],
1269 silly audit   'html-escaper': [ '3.0.3' ],
1269 silly audit   he: [ '1.2.0' ],
1269 silly audit   'http-cache-semantics': [ '4.2.0' ],
1269 silly audit   'icss-replace-symbols': [ '1.1.0' ],
1269 silly audit   'html-void-elements': [ '3.0.0' ],
1269 silly audit   'iconv-lite': [ '0.6.3' ],
1269 silly audit   'icss-utils': [ '5.1.0' ],
1269 silly audit   'import-cwd': [ '3.0.0' ],
1269 silly audit   'import-fresh': [ '3.3.1' ],
1269 silly audit   'import-from': [ '3.0.0' ],
1269 silly audit   'resolve-from': [ '5.0.0', '4.0.0' ],
1269 silly audit   inflight: [ '1.0.6' ],
1269 silly audit   interpret: [ '1.4.0' ],
1269 silly audit   inherits: [ '2.0.4' ],
1269 silly audit   'internal-slot': [ '1.1.0' ],
1269 silly audit   'import-meta-resolve': [ '4.2.0' ],
1269 silly audit   'iron-webcrypto': [ '1.2.1' ],
1269 silly audit   'is-arrayish': [ '0.2.1' ],
1269 silly audit   'is-array-buffer': [ '3.0.5' ],
1269 silly audit   'is-alphabetical': [ '2.0.1' ],
1269 silly audit   'is-alphanumerical': [ '2.0.1' ],
1269 silly audit   'is-boolean-object': [ '1.2.2' ],
1269 silly audit   'is-callable': [ '1.2.7' ],
1269 silly audit   'is-bigint': [ '1.1.0' ],
1269 silly audit   'is-async-function': [ '2.1.1' ],
1269 silly audit   'is-docker': [ '3.0.0', '2.2.1' ],
1269 silly audit   'is-binary-path': [ '2.1.0' ],
1269 silly audit   'is-decimal': [ '2.0.1' ],
1269 silly audit   'is-core-module': [ '2.16.1' ],
1269 silly audit   'is-date-object': [ '1.1.0' ],
1269 silly audit   'is-data-view': [ '1.0.2' ],
1269 silly audit   'is-fullwidth-code-point': [ '3.0.0' ],
1269 silly audit   'is-finalizationregistry': [ '1.1.1' ],
1269 silly audit   'is-hexadecimal': [ '2.0.1' ],
1269 silly audit   'is-module': [ '1.0.0' ],
1269 silly audit   'is-generator-function': [ '1.1.2' ],
1269 silly audit   'is-number': [ '7.0.0' ],
1269 silly audit   'is-glob': [ '4.0.3', '3.1.0' ],
1269 silly audit   'is-inside-container': [ '1.0.0' ],
1269 silly audit   'is-map': [ '2.0.3' ],
1269 silly audit   'is-negative-zero': [ '2.0.3' ],
1269 silly audit   'is-reference': [ '3.0.3', '1.2.1' ],
1269 silly audit   'is-number-object': [ '1.1.1' ],
1269 silly audit   'is-plain-object': [ '5.0.0' ],
1269 silly audit   'is-regex': [ '1.2.1' ],
1269 silly audit   'is-plain-obj': [ '4.1.0', '1.1.0' ],
1269 silly audit   'is-typed-array': [ '1.1.15' ],
1269 silly audit   'is-shared-array-buffer': [ '1.0.4' ],
1269 silly audit   'is-set': [ '2.0.3' ],
1269 silly audit   'is-extglob': [ '2.1.1' ],
1269 silly audit   'is-symbol': [ '1.1.1' ],
1269 silly audit   'is-string': [ '1.1.1' ],
1269 silly audit   'is-weakmap': [ '2.0.2' ],
1269 silly audit   'is-weakset': [ '2.0.4' ],
1269 silly audit   'is-wsl': [ '3.1.0', '2.2.0' ],
1269 silly audit   'is-weakref': [ '1.1.1' ],
1269 silly audit   jackspeak: [ '3.4.3' ],
1269 silly audit   isarray: [ '2.0.5', '1.0.0' ],
1269 silly audit   jake: [ '10.9.4' ],
1269 silly audit   'jest-worker': [ '26.6.2' ],
1269 silly audit   'js-yaml': [ '4.1.1' ],
1269 silly audit   isexe: [ '2.0.0' ],
1269 silly audit   jiti: [ '1.21.7' ],
1269 silly audit   'js-tokens': [ '4.0.0' ],
1269 silly audit   json5: [ '2.2.3' ],
1269 silly audit   'json-parse-even-better-errors': [ '2.3.1' ],
1269 silly audit   jsesc: [ '3.1.0' ],
1269 silly audit   'jsonc-parser': [ '2.3.1', '3.3.1' ],
1269 silly audit   jsonfile: [ '6.2.0' ],
1269 silly audit   'json-schema-traverse': [ '1.0.0' ],
1269 silly audit   'lines-and-columns': [ '1.2.4' ],
1269 silly audit   kolorist: [ '1.8.0' ],
1269 silly audit   katex: [ '0.16.25' ],
1269 silly audit   'loader-utils': [ '3.3.1' ],
1269 silly audit   kleur: [ '4.1.5', '3.0.3' ],
1269 silly audit   linebreak: [ '1.1.0' ],
1269 silly audit   'local-pkg': [ '0.5.1', '1.1.2' ],
1269 silly audit   lodash: [ '4.17.21' ],
1269 silly audit   'linkify-it': [ '5.0.0' ],
1269 silly audit   'locate-character': [ '3.0.0' ],
1269 silly audit   'locate-path': [ '5.0.0' ],
1269 silly audit   'lodash.camelcase': [ '4.3.0' ],
1269 silly audit   'lodash.debounce': [ '4.0.8' ],
1269 silly audit   'lodash.memoize': [ '4.1.2' ],
1269 silly audit   'lodash.uniq': [ '4.5.0' ],
1269 silly audit   'magic-string': [ '0.30.21', '0.25.9' ],
1269 silly audit   'longest-streak': [ '3.1.0' ],
1269 silly audit   'lodash.merge': [ '4.6.2' ],
1269 silly audit   'lru-cache': [ '10.4.3', '5.1.1', '6.0.0', '7.18.3' ],
1269 silly audit   'make-dir': [ '3.1.0' ],
1269 silly audit   'markdown-it': [ '14.1.0' ],
1269 silly audit   'markdown-table': [ '3.0.4' ],
1269 silly audit   'mdast-util-find-and-replace': [ '3.0.2' ],
1269 silly audit   marked: [ '16.4.2' ],
1269 silly audit   'math-intrinsics': [ '1.1.0' ],
1269 silly audit   'mdast-util-from-markdown': [ '2.0.2' ],
1269 silly audit   'mdast-util-gfm': [ '3.1.0' ],
1269 silly audit   'mdast-util-directive': [ '3.1.0' ],
1269 silly audit   maxmin: [ '2.1.0' ],
1269 silly audit   'supports-color': [ '2.0.0', '7.2.0' ],
1269 silly audit   'pretty-bytes': [ '3.0.1', '5.6.0' ],
1269 silly audit   'mdast-util-definitions': [ '6.0.0' ],
1269 silly audit   'mdast-util-gfm-strikethrough': [ '2.0.0' ],
1269 silly audit   'mdast-util-gfm-footnote': [ '2.1.0' ],
1269 silly audit   'mdast-util-gfm-task-list-item': [ '2.0.0' ],
1269 silly audit   'mdast-util-phrasing': [ '4.1.0' ],
1269 silly audit   'mdast-util-to-markdown': [ '2.1.2' ],
1269 silly audit   'mdast-util-gfm-table': [ '2.0.0' ],
1269 silly audit   'mdast-util-to-hast': [ '13.2.0' ],
1269 silly audit   'mdast-util-math': [ '3.0.0' ],
1269 silly audit   'mdast-util-gfm-autolink-literal': [ '2.0.1' ],
1269 silly audit   mdurl: [ '2.0.0' ],
1269 silly audit   microbundle: [ '0.15.1' ],
1269 silly audit   typescript: [ '4.9.5', '5.9.3' ],
1269 silly audit   rollup: [ '2.79.2', '4.53.3' ],
1269 silly audit   'merge-stream': [ '2.0.0' ],
1269 silly audit   micromark: [ '4.0.2' ],
1269 silly audit   'mdast-util-to-string': [ '4.0.0' ],
1269 silly audit   merge2: [ '1.4.1' ],
1269 silly audit   'micromark-extension-directive': [ '3.0.2' ],
1269 silly audit   'micromark-core-commonmark': [ '2.0.3' ],
1269 silly audit   'micromark-extension-gfm': [ '3.0.0' ],
1269 silly audit   'micromark-extension-gfm-strikethrough': [ '2.1.0' ],
1269 silly audit   'micromark-extension-gfm-footnote': [ '2.1.0' ],
1269 silly audit   'micromark-extension-gfm-table': [ '2.1.1' ],
1269 silly audit   'micromark-extension-gfm-autolink-literal': [ '2.1.0' ],
1269 silly audit   'micromark-extension-math': [ '3.1.0' ],
1269 silly audit   'micromark-extension-gfm-tagfilter': [ '2.0.0' ],
1269 silly audit   'micromark-factory-space': [ '2.0.1' ],
1269 silly audit   'micromark-factory-label': [ '2.0.1' ],
1269 silly audit   'micromark-factory-whitespace': [ '2.0.1' ],
1269 silly audit   'micromark-extension-gfm-task-list-item': [ '2.1.0' ],
1269 silly audit   'micromark-factory-destination': [ '2.0.1' ],
1269 silly audit   'micromark-util-chunked': [ '2.0.1' ],
1269 silly audit   'micromark-util-character': [ '2.1.1' ],
1269 silly audit   'micromark-util-decode-string': [ '2.0.1' ],
1269 silly audit   'micromark-factory-title': [ '2.0.1' ],
1269 silly audit   'micromark-util-classify-character': [ '2.0.1' ],
1269 silly audit   'micromark-util-decode-numeric-character-reference': [ '2.0.2' ],
1269 silly audit   'micromark-util-encode': [ '2.0.1' ],
1269 silly audit   'micromark-util-combine-extensions': [ '2.0.1' ],
1269 silly audit   'micromark-util-symbol': [ '2.0.1' ],
1269 silly audit   'micromark-util-html-tag-name': [ '2.0.1' ],
1269 silly audit   'micromark-util-sanitize-uri': [ '2.0.1' ],
1269 silly audit   'micromark-util-normalize-identifier': [ '2.0.1' ],
1269 silly audit   'micromark-util-resolve-all': [ '2.0.1' ],
1269 silly audit   micromatch: [ '4.0.8' ],
1269 silly audit   'micromark-util-types': [ '2.0.2' ],
1269 silly audit   'micromark-util-subtokenize': [ '2.1.0' ],
1269 silly audit   'mime-db': [ '1.52.0' ],
1269 silly audit   mkdirp: [ '1.0.4' ],
1269 silly audit   'mime-types': [ '2.1.35' ],
1269 silly audit   mlly: [ '1.8.0' ],
1269 silly audit   pathe: [ '2.0.3', '1.1.2' ],
1269 silly audit   minizlib: [ '2.1.2' ],
1269 silly audit   ms: [ '2.1.3' ],
1269 silly audit   morphdom: [ '2.7.7' ],
1269 silly audit   'muggle-string': [ '0.4.1' ],
1269 silly audit   mri: [ '1.2.0' ],
1269 silly audit   mrmime: [ '2.0.1' ],
1269 silly audit   neotraverse: [ '0.6.18' ],
1269 silly audit   mz: [ '2.7.0' ],
1269 silly audit   nanoid: [ '3.3.11' ],
1269 silly audit   'node-releases': [ '2.0.27' ],
1269 silly audit   'node-html-parser': [ '7.0.1' ],
1269 silly audit   'node-mock-http': [ '1.0.3' ],
1269 silly audit   'nlcst-to-string': [ '4.0.0' ],
1269 silly audit   'normalize-path': [ '3.0.0', '2.1.1' ],
1269 silly audit   'normalize-range': [ '0.1.2' ],
1269 silly audit   'nth-check': [ '2.1.1' ],
1269 silly audit   'number-is-nan': [ '1.0.1' ],
1269 silly audit   'object-assign': [ '4.1.1' ],
1269 silly audit   'node-fetch-native': [ '1.6.7' ],
1269 silly audit   'normalize-url': [ '6.1.0' ],
1269 silly audit   'object-hash': [ '3.0.0' ],
1269 silly audit   ofetch: [ '1.5.1' ],
1269 silly audit   'object-keys': [ '1.1.1' ],
1269 silly audit   once: [ '1.4.0' ],
1269 silly audit   'object.assign': [ '4.1.7' ],
1269 silly audit   ohash: [ '2.0.11' ],
1269 silly audit   open: [ '8.4.2' ],
1269 silly audit   'oniguruma-parser': [ '0.12.1' ],
1269 silly audit   'object-inspect': [ '1.13.4' ],
1269 silly audit   overlayscrollbars: [ '2.12.0' ],
1269 silly audit   'oniguruma-to-es': [ '4.3.3' ],
1269 silly audit   'own-keys': [ '1.0.1' ],
1269 silly audit   'opencollective-postinstall': [ '2.0.3' ],
1269 silly audit   'p-finally': [ '1.0.0' ],
1269 silly audit   'p-limit': [ '6.2.0', '2.3.0' ],
1269 silly audit   'p-queue': [ '8.1.1', '6.6.2' ],
1269 silly audit   'p-timeout': [ '6.1.4', '3.2.0' ],
1269 silly audit   'p-try': [ '2.2.0' ],
1269 silly audit   'p-locate': [ '4.1.0' ],
1269 silly audit   'package-json-from-dist': [ '1.0.1' ],
1269 silly audit   pagefind: [ '1.4.0' ],
1269 silly audit   'parent-module': [ '1.0.1' ],
1269 silly audit   pako: [ '0.2.9', '2.1.0' ],
1269 silly audit   'parse-css-color': [ '0.2.1' ],
1269 silly audit   'package-manager-detector': [ '1.5.0' ],
1269 silly audit   'parse-entities': [ '4.0.2' ],
1269 silly audit   '@types/unist': [ '2.0.11', '3.0.3' ],
1269 silly audit   'parse-latin': [ '7.0.0' ],
1269 silly audit   parse5: [ '7.3.0' ],
1269 silly audit   'parse5-htmlparser2-tree-adapter': [ '7.1.0' ],
1269 silly audit   'parse-json': [ '5.2.0' ],
1269 silly audit   'parse5-parser-stream': [ '7.1.2' ],
1269 silly audit   'path-browserify': [ '1.0.1' ],
1269 silly audit   'path-is-absolute': [ '1.0.1' ],
1269 silly audit   'parse-srcset': [ '1.0.2' ],
1269 silly audit   'path-parse': [ '1.0.7' ],
1269 silly audit   'path-exists': [ '4.0.0' ],
1269 silly audit   'path-key': [ '3.1.1' ],
1269 silly audit   'path-scurry': [ '1.11.1' ],
1269 silly audit   pend: [ '1.2.0' ],
1269 silly audit   'path-type': [ '4.0.0' ],
1269 silly audit   'path-to-regexp': [ '6.3.0' ],
1269 silly audit   picocolors: [ '1.1.1' ],
1269 silly audit   photoswipe: [ '5.4.4' ],
1269 silly audit   'pkg-dir': [ '4.2.0' ],
1269 silly audit   pify: [ '2.3.0', '5.0.0' ],
1269 silly audit   'pkg-types': [ '1.3.1', '2.3.0' ],
1269 silly audit   pirates: [ '4.0.7' ],
1269 silly audit   'possible-typed-array-names': [ '1.1.0' ],
1269 silly audit   'postcss-calc': [ '8.2.4' ],
1269 silly audit   postcss: [ '8.5.6' ],
1269 silly audit   'postcss-colormin': [ '5.3.1' ],
1269 silly audit   'postcss-convert-values': [ '5.1.3' ],
1269 silly audit   'postcss-discard-duplicates': [ '5.1.0' ],
1269 silly audit   'postcss-discard-comments': [ '5.1.2' ],
1269 silly audit   'postcss-import': [ '16.1.1', '15.1.0' ],
1269 silly audit   'postcss-discard-empty': [ '5.1.1' ],
1269 silly audit   'postcss-js': [ '4.1.0' ],
1269 silly audit   'postcss-discard-overridden': [ '5.1.0' ],
1269 silly audit   'postcss-merge-rules': [ '5.1.4' ],
1269 silly audit   'postcss-load-config': [ '4.0.2', '3.1.4' ],
1269 silly audit   'postcss-minify-font-values': [ '5.1.0' ],
1269 silly audit   'postcss-merge-longhand': [ '5.1.7' ],
1269 silly audit   'postcss-minify-selectors': [ '5.2.1' ],
1269 silly audit   'postcss-modules': [ '4.3.1' ],
1269 silly audit   'postcss-minify-params': [ '5.1.4' ],
1269 silly audit   'postcss-minify-gradients': [ '5.1.1' ],
1269 silly audit   'postcss-modules-scope': [ '3.2.1' ],
1269 silly audit   'postcss-selector-parser': [ '6.1.2', '7.1.0', '6.0.10' ],
1269 silly audit   'postcss-modules-extract-imports': [ '3.1.0' ],
1269 silly audit   'postcss-modules-local-by-default': [ '4.2.0' ],
1269 silly audit   'postcss-modules-values': [ '4.0.0' ],
1269 silly audit   'postcss-nesting': [ '13.0.2' ],
1269 silly audit   'postcss-nested': [ '6.2.0' ],
1269 silly audit   'postcss-normalize-charset': [ '5.1.0' ],
1269 silly audit   'postcss-normalize-positions': [ '5.1.1' ],
1269 silly audit   'postcss-normalize-display-values': [ '5.1.0' ],
1269 silly audit   'postcss-normalize-string': [ '5.1.0' ],
1269 silly audit   'postcss-normalize-timing-functions': [ '5.1.0' ],
1269 silly audit   'postcss-normalize-repeat-style': [ '5.1.1' ],
1269 silly audit   'postcss-normalize-unicode': [ '5.1.1' ],
1269 silly audit   'postcss-reduce-initial': [ '5.1.2' ],
1269 silly audit   'postcss-normalize-url': [ '5.1.0' ],
1269 silly audit   'postcss-normalize-whitespace': [ '5.1.1' ],
1269 silly audit   'postcss-svgo': [ '5.1.0' ],
1269 silly audit   svgo: [ '2.8.0', '3.3.2' ],
1269 silly audit   'postcss-ordered-values': [ '5.1.3' ],
1269 silly audit   'postcss-reduce-transforms': [ '5.1.0' ],
1269 silly audit   'postcss-unique-selectors': [ '5.1.1' ],
1269 silly audit   'promise.series': [ '0.2.0' ],
1269 silly audit   prismjs: [ '1.30.0' ],
1269 silly audit   'postcss-value-parser': [ '4.2.0' ],
1269 silly audit   prettier: [ '3.6.2', '2.8.8' ],
1269 silly audit   pump: [ '3.0.3', '2.0.1' ],
1269 silly audit   prompts: [ '2.4.2' ],
1269 silly audit   'queue-microtask': [ '1.2.3' ],
1269 silly audit   quansync: [ '0.2.11' ],
1269 silly audit   'proxy-from-env': [ '1.1.0' ],
1269 silly audit   randombytes: [ '2.1.0' ],
1269 silly audit   radix3: [ '1.1.2' ],
1269 silly audit   readdirp: [ '4.1.2', '3.6.0' ],
1269 silly audit   'punycode.js': [ '2.3.1' ],
1269 silly audit   'read-cache': [ '1.0.0' ],
1269 silly audit   'reading-time': [ '1.5.0' ],
1269 silly audit   'reflect.getprototypeof': [ '1.0.10' ],
1269 silly audit   rechoir: [ '0.6.2' ],
1269 silly audit   'regenerate-unicode-properties': [ '10.2.2' ],
1269 silly audit   regenerate: [ '1.4.2' ],
1269 silly audit   'regex-recursion': [ '6.0.2' ],
1269 silly audit   regex: [ '6.0.1' ],
1269 silly audit   'regexp.prototype.flags': [ '1.5.4' ],
1269 silly audit   'regex-utilities': [ '2.3.0' ],
1269 silly audit   regjsgen: [ '0.8.0' ],
1269 silly audit   'regexpu-core': [ '6.4.0' ],
1269 silly audit   'rehype-autolink-headings': [ '7.1.0' ],
1269 silly audit   'rehype-components': [ '0.3.0' ],
1269 silly audit   regjsparser: [ '0.13.0' ],
1269 silly audit   'rehype-expressive-code': [ '0.41.3' ],
1269 silly audit   rehype: [ '13.0.2' ],
1269 silly audit   'rehype-katex': [ '7.0.1' ],
1269 silly audit   'rehype-parse': [ '9.0.1' ],
1269 silly audit   'rehype-raw': [ '7.0.0' ],
1269 silly audit   'remark-directive-rehype': [ '0.4.2' ],
1269 silly audit   '@types/hast': [ '2.3.10', '3.0.4' ],
1269 silly audit   'rehype-slug': [ '6.0.0' ],
1269 silly audit   'rehype-stringify': [ '10.0.1' ],
1269 silly audit   'remark-github-admonitions-to-directives': [ '1.0.5' ],
1269 silly audit   'remark-directive': [ '3.0.1' ],
1269 silly audit   'remark-math': [ '6.0.0' ],
1269 silly audit   'remark-gfm': [ '4.0.1' ],
1269 silly audit   'remark-parse': [ '11.0.0' ],
1269 silly audit   'remark-sectionize': [ '2.1.0' ],
1269 silly audit   'unist-util-find-after': [ '4.0.1', '5.0.0' ],
1269 silly audit   'unist-util-is': [ '5.2.1', '6.0.1' ],
1269 silly audit   'unist-util-visit': [ '4.1.2', '5.0.0' ],
1269 silly audit   'unist-util-visit-parents': [ '5.1.3', '6.0.2' ],
1269 silly audit   'remark-smartypants': [ '3.0.2' ],
1269 silly audit   'remark-rehype': [ '11.1.2' ],
1269 silly audit   'require-directory': [ '2.1.1' ],
1269 silly audit   'remark-stringify': [ '11.0.0' ],
1269 silly audit   'request-light': [ '0.7.0', '0.5.8' ],
1269 silly audit   restructure: [ '3.0.2' ],
1269 silly audit   resolve: [ '1.22.11' ],
1269 silly audit   retext: [ '9.0.0' ],
1269 silly audit   'require-from-string': [ '2.0.2' ],
1269 silly audit   'retext-stringify': [ '4.0.0' ],
1269 silly audit   'retext-smartypants': [ '6.2.0' ],
1269 silly audit   reusify: [ '1.1.0' ],
1269 silly audit   'rollup-plugin-postcss': [ '4.0.2' ],
1269 silly audit   'retext-latin': [ '4.0.0' ],
1269 silly audit   'rollup-plugin-terser': [ '7.0.2' ],
1269 silly audit   'rollup-plugin-bundle-size': [ '1.0.3' ],
1269 silly audit   'rollup-plugin-visualizer': [ '5.14.0' ],
1269 silly audit   'run-parallel': [ '1.2.0' ],
1269 silly audit   'rollup-plugin-typescript2': [ '0.32.1' ],
1269 silly audit   '@rollup/pluginutils': [ '4.2.1', '3.1.0', '5.3.0' ],
1269 silly audit   sade: [ '1.8.1' ],
1269 silly audit   'safe-array-concat': [ '1.1.3' ],
1269 silly audit   'safe-buffer': [ '5.2.1', '5.1.2' ],
1269 silly audit   'rollup-pluginutils': [ '2.8.2' ],
1269 silly audit   'safe-push-apply': [ '1.0.0' ],
1269 silly audit   'safe-regex-test': [ '1.1.0' ],
1269 silly audit   'safe-identifier': [ '0.4.2' ],
1269 silly audit   'safer-buffer': [ '2.1.2' ],
1269 silly audit   satori: [ '0.18.3' ],
1269 silly audit   scrl: [ '2.0.0' ],
1269 silly audit   'sanitize-html': [ '2.17.0' ],
1269 silly audit   scule: [ '1.3.0' ],
1269 silly audit   sharp: [ '0.34.5' ],
1269 silly audit   'set-function-length': [ '1.2.2' ],
1269 silly audit   'serialize-javascript': [ '4.0.0' ],
1269 silly audit   'set-function-name': [ '2.0.2' ],
1269 silly audit   'shebang-command': [ '2.0.0' ],
1269 silly audit   'set-proto': [ '1.0.0' ],
1269 silly audit   shiki: [ '3.15.0' ],
1269 silly audit   'shebang-regex': [ '3.0.0' ],
1269 silly audit   shelljs: [ '0.8.5' ],
1269 silly audit   'shelljs-live': [ '0.0.5' ],
1269 silly audit   sax: [ '1.4.3' ],
1269 silly audit   'side-channel-map': [ '1.0.1' ],
1269 silly audit   'side-channel-list': [ '1.0.0' ],
1269 silly audit   'side-channel-weakmap': [ '1.0.2' ],
1269 silly audit   sitemap: [ '8.0.2' ],
1269 silly audit   '@types/node': [ '17.0.45', '24.10.1', '12.20.55' ],
1269 silly audit   'signal-exit': [ '4.1.0', '3.0.7' ],
1269 silly audit   'side-channel': [ '1.1.0' ],
1269 silly audit   slash: [ '3.0.0' ],
1269 silly audit   'source-map-js': [ '1.2.1' ],
1269 silly audit   'smol-toml': [ '1.5.2' ],
1269 silly audit   sisteransi: [ '1.0.5' ],
1269 silly audit   'sourcemap-codec': [ '1.4.8' ],
1269 silly audit   'source-map-support': [ '0.5.21' ],
1269 silly audit   'space-separated-tokens': [ '2.0.2' ],
1269 silly audit   'stream-replace-string': [ '2.0.0' ],
1269 silly audit   'string-hash': [ '1.1.3' ],
1269 silly audit   stable: [ '0.1.8' ],
1269 silly audit   'string.prototype.codepointat': [ '0.2.1' ],
1269 silly audit   'stop-iteration-iterator': [ '1.1.0' ],
1269 silly audit   'string.prototype.trim': [ '1.2.10' ],
1269 silly audit   'string.prototype.matchall': [ '4.0.12' ],
1269 silly audit   'string.prototype.trimend': [ '1.0.9' ],
1269 silly audit   stylehacks: [ '5.1.1' ],
1269 silly audit   'stringify-entities': [ '4.0.4' ],
1269 silly audit   'string.prototype.trimstart': [ '1.0.8' ],
1269 silly audit   strnum: [ '2.1.1', '1.1.2' ],
1269 silly audit   stylus: [ '0.64.0' ],
1269 silly audit   'style-inject': [ '0.3.0' ],
1269 silly audit   sucrase: [ '3.35.0' ],
1269 silly audit   'supports-preserve-symlinks-flag': [ '1.0.0' ],
1269 silly audit   swup: [ '4.8.2' ],
1269 silly audit   svelte2tsx: [ '0.7.45' ],
1269 silly audit   tailwindcss: [ '3.4.18' ],
1269 silly audit   tar: [ '6.2.1' ],
1269 silly audit   terser: [ '5.44.1' ],
1269 silly audit   'thenify-all': [ '1.6.0' ],
1269 silly audit   thenify: [ '3.3.1' ],
1269 silly audit   'to-regex-range': [ '5.0.1' ],
1269 silly audit   'swup-morph-plugin': [ '1.3.0' ],
1269 silly audit   'tiny-inflate': [ '1.0.3' ],
1269 silly audit   'tiny-glob': [ '0.2.9' ],
1269 silly audit   tosource: [ '2.0.0-alpha.3' ],
1269 silly audit   tinyexec: [ '1.0.2' ],
1269 silly audit   'trim-lines': [ '3.0.1' ],
1269 silly audit   tinyglobby: [ '0.2.15' ],
1269 silly audit   'ts-interface-checker': [ '0.1.13' ],
1269 silly audit   tsconfck: [ '3.1.6' ],
1269 silly audit   trough: [ '2.2.0' ],
1269 silly audit   tslib: [ '2.8.1' ],
1269 silly audit   'typed-array-buffer': [ '1.0.3' ],
1269 silly audit   'type-fest': [ '4.41.0', '0.18.1', '0.8.1', '0.6.0' ],
1269 silly audit   'typed-array-byte-offset': [ '1.0.4' ],
1269 silly audit   'typed-array-byte-length': [ '1.0.3' ],
1269 silly audit   'typescript-auto-import-cache': [ '0.3.6' ],
1269 silly audit   'typed-array-length': [ '1.0.7' ],
1269 silly audit   'typesafe-path': [ '0.2.2' ],
1269 silly audit   'typed-query-selector': [ '2.12.0' ],
1269 silly audit   ufo: [ '1.6.1' ],
1269 silly audit   'uc.micro': [ '2.1.0' ],
1269 silly audit   'unbox-primitive': [ '1.1.0' ],
1269 silly audit   ultrahtml: [ '1.6.0' ],
1269 silly audit   uncrypto: [ '0.1.3' ],
1269 silly audit   'undici-types': [ '7.16.0' ],
1269 silly audit   'unicode-match-property-ecmascript': [ '2.0.0' ],
1269 silly audit   'unicode-match-property-value-ecmascript': [ '2.2.1' ],
1269 silly audit   undici: [ '6.22.0' ],
1269 silly audit   'unicode-canonical-property-names-ecmascript': [ '2.0.1' ],
1269 silly audit   'unicode-properties': [ '1.4.1' ],
1269 silly audit   'unicode-property-aliases-ecmascript': [ '2.2.0' ],
1269 silly audit   'unicode-trie': [ '2.0.0' ],
1269 silly audit   unifont: [ '0.6.0' ],
1269 silly audit   'unist-util-map': [ '3.1.3' ],
1269 silly audit   unified: [ '11.0.5' ],
1269 silly audit   'unist-util-position': [ '5.0.0' ],
1269 silly audit   'unist-util-remove-position': [ '5.0.0' ],
1269 silly audit   'unist-util-stringify-position': [ '4.0.0' ],
1269 silly audit   'unist-util-modify-children': [ '4.0.0' ],
1269 silly audit   universalify: [ '2.0.1' ],
1269 silly audit   'update-browserslist-db': [ '1.1.4' ],
1269 silly audit   'util-deprecate': [ '1.0.2' ],
1269 silly audit   'unist-util-visit-children': [ '3.0.0' ],
1269 silly audit   unstorage: [ '1.17.2' ],
1269 silly audit   vfile: [ '6.0.3' ],
1269 silly audit   'vfile-location': [ '5.0.3' ],
1269 silly audit   'volar-service-css': [ '0.0.66' ],
1269 silly audit   'volar-service-emmet': [ '0.0.66' ],
1269 silly audit   vite: [ '6.4.1' ],
1269 silly audit   'vfile-message': [ '4.0.3' ],
1269 silly audit   'volar-service-typescript': [ '0.0.66' ],
1269 silly audit   'volar-service-html': [ '0.0.66' ],
1269 silly audit   'volar-service-typescript-twoslash-queries': [ '0.0.66' ],
1269 silly audit   'volar-service-prettier': [ '0.0.66' ],
1269 silly audit   vitefu: [ '1.1.1' ],
1269 silly audit   'volar-service-yaml': [ '0.0.66' ],
1269 silly audit   'vscode-json-languageservice': [ '4.1.8' ],
1269 silly audit   'vscode-html-languageservice': [ '5.6.0' ],
1269 silly audit   'vscode-css-languageservice': [ '6.3.8' ],
1269 silly audit   'vscode-languageserver-textdocument': [ '1.0.12' ],
1269 silly audit   'vscode-jsonrpc': [ '8.2.0' ],
1269 silly audit   'vscode-languageserver': [ '9.0.1' ],
1269 silly audit   'vscode-languageserver-types': [ '3.17.5' ],
1269 silly audit   'vscode-languageserver-protocol': [ '3.17.5' ],
1269 silly audit   'vscode-nls': [ '5.2.0' ],
1269 silly audit   'vscode-uri': [ '3.1.0' ],
1269 silly audit   'whatwg-mimetype': [ '4.0.0' ],
1269 silly audit   'whatwg-encoding': [ '3.1.1' ],
1269 silly audit   'web-namespaces': [ '2.0.1' ],
1269 silly audit   which: [ '2.0.2' ],
1269 silly audit   'which-boxed-primitive': [ '1.1.1' ],
1269 silly audit   'which-collection': [ '1.0.2' ],
1269 silly audit   'which-typed-array': [ '1.1.19' ],
1269 silly audit   'which-builtin-type': [ '1.2.1' ],
1269 silly audit   'which-pm-runs': [ '1.1.0' ],
1269 silly audit   'widest-line': [ '5.0.0' ],
1269 silly audit   wrappy: [ '1.0.2' ],
1269 silly audit   'xxhash-wasm': [ '1.1.0' ],
1269 silly audit   yallist: [ '4.0.0', '3.1.1' ],
1269 silly audit   y18n: [ '5.0.8' ],
1269 silly audit   'yaml-language-server': [ '1.19.2' ],
1269 silly audit   yargs: [ '17.7.2' ],
1269 silly audit   yauzl: [ '2.10.0' ],
1269 silly audit   'yargs-parser': [ '21.1.1', '20.2.9' ],
1269 silly audit   'yocto-queue': [ '1.2.2' ],
1269 silly audit   yoctocolors: [ '2.1.2' ],
1269 silly audit   'yocto-spinner': [ '0.2.3' ],
1269 silly audit   'yoga-layout': [ '3.2.1' ],
1269 silly audit   zimmerframe: [ '1.1.4' ],
1269 silly audit   'zod-to-ts': [ '1.2.0' ],
1269 silly audit   zod: [ '3.25.76' ],
1269 silly audit   'zod-to-json-schema': [ '3.24.6' ],
1269 silly audit   zwitch: [ '2.0.4' ],
1269 silly audit   '@astrojs/internal-helpers': [ '0.7.4' ],
1269 silly audit   '@astrojs/compiler': [ '2.13.0' ],
1269 silly audit   '@astrojs/check': [ '0.9.5' ],
1269 silly audit   '@astrojs/markdown-remark': [ '6.3.8' ],
1269 silly audit   '@astrojs/rss': [ '4.0.13' ],
1269 silly audit   '@alloc/quick-lru': [ '5.2.0' ],
1269 silly audit   '@astrojs/prism': [ '3.3.0' ],
1269 silly audit   '@astrojs/language-server': [ '2.16.0' ],
1269 silly audit   '@astrojs/tailwind': [ '6.0.2' ],
1269 silly audit   '@astrojs/telemetry': [ '3.3.0' ],
1269 silly audit   '@antfu/install-pkg': [ '1.1.0' ],
1269 silly audit   '@astrojs/yaml2ts': [ '0.2.2' ],
1269 silly audit   '@astrojs/ts-plugin': [ '1.10.5' ],
1269 silly audit   '@antfu/utils': [ '8.1.1' ],
1269 silly audit   '@astrojs/sitemap': [ '3.6.0' ],
1269 silly audit   '@adobe/css-tools': [ '4.3.3' ],
1269 silly audit   '@capsizecss/unpack': [ '3.0.1' ],
1269 silly audit   '@babel/compat-data': [ '7.28.5' ],
1269 silly audit   '@babel/code-frame': [ '7.27.1' ],
1269 silly audit   '@babel/generator': [ '7.28.5' ],
1269 silly audit   '@babel/core': [ '7.28.5' ],
1269 silly audit   '@babel/helper-compilation-targets': [ '7.27.2' ],
1269 silly audit   '@babel/helper-create-class-features-plugin': [ '7.28.5' ],
1269 silly audit   '@babel/helper-annotate-as-pure': [ '7.27.3' ],
1269 silly audit   '@babel/helper-create-regexp-features-plugin': [ '7.28.5' ],
1269 silly audit   '@babel/helper-define-polyfill-provider': [ '0.6.5' ],
1269 silly audit   '@babel/helper-globals': [ '7.28.0' ],
1269 silly audit   '@babel/helper-member-expression-to-functions': [ '7.28.5' ],
1269 silly audit   '@babel/helper-module-imports': [ '7.27.1' ],
1269 silly audit   '@babel/helper-optimise-call-expression': [ '7.27.1' ],
1269 silly audit   '@babel/helper-module-transforms': [ '7.28.3' ],
1269 silly audit   '@babel/helper-remap-async-to-generator': [ '7.27.1' ],
1269 silly audit   '@babel/helper-plugin-utils': [ '7.27.1' ],
1269 silly audit   '@babel/helper-replace-supers': [ '7.27.1' ],
1269 silly audit   '@babel/helper-validator-identifier': [ '7.28.5' ],
1269 silly audit   '@babel/helper-skip-transparent-expression-wrappers': [ '7.27.1' ],
1269 silly audit   '@babel/helper-string-parser': [ '7.27.1' ],
1269 silly audit   '@babel/helpers': [ '7.28.4' ],
1269 silly audit   '@babel/helper-wrap-function': [ '7.28.3' ],
1269 silly audit   '@babel/plugin-bugfix-safari-class-field-initializer-scope': [ '7.27.1' ],
1269 silly audit   '@babel/helper-validator-option': [ '7.27.1' ],
1269 silly audit   '@babel/plugin-bugfix-firefox-class-in-computed-class-key': [ '7.28.5' ],
1269 silly audit   '@babel/plugin-bugfix-safari-id-destructuring-collision-in-function-expression': [ '7.27.1' ],
1269 silly audit   '@babel/parser': [ '7.28.5' ],
1269 silly audit   '@babel/plugin-proposal-class-properties': [ '7.12.1' ],
1269 silly audit   '@babel/plugin-bugfix-v8-spread-parameters-in-optional-chaining': [ '7.27.1' ],
1269 silly audit   '@babel/plugin-proposal-private-property-in-object': [ '7.21.0-placeholder-for-preset-env.2' ],
1269 silly audit   '@babel/plugin-bugfix-v8-static-class-fields-redefine-readonly': [ '7.28.3' ],
1269 silly audit   '@babel/plugin-syntax-import-assertions': [ '7.27.1' ],
1269 silly audit   '@babel/plugin-syntax-flow': [ '7.27.1' ],
1269 silly audit   '@babel/plugin-syntax-import-attributes': [ '7.27.1' ],
1269 silly audit   '@babel/plugin-syntax-import-meta': [ '7.10.4' ],
1269 silly audit   '@babel/plugin-syntax-unicode-sets-regex': [ '7.18.6' ],
1269 silly audit   '@babel/plugin-syntax-jsx': [ '7.27.1' ],
1269 silly audit   '@babel/plugin-transform-arrow-functions': [ '7.27.1' ],
1269 silly audit   '@babel/plugin-transform-async-generator-functions': [ '7.28.0' ],
1269 silly audit   '@babel/plugin-transform-async-to-generator': [ '7.27.1' ],
1269 silly audit   '@babel/plugin-transform-block-scoping': [ '7.28.5' ],
1269 silly audit   '@babel/plugin-transform-block-scoped-functions': [ '7.27.1' ],
1269 silly audit   '@babel/plugin-transform-class-properties': [ '7.27.1' ],
1269 silly audit   '@babel/plugin-transform-class-static-block': [ '7.28.3' ],
1269 silly audit   '@babel/plugin-transform-classes': [ '7.28.4' ],
1269 silly audit   '@babel/plugin-transform-duplicate-keys': [ '7.27.1' ],
1269 silly audit   '@babel/plugin-transform-computed-properties': [ '7.27.1' ],
1269 silly audit   '@babel/plugin-transform-destructuring': [ '7.28.5' ],
1269 silly audit   '@babel/plugin-transform-dynamic-import': [ '7.27.1' ],
1269 silly audit   '@babel/plugin-transform-dotall-regex': [ '7.27.1' ],
1269 silly audit   '@babel/plugin-transform-duplicate-named-capturing-groups-regex': [ '7.27.1' ],
1269 silly audit   '@babel/plugin-transform-explicit-resource-management': [ '7.28.0' ],
1269 silly audit   '@babel/plugin-transform-flow-strip-types': [ '7.27.1' ],
1269 silly audit   '@babel/plugin-transform-for-of': [ '7.27.1' ],
1269 silly audit   '@babel/plugin-transform-export-namespace-from': [ '7.27.1' ],
1269 silly audit   '@babel/plugin-transform-function-name': [ '7.27.1' ],
1269 silly audit   '@babel/plugin-transform-exponentiation-operator': [ '7.28.5' ],
1269 silly audit   '@babel/plugin-transform-json-strings': [ '7.27.1' ],
1269 silly audit   '@babel/plugin-transform-literals': [ '7.27.1' ],
1269 silly audit   '@babel/plugin-transform-logical-assignment-operators': [ '7.28.5' ],
1269 silly audit   '@babel/plugin-transform-modules-amd': [ '7.27.1' ],
1269 silly audit   '@babel/plugin-transform-member-expression-literals': [ '7.27.1' ],
1269 silly audit   '@babel/plugin-transform-modules-commonjs': [ '7.27.1' ],
1269 silly audit   '@babel/plugin-transform-modules-systemjs': [ '7.28.5' ],
1269 silly audit   '@babel/plugin-transform-new-target': [ '7.27.1' ],
1269 silly audit   '@babel/plugin-transform-named-capturing-groups-regex': [ '7.27.1' ],
1269 silly audit   '@babel/plugin-transform-modules-umd': [ '7.27.1' ],
1269 silly audit   '@babel/plugin-transform-nullish-coalescing-operator': [ '7.27.1' ],
1269 silly audit   '@babel/plugin-transform-object-rest-spread': [ '7.28.4' ],
1269 silly audit   '@babel/plugin-transform-object-super': [ '7.27.1' ],
1269 silly audit   '@babel/plugin-transform-numeric-separator': [ '7.27.1' ],
1269 silly audit   '@babel/plugin-transform-optional-catch-binding': [ '7.27.1' ],
1269 silly audit   '@babel/plugin-transform-parameters': [ '7.27.7' ],
1269 silly audit   '@babel/plugin-transform-private-methods': [ '7.27.1' ],
1269 silly audit   '@babel/plugin-transform-optional-chaining': [ '7.28.5' ],
1269 silly audit   '@babel/plugin-transform-property-literals': [ '7.27.1' ],
1269 silly audit   '@babel/plugin-transform-react-jsx': [ '7.27.1' ],
1269 silly audit   '@babel/plugin-transform-react-display-name': [ '7.28.0' ],
1269 silly audit   '@babel/plugin-transform-private-property-in-object': [ '7.27.1' ],
1269 silly audit   '@babel/plugin-transform-react-pure-annotations': [ '7.27.1' ],
1269 silly audit   '@babel/plugin-transform-react-jsx-development': [ '7.27.1' ],
1269 silly audit   '@babel/plugin-transform-regenerator': [ '7.28.4' ],
1269 silly audit   '@babel/plugin-transform-reserved-words': [ '7.27.1' ],
1269 silly audit   '@babel/plugin-transform-regexp-modifiers': [ '7.27.1' ],
1269 silly audit   '@babel/plugin-transform-spread': [ '7.27.1' ],
1269 silly audit   '@babel/plugin-transform-template-literals': [ '7.27.1' ],
1269 silly audit   '@babel/plugin-transform-sticky-regex': [ '7.27.1' ],
1269 silly audit   '@babel/plugin-transform-shorthand-properties': [ '7.27.1' ],
1269 silly audit   '@babel/plugin-transform-typeof-symbol': [ '7.27.1' ],
1269 silly audit   '@babel/plugin-transform-unicode-escapes': [ '7.27.1' ],
1269 silly audit   '@babel/plugin-transform-unicode-regex': [ '7.27.1' ],
1269 silly audit   '@babel/plugin-transform-unicode-sets-regex': [ '7.27.1' ],
1269 silly audit   '@babel/plugin-transform-unicode-property-regex': [ '7.27.1' ],
1269 silly audit   '@babel/preset-flow': [ '7.27.1' ],
1269 silly audit   '@babel/preset-env': [ '7.28.5' ],
1269 silly audit   '@babel/preset-react': [ '7.28.5' ],
1269 silly audit   '@csstools/selector-resolve-nested': [ '3.1.0' ],
1269 silly audit   '@babel/template': [ '7.27.2' ],
1269 silly audit   '@babel/preset-modules': [ '0.1.6-no-external-plugins' ],
1269 silly audit   '@babel/traverse': [ '7.28.5' ],
1269 silly audit   '@csstools/selector-specificity': [ '5.0.0' ],
1269 silly audit   '@emmetio/css-abbreviation': [ '2.1.8' ],
1269 silly audit   '@babel/runtime': [ '7.28.4' ],
1269 silly audit   '@emmetio/abbreviation': [ '2.3.3' ],
1269 silly audit   '@babel/types': [ '7.28.5' ],
1269 silly audit   '@ctrl/tinycolor': [ '4.2.0' ],
1269 silly audit   '@emmetio/html-matcher': [ '1.3.0' ],
1269 silly audit   '@emmetio/stream-reader-utils': [ '0.1.0' ],
1269 silly audit   '@emmetio/scanner': [ '1.0.4' ],
1269 silly audit   '@esbuild/win32-x64': [ '0.25.12' ],
1269 silly audit   '@emmetio/stream-reader': [ '2.2.0' ],
1269 silly audit   '@expressive-code/plugin-shiki': [ '0.41.3' ],
1269 silly audit   '@expressive-code/core': [ '0.41.3' ],
1269 silly audit   '@expressive-code/plugin-collapsible-sections': [ '0.41.3' ],
1269 silly audit   '@expressive-code/plugin-frames': [ '0.41.3' ],
1269 silly audit   '@expressive-code/plugin-text-markers': [ '0.41.3' ],
1269 silly audit   '@fancyapps/ui': [ '6.1.5' ],
1269 silly audit   '@expressive-code/plugin-line-numbers': [ '0.41.3' ],
1269 silly audit   '@iconify/svelte': [ '4.2.0' ],
1269 silly audit   '@iconify/types': [ '2.0.0' ],
1269 silly audit   '@iconify/tools': [ '4.1.4' ],
1269 silly audit   '@iconify/utils': [ '2.3.0' ],
1269 silly audit   '@fontsource-variable/jetbrains-mono': [ '5.2.8' ],
1269 silly audit   '@fontsource/roboto': [ '5.2.8' ],
1269 silly audit   '@iconify-json/fa6-regular': [ '1.2.4' ],
1269 silly audit   '@iconify-json/fa6-brands': [ '1.2.6' ],
1269 silly audit   '@iconify-json/fa6-solid': [ '1.2.4' ],
1269 silly audit   '@img/colour': [ '1.0.0' ],
1269 silly audit   '@iconify-json/material-symbols': [ '1.2.46' ],
1269 silly audit   '@iconify-json/mdi': [ '1.2.3' ],
1269 silly audit   '@img/sharp-win32-x64': [ '0.34.5' ],
1269 silly audit   '@jridgewell/gen-mapping': [ '0.3.13' ],
1269 silly audit   '@isaacs/cliui': [ '8.0.2' ],
1269 silly audit   '@jridgewell/resolve-uri': [ '3.1.2' ],
1269 silly audit   '@nodelib/fs.scandir': [ '2.1.5' ],
1269 silly audit   '@jridgewell/remapping': [ '2.3.5' ],
1269 silly audit   '@nodelib/fs.stat': [ '2.0.5' ],
1269 silly audit   '@jridgewell/sourcemap-codec': [ '1.5.5' ],
1269 silly audit   '@jridgewell/source-map': [ '0.3.11' ],
1269 silly audit   '@pagefind/windows-x64': [ '1.4.0' ],
1269 silly audit   '@nodelib/fs.walk': [ '1.2.8' ],
1269 silly audit   '@jridgewell/trace-mapping': [ '0.3.31' ],
1269 silly audit   '@oslojs/encoding': [ '1.1.0' ],
1269 silly audit   '@pkgjs/parseargs': [ '0.11.0' ],
1269 silly audit   '@rollup/plugin-babel': [ '5.3.1' ],
1269 silly audit   '@types/estree': [ '0.0.39', '1.0.8' ],
1269 silly audit   '@rollup/plugin-alias': [ '3.1.9' ],
1269 silly audit   '@rollup/plugin-commonjs': [ '17.1.0' ],
1269 silly audit   '@rollup/plugin-json': [ '4.1.0' ],
1269 silly audit   '@rollup/plugin-yaml': [ '4.1.2' ],
1269 silly audit   '@rollup/plugin-node-resolve': [ '11.2.1' ],
1269 silly audit   '@shikijs/core': [ '3.15.0' ],
1269 silly audit   '@shikijs/engine-javascript': [ '3.15.0' ],
1269 silly audit   '@shikijs/langs': [ '3.15.0' ],
1269 silly audit   '@shikijs/engine-oniguruma': [ '3.15.0' ],
1269 silly audit   '@shikijs/types': [ '3.15.0' ],
1269 silly audit   '@shikijs/vscode-textmate': [ '10.0.2' ],
1269 silly audit   '@shikijs/themes': [ '3.15.0' ],
1269 silly audit   '@shuding/opentype.js': [ '1.4.0-beta.0' ],
1269 silly audit   '@sveltejs/acorn-typescript': [ '1.0.6' ],
1269 silly audit   '@surma/rollup-plugin-off-main-thread': [ '2.2.3' ],
1269 silly audit   '@swup/a11y-plugin': [ '5.0.0' ],
1269 silly audit   '@sveltejs/vite-plugin-svelte': [ '5.1.1' ],
1269 silly audit   '@swc/helpers': [ '0.5.17' ],
1269 silly audit   '@swup/browserslist-config': [ '1.0.1' ],
1269 silly audit   '@sveltejs/vite-plugin-svelte-inspector': [ '4.0.1' ],
1269 silly audit   '@swup/astro': [ '1.7.0' ],
1269 silly audit   '@swup/debug-plugin': [ '4.1.0' ],
1269 silly audit   '@swup/fade-theme': [ '2.0.2' ],
1269 silly audit   '@swup/body-class-plugin': [ '3.3.0' ],
1269 silly audit   '@swup/head-plugin': [ '2.3.1' ],
1269 silly audit   '@swup/fragment-plugin': [ '1.1.2' ],
1269 silly audit   '@swup/forms-plugin': [ '3.6.0' ],
1269 silly audit   '@swup/preload-plugin': [ '3.2.11' ],
1269 silly audit   '@swup/parallel-plugin': [ '0.4.0' ],
1269 silly audit   '@swup/plugin': [ '3.0.1', '4.0.0' ],
1269 silly audit   '@swup/progress-plugin': [ '3.2.0' ],
1269 silly audit   '@swup/overlay-theme': [ '2.0.2' ],
1269 silly audit   '@swup/prettier-config': [ '1.1.0' ],
1269 silly audit   '@swup/scroll-plugin': [ '3.3.2' ],
1269 silly audit   '@swup/route-name-plugin': [ '4.1.0' ],
1269 silly audit   '@swup/scripts-plugin': [ '2.1.0' ],
1269 silly audit   '@tailwindcss/typography': [ '0.5.19' ],
1269 silly audit   '@swup/theme': [ '2.1.0' ],
1269 silly audit   '@trysound/sax': [ '0.2.0' ],
1269 silly audit   '@types/debug': [ '4.1.12' ],
1269 silly audit   '@swup/slide-theme': [ '2.0.2' ],
1269 silly audit   '@types/fontkit': [ '2.0.8' ],
1269 silly audit   '@types/linkify-it': [ '5.0.0' ],
1269 silly audit   '@types/katex': [ '0.16.7' ],
1269 silly audit   '@types/markdown-it': [ '14.1.2' ],
1269 silly audit   '@types/nlcst': [ '2.0.3' ],
1269 silly audit   '@types/mdast': [ '4.0.4' ],
1269 silly audit   '@types/mdurl': [ '2.0.0' ],
1269 silly audit   '@types/ms': [ '2.1.0' ],
1269 silly audit   '@types/parse-json': [ '4.0.2' ],
1269 silly audit   '@types/sanitize-html': [ '2.16.0' ],
1269 silly audit   '@types/resolve': [ '1.17.1' ],
1269 silly audit   '@types/sax': [ '1.2.7' ],
1269 silly audit   '@volar/kit': [ '2.4.23' ],
1269 silly audit   '@volar/language-service': [ '2.4.23' ],
1269 silly audit   '@types/yauzl': [ '2.10.3' ],
1269 silly audit   '@types/tar': [ '6.1.13' ],
1269 silly audit   '@ungap/structured-clone': [ '1.3.0' ],
1269 silly audit   '@volar/language-server': [ '2.4.23' ],
1269 silly audit   '@volar/language-core': [ '2.4.23' ],
1269 silly audit   '@vscode/emmet-helper': [ '2.11.0' ],
1269 silly audit   '@vscode/l10n': [ '0.0.18' ],
1269 silly audit   '@volar/source-map': [ '2.4.23' ],
1269 silly audit   '@volar/typescript': [ '2.4.23' ],
1269 silly audit   '@astrojs/svelte': [ '7.2.2' ],
1269 silly audit   '@biomejs/biome': [ '2.3.5' ],
1269 silly audit   '@iconify-json/simple-icons': [ '1.2.60' ],
1269 silly audit   astro: [ '5.15.8' ],
1269 silly audit   'd3-force': [ '3.0.0' ],
1269 silly audit   fontmin: [ '1.1.1' ],
1269 silly audit   svelte: [ '5.44.1' ],
1269 silly audit   '@biomejs/cli-darwin-arm64': [ '2.3.5' ],
1269 silly audit   '@biomejs/cli-darwin-x64': [ '2.3.5' ],
1269 silly audit   '@biomejs/cli-linux-arm64': [ '2.3.5' ],
1269 silly audit   '@biomejs/cli-linux-arm64-musl': [ '2.3.5' ],
1269 silly audit   '@biomejs/cli-linux-x64': [ '2.3.5' ],
1269 silly audit   '@biomejs/cli-linux-x64-musl': [ '2.3.5' ],
1269 silly audit   '@biomejs/cli-win32-arm64': [ '2.3.5' ],
1269 silly audit   '@biomejs/cli-win32-x64': [ '2.3.5' ],
1269 silly audit   magicast: [ '0.5.1' ],
1269 silly audit   'd3-dispatch': [ '3.0.1' ],
1269 silly audit   'd3-quadtree': [ '3.0.1' ],
1269 silly audit   'd3-timer': [ '3.0.1' ],
1269 silly audit   '@types/through2': [ '2.0.41' ],
1269 silly audit   b3b: [ '0.0.1' ],
1269 silly audit   'buffer-to-vinyl': [ '1.1.0' ],
1269 silly audit   'code-points': [ '2.0.0-1' ],
1269 silly audit   'concat-stream': [ '2.0.0' ],
1269 silly audit   'fonteditor-core': [ '2.4.1' ],
1269 silly audit   'get-stdin': [ '8.0.0' ],
1269 silly audit   'is-otf': [ '0.1.2' ],
1269 silly audit   'is-svg': [ '4.4.0' ],
1269 silly audit   'is-ttf': [ '0.2.2' ],
1269 silly audit   meow: [ '9.0.0' ],
1269 silly audit   'replace-ext': [ '2.0.0', '0.0.1', '1.0.1' ],
1269 silly audit   'stream-combiner': [ '0.2.2' ],
1269 silly audit   through2: [ '4.0.2', '2.0.5' ],
1269 silly audit   ttf2woff2: [ '4.0.5' ],
1269 silly audit   'vinyl-fs': [ '3.0.3' ],
1269 silly audit   'file-type': [ '3.9.0' ],
1269 silly audit   'readable-stream': [ '2.3.8', '3.6.2' ],
1269 silly audit   uuid: [ '2.0.3' ],
1269 silly audit   vinyl: [ '1.2.0', '2.2.1' ],
1269 silly audit   'code-point': [ '1.1.0' ],
1269 silly audit   typedarray: [ '0.0.6' ],
1269 silly audit   '@xmldom/xmldom': [ '0.8.11' ],
1269 silly audit   '@types/minimist': [ '1.2.5' ],
1269 silly audit   'camelcase-keys': [ '6.2.2' ],
1269 silly audit   decamelize: [ '1.2.0' ],
1269 silly audit   'decamelize-keys': [ '1.1.1' ],
1269 silly audit   'hard-rejection': [ '2.1.0' ],
1269 silly audit   'minimist-options': [ '4.1.0' ],
1269 silly audit   'normalize-package-data': [ '3.0.3', '2.5.0' ],
1269 silly audit   'read-pkg-up': [ '7.0.1' ],
1269 silly audit   redent: [ '3.0.0' ],
1269 silly audit   'trim-newlines': [ '3.0.1' ],
1269 silly audit   'map-obj': [ '4.3.0', '1.0.1' ],
1269 silly audit   'quick-lru': [ '4.0.1' ],
1269 silly audit   arrify: [ '1.0.1' ],
1269 silly audit   'kind-of': [ '6.0.3' ],
1269 silly audit   'hosted-git-info': [ '4.1.0', '2.8.9' ],
1269 silly audit   'validate-npm-package-license': [ '3.0.4' ],
1269 silly audit   'read-pkg': [ '5.2.0' ],
1269 silly audit   '@types/normalize-package-data': [ '2.4.4' ],
1269 silly audit   'core-util-is': [ '1.0.3' ],
1269 silly audit   'process-nextick-args': [ '2.0.1' ],
1269 silly audit   string_decoder: [ '1.1.1' ],
1269 silly audit   'indent-string': [ '4.0.0' ],
1269 silly audit   'strip-indent': [ '3.0.0' ],
1269 silly audit   fsevents: [ '2.3.3' ],
1269 silly audit   through: [ '2.3.8' ],
1269 silly audit   'min-indent': [ '1.0.1' ],
1269 silly audit   bindings: [ '1.5.0' ],
1269 silly audit   bufferstreams: [ '3.0.0' ],
1269 silly audit   nan: [ '2.23.1' ],
1269 silly audit   'node-gyp': [ '9.4.1' ],
1269 silly audit   'file-uri-to-path': [ '1.0.0' ],
1269 silly audit   'env-paths': [ '2.2.1' ],
1269 silly audit   'exponential-backoff': [ '3.1.3' ],
1269 silly audit   'make-fetch-happen': [ '10.2.1' ],
1269 silly audit   nopt: [ '6.0.0' ],
1269 silly audit   npmlog: [ '6.0.2' ],
1269 silly audit   rimraf: [ '3.0.2' ],
1269 silly audit   agentkeepalive: [ '4.6.0' ],
1269 silly audit   cacache: [ '16.1.3' ],
1269 silly audit   'http-proxy-agent': [ '5.0.0' ],
1269 silly audit   'https-proxy-agent': [ '5.0.1' ],
1269 silly audit   'is-lambda': [ '1.0.1' ],
1269 silly audit   'minipass-collect': [ '1.0.2' ],
1269 silly audit   'minipass-fetch': [ '2.1.2' ],
1269 silly audit   'minipass-flush': [ '1.0.5' ],
1269 silly audit   'minipass-pipeline': [ '1.2.4' ],
1269 silly audit   negotiator: [ '0.6.4' ],
1269 silly audit   'promise-retry': [ '2.0.1' ],
1269 silly audit   'socks-proxy-agent': [ '7.0.0' ],
1269 silly audit   ssri: [ '9.0.1' ],
1269 silly audit   'humanize-ms': [ '1.2.1' ],
1269 silly audit   '@npmcli/fs': [ '2.1.2' ],
1269 silly audit   '@npmcli/move-file': [ '2.0.1' ],
1269 silly audit   'infer-owner': [ '1.0.4' ],
1269 silly audit   'p-map': [ '4.0.0' ],
1269 silly audit   'promise-inflight': [ '1.0.1' ],
1269 silly audit   'unique-filename': [ '2.0.1' ],
1269 silly audit   '@gar/promisify': [ '1.1.3' ],
1269 silly audit   '@tootallnate/once': [ '2.0.0' ],
1269 silly audit   'agent-base': [ '6.0.2' ],
1269 silly audit   encoding: [ '0.1.13' ],
1269 silly audit   'minipass-sized': [ '1.0.3' ],
1269 silly audit   abbrev: [ '1.1.1' ],
1269 silly audit   'are-we-there-yet': [ '3.0.1' ],
1269 silly audit   'console-control-strings': [ '1.1.0' ],
1269 silly audit   gauge: [ '4.0.4' ],
1269 silly audit   'set-blocking': [ '2.0.0' ],
1269 silly audit   delegates: [ '1.0.0' ],
1269 silly audit   aproba: [ '2.1.0' ],
1269 silly audit   'color-support': [ '1.1.3' ],
1269 silly audit   'has-unicode': [ '2.0.1' ],
1269 silly audit   'wide-align': [ '1.1.5' ],
1269 silly audit   'aggregate-error': [ '3.1.0' ],
1269 silly audit   'clean-stack': [ '2.2.0' ],
1269 silly audit   'err-code': [ '2.0.3' ],
1269 silly audit   retry: [ '0.12.0' ],
1269 silly audit   socks: [ '2.8.7' ],
1269 silly audit   'ip-address': [ '10.1.0' ],
1269 silly audit   'smart-buffer': [ '4.2.0' ],
1269 silly audit   'unique-slug': [ '3.0.0' ],
1269 silly audit   imurmurhash: [ '0.1.4' ],
1269 silly audit   'spdx-correct': [ '3.2.0' ],
1269 silly audit   'spdx-expression-parse': [ '3.0.1' ],
1269 silly audit   'spdx-license-ids': [ '3.0.22' ],
1269 silly audit   'spdx-exceptions': [ '2.5.0' ],
1269 silly audit   'clone-stats': [ '0.0.1', '1.0.0' ],
1269 silly audit   'fs-mkdirp-stream': [ '1.0.0' ],
1269 silly audit   'glob-stream': [ '6.1.0' ],
1269 silly audit   'is-valid-glob': [ '1.0.0' ],
1269 silly audit   lazystream: [ '1.0.1' ],
1269 silly audit   lead: [ '1.0.0' ],
1269 silly audit   pumpify: [ '1.5.1' ],
1269 silly audit   'remove-bom-buffer': [ '3.0.0' ],
1269 silly audit   'remove-bom-stream': [ '1.2.0' ],
1269 silly audit   'resolve-options': [ '1.1.0' ],
1269 silly audit   'to-through': [ '2.0.0' ],
1269 silly audit   'value-or-function': [ '3.0.0' ],
1269 silly audit   'vinyl-sourcemap': [ '1.1.0' ],
1269 silly audit   'is-negated-glob': [ '1.0.0' ],
1269 silly audit   'ordered-read-streams': [ '1.0.1' ],
1269 silly audit   'remove-trailing-separator': [ '1.1.0' ],
1269 silly audit   'to-absolute-glob': [ '2.0.2' ],
1269 silly audit   'unique-stream': [ '2.4.0' ],
1269 silly audit   'flush-write-stream': [ '1.1.1' ],
1269 silly audit   duplexify: [ '3.7.1' ],
1269 silly audit   'stream-shift': [ '1.0.3' ],
1269 silly audit   'is-buffer': [ '1.1.6' ],
1269 silly audit   'is-utf8': [ '0.2.1' ],
1269 silly audit   'is-absolute': [ '1.0.0' ],
1269 silly audit   'is-relative': [ '1.0.0' ],
1269 silly audit   'is-windows': [ '1.0.2' ],
1269 silly audit   'is-unc-path': [ '1.0.0' ],
1269 silly audit   'unc-path-regex': [ '0.1.2' ],
1269 silly audit   'json-stable-stringify-without-jsonify': [ '1.0.1' ],
1269 silly audit   'through2-filter': [ '3.0.0' ],
1269 silly audit   xtend: [ '4.0.2' ],
1269 silly audit   'append-buffer': [ '1.0.2' ],
1269 silly audit   'now-and-later': [ '2.0.1' ],
1269 silly audit   'buffer-equal': [ '1.0.1' ],
1269 silly audit   '@emmetio/css-parser': [ '0.4.0' ],
1269 silly audit   'path-dirname': [ '1.0.2' ],
1269 silly audit   'clone-buffer': [ '1.0.0' ],
1269 silly audit   'cloneable-readable': [ '1.1.3' ],
1269 silly audit   '@rollup/rollup-android-arm-eabi': [ '4.53.3' ],
1269 silly audit   '@rollup/rollup-android-arm64': [ '4.53.3' ],
1269 silly audit   '@rollup/rollup-darwin-arm64': [ '4.53.3' ],
1269 silly audit   '@rollup/rollup-darwin-x64': [ '4.53.3' ],
1269 silly audit   '@rollup/rollup-freebsd-arm64': [ '4.53.3' ],
1269 silly audit   '@rollup/rollup-freebsd-x64': [ '4.53.3' ],
1269 silly audit   '@rollup/rollup-linux-arm-gnueabihf': [ '4.53.3' ],
1269 silly audit   '@rollup/rollup-linux-arm-musleabihf': [ '4.53.3' ],
1269 silly audit   '@rollup/rollup-linux-arm64-gnu': [ '4.53.3' ],
1269 silly audit   '@rollup/rollup-linux-arm64-musl': [ '4.53.3' ],
1269 silly audit   '@rollup/rollup-linux-loong64-gnu': [ '4.53.3' ],
1269 silly audit   '@rollup/rollup-linux-ppc64-gnu': [ '4.53.3' ],
1269 silly audit   '@rollup/rollup-linux-riscv64-gnu': [ '4.53.3' ],
1269 silly audit   '@rollup/rollup-linux-riscv64-musl': [ '4.53.3' ],
1269 silly audit   '@rollup/rollup-linux-s390x-gnu': [ '4.53.3' ],
1269 silly audit   '@rollup/rollup-linux-x64-gnu': [ '4.53.3' ],
1269 silly audit   '@rollup/rollup-linux-x64-musl': [ '4.53.3' ],
1269 silly audit   '@rollup/rollup-openharmony-arm64': [ '4.53.3' ],
1269 silly audit   '@rollup/rollup-win32-arm64-msvc': [ '4.53.3' ],
1269 silly audit   '@rollup/rollup-win32-ia32-msvc': [ '4.53.3' ],
1269 silly audit   '@rollup/rollup-win32-x64-gnu': [ '4.53.3' ],
1269 silly audit   '@rollup/rollup-win32-x64-msvc': [ '4.53.3' ]
1269 silly audit }
1270 verbose reify failed optional dependency D:\cursor\project8  blog\test\node_modules\@rollup\rollup-win32-ia32-msvc
1271 silly reify mark deleted [
1271 silly reify   'D:\\cursor\\project8  blog\\test\\node_modules\\@rollup\\rollup-win32-ia32-msvc'
1271 silly reify ]
1272 verbose reify failed optional dependency D:\cursor\project8  blog\test\node_modules\@rollup\rollup-win32-arm64-msvc
1273 silly reify mark deleted [
1273 silly reify   'D:\\cursor\\project8  blog\\test\\node_modules\\@rollup\\rollup-win32-arm64-msvc'
1273 silly reify ]
1274 verbose reify failed optional dependency D:\cursor\project8  blog\test\node_modules\@rollup\rollup-openharmony-arm64
1275 silly reify mark deleted [
1275 silly reify   'D:\\cursor\\project8  blog\\test\\node_modules\\@rollup\\rollup-openharmony-arm64'
1275 silly reify ]
1276 verbose reify failed optional dependency D:\cursor\project8  blog\test\node_modules\@rollup\rollup-linux-x64-musl
1277 silly reify mark deleted [
1277 silly reify   'D:\\cursor\\project8  blog\\test\\node_modules\\@rollup\\rollup-linux-x64-musl'
1277 silly reify ]
1278 verbose reify failed optional dependency D:\cursor\project8  blog\test\node_modules\@rollup\rollup-linux-x64-gnu
1279 silly reify mark deleted [
1279 silly reify   'D:\\cursor\\project8  blog\\test\\node_modules\\@rollup\\rollup-linux-x64-gnu'
1279 silly reify ]
1280 verbose reify failed optional dependency D:\cursor\project8  blog\test\node_modules\@rollup\rollup-linux-s390x-gnu
1281 silly reify mark deleted [
1281 silly reify   'D:\\cursor\\project8  blog\\test\\node_modules\\@rollup\\rollup-linux-s390x-gnu'
1281 silly reify ]
1282 verbose reify failed optional dependency D:\cursor\project8  blog\test\node_modules\@rollup\rollup-linux-riscv64-musl
1283 silly reify mark deleted [
1283 silly reify   'D:\\cursor\\project8  blog\\test\\node_modules\\@rollup\\rollup-linux-riscv64-musl'
1283 silly reify ]
1284 verbose reify failed optional dependency D:\cursor\project8  blog\test\node_modules\@rollup\rollup-linux-riscv64-gnu
1285 silly reify mark deleted [
1285 silly reify   'D:\\cursor\\project8  blog\\test\\node_modules\\@rollup\\rollup-linux-riscv64-gnu'
1285 silly reify ]
1286 verbose reify failed optional dependency D:\cursor\project8  blog\test\node_modules\@rollup\rollup-linux-ppc64-gnu
1287 silly reify mark deleted [
1287 silly reify   'D:\\cursor\\project8  blog\\test\\node_modules\\@rollup\\rollup-linux-ppc64-gnu'
1287 silly reify ]
1288 verbose reify failed optional dependency D:\cursor\project8  blog\test\node_modules\@rollup\rollup-linux-loong64-gnu
1289 silly reify mark deleted [
1289 silly reify   'D:\\cursor\\project8  blog\\test\\node_modules\\@rollup\\rollup-linux-loong64-gnu'
1289 silly reify ]
1290 verbose reify failed optional dependency D:\cursor\project8  blog\test\node_modules\@rollup\rollup-linux-arm64-musl
1291 silly reify mark deleted [
1291 silly reify   'D:\\cursor\\project8  blog\\test\\node_modules\\@rollup\\rollup-linux-arm64-musl'
1291 silly reify ]
1292 verbose reify failed optional dependency D:\cursor\project8  blog\test\node_modules\@rollup\rollup-linux-arm64-gnu
1293 silly reify mark deleted [
1293 silly reify   'D:\\cursor\\project8  blog\\test\\node_modules\\@rollup\\rollup-linux-arm64-gnu'
1293 silly reify ]
1294 verbose reify failed optional dependency D:\cursor\project8  blog\test\node_modules\@rollup\rollup-linux-arm-musleabihf
1295 silly reify mark deleted [
1295 silly reify   'D:\\cursor\\project8  blog\\test\\node_modules\\@rollup\\rollup-linux-arm-musleabihf'
1295 silly reify ]
1296 verbose reify failed optional dependency D:\cursor\project8  blog\test\node_modules\@rollup\rollup-linux-arm-gnueabihf
1297 silly reify mark deleted [
1297 silly reify   'D:\\cursor\\project8  blog\\test\\node_modules\\@rollup\\rollup-linux-arm-gnueabihf'
1297 silly reify ]
1298 verbose reify failed optional dependency D:\cursor\project8  blog\test\node_modules\@rollup\rollup-freebsd-x64
1299 silly reify mark deleted [
1299 silly reify   'D:\\cursor\\project8  blog\\test\\node_modules\\@rollup\\rollup-freebsd-x64'
1299 silly reify ]
1300 verbose reify failed optional dependency D:\cursor\project8  blog\test\node_modules\@rollup\rollup-freebsd-arm64
1301 silly reify mark deleted [
1301 silly reify   'D:\\cursor\\project8  blog\\test\\node_modules\\@rollup\\rollup-freebsd-arm64'
1301 silly reify ]
1302 verbose reify failed optional dependency D:\cursor\project8  blog\test\node_modules\@rollup\rollup-darwin-x64
1303 silly reify mark deleted [
1303 silly reify   'D:\\cursor\\project8  blog\\test\\node_modules\\@rollup\\rollup-darwin-x64'
1303 silly reify ]
1304 verbose reify failed optional dependency D:\cursor\project8  blog\test\node_modules\@rollup\rollup-darwin-arm64
1305 silly reify mark deleted [
1305 silly reify   'D:\\cursor\\project8  blog\\test\\node_modules\\@rollup\\rollup-darwin-arm64'
1305 silly reify ]
1306 verbose reify failed optional dependency D:\cursor\project8  blog\test\node_modules\@rollup\rollup-android-arm64
1307 silly reify mark deleted [
1307 silly reify   'D:\\cursor\\project8  blog\\test\\node_modules\\@rollup\\rollup-android-arm64'
1307 silly reify ]
1308 verbose reify failed optional dependency D:\cursor\project8  blog\test\node_modules\@rollup\rollup-android-arm-eabi
1309 silly reify mark deleted [
1309 silly reify   'D:\\cursor\\project8  blog\\test\\node_modules\\@rollup\\rollup-android-arm-eabi'
1309 silly reify ]
1310 verbose reify failed optional dependency D:\cursor\project8  blog\test\node_modules\fsevents
1311 silly reify mark deleted [ 'D:\\cursor\\project8  blog\\test\\node_modules\\fsevents' ]
1312 verbose reify failed optional dependency D:\cursor\project8  blog\test\node_modules\@biomejs\cli-win32-arm64
1313 silly reify mark deleted [
1313 silly reify   'D:\\cursor\\project8  blog\\test\\node_modules\\@biomejs\\cli-win32-arm64'
1313 silly reify ]
1314 verbose reify failed optional dependency D:\cursor\project8  blog\test\node_modules\@biomejs\cli-linux-x64-musl
1315 silly reify mark deleted [
1315 silly reify   'D:\\cursor\\project8  blog\\test\\node_modules\\@biomejs\\cli-linux-x64-musl'
1315 silly reify ]
1316 verbose reify failed optional dependency D:\cursor\project8  blog\test\node_modules\@biomejs\cli-linux-x64
1317 silly reify mark deleted [
1317 silly reify   'D:\\cursor\\project8  blog\\test\\node_modules\\@biomejs\\cli-linux-x64'
1317 silly reify ]
1318 verbose reify failed optional dependency D:\cursor\project8  blog\test\node_modules\@biomejs\cli-linux-arm64-musl
1319 silly reify mark deleted [
1319 silly reify   'D:\\cursor\\project8  blog\\test\\node_modules\\@biomejs\\cli-linux-arm64-musl'
1319 silly reify ]
1320 verbose reify failed optional dependency D:\cursor\project8  blog\test\node_modules\@biomejs\cli-linux-arm64
1321 silly reify mark deleted [
1321 silly reify   'D:\\cursor\\project8  blog\\test\\node_modules\\@biomejs\\cli-linux-arm64'
1321 silly reify ]
1322 verbose reify failed optional dependency D:\cursor\project8  blog\test\node_modules\@biomejs\cli-darwin-x64
1323 silly reify mark deleted [
1323 silly reify   'D:\\cursor\\project8  blog\\test\\node_modules\\@biomejs\\cli-darwin-x64'
1323 silly reify ]
1324 verbose reify failed optional dependency D:\cursor\project8  blog\test\node_modules\@biomejs\cli-darwin-arm64
1325 silly reify mark deleted [
1325 silly reify   'D:\\cursor\\project8  blog\\test\\node_modules\\@biomejs\\cli-darwin-arm64'
1325 silly reify ]
1326 http fetch POST 404 https://registry.npmmirror.com/-/npm/v1/security/advisories/bulk 51ms
1327 silly audit bulk request failed [object Object]
1328 http fetch POST 404 https://registry.npmmirror.com/-/npm/v1/security/audits/quick 32ms
1329 verbose audit error HttpErrorGeneral: 404 Not Found - POST https://registry.npmmirror.com/-/npm/v1/security/audits/quick - [NOT_IMPLEMENTED] /-/npm/v1/security/* not implemented yet
1329 verbose audit error     at D:\nodejs\node_modules\npm\node_modules\npm-registry-fetch\lib\check-response.js:103:15
1329 verbose audit error     at process.processTicksAndRejections (node:internal/process/task_queues:105:5)
1329 verbose audit error     at async [getReport] (D:\nodejs\node_modules\npm\node_modules\@npmcli\arborist\lib\audit-report.js:336:21)
1329 verbose audit error     at async AuditReport.run (D:\nodejs\node_modules\npm\node_modules\@npmcli\arborist\lib\audit-report.js:106:19) {
1329 verbose audit error   headers: [Object: null prototype] {
1329 verbose audit error     server: [ 'Tengine' ],
1329 verbose audit error     date: [ 'Wed, 26 Nov 2025 02:52:08 GMT' ],
1329 verbose audit error     'content-type': [ 'application/json' ],
1329 verbose audit error     'transfer-encoding': [ 'chunked' ],
1329 verbose audit error     connection: [ 'keep-alive' ],
1329 verbose audit error     'strict-transport-security': [ 'max-age=5184000' ],
1329 verbose audit error     via: [ 'kunlun3.cn5851[,404666]' ],
1329 verbose audit error     'timing-allow-origin': [ '*' ],
1329 verbose audit error     eagleid: [ '71c87a9717641255281077896e' ],
1329 verbose audit error     'x-fetch-attempts': [ '1' ]
1329 verbose audit error   },
1329 verbose audit error   statusCode: 404,
1329 verbose audit error   code: 'E404',
1329 verbose audit error   method: 'POST',
1329 verbose audit error   uri: 'https://registry.npmmirror.com/-/npm/v1/security/audits/quick',
1329 verbose audit error   body: {
1329 verbose audit error     error: '[NOT_IMPLEMENTED] /-/npm/v1/security/* not implemented yet'
1329 verbose audit error   },
1329 verbose audit error   pkgid: undefined
1329 verbose audit error }
1330 silly audit error [object Object]
1331 silly audit report null
1332 http cache clone-buffer@https://registry.npmmirror.com/clone-buffer/-/clone-buffer-1.0.0.tgz 0ms (cache hit)
1333 http cache path-dirname@https://registry.npmmirror.com/path-dirname/-/path-dirname-1.0.2.tgz 0ms (cache hit)
1334 http cache buffer-equal@https://registry.npmmirror.com/buffer-equal/-/buffer-equal-1.0.1.tgz 0ms (cache hit)
1335 http cache now-and-later@https://registry.npmmirror.com/now-and-later/-/now-and-later-2.0.1.tgz 0ms (cache hit)
1336 http cache cloneable-readable@https://registry.npmmirror.com/cloneable-readable/-/cloneable-readable-1.1.3.tgz 0ms (cache hit)
1337 http cache append-buffer@https://registry.npmmirror.com/append-buffer/-/append-buffer-1.0.2.tgz 0ms (cache hit)
1338 http cache xtend@https://registry.npmmirror.com/xtend/-/xtend-4.0.2.tgz 0ms (cache hit)
1339 http cache through2-filter@https://registry.npmmirror.com/through2-filter/-/through2-filter-3.0.0.tgz 0ms (cache hit)
1340 http cache json-stable-stringify-without-jsonify@https://registry.npmmirror.com/json-stable-stringify-without-jsonify/-/json-stable-stringify-without-jsonify-1.0.1.tgz 0ms (cache hit)
1341 http cache unc-path-regex@https://registry.npmmirror.com/unc-path-regex/-/unc-path-regex-0.1.2.tgz 0ms (cache hit)
1342 http cache is-unc-path@https://registry.npmmirror.com/is-unc-path/-/is-unc-path-1.0.0.tgz 0ms (cache hit)
1343 http cache is-windows@https://registry.npmmirror.com/is-windows/-/is-windows-1.0.2.tgz 0ms (cache hit)
1344 http cache is-relative@https://registry.npmmirror.com/is-relative/-/is-relative-1.0.0.tgz 0ms (cache hit)
1345 http cache is-absolute@https://registry.npmmirror.com/is-absolute/-/is-absolute-1.0.0.tgz 0ms (cache hit)
1346 http cache is-utf8@https://registry.npmmirror.com/is-utf8/-/is-utf8-0.2.1.tgz 0ms (cache hit)
1347 http cache duplexify@https://registry.npmmirror.com/duplexify/-/duplexify-3.7.1.tgz 0ms (cache hit)
1348 http cache stream-shift@https://registry.npmmirror.com/stream-shift/-/stream-shift-1.0.3.tgz 0ms (cache hit)
1349 http cache flush-write-stream@https://registry.npmmirror.com/flush-write-stream/-/flush-write-stream-1.1.1.tgz 0ms (cache hit)
1350 http cache unique-stream@https://registry.npmmirror.com/unique-stream/-/unique-stream-2.4.0.tgz 0ms (cache hit)
1351 http cache to-absolute-glob@https://registry.npmmirror.com/to-absolute-glob/-/to-absolute-glob-2.0.2.tgz 0ms (cache hit)
1352 http cache remove-trailing-separator@https://registry.npmmirror.com/remove-trailing-separator/-/remove-trailing-separator-1.1.0.tgz 0ms (cache hit)
1353 http cache is-buffer@https://registry.npmmirror.com/is-buffer/-/is-buffer-1.1.6.tgz 0ms (cache hit)
1354 http cache ordered-read-streams@https://registry.npmmirror.com/ordered-read-streams/-/ordered-read-streams-1.0.1.tgz 0ms (cache hit)
1355 http cache is-negated-glob@https://registry.npmmirror.com/is-negated-glob/-/is-negated-glob-1.0.0.tgz 0ms (cache hit)
1356 http cache value-or-function@https://registry.npmmirror.com/value-or-function/-/value-or-function-3.0.0.tgz 0ms (cache hit)
1357 http cache vinyl-sourcemap@https://registry.npmmirror.com/vinyl-sourcemap/-/vinyl-sourcemap-1.1.0.tgz 0ms (cache hit)
1358 http cache to-through@https://registry.npmmirror.com/to-through/-/to-through-2.0.0.tgz 0ms (cache hit)
1359 http cache resolve-options@https://registry.npmmirror.com/resolve-options/-/resolve-options-1.1.0.tgz 0ms (cache hit)
1360 http cache remove-bom-stream@https://registry.npmmirror.com/remove-bom-stream/-/remove-bom-stream-1.2.0.tgz 0ms (cache hit)
1361 http cache pumpify@https://registry.npmmirror.com/pumpify/-/pumpify-1.5.1.tgz 0ms (cache hit)
1362 http cache remove-bom-buffer@https://registry.npmmirror.com/remove-bom-buffer/-/remove-bom-buffer-3.0.0.tgz 0ms (cache hit)
1363 http cache lazystream@https://registry.npmmirror.com/lazystream/-/lazystream-1.0.1.tgz 0ms (cache hit)
1364 http cache is-valid-glob@https://registry.npmmirror.com/is-valid-glob/-/is-valid-glob-1.0.0.tgz 0ms (cache hit)
1365 http cache fs-mkdirp-stream@https://registry.npmmirror.com/fs-mkdirp-stream/-/fs-mkdirp-stream-1.0.0.tgz 0ms (cache hit)
1366 http cache lead@https://registry.npmmirror.com/lead/-/lead-1.0.0.tgz 0ms (cache hit)
1367 http cache glob-stream@https://registry.npmmirror.com/glob-stream/-/glob-stream-6.1.0.tgz 0ms (cache hit)
1368 http cache spdx-exceptions@https://registry.npmmirror.com/spdx-exceptions/-/spdx-exceptions-2.5.0.tgz 0ms (cache hit)
1369 http cache spdx-correct@https://registry.npmmirror.com/spdx-correct/-/spdx-correct-3.2.0.tgz 0ms (cache hit)
1370 http cache clone-stats@https://registry.npmmirror.com/clone-stats/-/clone-stats-0.0.1.tgz 0ms (cache hit)
1371 http cache spdx-license-ids@https://registry.npmmirror.com/spdx-license-ids/-/spdx-license-ids-3.0.22.tgz 0ms (cache hit)
1372 http cache unique-slug@https://registry.npmmirror.com/unique-slug/-/unique-slug-3.0.0.tgz 0ms (cache hit)
1373 http cache spdx-expression-parse@https://registry.npmmirror.com/spdx-expression-parse/-/spdx-expression-parse-3.0.1.tgz 0ms (cache hit)
1374 http cache smart-buffer@https://registry.npmmirror.com/smart-buffer/-/smart-buffer-4.2.0.tgz 0ms (cache hit)
1375 http cache imurmurhash@https://registry.npmmirror.com/imurmurhash/-/imurmurhash-0.1.4.tgz 0ms (cache hit)
1376 http cache socks@https://registry.npmmirror.com/socks/-/socks-2.8.7.tgz 0ms (cache hit)
1377 http cache err-code@https://registry.npmmirror.com/err-code/-/err-code-2.0.3.tgz 0ms (cache hit)
1378 http cache ip-address@https://registry.npmmirror.com/ip-address/-/ip-address-10.1.0.tgz 0ms (cache hit)
1379 http cache retry@https://registry.npmmirror.com/retry/-/retry-0.12.0.tgz 0ms (cache hit)
1380 http cache clean-stack@https://registry.npmmirror.com/clean-stack/-/clean-stack-2.2.0.tgz 0ms (cache hit)
1381 http cache aggregate-error@https://registry.npmmirror.com/aggregate-error/-/aggregate-error-3.1.0.tgz 0ms (cache hit)
1382 http cache wide-align@https://registry.npmmirror.com/wide-align/-/wide-align-1.1.5.tgz 0ms (cache hit)
1383 http cache has-unicode@https://registry.npmmirror.com/has-unicode/-/has-unicode-2.0.1.tgz 0ms (cache hit)
1384 http cache color-support@https://registry.npmmirror.com/color-support/-/color-support-1.1.3.tgz 0ms (cache hit)
1385 http cache delegates@https://registry.npmmirror.com/delegates/-/delegates-1.0.0.tgz 0ms (cache hit)
1386 http cache aproba@https://registry.npmmirror.com/aproba/-/aproba-2.1.0.tgz 0ms (cache hit)
1387 http cache set-blocking@https://registry.npmmirror.com/set-blocking/-/set-blocking-2.0.0.tgz 0ms (cache hit)
1388 http cache console-control-strings@https://registry.npmmirror.com/console-control-strings/-/console-control-strings-1.1.0.tgz 0ms (cache hit)
1389 http cache gauge@https://registry.npmmirror.com/gauge/-/gauge-4.0.4.tgz 0ms (cache hit)
1390 http cache encoding@https://registry.npmmirror.com/encoding/-/encoding-0.1.13.tgz 0ms (cache hit)
1391 http cache abbrev@https://registry.npmmirror.com/abbrev/-/abbrev-1.1.1.tgz 0ms (cache hit)
1392 http cache are-we-there-yet@https://registry.npmmirror.com/are-we-there-yet/-/are-we-there-yet-3.0.1.tgz 0ms (cache hit)
1393 http cache @tootallnate/once@https://registry.npmmirror.com/@tootallnate/once/-/once-2.0.0.tgz 1ms (cache hit)
1394 http cache @gar/promisify@https://registry.npmmirror.com/@gar/promisify/-/promisify-1.1.3.tgz 0ms (cache hit)
1395 http cache agent-base@https://registry.npmmirror.com/agent-base/-/agent-base-6.0.2.tgz 0ms (cache hit)
1396 http cache minipass-sized@https://registry.npmmirror.com/minipass-sized/-/minipass-sized-1.0.3.tgz 0ms (cache hit)
1397 http cache unique-filename@https://registry.npmmirror.com/unique-filename/-/unique-filename-2.0.1.tgz 0ms (cache hit)
1398 http cache infer-owner@https://registry.npmmirror.com/infer-owner/-/infer-owner-1.0.4.tgz 0ms (cache hit)
1399 http cache p-map@https://registry.npmmirror.com/p-map/-/p-map-4.0.0.tgz 0ms (cache hit)
1400 http cache promise-inflight@https://registry.npmmirror.com/promise-inflight/-/promise-inflight-1.0.1.tgz 0ms (cache hit)
1401 http cache @npmcli/move-file@https://registry.npmmirror.com/@npmcli/move-file/-/move-file-2.0.1.tgz 0ms (cache hit)
1402 http cache @npmcli/fs@https://registry.npmmirror.com/@npmcli/fs/-/fs-2.1.2.tgz 0ms (cache hit)
1403 http cache ssri@https://registry.npmmirror.com/ssri/-/ssri-9.0.1.tgz 0ms (cache hit)
1404 http cache humanize-ms@https://registry.npmmirror.com/humanize-ms/-/humanize-ms-1.2.1.tgz 0ms (cache hit)
1405 http cache socks-proxy-agent@https://registry.npmmirror.com/socks-proxy-agent/-/socks-proxy-agent-7.0.0.tgz 0ms (cache hit)
1406 http cache promise-retry@https://registry.npmmirror.com/promise-retry/-/promise-retry-2.0.1.tgz 0ms (cache hit)
1407 http cache negotiator@https://registry.npmmirror.com/negotiator/-/negotiator-0.6.4.tgz 0ms (cache hit)
1408 http cache minipass-pipeline@https://registry.npmmirror.com/minipass-pipeline/-/minipass-pipeline-1.2.4.tgz 0ms (cache hit)
1409 http cache minipass-flush@https://registry.npmmirror.com/minipass-flush/-/minipass-flush-1.0.5.tgz 0ms (cache hit)
1410 http cache minipass-fetch@https://registry.npmmirror.com/minipass-fetch/-/minipass-fetch-2.1.2.tgz 0ms (cache hit)
1411 http cache is-lambda@https://registry.npmmirror.com/is-lambda/-/is-lambda-1.0.1.tgz 0ms (cache hit)
1412 http cache https-proxy-agent@https://registry.npmmirror.com/https-proxy-agent/-/https-proxy-agent-5.0.1.tgz 0ms (cache hit)
1413 http cache minipass-collect@https://registry.npmmirror.com/minipass-collect/-/minipass-collect-1.0.2.tgz 0ms (cache hit)
1414 http cache http-proxy-agent@https://registry.npmmirror.com/http-proxy-agent/-/http-proxy-agent-5.0.0.tgz 0ms (cache hit)
1415 http cache rimraf@https://registry.npmmirror.com/rimraf/-/rimraf-3.0.2.tgz 0ms (cache hit)
1416 http cache agentkeepalive@https://registry.npmmirror.com/agentkeepalive/-/agentkeepalive-4.6.0.tgz 0ms (cache hit)
1417 http cache cacache@https://registry.npmmirror.com/cacache/-/cacache-16.1.3.tgz 0ms (cache hit)
1418 http cache npmlog@https://registry.npmmirror.com/npmlog/-/npmlog-6.0.2.tgz 0ms (cache hit)
1419 http cache nopt@https://registry.npmmirror.com/nopt/-/nopt-6.0.0.tgz 0ms (cache hit)
1420 http cache make-fetch-happen@https://registry.npmmirror.com/make-fetch-happen/-/make-fetch-happen-10.2.1.tgz 0ms (cache hit)
1421 http cache env-paths@https://registry.npmmirror.com/env-paths/-/env-paths-2.2.1.tgz 0ms (cache hit)
1422 http cache file-uri-to-path@https://registry.npmmirror.com/file-uri-to-path/-/file-uri-to-path-1.0.0.tgz 0ms (cache hit)
1423 http cache exponential-backoff@https://registry.npmmirror.com/exponential-backoff/-/exponential-backoff-3.1.3.tgz 0ms (cache hit)
1424 http cache bufferstreams@https://registry.npmmirror.com/bufferstreams/-/bufferstreams-3.0.0.tgz 0ms (cache hit)
1425 http cache node-gyp@https://registry.npmmirror.com/node-gyp/-/node-gyp-9.4.1.tgz 0ms (cache hit)
1426 http cache nan@https://registry.npmmirror.com/nan/-/nan-2.23.1.tgz 0ms (cache hit)
1427 http cache min-indent@https://registry.npmmirror.com/min-indent/-/min-indent-1.0.1.tgz 0ms (cache hit)
1428 http cache bindings@https://registry.npmmirror.com/bindings/-/bindings-1.5.0.tgz 0ms (cache hit)
1429 http cache through@https://registry.npmmirror.com/through/-/through-2.3.8.tgz 0ms (cache hit)
1430 http cache @types/normalize-package-data@https://registry.npmmirror.com/@types/normalize-package-data/-/normalize-package-data-2.4.4.tgz 0ms (cache hit)
1431 http cache indent-string@https://registry.npmmirror.com/indent-string/-/indent-string-4.0.0.tgz 0ms (cache hit)
1432 http cache strip-indent@https://registry.npmmirror.com/strip-indent/-/strip-indent-3.0.0.tgz 0ms (cache hit)
1433 http cache string_decoder@https://registry.npmmirror.com/string_decoder/-/string_decoder-1.1.1.tgz 0ms (cache hit)
1434 http cache process-nextick-args@https://registry.npmmirror.com/process-nextick-args/-/process-nextick-args-2.0.1.tgz 0ms (cache hit)
1435 http cache core-util-is@https://registry.npmmirror.com/core-util-is/-/core-util-is-1.0.3.tgz 0ms (cache hit)
1436 http cache read-pkg@https://registry.npmmirror.com/read-pkg/-/read-pkg-5.2.0.tgz 0ms (cache hit)
1437 http cache validate-npm-package-license@https://registry.npmmirror.com/validate-npm-package-license/-/validate-npm-package-license-3.0.4.tgz 0ms (cache hit)
1438 http cache hosted-git-info@https://registry.npmmirror.com/hosted-git-info/-/hosted-git-info-4.1.0.tgz 0ms (cache hit)
1439 http cache kind-of@https://registry.npmmirror.com/kind-of/-/kind-of-6.0.3.tgz 0ms (cache hit)
1440 http cache quick-lru@https://registry.npmmirror.com/quick-lru/-/quick-lru-4.0.1.tgz 0ms (cache hit)
1441 http cache map-obj@https://registry.npmmirror.com/map-obj/-/map-obj-4.3.0.tgz 0ms (cache hit)
1442 http cache arrify@https://registry.npmmirror.com/arrify/-/arrify-1.0.1.tgz 0ms (cache hit)
1443 http cache trim-newlines@https://registry.npmmirror.com/trim-newlines/-/trim-newlines-3.0.1.tgz 0ms (cache hit)
1444 http cache read-pkg-up@https://registry.npmmirror.com/read-pkg-up/-/read-pkg-up-7.0.1.tgz 0ms (cache hit)
1445 http cache redent@https://registry.npmmirror.com/redent/-/redent-3.0.0.tgz 0ms (cache hit)
1446 http cache normalize-package-data@https://registry.npmmirror.com/normalize-package-data/-/normalize-package-data-3.0.3.tgz 0ms (cache hit)
1447 http cache minimist-options@https://registry.npmmirror.com/minimist-options/-/minimist-options-4.1.0.tgz 0ms (cache hit)
1448 http cache hard-rejection@https://registry.npmmirror.com/hard-rejection/-/hard-rejection-2.1.0.tgz 0ms (cache hit)
1449 http cache camelcase-keys@https://registry.npmmirror.com/camelcase-keys/-/camelcase-keys-6.2.2.tgz 0ms (cache hit)
1450 http cache decamelize-keys@https://registry.npmmirror.com/decamelize-keys/-/decamelize-keys-1.1.1.tgz 0ms (cache hit)
1451 http cache decamelize@https://registry.npmmirror.com/decamelize/-/decamelize-1.2.0.tgz 0ms (cache hit)
1452 http cache @xmldom/xmldom@https://registry.npmmirror.com/@xmldom/xmldom/-/xmldom-0.8.11.tgz 0ms (cache hit)
1453 http cache typedarray@https://registry.npmmirror.com/typedarray/-/typedarray-0.0.6.tgz 0ms (cache hit)
1454 http cache @types/minimist@https://registry.npmmirror.com/@types/minimist/-/minimist-1.2.5.tgz 0ms (cache hit)
1455 http cache uuid@https://registry.npmmirror.com/uuid/-/uuid-2.0.3.tgz 0ms (cache hit)
1456 http cache vinyl@https://registry.npmmirror.com/vinyl/-/vinyl-1.2.0.tgz 0ms (cache hit)
1457 http cache code-point@https://registry.npmmirror.com/code-point/-/code-point-1.1.0.tgz 0ms (cache hit)
1458 http cache file-type@https://registry.npmmirror.com/file-type/-/file-type-3.9.0.tgz 0ms (cache hit)
1459 http cache ttf2woff2@https://registry.npmmirror.com/ttf2woff2/-/ttf2woff2-4.0.5.tgz 0ms (cache hit)
1460 http cache readable-stream@https://registry.npmmirror.com/readable-stream/-/readable-stream-2.3.8.tgz 1ms (cache hit)
1461 http cache through2@https://registry.npmmirror.com/through2/-/through2-4.0.2.tgz 0ms (cache hit)
1462 http cache vinyl-fs@https://registry.npmmirror.com/vinyl-fs/-/vinyl-fs-3.0.3.tgz 0ms (cache hit)
1463 http cache meow@https://registry.npmmirror.com/meow/-/meow-9.0.0.tgz 0ms (cache hit)
1464 http cache stream-combiner@https://registry.npmmirror.com/stream-combiner/-/stream-combiner-0.2.2.tgz 0ms (cache hit)
1465 http cache replace-ext@https://registry.npmmirror.com/replace-ext/-/replace-ext-2.0.0.tgz 0ms (cache hit)
1466 http cache is-ttf@https://registry.npmmirror.com/is-ttf/-/is-ttf-0.2.2.tgz 0ms (cache hit)
1467 http cache is-otf@https://registry.npmmirror.com/is-otf/-/is-otf-0.1.2.tgz 0ms (cache hit)
1468 http cache is-svg@https://registry.npmmirror.com/is-svg/-/is-svg-4.4.0.tgz 0ms (cache hit)
1469 http cache get-stdin@https://registry.npmmirror.com/get-stdin/-/get-stdin-8.0.0.tgz 0ms (cache hit)
1470 http cache fonteditor-core@https://registry.npmmirror.com/fonteditor-core/-/fonteditor-core-2.4.1.tgz 0ms (cache hit)
1471 http cache concat-stream@https://registry.npmmirror.com/concat-stream/-/concat-stream-2.0.0.tgz 0ms (cache hit)
1472 http cache buffer-to-vinyl@https://registry.npmmirror.com/buffer-to-vinyl/-/buffer-to-vinyl-1.1.0.tgz 0ms (cache hit)
1473 http cache b3b@https://registry.npmmirror.com/b3b/-/b3b-0.0.1.tgz 0ms (cache hit)
1474 http cache code-points@https://registry.npmmirror.com/code-points/-/code-points-2.0.0-1.tgz 0ms (cache hit)
1475 http cache @types/through2@https://registry.npmmirror.com/@types/through2/-/through2-2.0.41.tgz 0ms (cache hit)
1476 http cache d3-timer@https://registry.npmmirror.com/d3-timer/-/d3-timer-3.0.1.tgz 0ms (cache hit)
1477 http cache d3-dispatch@https://registry.npmmirror.com/d3-dispatch/-/d3-dispatch-3.0.1.tgz 0ms (cache hit)
1478 http cache fontmin@https://registry.npmmirror.com/fontmin/-/fontmin-1.1.1.tgz 0ms (cache hit)
1479 http cache d3-force@https://registry.npmmirror.com/d3-force/-/d3-force-3.0.0.tgz 0ms (cache hit)
1480 http cache d3-quadtree@https://registry.npmmirror.com/d3-quadtree/-/d3-quadtree-3.0.1.tgz 0ms (cache hit)
1481 http cache @iconify-json/simple-icons@https://registry.npmmirror.com/@iconify-json/simple-icons/-/simple-icons-1.2.60.tgz 0ms (cache hit)
1482 http cache @rollup/rollup-win32-x64-msvc@https://registry.npmmirror.com/@rollup/rollup-win32-x64-msvc/-/rollup-win32-x64-msvc-4.53.3.tgz 0ms (cache hit)
1483 http cache @rollup/rollup-win32-x64-gnu@https://registry.npmmirror.com/@rollup/rollup-win32-x64-gnu/-/rollup-win32-x64-gnu-4.53.3.tgz 0ms (cache hit)
1484 http cache @biomejs/cli-win32-x64@https://registry.npmmirror.com/@biomejs/cli-win32-x64/-/cli-win32-x64-2.3.5.tgz 0ms (cache hit)
1485 http cache @biomejs/biome@https://registry.npmmirror.com/@biomejs/biome/-/biome-2.3.5.tgz 0ms (cache hit)
1486 http cache @astrojs/svelte@https://registry.npmmirror.com/@astrojs/svelte/-/svelte-7.2.2.tgz 0ms (cache hit)
1487 http cache svelte@https://registry.npmmirror.com/svelte/-/svelte-5.44.1.tgz 0ms (cache hit)
1488 http cache rollup@https://registry.npmmirror.com/rollup/-/rollup-2.79.2.tgz 0ms (cache hit)
1489 http cache postcss-selector-parser@https://registry.npmmirror.com/postcss-selector-parser/-/postcss-selector-parser-7.1.0.tgz 0ms (cache hit)
1490 http cache astro@https://registry.npmmirror.com/astro/-/astro-5.15.8.tgz 0ms (cache hit)
1491 http cache magicast@https://registry.npmmirror.com/magicast/-/magicast-0.5.1.tgz 0ms (cache hit)
1492 http cache through2@https://registry.npmmirror.com/through2/-/through2-2.0.5.tgz 0ms (cache hit)
1493 http cache clone-stats@https://registry.npmmirror.com/clone-stats/-/clone-stats-1.0.0.tgz 0ms (cache hit)
1494 http cache vinyl@https://registry.npmmirror.com/vinyl/-/vinyl-2.2.1.tgz 0ms (cache hit)
1495 http cache replace-ext@https://registry.npmmirror.com/replace-ext/-/replace-ext-1.0.1.tgz 0ms (cache hit)
1496 http cache through2@https://registry.npmmirror.com/through2/-/through2-2.0.5.tgz 0ms (cache hit)
1497 http cache pump@https://registry.npmmirror.com/pump/-/pump-2.0.1.tgz 0ms (cache hit)
1498 http cache normalize-path@https://registry.npmmirror.com/normalize-path/-/normalize-path-2.1.1.tgz 0ms (cache hit)
1499 http cache convert-source-map@https://registry.npmmirror.com/convert-source-map/-/convert-source-map-1.9.0.tgz 0ms (cache hit)
1500 http cache through2@https://registry.npmmirror.com/through2/-/through2-2.0.5.tgz 0ms (cache hit)
1501 http cache through2@https://registry.npmmirror.com/through2/-/through2-2.0.5.tgz 0ms (cache hit)
1502 http cache brace-expansion@https://registry.npmmirror.com/brace-expansion/-/brace-expansion-1.1.12.tgz 0ms (cache hit)
1503 http cache is-glob@https://registry.npmmirror.com/is-glob/-/is-glob-3.1.0.tgz 0ms (cache hit)
1504 http cache minimatch@https://registry.npmmirror.com/minimatch/-/minimatch-3.1.2.tgz 0ms (cache hit)
1505 http cache glob-parent@https://registry.npmmirror.com/glob-parent/-/glob-parent-3.1.0.tgz 0ms (cache hit)
1506 http cache glob@https://registry.npmmirror.com/glob/-/glob-7.2.3.tgz 0ms (cache hit)
1507 http cache ansi-regex@https://registry.npmmirror.com/ansi-regex/-/ansi-regex-5.0.1.tgz 0ms (cache hit)
1508 http cache strip-ansi@https://registry.npmmirror.com/strip-ansi/-/strip-ansi-6.0.1.tgz 0ms (cache hit)
1509 http cache emoji-regex@https://registry.npmmirror.com/emoji-regex/-/emoji-regex-8.0.0.tgz 0ms (cache hit)
1510 http cache string-width@https://registry.npmmirror.com/string-width/-/string-width-4.2.3.tgz 0ms (cache hit)
1511 http cache ansi-regex@https://registry.npmmirror.com/ansi-regex/-/ansi-regex-5.0.1.tgz 0ms (cache hit)
1512 http cache string-width@https://registry.npmmirror.com/string-width/-/string-width-4.2.3.tgz 0ms (cache hit)
1513 http cache emoji-regex@https://registry.npmmirror.com/emoji-regex/-/emoji-regex-8.0.0.tgz 0ms (cache hit)
1514 http cache minipass@https://registry.npmmirror.com/minipass/-/minipass-3.3.6.tgz 0ms (cache hit)
1515 http cache strip-ansi@https://registry.npmmirror.com/strip-ansi/-/strip-ansi-6.0.1.tgz 0ms (cache hit)
1516 http cache signal-exit@https://registry.npmmirror.com/signal-exit/-/signal-exit-3.0.7.tgz 0ms (cache hit)
1517 http cache readable-stream@https://registry.npmmirror.com/readable-stream/-/readable-stream-3.6.2.tgz 0ms (cache hit)
1518 http cache minipass@https://registry.npmmirror.com/minipass/-/minipass-3.3.6.tgz 0ms (cache hit)
1519 http cache minipass@https://registry.npmmirror.com/minipass/-/minipass-3.3.6.tgz 0ms (cache hit)
1520 http cache minipass@https://registry.npmmirror.com/minipass/-/minipass-3.3.6.tgz 0ms (cache hit)
1521 http cache minipass@https://registry.npmmirror.com/minipass/-/minipass-3.3.6.tgz 0ms (cache hit)
1522 http cache minimatch@https://registry.npmmirror.com/minimatch/-/minimatch-5.1.6.tgz 0ms (cache hit)
1523 http cache minipass@https://registry.npmmirror.com/minipass/-/minipass-3.3.6.tgz 0ms (cache hit)
1524 http cache brace-expansion@https://registry.npmmirror.com/brace-expansion/-/brace-expansion-1.1.12.tgz 0ms (cache hit)
1525 http cache minipass@https://registry.npmmirror.com/minipass/-/minipass-3.3.6.tgz 0ms (cache hit)
1526 http cache glob@https://registry.npmmirror.com/glob/-/glob-7.2.3.tgz 0ms (cache hit)
1527 http cache glob@https://registry.npmmirror.com/glob/-/glob-8.1.0.tgz 0ms (cache hit)
1528 http cache lru-cache@https://registry.npmmirror.com/lru-cache/-/lru-cache-7.18.3.tgz 0ms (cache hit)
1529 http cache lru-cache@https://registry.npmmirror.com/lru-cache/-/lru-cache-7.18.3.tgz 0ms (cache hit)
1530 http cache minipass@https://registry.npmmirror.com/minipass/-/minipass-3.3.6.tgz 0ms (cache hit)
1531 http cache minimatch@https://registry.npmmirror.com/minimatch/-/minimatch-3.1.2.tgz 0ms (cache hit)
1532 http cache brace-expansion@https://registry.npmmirror.com/brace-expansion/-/brace-expansion-1.1.12.tgz 0ms (cache hit)
1533 http cache glob@https://registry.npmmirror.com/glob/-/glob-7.2.3.tgz 0ms (cache hit)
1534 http cache readable-stream@https://registry.npmmirror.com/readable-stream/-/readable-stream-3.6.2.tgz 0ms (cache hit)
1535 http cache hosted-git-info@https://registry.npmmirror.com/hosted-git-info/-/hosted-git-info-2.8.9.tgz 0ms (cache hit)
1536 http cache minimatch@https://registry.npmmirror.com/minimatch/-/minimatch-3.1.2.tgz 0ms (cache hit)
1537 http cache safe-buffer@https://registry.npmmirror.com/safe-buffer/-/safe-buffer-5.1.2.tgz 1ms (cache hit)
1538 http cache lru-cache@https://registry.npmmirror.com/lru-cache/-/lru-cache-6.0.0.tgz 0ms (cache hit)
1539 http cache type-fest@https://registry.npmmirror.com/type-fest/-/type-fest-0.6.0.tgz 0ms (cache hit)
1540 http cache normalize-package-data@https://registry.npmmirror.com/normalize-package-data/-/normalize-package-data-2.5.0.tgz 0ms (cache hit)
1541 http cache semver@https://registry.npmmirror.com/semver/-/semver-5.7.2.tgz 0ms (cache hit)
1542 http cache type-fest@https://registry.npmmirror.com/type-fest/-/type-fest-0.8.1.tgz 0ms (cache hit)
1543 http cache map-obj@https://registry.npmmirror.com/map-obj/-/map-obj-1.0.1.tgz 0ms (cache hit)
1544 http cache is-plain-obj@https://registry.npmmirror.com/is-plain-obj/-/is-plain-obj-1.1.0.tgz 0ms (cache hit)
1545 http cache camelcase@https://registry.npmmirror.com/camelcase/-/camelcase-5.3.1.tgz 0ms (cache hit)
1546 http cache replace-ext@https://registry.npmmirror.com/replace-ext/-/replace-ext-0.0.1.tgz 0ms (cache hit)
1547 http cache clone@https://registry.npmmirror.com/clone/-/clone-1.0.4.tgz 0ms (cache hit)
1548 http cache safe-buffer@https://registry.npmmirror.com/safe-buffer/-/safe-buffer-5.1.2.tgz 0ms (cache hit)
1549 http cache isarray@https://registry.npmmirror.com/isarray/-/isarray-1.0.0.tgz 0ms (cache hit)
1550 http cache through2@https://registry.npmmirror.com/through2/-/through2-2.0.5.tgz 0ms (cache hit)
1551 http cache vinyl@https://registry.npmmirror.com/vinyl/-/vinyl-2.2.1.tgz 0ms (cache hit)
1552 http cache clone-stats@https://registry.npmmirror.com/clone-stats/-/clone-stats-1.0.0.tgz 0ms (cache hit)
1553 http cache replace-ext@https://registry.npmmirror.com/replace-ext/-/replace-ext-1.0.1.tgz 0ms (cache hit)
1554 http cache strnum@https://registry.npmmirror.com/strnum/-/strnum-1.1.2.tgz 0ms (cache hit)
1555 http cache readable-stream@https://registry.npmmirror.com/readable-stream/-/readable-stream-3.6.2.tgz 0ms (cache hit)
1556 http cache yargs-parser@https://registry.npmmirror.com/yargs-parser/-/yargs-parser-20.2.9.tgz 0ms (cache hit)
1557 http cache fast-xml-parser@https://registry.npmmirror.com/fast-xml-parser/-/fast-xml-parser-4.5.3.tgz 0ms (cache hit)
1558 http cache type-fest@https://registry.npmmirror.com/type-fest/-/type-fest-0.18.1.tgz 0ms (cache hit)
1559 http cache @types/node@https://registry.npmmirror.com/@types/node/-/node-12.20.55.tgz 0ms (cache hit)
1560 http cache readable-stream@https://registry.npmmirror.com/readable-stream/-/readable-stream-3.6.2.tgz 0ms (cache hit)
1561 http cache postcss-selector-parser@https://registry.npmmirror.com/postcss-selector-parser/-/postcss-selector-parser-6.1.2.tgz 0ms (cache hit)
1562 http cache pako@https://registry.npmmirror.com/pako/-/pako-2.1.0.tgz 0ms (cache hit)
1563 http cache postcss-selector-parser@https://registry.npmmirror.com/postcss-selector-parser/-/postcss-selector-parser-6.0.10.tgz 0ms (cache hit)
1564 http cache rollup@https://registry.npmmirror.com/rollup/-/rollup-4.53.3.tgz 0ms (cache hit)
1565 silly tarball no local data for clone-buffer@https://registry.npmmirror.com/clone-buffer/-/clone-buffer-1.0.0.tgz. Extracting by manifest.
1566 silly tarball no local data for path-dirname@https://registry.npmmirror.com/path-dirname/-/path-dirname-1.0.2.tgz. Extracting by manifest.
1567 http cache postcss-selector-parser@https://registry.npmmirror.com/postcss-selector-parser/-/postcss-selector-parser-6.1.2.tgz 0ms (cache hit)
1568 http cache postcss-selector-parser@https://registry.npmmirror.com/postcss-selector-parser/-/postcss-selector-parser-6.1.2.tgz 0ms (cache hit)
1569 http cache postcss-selector-parser@https://registry.npmmirror.com/postcss-selector-parser/-/postcss-selector-parser-6.1.2.tgz 0ms (cache hit)
1570 silly tarball no local data for buffer-equal@https://registry.npmmirror.com/buffer-equal/-/buffer-equal-1.0.1.tgz. Extracting by manifest.
1571 silly tarball no local data for now-and-later@https://registry.npmmirror.com/now-and-later/-/now-and-later-2.0.1.tgz. Extracting by manifest.
1572 silly tarball no local data for cloneable-readable@https://registry.npmmirror.com/cloneable-readable/-/cloneable-readable-1.1.3.tgz. Extracting by manifest.
1573 silly tarball no local data for append-buffer@https://registry.npmmirror.com/append-buffer/-/append-buffer-1.0.2.tgz. Extracting by manifest.
1574 http cache postcss-selector-parser@https://registry.npmmirror.com/postcss-selector-parser/-/postcss-selector-parser-6.1.2.tgz 0ms (cache hit)
1575 silly tarball no local data for json-stable-stringify-without-jsonify@https://registry.npmmirror.com/json-stable-stringify-without-jsonify/-/json-stable-stringify-without-jsonify-1.0.1.tgz. Extracting by manifest.
1576 silly tarball no local data for through2-filter@https://registry.npmmirror.com/through2-filter/-/through2-filter-3.0.0.tgz. Extracting by manifest.
1577 silly tarball no local data for xtend@https://registry.npmmirror.com/xtend/-/xtend-4.0.2.tgz. Extracting by manifest.
1578 silly tarball no local data for is-unc-path@https://registry.npmmirror.com/is-unc-path/-/is-unc-path-1.0.0.tgz. Extracting by manifest.
1579 silly tarball no local data for unc-path-regex@https://registry.npmmirror.com/unc-path-regex/-/unc-path-regex-0.1.2.tgz. Extracting by manifest.
1580 silly tarball no local data for is-windows@https://registry.npmmirror.com/is-windows/-/is-windows-1.0.2.tgz. Extracting by manifest.
1581 silly tarball no local data for is-relative@https://registry.npmmirror.com/is-relative/-/is-relative-1.0.0.tgz. Extracting by manifest.
1582 silly tarball no local data for is-absolute@https://registry.npmmirror.com/is-absolute/-/is-absolute-1.0.0.tgz. Extracting by manifest.
1583 silly tarball no local data for duplexify@https://registry.npmmirror.com/duplexify/-/duplexify-3.7.1.tgz. Extracting by manifest.
1584 silly tarball no local data for is-utf8@https://registry.npmmirror.com/is-utf8/-/is-utf8-0.2.1.tgz. Extracting by manifest.
1585 silly tarball no local data for flush-write-stream@https://registry.npmmirror.com/flush-write-stream/-/flush-write-stream-1.1.1.tgz. Extracting by manifest.
1586 silly tarball no local data for stream-shift@https://registry.npmmirror.com/stream-shift/-/stream-shift-1.0.3.tgz. Extracting by manifest.
1587 silly tarball no local data for to-absolute-glob@https://registry.npmmirror.com/to-absolute-glob/-/to-absolute-glob-2.0.2.tgz. Extracting by manifest.
1588 silly tarball no local data for remove-trailing-separator@https://registry.npmmirror.com/remove-trailing-separator/-/remove-trailing-separator-1.1.0.tgz. Extracting by manifest.
1589 silly tarball no local data for is-buffer@https://registry.npmmirror.com/is-buffer/-/is-buffer-1.1.6.tgz. Extracting by manifest.
1590 silly tarball no local data for unique-stream@https://registry.npmmirror.com/unique-stream/-/unique-stream-2.4.0.tgz. Extracting by manifest.
1591 silly tarball no local data for ordered-read-streams@https://registry.npmmirror.com/ordered-read-streams/-/ordered-read-streams-1.0.1.tgz. Extracting by manifest.
1592 silly tarball no local data for is-negated-glob@https://registry.npmmirror.com/is-negated-glob/-/is-negated-glob-1.0.0.tgz. Extracting by manifest.
1593 silly tarball no local data for vinyl-sourcemap@https://registry.npmmirror.com/vinyl-sourcemap/-/vinyl-sourcemap-1.1.0.tgz. Extracting by manifest.
1594 silly tarball no local data for to-through@https://registry.npmmirror.com/to-through/-/to-through-2.0.0.tgz. Extracting by manifest.
1595 silly tarball no local data for resolve-options@https://registry.npmmirror.com/resolve-options/-/resolve-options-1.1.0.tgz. Extracting by manifest.
1596 silly tarball no local data for remove-bom-stream@https://registry.npmmirror.com/remove-bom-stream/-/remove-bom-stream-1.2.0.tgz. Extracting by manifest.
1597 silly tarball no local data for value-or-function@https://registry.npmmirror.com/value-or-function/-/value-or-function-3.0.0.tgz. Extracting by manifest.
1598 silly tarball no local data for remove-bom-buffer@https://registry.npmmirror.com/remove-bom-buffer/-/remove-bom-buffer-3.0.0.tgz. Extracting by manifest.
1599 silly tarball no local data for pumpify@https://registry.npmmirror.com/pumpify/-/pumpify-1.5.1.tgz. Extracting by manifest.
1600 silly tarball no local data for is-valid-glob@https://registry.npmmirror.com/is-valid-glob/-/is-valid-glob-1.0.0.tgz. Extracting by manifest.
1601 silly tarball no local data for lead@https://registry.npmmirror.com/lead/-/lead-1.0.0.tgz. Extracting by manifest.
1602 silly tarball no local data for fs-mkdirp-stream@https://registry.npmmirror.com/fs-mkdirp-stream/-/fs-mkdirp-stream-1.0.0.tgz. Extracting by manifest.
1603 silly tarball no local data for lazystream@https://registry.npmmirror.com/lazystream/-/lazystream-1.0.1.tgz. Extracting by manifest.
1604 silly tarball no local data for glob-stream@https://registry.npmmirror.com/glob-stream/-/glob-stream-6.1.0.tgz. Extracting by manifest.
1605 silly tarball no local data for clone-stats@https://registry.npmmirror.com/clone-stats/-/clone-stats-0.0.1.tgz. Extracting by manifest.
1606 silly tarball no local data for spdx-correct@https://registry.npmmirror.com/spdx-correct/-/spdx-correct-3.2.0.tgz. Extracting by manifest.
1607 silly tarball no local data for spdx-exceptions@https://registry.npmmirror.com/spdx-exceptions/-/spdx-exceptions-2.5.0.tgz. Extracting by manifest.
1608 silly tarball no local data for smart-buffer@https://registry.npmmirror.com/smart-buffer/-/smart-buffer-4.2.0.tgz. Extracting by manifest.
1609 silly tarball no local data for unique-slug@https://registry.npmmirror.com/unique-slug/-/unique-slug-3.0.0.tgz. Extracting by manifest.
1610 silly tarball no local data for spdx-license-ids@https://registry.npmmirror.com/spdx-license-ids/-/spdx-license-ids-3.0.22.tgz. Extracting by manifest.
1611 silly tarball no local data for spdx-expression-parse@https://registry.npmmirror.com/spdx-expression-parse/-/spdx-expression-parse-3.0.1.tgz. Extracting by manifest.
1612 silly tarball no local data for socks@https://registry.npmmirror.com/socks/-/socks-2.8.7.tgz. Extracting by manifest.
1613 silly tarball no local data for imurmurhash@https://registry.npmmirror.com/imurmurhash/-/imurmurhash-0.1.4.tgz. Extracting by manifest.
1614 silly tarball no local data for err-code@https://registry.npmmirror.com/err-code/-/err-code-2.0.3.tgz. Extracting by manifest.
1615 silly tarball no local data for ip-address@https://registry.npmmirror.com/ip-address/-/ip-address-10.1.0.tgz. Extracting by manifest.
1616 silly tarball no local data for retry@https://registry.npmmirror.com/retry/-/retry-0.12.0.tgz. Extracting by manifest.
1617 silly tarball no local data for clean-stack@https://registry.npmmirror.com/clean-stack/-/clean-stack-2.2.0.tgz. Extracting by manifest.
1618 silly tarball no local data for wide-align@https://registry.npmmirror.com/wide-align/-/wide-align-1.1.5.tgz. Extracting by manifest.
1619 silly tarball no local data for has-unicode@https://registry.npmmirror.com/has-unicode/-/has-unicode-2.0.1.tgz. Extracting by manifest.
1620 silly tarball no local data for aggregate-error@https://registry.npmmirror.com/aggregate-error/-/aggregate-error-3.1.0.tgz. Extracting by manifest.
1621 silly tarball no local data for color-support@https://registry.npmmirror.com/color-support/-/color-support-1.1.3.tgz. Extracting by manifest.
1622 silly tarball no local data for delegates@https://registry.npmmirror.com/delegates/-/delegates-1.0.0.tgz. Extracting by manifest.
1623 silly tarball no local data for aproba@https://registry.npmmirror.com/aproba/-/aproba-2.1.0.tgz. Extracting by manifest.
1624 silly tarball no local data for gauge@https://registry.npmmirror.com/gauge/-/gauge-4.0.4.tgz. Extracting by manifest.
1625 silly tarball no local data for encoding@https://registry.npmmirror.com/encoding/-/encoding-0.1.13.tgz. Extracting by manifest.
1626 silly tarball no local data for console-control-strings@https://registry.npmmirror.com/console-control-strings/-/console-control-strings-1.1.0.tgz. Extracting by manifest.
1627 silly tarball no local data for set-blocking@https://registry.npmmirror.com/set-blocking/-/set-blocking-2.0.0.tgz. Extracting by manifest.
1628 silly tarball no local data for are-we-there-yet@https://registry.npmmirror.com/are-we-there-yet/-/are-we-there-yet-3.0.1.tgz. Extracting by manifest.
1629 silly tarball no local data for abbrev@https://registry.npmmirror.com/abbrev/-/abbrev-1.1.1.tgz. Extracting by manifest.
1630 silly tarball no local data for @tootallnate/once@https://registry.npmmirror.com/@tootallnate/once/-/once-2.0.0.tgz. Extracting by manifest.
1631 silly tarball no local data for agent-base@https://registry.npmmirror.com/agent-base/-/agent-base-6.0.2.tgz. Extracting by manifest.
1632 silly tarball no local data for minipass-sized@https://registry.npmmirror.com/minipass-sized/-/minipass-sized-1.0.3.tgz. Extracting by manifest.
1633 silly tarball no local data for unique-filename@https://registry.npmmirror.com/unique-filename/-/unique-filename-2.0.1.tgz. Extracting by manifest.
1634 silly tarball no local data for @gar/promisify@https://registry.npmmirror.com/@gar/promisify/-/promisify-1.1.3.tgz. Extracting by manifest.
1635 silly tarball no local data for infer-owner@https://registry.npmmirror.com/infer-owner/-/infer-owner-1.0.4.tgz. Extracting by manifest.
1636 silly tarball no local data for p-map@https://registry.npmmirror.com/p-map/-/p-map-4.0.0.tgz. Extracting by manifest.
1637 silly tarball no local data for promise-inflight@https://registry.npmmirror.com/promise-inflight/-/promise-inflight-1.0.1.tgz. Extracting by manifest.
1638 silly tarball no local data for @npmcli/fs@https://registry.npmmirror.com/@npmcli/fs/-/fs-2.1.2.tgz. Extracting by manifest.
1639 silly tarball no local data for ssri@https://registry.npmmirror.com/ssri/-/ssri-9.0.1.tgz. Extracting by manifest.
1640 silly tarball no local data for humanize-ms@https://registry.npmmirror.com/humanize-ms/-/humanize-ms-1.2.1.tgz. Extracting by manifest.
1641 silly tarball no local data for socks-proxy-agent@https://registry.npmmirror.com/socks-proxy-agent/-/socks-proxy-agent-7.0.0.tgz. Extracting by manifest.
1642 silly tarball no local data for promise-retry@https://registry.npmmirror.com/promise-retry/-/promise-retry-2.0.1.tgz. Extracting by manifest.
1643 silly tarball no local data for @npmcli/move-file@https://registry.npmmirror.com/@npmcli/move-file/-/move-file-2.0.1.tgz. Extracting by manifest.
1644 silly tarball no local data for minipass-flush@https://registry.npmmirror.com/minipass-flush/-/minipass-flush-1.0.5.tgz. Extracting by manifest.
1645 silly tarball no local data for minipass-pipeline@https://registry.npmmirror.com/minipass-pipeline/-/minipass-pipeline-1.2.4.tgz. Extracting by manifest.
1646 silly tarball no local data for negotiator@https://registry.npmmirror.com/negotiator/-/negotiator-0.6.4.tgz. Extracting by manifest.
1647 silly tarball no local data for is-lambda@https://registry.npmmirror.com/is-lambda/-/is-lambda-1.0.1.tgz. Extracting by manifest.
1648 silly tarball no local data for minipass-collect@https://registry.npmmirror.com/minipass-collect/-/minipass-collect-1.0.2.tgz. Extracting by manifest.
1649 silly tarball no local data for https-proxy-agent@https://registry.npmmirror.com/https-proxy-agent/-/https-proxy-agent-5.0.1.tgz. Extracting by manifest.
1650 silly tarball no local data for rimraf@https://registry.npmmirror.com/rimraf/-/rimraf-3.0.2.tgz. Extracting by manifest.
1651 silly tarball no local data for agentkeepalive@https://registry.npmmirror.com/agentkeepalive/-/agentkeepalive-4.6.0.tgz. Extracting by manifest.
1652 silly tarball no local data for http-proxy-agent@https://registry.npmmirror.com/http-proxy-agent/-/http-proxy-agent-5.0.0.tgz. Extracting by manifest.
1653 silly tarball no local data for minipass-fetch@https://registry.npmmirror.com/minipass-fetch/-/minipass-fetch-2.1.2.tgz. Extracting by manifest.
1654 silly tarball no local data for cacache@https://registry.npmmirror.com/cacache/-/cacache-16.1.3.tgz. Extracting by manifest.
1655 silly tarball no local data for nopt@https://registry.npmmirror.com/nopt/-/nopt-6.0.0.tgz. Extracting by manifest.
1656 silly tarball no local data for make-fetch-happen@https://registry.npmmirror.com/make-fetch-happen/-/make-fetch-happen-10.2.1.tgz. Extracting by manifest.
1657 silly tarball no local data for env-paths@https://registry.npmmirror.com/env-paths/-/env-paths-2.2.1.tgz. Extracting by manifest.
1658 silly tarball no local data for npmlog@https://registry.npmmirror.com/npmlog/-/npmlog-6.0.2.tgz. Extracting by manifest.
1659 silly tarball no local data for file-uri-to-path@https://registry.npmmirror.com/file-uri-to-path/-/file-uri-to-path-1.0.0.tgz. Extracting by manifest.
1660 silly tarball no local data for exponential-backoff@https://registry.npmmirror.com/exponential-backoff/-/exponential-backoff-3.1.3.tgz. Extracting by manifest.
1661 silly tarball no local data for bufferstreams@https://registry.npmmirror.com/bufferstreams/-/bufferstreams-3.0.0.tgz. Extracting by manifest.
1662 silly tarball no local data for node-gyp@https://registry.npmmirror.com/node-gyp/-/node-gyp-9.4.1.tgz. Extracting by manifest.
1663 silly tarball no local data for nan@https://registry.npmmirror.com/nan/-/nan-2.23.1.tgz. Extracting by manifest.
1664 silly tarball no local data for bindings@https://registry.npmmirror.com/bindings/-/bindings-1.5.0.tgz. Extracting by manifest.
1665 silly tarball no local data for min-indent@https://registry.npmmirror.com/min-indent/-/min-indent-1.0.1.tgz. Extracting by manifest.
1666 silly tarball no local data for through@https://registry.npmmirror.com/through/-/through-2.3.8.tgz. Extracting by manifest.
1667 silly tarball no local data for @types/normalize-package-data@https://registry.npmmirror.com/@types/normalize-package-data/-/normalize-package-data-2.4.4.tgz. Extracting by manifest.
1668 silly tarball no local data for indent-string@https://registry.npmmirror.com/indent-string/-/indent-string-4.0.0.tgz. Extracting by manifest.
1669 silly tarball no local data for string_decoder@https://registry.npmmirror.com/string_decoder/-/string_decoder-1.1.1.tgz. Extracting by manifest.
1670 silly tarball no local data for strip-indent@https://registry.npmmirror.com/strip-indent/-/strip-indent-3.0.0.tgz. Extracting by manifest.
1671 silly tarball no local data for process-nextick-args@https://registry.npmmirror.com/process-nextick-args/-/process-nextick-args-2.0.1.tgz. Extracting by manifest.
1672 silly tarball no local data for read-pkg@https://registry.npmmirror.com/read-pkg/-/read-pkg-5.2.0.tgz. Extracting by manifest.
1673 silly tarball no local data for core-util-is@https://registry.npmmirror.com/core-util-is/-/core-util-is-1.0.3.tgz. Extracting by manifest.
1674 silly tarball no local data for validate-npm-package-license@https://registry.npmmirror.com/validate-npm-package-license/-/validate-npm-package-license-3.0.4.tgz. Extracting by manifest.
1675 silly tarball no local data for hosted-git-info@https://registry.npmmirror.com/hosted-git-info/-/hosted-git-info-4.1.0.tgz. Extracting by manifest.
1676 silly tarball no local data for kind-of@https://registry.npmmirror.com/kind-of/-/kind-of-6.0.3.tgz. Extracting by manifest.
1677 silly tarball no local data for quick-lru@https://registry.npmmirror.com/quick-lru/-/quick-lru-4.0.1.tgz. Extracting by manifest.
1678 silly tarball no local data for trim-newlines@https://registry.npmmirror.com/trim-newlines/-/trim-newlines-3.0.1.tgz. Extracting by manifest.
1679 silly tarball no local data for map-obj@https://registry.npmmirror.com/map-obj/-/map-obj-4.3.0.tgz. Extracting by manifest.
1680 silly tarball no local data for arrify@https://registry.npmmirror.com/arrify/-/arrify-1.0.1.tgz. Extracting by manifest.
1681 silly tarball no local data for read-pkg-up@https://registry.npmmirror.com/read-pkg-up/-/read-pkg-up-7.0.1.tgz. Extracting by manifest.
1682 silly tarball no local data for redent@https://registry.npmmirror.com/redent/-/redent-3.0.0.tgz. Extracting by manifest.
1683 silly tarball no local data for normalize-package-data@https://registry.npmmirror.com/normalize-package-data/-/normalize-package-data-3.0.3.tgz. Extracting by manifest.
1684 silly tarball no local data for minimist-options@https://registry.npmmirror.com/minimist-options/-/minimist-options-4.1.0.tgz. Extracting by manifest.
1685 silly tarball no local data for hard-rejection@https://registry.npmmirror.com/hard-rejection/-/hard-rejection-2.1.0.tgz. Extracting by manifest.
1686 silly tarball no local data for camelcase-keys@https://registry.npmmirror.com/camelcase-keys/-/camelcase-keys-6.2.2.tgz. Extracting by manifest.
1687 silly tarball no local data for decamelize-keys@https://registry.npmmirror.com/decamelize-keys/-/decamelize-keys-1.1.1.tgz. Extracting by manifest.
1688 silly tarball no local data for decamelize@https://registry.npmmirror.com/decamelize/-/decamelize-1.2.0.tgz. Extracting by manifest.
1689 silly tarball no local data for typedarray@https://registry.npmmirror.com/typedarray/-/typedarray-0.0.6.tgz. Extracting by manifest.
1690 silly tarball no local data for @xmldom/xmldom@https://registry.npmmirror.com/@xmldom/xmldom/-/xmldom-0.8.11.tgz. Extracting by manifest.
1691 silly tarball no local data for @types/minimist@https://registry.npmmirror.com/@types/minimist/-/minimist-1.2.5.tgz. Extracting by manifest.
1692 silly tarball no local data for uuid@https://registry.npmmirror.com/uuid/-/uuid-2.0.3.tgz. Extracting by manifest.
1693 silly tarball no local data for vinyl@https://registry.npmmirror.com/vinyl/-/vinyl-1.2.0.tgz. Extracting by manifest.
1694 silly tarball no local data for code-point@https://registry.npmmirror.com/code-point/-/code-point-1.1.0.tgz. Extracting by manifest.
1695 silly tarball no local data for ttf2woff2@https://registry.npmmirror.com/ttf2woff2/-/ttf2woff2-4.0.5.tgz. Extracting by manifest.
1696 silly tarball no local data for file-type@https://registry.npmmirror.com/file-type/-/file-type-3.9.0.tgz. Extracting by manifest.
1697 silly tarball no local data for through2@https://registry.npmmirror.com/through2/-/through2-4.0.2.tgz. Extracting by manifest.
1698 silly tarball no local data for readable-stream@https://registry.npmmirror.com/readable-stream/-/readable-stream-2.3.8.tgz. Extracting by manifest.
1699 silly tarball no local data for vinyl-fs@https://registry.npmmirror.com/vinyl-fs/-/vinyl-fs-3.0.3.tgz. Extracting by manifest.
1700 silly tarball no local data for stream-combiner@https://registry.npmmirror.com/stream-combiner/-/stream-combiner-0.2.2.tgz. Extracting by manifest.
1701 silly tarball no local data for meow@https://registry.npmmirror.com/meow/-/meow-9.0.0.tgz. Extracting by manifest.
1702 silly tarball no local data for replace-ext@https://registry.npmmirror.com/replace-ext/-/replace-ext-2.0.0.tgz. Extracting by manifest.
1703 silly tarball no local data for is-ttf@https://registry.npmmirror.com/is-ttf/-/is-ttf-0.2.2.tgz. Extracting by manifest.
1704 silly tarball no local data for is-otf@https://registry.npmmirror.com/is-otf/-/is-otf-0.1.2.tgz. Extracting by manifest.
1705 silly tarball no local data for is-svg@https://registry.npmmirror.com/is-svg/-/is-svg-4.4.0.tgz. Extracting by manifest.
1706 silly tarball no local data for get-stdin@https://registry.npmmirror.com/get-stdin/-/get-stdin-8.0.0.tgz. Extracting by manifest.
1707 silly tarball no local data for fonteditor-core@https://registry.npmmirror.com/fonteditor-core/-/fonteditor-core-2.4.1.tgz. Extracting by manifest.
1708 silly tarball no local data for concat-stream@https://registry.npmmirror.com/concat-stream/-/concat-stream-2.0.0.tgz. Extracting by manifest.
1709 silly tarball no local data for buffer-to-vinyl@https://registry.npmmirror.com/buffer-to-vinyl/-/buffer-to-vinyl-1.1.0.tgz. Extracting by manifest.
1710 silly tarball no local data for b3b@https://registry.npmmirror.com/b3b/-/b3b-0.0.1.tgz. Extracting by manifest.
1711 silly tarball no local data for code-points@https://registry.npmmirror.com/code-points/-/code-points-2.0.0-1.tgz. Extracting by manifest.
1712 silly tarball no local data for @types/through2@https://registry.npmmirror.com/@types/through2/-/through2-2.0.41.tgz. Extracting by manifest.
1713 silly tarball no local data for d3-timer@https://registry.npmmirror.com/d3-timer/-/d3-timer-3.0.1.tgz. Extracting by manifest.
1714 silly tarball no local data for d3-dispatch@https://registry.npmmirror.com/d3-dispatch/-/d3-dispatch-3.0.1.tgz. Extracting by manifest.
1715 silly tarball no local data for d3-force@https://registry.npmmirror.com/d3-force/-/d3-force-3.0.0.tgz. Extracting by manifest.
1716 silly tarball no local data for fontmin@https://registry.npmmirror.com/fontmin/-/fontmin-1.1.1.tgz. Extracting by manifest.
1717 silly tarball no local data for d3-quadtree@https://registry.npmmirror.com/d3-quadtree/-/d3-quadtree-3.0.1.tgz. Extracting by manifest.
1718 silly tarball no local data for @iconify-json/simple-icons@https://registry.npmmirror.com/@iconify-json/simple-icons/-/simple-icons-1.2.60.tgz. Extracting by manifest.
1719 silly tarball no local data for @rollup/rollup-win32-x64-msvc@https://registry.npmmirror.com/@rollup/rollup-win32-x64-msvc/-/rollup-win32-x64-msvc-4.53.3.tgz. Extracting by manifest.
1720 silly tarball no local data for @rollup/rollup-win32-x64-gnu@https://registry.npmmirror.com/@rollup/rollup-win32-x64-gnu/-/rollup-win32-x64-gnu-4.53.3.tgz. Extracting by manifest.
1721 silly tarball no local data for @biomejs/cli-win32-x64@https://registry.npmmirror.com/@biomejs/cli-win32-x64/-/cli-win32-x64-2.3.5.tgz. Extracting by manifest.
1722 silly tarball no local data for @astrojs/svelte@https://registry.npmmirror.com/@astrojs/svelte/-/svelte-7.2.2.tgz. Extracting by manifest.
1723 silly tarball no local data for @biomejs/biome@https://registry.npmmirror.com/@biomejs/biome/-/biome-2.3.5.tgz. Extracting by manifest.
1724 silly tarball no local data for svelte@https://registry.npmmirror.com/svelte/-/svelte-5.44.1.tgz. Extracting by manifest.
1725 silly tarball no local data for rollup@https://registry.npmmirror.com/rollup/-/rollup-2.79.2.tgz. Extracting by manifest.
1726 silly tarball no local data for postcss-selector-parser@https://registry.npmmirror.com/postcss-selector-parser/-/postcss-selector-parser-7.1.0.tgz. Extracting by manifest.
1727 silly tarball no local data for magicast@https://registry.npmmirror.com/magicast/-/magicast-0.5.1.tgz. Extracting by manifest.
1728 silly tarball no local data for through2@https://registry.npmmirror.com/through2/-/through2-2.0.5.tgz. Extracting by manifest.
1729 silly tarball no local data for astro@https://registry.npmmirror.com/astro/-/astro-5.15.8.tgz. Extracting by manifest.
1730 silly tarball no local data for vinyl@https://registry.npmmirror.com/vinyl/-/vinyl-2.2.1.tgz. Extracting by manifest.
1731 silly tarball no local data for clone-stats@https://registry.npmmirror.com/clone-stats/-/clone-stats-1.0.0.tgz. Extracting by manifest.
1732 silly tarball no local data for replace-ext@https://registry.npmmirror.com/replace-ext/-/replace-ext-1.0.1.tgz. Extracting by manifest.
1733 silly tarball no local data for pump@https://registry.npmmirror.com/pump/-/pump-2.0.1.tgz. Extracting by manifest.
1734 silly tarball no local data for through2@https://registry.npmmirror.com/through2/-/through2-2.0.5.tgz. Extracting by manifest.
1735 silly tarball no local data for normalize-path@https://registry.npmmirror.com/normalize-path/-/normalize-path-2.1.1.tgz. Extracting by manifest.
1736 silly tarball no local data for through2@https://registry.npmmirror.com/through2/-/through2-2.0.5.tgz. Extracting by manifest.
1737 silly tarball no local data for convert-source-map@https://registry.npmmirror.com/convert-source-map/-/convert-source-map-1.9.0.tgz. Extracting by manifest.
1738 silly tarball no local data for through2@https://registry.npmmirror.com/through2/-/through2-2.0.5.tgz. Extracting by manifest.
1739 silly tarball no local data for brace-expansion@https://registry.npmmirror.com/brace-expansion/-/brace-expansion-1.1.12.tgz. Extracting by manifest.
1740 silly tarball no local data for minimatch@https://registry.npmmirror.com/minimatch/-/minimatch-3.1.2.tgz. Extracting by manifest.
1741 silly tarball no local data for is-glob@https://registry.npmmirror.com/is-glob/-/is-glob-3.1.0.tgz. Extracting by manifest.
1742 silly tarball no local data for glob-parent@https://registry.npmmirror.com/glob-parent/-/glob-parent-3.1.0.tgz. Extracting by manifest.
1743 silly tarball no local data for glob@https://registry.npmmirror.com/glob/-/glob-7.2.3.tgz. Extracting by manifest.
1744 silly tarball no local data for emoji-regex@https://registry.npmmirror.com/emoji-regex/-/emoji-regex-8.0.0.tgz. Extracting by manifest.
1745 silly tarball no local data for ansi-regex@https://registry.npmmirror.com/ansi-regex/-/ansi-regex-5.0.1.tgz. Extracting by manifest.
1746 silly tarball no local data for strip-ansi@https://registry.npmmirror.com/strip-ansi/-/strip-ansi-6.0.1.tgz. Extracting by manifest.
1747 silly tarball no local data for ansi-regex@https://registry.npmmirror.com/ansi-regex/-/ansi-regex-5.0.1.tgz. Extracting by manifest.
1748 silly tarball no local data for string-width@https://registry.npmmirror.com/string-width/-/string-width-4.2.3.tgz. Extracting by manifest.
1749 silly tarball no local data for string-width@https://registry.npmmirror.com/string-width/-/string-width-4.2.3.tgz. Extracting by manifest.
1750 silly tarball no local data for emoji-regex@https://registry.npmmirror.com/emoji-regex/-/emoji-regex-8.0.0.tgz. Extracting by manifest.
1751 silly tarball no local data for minipass@https://registry.npmmirror.com/minipass/-/minipass-3.3.6.tgz. Extracting by manifest.
1752 silly tarball no local data for signal-exit@https://registry.npmmirror.com/signal-exit/-/signal-exit-3.0.7.tgz. Extracting by manifest.
1753 silly tarball no local data for strip-ansi@https://registry.npmmirror.com/strip-ansi/-/strip-ansi-6.0.1.tgz. Extracting by manifest.
1754 silly tarball no local data for readable-stream@https://registry.npmmirror.com/readable-stream/-/readable-stream-3.6.2.tgz. Extracting by manifest.
1755 silly tarball no local data for minipass@https://registry.npmmirror.com/minipass/-/minipass-3.3.6.tgz. Extracting by manifest.
1756 silly tarball no local data for minipass@https://registry.npmmirror.com/minipass/-/minipass-3.3.6.tgz. Extracting by manifest.
1757 silly tarball no local data for minipass@https://registry.npmmirror.com/minipass/-/minipass-3.3.6.tgz. Extracting by manifest.
1758 silly tarball no local data for minipass@https://registry.npmmirror.com/minipass/-/minipass-3.3.6.tgz. Extracting by manifest.
1759 silly tarball no local data for minimatch@https://registry.npmmirror.com/minimatch/-/minimatch-5.1.6.tgz. Extracting by manifest.
1760 silly tarball no local data for brace-expansion@https://registry.npmmirror.com/brace-expansion/-/brace-expansion-1.1.12.tgz. Extracting by manifest.
1761 silly tarball no local data for minipass@https://registry.npmmirror.com/minipass/-/minipass-3.3.6.tgz. Extracting by manifest.
1762 silly tarball no local data for minipass@https://registry.npmmirror.com/minipass/-/minipass-3.3.6.tgz. Extracting by manifest.
1763 silly tarball no local data for glob@https://registry.npmmirror.com/glob/-/glob-7.2.3.tgz. Extracting by manifest.
1764 silly tarball no local data for glob@https://registry.npmmirror.com/glob/-/glob-8.1.0.tgz. Extracting by manifest.
1765 silly tarball no local data for lru-cache@https://registry.npmmirror.com/lru-cache/-/lru-cache-7.18.3.tgz. Extracting by manifest.
1766 silly tarball no local data for lru-cache@https://registry.npmmirror.com/lru-cache/-/lru-cache-7.18.3.tgz. Extracting by manifest.
1767 silly tarball no local data for minipass@https://registry.npmmirror.com/minipass/-/minipass-3.3.6.tgz. Extracting by manifest.
1768 silly tarball no local data for minimatch@https://registry.npmmirror.com/minimatch/-/minimatch-3.1.2.tgz. Extracting by manifest.
1769 silly tarball no local data for brace-expansion@https://registry.npmmirror.com/brace-expansion/-/brace-expansion-1.1.12.tgz. Extracting by manifest.
1770 silly tarball no local data for glob@https://registry.npmmirror.com/glob/-/glob-7.2.3.tgz. Extracting by manifest.
1771 silly tarball no local data for readable-stream@https://registry.npmmirror.com/readable-stream/-/readable-stream-3.6.2.tgz. Extracting by manifest.
1772 silly tarball no local data for hosted-git-info@https://registry.npmmirror.com/hosted-git-info/-/hosted-git-info-2.8.9.tgz. Extracting by manifest.
1773 silly tarball no local data for minimatch@https://registry.npmmirror.com/minimatch/-/minimatch-3.1.2.tgz. Extracting by manifest.
1774 silly tarball no local data for lru-cache@https://registry.npmmirror.com/lru-cache/-/lru-cache-6.0.0.tgz. Extracting by manifest.
1775 silly tarball no local data for type-fest@https://registry.npmmirror.com/type-fest/-/type-fest-0.6.0.tgz. Extracting by manifest.
1776 silly tarball no local data for normalize-package-data@https://registry.npmmirror.com/normalize-package-data/-/normalize-package-data-2.5.0.tgz. Extracting by manifest.
1777 silly tarball no local data for semver@https://registry.npmmirror.com/semver/-/semver-5.7.2.tgz. Extracting by manifest.
1778 silly tarball no local data for safe-buffer@https://registry.npmmirror.com/safe-buffer/-/safe-buffer-5.1.2.tgz. Extracting by manifest.
1779 silly tarball no local data for type-fest@https://registry.npmmirror.com/type-fest/-/type-fest-0.8.1.tgz. Extracting by manifest.
1780 silly tarball no local data for is-plain-obj@https://registry.npmmirror.com/is-plain-obj/-/is-plain-obj-1.1.0.tgz. Extracting by manifest.
1781 silly tarball no local data for map-obj@https://registry.npmmirror.com/map-obj/-/map-obj-1.0.1.tgz. Extracting by manifest.
1782 silly tarball no local data for camelcase@https://registry.npmmirror.com/camelcase/-/camelcase-5.3.1.tgz. Extracting by manifest.
1783 silly tarball no local data for replace-ext@https://registry.npmmirror.com/replace-ext/-/replace-ext-0.0.1.tgz. Extracting by manifest.
1784 silly tarball no local data for clone@https://registry.npmmirror.com/clone/-/clone-1.0.4.tgz. Extracting by manifest.
1785 silly tarball no local data for safe-buffer@https://registry.npmmirror.com/safe-buffer/-/safe-buffer-5.1.2.tgz. Extracting by manifest.
1786 silly tarball no local data for isarray@https://registry.npmmirror.com/isarray/-/isarray-1.0.0.tgz. Extracting by manifest.
1787 silly tarball no local data for through2@https://registry.npmmirror.com/through2/-/through2-2.0.5.tgz. Extracting by manifest.
1788 silly tarball no local data for vinyl@https://registry.npmmirror.com/vinyl/-/vinyl-2.2.1.tgz. Extracting by manifest.
1789 silly tarball no local data for clone-stats@https://registry.npmmirror.com/clone-stats/-/clone-stats-1.0.0.tgz. Extracting by manifest.
1790 silly tarball no local data for replace-ext@https://registry.npmmirror.com/replace-ext/-/replace-ext-1.0.1.tgz. Extracting by manifest.
1791 silly tarball no local data for strnum@https://registry.npmmirror.com/strnum/-/strnum-1.1.2.tgz. Extracting by manifest.
1792 silly tarball no local data for readable-stream@https://registry.npmmirror.com/readable-stream/-/readable-stream-3.6.2.tgz. Extracting by manifest.
1793 silly tarball no local data for yargs-parser@https://registry.npmmirror.com/yargs-parser/-/yargs-parser-20.2.9.tgz. Extracting by manifest.
1794 silly tarball no local data for fast-xml-parser@https://registry.npmmirror.com/fast-xml-parser/-/fast-xml-parser-4.5.3.tgz. Extracting by manifest.
1795 silly tarball no local data for type-fest@https://registry.npmmirror.com/type-fest/-/type-fest-0.18.1.tgz. Extracting by manifest.
1796 silly tarball no local data for @types/node@https://registry.npmmirror.com/@types/node/-/node-12.20.55.tgz. Extracting by manifest.
1797 silly tarball no local data for readable-stream@https://registry.npmmirror.com/readable-stream/-/readable-stream-3.6.2.tgz. Extracting by manifest.
1798 silly tarball no local data for postcss-selector-parser@https://registry.npmmirror.com/postcss-selector-parser/-/postcss-selector-parser-6.1.2.tgz. Extracting by manifest.
1799 silly tarball no local data for pako@https://registry.npmmirror.com/pako/-/pako-2.1.0.tgz. Extracting by manifest.
1800 silly tarball no local data for postcss-selector-parser@https://registry.npmmirror.com/postcss-selector-parser/-/postcss-selector-parser-6.0.10.tgz. Extracting by manifest.
1801 silly tarball no local data for rollup@https://registry.npmmirror.com/rollup/-/rollup-4.53.3.tgz. Extracting by manifest.
1802 silly tarball no local data for postcss-selector-parser@https://registry.npmmirror.com/postcss-selector-parser/-/postcss-selector-parser-6.1.2.tgz. Extracting by manifest.
1803 silly tarball no local data for postcss-selector-parser@https://registry.npmmirror.com/postcss-selector-parser/-/postcss-selector-parser-6.1.2.tgz. Extracting by manifest.
1804 silly tarball no local data for postcss-selector-parser@https://registry.npmmirror.com/postcss-selector-parser/-/postcss-selector-parser-6.1.2.tgz. Extracting by manifest.
1805 silly tarball no local data for postcss-selector-parser@https://registry.npmmirror.com/postcss-selector-parser/-/postcss-selector-parser-6.1.2.tgz. Extracting by manifest.
1806 http fetch GET 200 https://cdn.npmmirror.com/packages/is-windows/1.0.2/is-windows-1.0.2.tgz 374ms (cache miss)
1807 http fetch GET 200 https://cdn.npmmirror.com/packages/path-dirname/1.0.2/path-dirname-1.0.2.tgz 378ms (cache miss)
1808 http fetch GET 200 https://cdn.npmmirror.com/packages/clone-buffer/1.0.0/clone-buffer-1.0.0.tgz 381ms (cache miss)
1809 http fetch GET 200 https://cdn.npmmirror.com/packages/through2-filter/3.0.0/through2-filter-3.0.0.tgz 378ms (cache miss)
1810 http fetch GET 200 https://cdn.npmmirror.com/packages/is-absolute/1.0.0/is-absolute-1.0.0.tgz 374ms (cache miss)
1811 http fetch GET 200 https://cdn.npmmirror.com/packages/unc-path-regex/0.1.2/unc-path-regex-0.1.2.tgz 378ms (cache miss)
1812 http fetch GET 200 https://cdn.npmmirror.com/packages/is-relative/1.0.0/is-relative-1.0.0.tgz 387ms (cache miss)
1813 http fetch GET 200 https://cdn.npmmirror.com/packages/is-buffer/1.1.6/is-buffer-1.1.6.tgz 382ms (cache miss)
1814 http fetch GET 200 https://cdn.npmmirror.com/packages/to-absolute-glob/2.0.2/to-absolute-glob-2.0.2.tgz 386ms (cache miss)
1815 http fetch GET 200 https://cdn.npmmirror.com/packages/is-unc-path/1.0.0/is-unc-path-1.0.0.tgz 397ms (cache miss)
1816 http fetch GET 200 https://cdn.npmmirror.com/packages/ordered-read-streams/1.0.1/ordered-read-streams-1.0.1.tgz 390ms (cache miss)
1817 http fetch GET 200 https://cdn.npmmirror.com/packages/to-through/2.0.0/to-through-2.0.0.tgz 396ms (cache miss)
1818 http fetch GET 200 https://cdn.npmmirror.com/packages/unique-stream/2.4.0/unique-stream-2.4.0.tgz 398ms (cache miss)
1819 http fetch GET 200 https://cdn.npmmirror.com/packages/is-utf8/0.2.1/is-utf8-0.2.1.tgz 401ms (cache miss)
1820 http fetch GET 200 https://cdn.npmmirror.com/packages/is-negated-glob/1.0.0/is-negated-glob-1.0.0.tgz 397ms (cache miss)
1821 http fetch GET 200 https://cdn.npmmirror.com/packages/append-buffer/1.0.2/append-buffer-1.0.2.tgz 407ms (cache miss)
1822 http fetch GET 200 https://cdn.npmmirror.com/packages/cloneable-readable/1.1.3/cloneable-readable-1.1.3.tgz 410ms (cache miss)
1823 http fetch GET 200 https://cdn.npmmirror.com/packages/duplexify/3.7.1/duplexify-3.7.1.tgz 404ms (cache miss)
1824 http fetch GET 200 https://cdn.npmmirror.com/packages/resolve-options/1.1.0/resolve-options-1.1.0.tgz 401ms (cache miss)
1825 http fetch GET 200 https://cdn.npmmirror.com/packages/now-and-later/2.0.1/now-and-later-2.0.1.tgz 413ms (cache miss)
1826 http fetch GET 200 https://cdn.npmmirror.com/packages/buffer-equal/1.0.1/buffer-equal-1.0.1.tgz 418ms (cache miss)
1827 http fetch GET 200 https://cdn.npmmirror.com/packages/flush-write-stream/1.1.1/flush-write-stream-1.1.1.tgz 449ms (cache miss)
1828 http fetch GET 200 https://cdn.npmmirror.com/packages/remove-bom-stream/1.2.0/remove-bom-stream-1.2.0.tgz 446ms (cache miss)
1829 http fetch GET 200 https://cdn.npmmirror.com/packages/remove-trailing-separator/1.1.0/remove-trailing-separator-1.1.0.tgz 462ms (cache miss)
1830 http fetch GET 200 https://cdn.npmmirror.com/packages/remove-bom-buffer/3.0.0/remove-bom-buffer-3.0.0.tgz 468ms (cache miss)
1831 http fetch GET 200 https://cdn.npmmirror.com/packages/glob-stream/6.1.0/glob-stream-6.1.0.tgz 468ms (cache miss)
1832 http fetch GET 200 https://cdn.npmmirror.com/packages/clone-stats/0.0.1/clone-stats-0.0.1.tgz 472ms (cache miss)
1833 http fetch GET 200 https://cdn.npmmirror.com/packages/value-or-function/3.0.0/value-or-function-3.0.0.tgz 475ms (cache miss)
1834 http fetch GET 200 https://cdn.npmmirror.com/packages/fs-mkdirp-stream/1.0.0/fs-mkdirp-stream-1.0.0.tgz 475ms (cache miss)
1835 http fetch GET 200 https://cdn.npmmirror.com/packages/lazystream/1.0.1/lazystream-1.0.1.tgz 500ms (cache miss)
1836 http fetch GET 200 https://cdn.npmmirror.com/packages/spdx-exceptions/2.5.0/spdx-exceptions-2.5.0.tgz 514ms (cache miss)
1837 http fetch GET 200 https://cdn.npmmirror.com/packages/spdx-license-ids/3.0.22/spdx-license-ids-3.0.22.tgz 514ms (cache miss)
1838 http fetch GET 200 https://cdn.npmmirror.com/packages/spdx-expression-parse/3.0.1/spdx-expression-parse-3.0.1.tgz 518ms (cache miss)
1839 http fetch GET 200 https://cdn.npmmirror.com/packages/unique-slug/3.0.0/unique-slug-3.0.0.tgz 523ms (cache miss)
1840 http fetch GET 200 https://cdn.npmmirror.com/packages/imurmurhash/0.1.4/imurmurhash-0.1.4.tgz 538ms (cache miss)
1841 http fetch GET 200 https://cdn.npmmirror.com/packages/smart-buffer/4.2.0/smart-buffer-4.2.0.tgz 546ms (cache miss)
1842 http fetch GET 200 https://cdn.npmmirror.com/packages/err-code/2.0.3/err-code-2.0.3.tgz 615ms (cache miss)
1843 http fetch GET 200 https://cdn.npmmirror.com/packages/clean-stack/2.2.0/clean-stack-2.2.0.tgz 614ms (cache miss)
1844 http fetch GET 200 https://cdn.npmmirror.com/packages/wide-align/1.1.5/wide-align-1.1.5.tgz 626ms (cache miss)
1845 http fetch GET 200 https://cdn.npmmirror.com/packages/aproba/2.1.0/aproba-2.1.0.tgz 669ms (cache miss)
1846 http fetch GET 200 https://cdn.npmmirror.com/packages/delegates/1.0.0/delegates-1.0.0.tgz 706ms (cache miss)
1847 http fetch GET 200 https://cdn.npmmirror.com/packages/is-valid-glob/1.0.0/is-valid-glob-1.0.0.tgz 726ms (cache miss)
1848 http fetch GET 200 https://cdn.npmmirror.com/packages/aggregate-error/3.1.0/aggregate-error-3.1.0.tgz 719ms (cache miss)
1849 http fetch GET 200 https://cdn.npmmirror.com/packages/socks/2.8.7/socks-2.8.7.tgz 726ms (cache miss)
1850 http fetch GET 200 https://cdn.npmmirror.com/packages/gauge/4.0.4/gauge-4.0.4.tgz 768ms (cache miss)
1851 warn deprecated gauge@4.0.4: This package is no longer supported.
1852 http fetch GET 200 https://cdn.npmmirror.com/packages/retry/0.12.0/retry-0.12.0.tgz 783ms (cache miss)
1853 http fetch GET 200 https://cdn.npmmirror.com/packages/ip-address/10.1.0/ip-address-10.1.0.tgz 784ms (cache miss)
1854 http fetch GET 200 https://cdn.npmmirror.com/packages/%40tootallnate/once/2.0.0/once-2.0.0.tgz 806ms (cache miss)
1855 http fetch GET 200 https://cdn.npmmirror.com/packages/console-control-strings/1.1.0/console-control-strings-1.1.0.tgz 813ms (cache miss)
1856 http fetch GET 200 https://cdn.npmmirror.com/packages/are-we-there-yet/3.0.1/are-we-there-yet-3.0.1.tgz 816ms (cache miss)
1857 warn deprecated are-we-there-yet@3.0.1: This package is no longer supported.
1858 http fetch GET 200 https://cdn.npmmirror.com/packages/abbrev/1.1.1/abbrev-1.1.1.tgz 853ms (cache miss)
1859 http fetch GET 200 https://cdn.npmmirror.com/packages/agent-base/6.0.2/agent-base-6.0.2.tgz 885ms (cache miss)
1860 http fetch GET 200 https://cdn.npmmirror.com/packages/unique-filename/2.0.1/unique-filename-2.0.1.tgz 899ms (cache miss)
1861 http fetch GET 200 https://cdn.npmmirror.com/packages/minipass-sized/1.0.3/minipass-sized-1.0.3.tgz 901ms (cache miss)
1862 http fetch GET 200 https://cdn.npmmirror.com/packages/set-blocking/2.0.0/set-blocking-2.0.0.tgz 941ms (cache miss)
1863 http fetch GET 200 https://cdn.npmmirror.com/packages/infer-owner/1.0.4/infer-owner-1.0.4.tgz 949ms (cache miss)
1864 http fetch GET 200 https://cdn.npmmirror.com/packages/%40gar/promisify/1.1.3/promisify-1.1.3.tgz 973ms (cache miss)
1865 http fetch GET 200 https://codeload.github.com/ramya-rao-a/css-parser/tar.gz/370c480ac103bd17c7bcfb34bf5d577dc40d3660 850ms (cache miss)
1866 http fetch GET 200 https://cdn.npmmirror.com/packages/humanize-ms/1.2.1/humanize-ms-1.2.1.tgz 1099ms (cache miss)
1867 http fetch GET 200 https://cdn.npmmirror.com/packages/%40npmcli/fs/2.1.2/fs-2.1.2.tgz 1130ms (cache miss)
1868 http fetch GET 200 https://cdn.npmmirror.com/packages/ssri/9.0.1/ssri-9.0.1.tgz 1136ms (cache miss)
1869 http fetch GET 200 https://cdn.npmmirror.com/packages/socks-proxy-agent/7.0.0/socks-proxy-agent-7.0.0.tgz 1211ms (cache miss)
1870 http fetch GET 200 https://cdn.npmmirror.com/packages/%40npmcli/move-file/2.0.1/move-file-2.0.1.tgz 1246ms (cache miss)
1871 warn deprecated @npmcli/move-file@2.0.1: This functionality has been moved to @npmcli/fs
1872 http fetch GET 200 https://cdn.npmmirror.com/packages/has-unicode/2.0.1/has-unicode-2.0.1.tgz 1277ms (cache miss)
1873 http fetch GET 200 https://cdn.npmmirror.com/packages/minipass-flush/1.0.5/minipass-flush-1.0.5.tgz 1280ms (cache miss)
1874 http fetch GET 200 https://cdn.npmmirror.com/packages/minipass-pipeline/1.2.4/minipass-pipeline-1.2.4.tgz 1347ms (cache miss)
1875 http fetch GET 200 https://cdn.npmmirror.com/packages/is-lambda/1.0.1/is-lambda-1.0.1.tgz 1348ms (cache miss)
1876 http fetch GET 200 https://cdn.npmmirror.com/packages/negotiator/0.6.4/negotiator-0.6.4.tgz 1355ms (cache miss)
1877 http fetch GET 200 https://cdn.npmmirror.com/packages/rimraf/3.0.2/rimraf-3.0.2.tgz 1421ms (cache miss)
1878 warn deprecated rimraf@3.0.2: Rimraf versions prior to v4 are no longer supported
1879 http fetch GET 200 https://cdn.npmmirror.com/packages/agentkeepalive/4.6.0/agentkeepalive-4.6.0.tgz 1498ms (cache miss)
1880 http fetch GET 200 https://cdn.npmmirror.com/packages/p-map/4.0.0/p-map-4.0.0.tgz 1742ms (cache miss)
1881 http fetch GET 200 https://cdn.npmmirror.com/packages/minipass-fetch/2.1.2/minipass-fetch-2.1.2.tgz 1845ms (cache miss)
1882 http fetch GET 200 https://cdn.npmmirror.com/packages/cacache/16.1.3/cacache-16.1.3.tgz 1962ms (cache miss)
1883 http fetch GET 200 https://cdn.npmmirror.com/packages/xtend/4.0.2/xtend-4.0.2.tgz 2057ms (cache miss)
1884 http fetch GET 200 https://cdn.npmmirror.com/packages/json-stable-stringify-without-jsonify/1.0.1/json-stable-stringify-without-jsonify-1.0.1.tgz 2078ms (cache miss)
1885 http fetch GET 200 https://cdn.npmmirror.com/packages/stream-shift/1.0.3/stream-shift-1.0.3.tgz 2120ms (cache miss)
1886 http fetch GET 200 https://cdn.npmmirror.com/packages/env-paths/2.2.1/env-paths-2.2.1.tgz 2109ms (cache miss)
1887 http fetch GET 200 https://cdn.npmmirror.com/packages/vinyl-sourcemap/1.1.0/vinyl-sourcemap-1.1.0.tgz 2162ms (cache miss)
1888 http fetch GET 200 https://cdn.npmmirror.com/packages/npmlog/6.0.2/npmlog-6.0.2.tgz 2170ms (cache miss)
1889 http fetch GET 200 https://cdn.npmmirror.com/packages/make-fetch-happen/10.2.1/make-fetch-happen-10.2.1.tgz 2171ms (cache miss)
1890 warn deprecated npmlog@6.0.2: This package is no longer supported.
1891 http fetch GET 200 https://cdn.npmmirror.com/packages/lead/1.0.0/lead-1.0.0.tgz 2203ms (cache miss)
1892 http fetch GET 200 https://cdn.npmmirror.com/packages/pumpify/1.5.1/pumpify-1.5.1.tgz 2205ms (cache miss)
1893 http fetch GET 200 https://cdn.npmmirror.com/packages/bindings/1.5.0/bindings-1.5.0.tgz 2254ms (cache miss)
1894 http fetch GET 200 https://cdn.npmmirror.com/packages/min-indent/1.0.1/min-indent-1.0.1.tgz 2275ms (cache miss)
1895 http fetch GET 200 https://cdn.npmmirror.com/packages/encoding/0.1.13/encoding-0.1.13.tgz 2334ms (cache miss)
1896 http fetch GET 200 https://cdn.npmmirror.com/packages/spdx-correct/3.2.0/spdx-correct-3.2.0.tgz 2349ms (cache miss)
1897 http fetch GET 200 https://cdn.npmmirror.com/packages/%40types/normalize-package-data/2.4.4/normalize-package-data-2.4.4.tgz 2329ms (cache miss)
1898 http fetch GET 200 https://cdn.npmmirror.com/packages/exponential-backoff/3.1.3/exponential-backoff-3.1.3.tgz 2332ms (cache miss)
1899 http fetch GET 200 https://cdn.npmmirror.com/packages/nan/2.23.1/nan-2.23.1.tgz 2371ms (cache miss)
1900 http fetch GET 200 https://cdn.npmmirror.com/packages/string_decoder/1.1.1/string_decoder-1.1.1.tgz 2404ms (cache miss)
1901 http fetch GET 200 https://cdn.npmmirror.com/packages/process-nextick-args/2.0.1/process-nextick-args-2.0.1.tgz 2413ms (cache miss)
1902 http fetch GET 200 https://cdn.npmmirror.com/packages/indent-string/4.0.0/indent-string-4.0.0.tgz 2483ms (cache miss)
1903 http fetch GET 200 https://cdn.npmmirror.com/packages/read-pkg/5.2.0/read-pkg-5.2.0.tgz 2481ms (cache miss)
1904 http fetch GET 200 https://cdn.npmmirror.com/packages/validate-npm-package-license/3.0.4/validate-npm-package-license-3.0.4.tgz 2556ms (cache miss)
1905 http fetch GET 200 https://cdn.npmmirror.com/packages/hosted-git-info/4.1.0/hosted-git-info-4.1.0.tgz 2564ms (cache miss)
1906 http fetch GET 200 https://cdn.npmmirror.com/packages/kind-of/6.0.3/kind-of-6.0.3.tgz 2637ms (cache miss)
1907 http fetch GET 200 https://cdn.npmmirror.com/packages/quick-lru/4.0.1/quick-lru-4.0.1.tgz 2732ms (cache miss)
1908 http fetch GET 200 https://cdn.npmmirror.com/packages/map-obj/4.3.0/map-obj-4.3.0.tgz 2766ms (cache miss)
1909 http fetch GET 200 https://cdn.npmmirror.com/packages/promise-inflight/1.0.1/promise-inflight-1.0.1.tgz 2859ms (cache miss)
1910 http fetch GET 200 https://cdn.npmmirror.com/packages/read-pkg-up/7.0.1/read-pkg-up-7.0.1.tgz 2919ms (cache miss)
1911 http fetch GET 200 https://cdn.npmmirror.com/packages/trim-newlines/3.0.1/trim-newlines-3.0.1.tgz 2940ms (cache miss)
1912 http fetch GET 200 https://cdn.npmmirror.com/packages/http-proxy-agent/5.0.0/http-proxy-agent-5.0.0.tgz 2984ms (cache miss)
1913 http fetch GET 200 https://cdn.npmmirror.com/packages/promise-retry/2.0.1/promise-retry-2.0.1.tgz 3044ms (cache miss)
1914 http fetch GET 200 https://cdn.npmmirror.com/packages/normalize-package-data/3.0.3/normalize-package-data-3.0.3.tgz 3033ms (cache miss)
1915 http fetch GET 200 https://cdn.npmmirror.com/packages/hard-rejection/2.1.0/hard-rejection-2.1.0.tgz 3091ms (cache miss)
1916 http fetch GET 200 https://cdn.npmmirror.com/packages/camelcase-keys/6.2.2/camelcase-keys-6.2.2.tgz 3118ms (cache miss)
1917 http fetch GET 200 https://cdn.npmmirror.com/packages/decamelize-keys/1.1.1/decamelize-keys-1.1.1.tgz 3188ms (cache miss)
1918 http fetch GET 200 https://cdn.npmmirror.com/packages/minimist-options/4.1.0/minimist-options-4.1.0.tgz 3216ms (cache miss)
1919 http fetch GET 200 https://cdn.npmmirror.com/packages/decamelize/1.2.0/decamelize-1.2.0.tgz 3222ms (cache miss)
1920 http fetch GET 200 https://cdn.npmmirror.com/packages/color-support/1.1.3/color-support-1.1.3.tgz 3256ms (cache miss)
1921 http fetch GET 200 https://cdn.npmmirror.com/packages/https-proxy-agent/5.0.1/https-proxy-agent-5.0.1.tgz 3254ms (cache miss)
1922 http fetch GET 200 https://cdn.npmmirror.com/packages/%40types/minimist/1.2.5/minimist-1.2.5.tgz 3272ms (cache miss)
1923 http fetch GET 200 https://cdn.npmmirror.com/packages/uuid/2.0.3/uuid-2.0.3.tgz 3274ms (cache miss)
1924 http fetch GET 200 https://cdn.npmmirror.com/packages/typedarray/0.0.6/typedarray-0.0.6.tgz 3277ms (cache miss)
1925 http fetch GET 200 https://cdn.npmmirror.com/packages/vinyl/1.2.0/vinyl-1.2.0.tgz 3308ms (cache miss)
1926 warn deprecated uuid@2.0.3: Please upgrade  to version 7 or higher.  Older versions may use Math.random() in certain circumstances, which is known to be problematic.  See https://v8.dev/blog/math-random for details.
1927 http fetch GET 200 https://cdn.npmmirror.com/packages/%40xmldom/xmldom/0.8.11/xmldom-0.8.11.tgz 3311ms (cache miss)
1928 http fetch GET 200 https://cdn.npmmirror.com/packages/file-type/3.9.0/file-type-3.9.0.tgz 3346ms (cache miss)
1929 http fetch GET 200 https://cdn.npmmirror.com/packages/code-point/1.1.0/code-point-1.1.0.tgz 3348ms (cache miss)
1930 http fetch GET 200 https://cdn.npmmirror.com/packages/through2/4.0.2/through2-4.0.2.tgz 3424ms (cache miss)
1931 http fetch GET 200 https://cdn.npmmirror.com/packages/meow/9.0.0/meow-9.0.0.tgz 3440ms (cache miss)
1932 http fetch GET 200 https://cdn.npmmirror.com/packages/readable-stream/2.3.8/readable-stream-2.3.8.tgz 3464ms (cache miss)
1933 http fetch GET 200 https://cdn.npmmirror.com/packages/stream-combiner/0.2.2/stream-combiner-0.2.2.tgz 3490ms (cache miss)
1934 http fetch GET 200 https://cdn.npmmirror.com/packages/is-ttf/0.2.2/is-ttf-0.2.2.tgz 3535ms (cache miss)
1935 http fetch GET 200 https://cdn.npmmirror.com/packages/minipass-collect/1.0.2/minipass-collect-1.0.2.tgz 3565ms (cache miss)
1936 http fetch GET 200 https://cdn.npmmirror.com/packages/is-otf/0.1.2/is-otf-0.1.2.tgz 3545ms (cache miss)
1937 http fetch GET 200 https://cdn.npmmirror.com/packages/is-svg/4.4.0/is-svg-4.4.0.tgz 3561ms (cache miss)
1938 http fetch GET 200 https://cdn.npmmirror.com/packages/vinyl-fs/3.0.3/vinyl-fs-3.0.3.tgz 3567ms (cache miss)
1939 http fetch GET 200 https://cdn.npmmirror.com/packages/get-stdin/8.0.0/get-stdin-8.0.0.tgz 3579ms (cache miss)
1940 http fetch GET 200 https://cdn.npmmirror.com/packages/nopt/6.0.0/nopt-6.0.0.tgz 3634ms (cache miss)
1941 http fetch GET 200 https://cdn.npmmirror.com/packages/buffer-to-vinyl/1.1.0/buffer-to-vinyl-1.1.0.tgz 3627ms (cache miss)
1942 http fetch GET 200 https://cdn.npmmirror.com/packages/concat-stream/2.0.0/concat-stream-2.0.0.tgz 3627ms (cache miss)
1943 http fetch GET 200 https://cdn.npmmirror.com/packages/ttf2woff2/4.0.5/ttf2woff2-4.0.5.tgz 3656ms (cache miss)
1944 http fetch GET 200 https://cdn.npmmirror.com/packages/code-points/2.0.0-1/code-points-2.0.0-1.tgz 3664ms (cache miss)
1945 http fetch GET 200 https://cdn.npmmirror.com/packages/d3-dispatch/3.0.1/d3-dispatch-3.0.1.tgz 3714ms (cache miss)
1946 http fetch GET 200 https://cdn.npmmirror.com/packages/d3-timer/3.0.1/d3-timer-3.0.1.tgz 3756ms (cache miss)
1947 http fetch GET 200 https://cdn.npmmirror.com/packages/d3-force/3.0.0/d3-force-3.0.0.tgz 3776ms (cache miss)
1948 http fetch GET 200 https://cdn.npmmirror.com/packages/fontmin/1.1.1/fontmin-1.1.1.tgz 3822ms (cache miss)
1949 http fetch GET 200 https://cdn.npmmirror.com/packages/d3-quadtree/3.0.1/d3-quadtree-3.0.1.tgz 3854ms (cache miss)
1950 http fetch GET 200 https://cdn.npmmirror.com/packages/file-uri-to-path/1.0.0/file-uri-to-path-1.0.0.tgz 3893ms (cache miss)
1951 http fetch GET 200 https://cdn.npmmirror.com/packages/bufferstreams/3.0.0/bufferstreams-3.0.0.tgz 3901ms (cache miss)
1952 http fetch GET 200 https://cdn.npmmirror.com/packages/through/2.3.8/through-2.3.8.tgz 4012ms (cache miss)
1953 http fetch GET 200 https://cdn.npmmirror.com/packages/%40biomejs/biome/2.3.5/biome-2.3.5.tgz 4035ms (cache miss)
1954 http fetch GET 200 https://cdn.npmmirror.com/packages/%40astrojs/svelte/7.2.2/svelte-7.2.2.tgz 4068ms (cache miss)
1955 http fetch GET 200 https://cdn.npmmirror.com/packages/%40rollup/rollup-win32-x64-gnu/4.53.3/rollup-win32-x64-gnu-4.53.3.tgz 4102ms (cache miss)
1956 http fetch GET 200 https://cdn.npmmirror.com/packages/strip-indent/3.0.0/strip-indent-3.0.0.tgz 4131ms (cache miss)
1957 http fetch GET 200 https://cdn.npmmirror.com/packages/%40rollup/rollup-win32-x64-msvc/4.53.3/rollup-win32-x64-msvc-4.53.3.tgz 4138ms (cache miss)
1958 http fetch GET 200 https://cdn.npmmirror.com/packages/vinyl/2.2.1/vinyl-2.2.1.tgz 4140ms (cache miss)
1959 http fetch GET 200 https://cdn.npmmirror.com/packages/replace-ext/1.0.1/replace-ext-1.0.1.tgz 4154ms (cache miss)
1960 http fetch GET 200 https://cdn.npmmirror.com/packages/pump/2.0.1/pump-2.0.1.tgz 4155ms (cache miss)
1961 http fetch GET 200 https://cdn.npmmirror.com/packages/magicast/0.5.1/magicast-0.5.1.tgz 4166ms (cache miss)
1962 http fetch GET 200 https://cdn.npmmirror.com/packages/core-util-is/1.0.3/core-util-is-1.0.3.tgz 4198ms (cache miss)
1963 http fetch GET 200 https://cdn.npmmirror.com/packages/postcss-selector-parser/7.1.0/postcss-selector-parser-7.1.0.tgz 4216ms (cache miss)
1964 http fetch GET 200 https://cdn.npmmirror.com/packages/convert-source-map/1.9.0/convert-source-map-1.9.0.tgz 4240ms (cache miss)
1965 http fetch GET 200 https://cdn.npmmirror.com/packages/rollup/2.79.2/rollup-2.79.2.tgz 4260ms (cache miss)
1966 http fetch GET 200 https://cdn.npmmirror.com/packages/brace-expansion/1.1.12/brace-expansion-1.1.12.tgz 4373ms (cache miss)
1967 http fetch GET 200 https://cdn.npmmirror.com/packages/minimatch/3.1.2/minimatch-3.1.2.tgz 4414ms (cache miss)
1968 http fetch GET 200 https://cdn.npmmirror.com/packages/node-gyp/9.4.1/node-gyp-9.4.1.tgz 4447ms (cache miss)
1969 http fetch GET 200 https://cdn.npmmirror.com/packages/is-glob/3.1.0/is-glob-3.1.0.tgz 4529ms (cache miss)
1970 http fetch GET 200 https://cdn.npmmirror.com/packages/arrify/1.0.1/arrify-1.0.1.tgz 4580ms (cache miss)
1971 http fetch GET 200 https://cdn.npmmirror.com/packages/glob/7.2.3/glob-7.2.3.tgz 4646ms (cache miss)
1972 warn deprecated glob@7.2.3: Glob versions prior to v9 are no longer supported
1973 http fetch GET 200 https://cdn.npmmirror.com/packages/glob-parent/3.1.0/glob-parent-3.1.0.tgz 4657ms (cache miss)
1974 http fetch GET 200 https://cdn.npmmirror.com/packages/redent/3.0.0/redent-3.0.0.tgz 4769ms (cache miss)
1975 http fetch GET 200 https://cdn.npmmirror.com/packages/ansi-regex/5.0.1/ansi-regex-5.0.1.tgz 4768ms (cache miss)
1976 http cache https://cdn.npmmirror.com/packages/ansi-regex/5.0.1/ansi-regex-5.0.1.tgz 4835ms (cache hit)
1977 http fetch GET 200 https://cdn.npmmirror.com/packages/emoji-regex/8.0.0/emoji-regex-8.0.0.tgz 4956ms (cache miss)
1978 http fetch GET 200 https://cdn.npmmirror.com/packages/string-width/4.2.3/string-width-4.2.3.tgz 4959ms (cache miss)
1979 http cache https://cdn.npmmirror.com/packages/emoji-regex/8.0.0/emoji-regex-8.0.0.tgz 5000ms (cache hit)
1980 http fetch GET 200 https://cdn.npmmirror.com/packages/%40biomejs/cli-win32-x64/2.3.5/cli-win32-x64-2.3.5.tgz 5056ms (cache miss)
1981 http fetch GET 200 https://cdn.npmmirror.com/packages/replace-ext/2.0.0/replace-ext-2.0.0.tgz 5069ms (cache miss)
1982 http cache https://cdn.npmmirror.com/packages/string-width/4.2.3/string-width-4.2.3.tgz 5055ms (cache hit)
1983 http fetch GET 200 https://cdn.npmmirror.com/packages/minipass/3.3.6/minipass-3.3.6.tgz 5141ms (cache miss)
1984 http fetch GET 200 https://cdn.npmmirror.com/packages/signal-exit/3.0.7/signal-exit-3.0.7.tgz 5147ms (cache miss)
1985 http fetch GET 200 https://cdn.npmmirror.com/packages/readable-stream/3.6.2/readable-stream-3.6.2.tgz 5283ms (cache miss)
1986 http cache https://cdn.npmmirror.com/packages/minipass/3.3.6/minipass-3.3.6.tgz 5291ms (cache hit)
1987 http cache https://cdn.npmmirror.com/packages/minipass/3.3.6/minipass-3.3.6.tgz 5342ms (cache hit)
1988 http fetch GET 200 https://cdn.npmmirror.com/packages/b3b/0.0.1/b3b-0.0.1.tgz 5377ms (cache miss)
1989 http cache https://cdn.npmmirror.com/packages/minipass/3.3.6/minipass-3.3.6.tgz 5379ms (cache hit)
1990 http cache https://cdn.npmmirror.com/packages/minipass/3.3.6/minipass-3.3.6.tgz 5379ms (cache hit)
1991 http fetch GET 200 https://cdn.npmmirror.com/packages/minimatch/5.1.6/minimatch-5.1.6.tgz 5414ms (cache miss)
1992 http cache https://cdn.npmmirror.com/packages/brace-expansion/1.1.12/brace-expansion-1.1.12.tgz 5418ms (cache hit)
1993 http cache https://cdn.npmmirror.com/packages/minipass/3.3.6/minipass-3.3.6.tgz 5474ms (cache hit)
1994 http fetch GET 200 https://cdn.npmmirror.com/packages/%40types/through2/2.0.41/through2-2.0.41.tgz 5499ms (cache miss)
1995 http cache https://cdn.npmmirror.com/packages/minipass/3.3.6/minipass-3.3.6.tgz 5518ms (cache hit)
1996 http fetch GET 200 https://cdn.npmmirror.com/packages/glob/8.1.0/glob-8.1.0.tgz 5527ms (cache miss)
1997 warn deprecated glob@8.1.0: Glob versions prior to v9 are no longer supported
1998 http cache https://cdn.npmmirror.com/packages/minipass/3.3.6/minipass-3.3.6.tgz 5578ms (cache hit)
1999 http cache https://cdn.npmmirror.com/packages/minimatch/3.1.2/minimatch-3.1.2.tgz 5592ms (cache hit)
2000 http fetch GET 200 https://cdn.npmmirror.com/packages/strip-ansi/6.0.1/strip-ansi-6.0.1.tgz 5605ms (cache miss)
2001 http fetch GET 200 https://cdn.npmmirror.com/packages/lru-cache/7.18.3/lru-cache-7.18.3.tgz 5612ms (cache miss)
2002 http cache https://cdn.npmmirror.com/packages/strip-ansi/6.0.1/strip-ansi-6.0.1.tgz 5621ms (cache hit)
2003 http fetch GET 200 https://cdn.npmmirror.com/packages/lru-cache/7.18.3/lru-cache-7.18.3.tgz 5619ms (cache miss)
2004 http cache https://cdn.npmmirror.com/packages/brace-expansion/1.1.12/brace-expansion-1.1.12.tgz 5654ms (cache hit)
2005 http cache https://cdn.npmmirror.com/packages/minimatch/3.1.2/minimatch-3.1.2.tgz 5654ms (cache hit)
2006 http fetch GET 200 https://cdn.npmmirror.com/packages/lru-cache/6.0.0/lru-cache-6.0.0.tgz 5676ms (cache miss)
2007 http fetch GET 200 https://cdn.npmmirror.com/packages/type-fest/0.6.0/type-fest-0.6.0.tgz 5753ms (cache miss)
2008 http fetch GET 200 https://cdn.npmmirror.com/packages/through2/2.0.5/through2-2.0.5.tgz 5808ms (cache miss)
2009 http fetch GET 200 https://cdn.npmmirror.com/packages/semver/5.7.2/semver-5.7.2.tgz 5805ms (cache miss)
2010 http fetch GET 200 https://cdn.npmmirror.com/packages/through2/2.0.5/through2-2.0.5.tgz 5825ms (cache miss)
2011 http fetch GET 200 https://cdn.npmmirror.com/packages/is-plain-obj/1.1.0/is-plain-obj-1.1.0.tgz 5810ms (cache miss)
2012 http cache https://cdn.npmmirror.com/packages/through2/2.0.5/through2-2.0.5.tgz 5851ms (cache hit)
2013 http fetch GET 200 https://cdn.npmmirror.com/packages/type-fest/0.8.1/type-fest-0.8.1.tgz 5847ms (cache miss)
2014 http fetch GET 200 https://cdn.npmmirror.com/packages/normalize-path/2.1.1/normalize-path-2.1.1.tgz 5891ms (cache miss)
2015 http fetch GET 200 https://cdn.npmmirror.com/packages/map-obj/1.0.1/map-obj-1.0.1.tgz 5877ms (cache miss)
2016 http fetch GET 200 https://cdn.npmmirror.com/packages/camelcase/5.3.1/camelcase-5.3.1.tgz 5878ms (cache miss)
2017 http fetch GET 200 https://cdn.npmmirror.com/packages/clone-stats/1.0.0/clone-stats-1.0.0.tgz 5896ms (cache miss)
2018 http fetch GET 200 https://cdn.npmmirror.com/packages/replace-ext/0.0.1/replace-ext-0.0.1.tgz 5881ms (cache miss)
2019 http fetch GET 200 https://cdn.npmmirror.com/packages/%40iconify-json/simple-icons/1.2.60/simple-icons-1.2.60.tgz 5932ms (cache miss)
2020 http cache https://cdn.npmmirror.com/packages/through2/2.0.5/through2-2.0.5.tgz 5911ms (cache hit)
2021 http fetch GET 200 https://cdn.npmmirror.com/packages/clone/1.0.4/clone-1.0.4.tgz 5921ms (cache miss)
2022 http cache https://cdn.npmmirror.com/packages/clone-stats/1.0.0/clone-stats-1.0.0.tgz 5921ms (cache hit)
2023 http cache https://cdn.npmmirror.com/packages/replace-ext/1.0.1/replace-ext-1.0.1.tgz 5921ms (cache hit)
2024 http fetch GET 200 https://cdn.npmmirror.com/packages/strnum/1.1.2/strnum-1.1.2.tgz 5971ms (cache miss)
2025 http fetch GET 200 https://cdn.npmmirror.com/packages/fonteditor-core/2.4.1/fonteditor-core-2.4.1.tgz 6036ms (cache miss)
2026 http fetch GET 200 https://cdn.npmmirror.com/packages/yargs-parser/20.2.9/yargs-parser-20.2.9.tgz 6014ms (cache miss)
2027 http fetch GET 200 https://cdn.npmmirror.com/packages/%40types/node/12.20.55/node-12.20.55.tgz 6197ms (cache miss)
2028 http fetch GET 200 https://cdn.npmmirror.com/packages/postcss-selector-parser/6.1.2/postcss-selector-parser-6.1.2.tgz 6274ms (cache miss)
2029 http fetch GET 200 https://cdn.npmmirror.com/packages/type-fest/0.18.1/type-fest-0.18.1.tgz 6276ms (cache miss)
2030 http cache https://cdn.npmmirror.com/packages/postcss-selector-parser/6.1.2/postcss-selector-parser-6.1.2.tgz 6282ms (cache hit)
2031 http fetch GET 200 https://cdn.npmmirror.com/packages/fast-xml-parser/4.5.3/fast-xml-parser-4.5.3.tgz 6327ms (cache miss)
2032 http fetch GET 200 https://cdn.npmmirror.com/packages/pako/2.1.0/pako-2.1.0.tgz 6338ms (cache miss)
2033 http fetch GET 200 https://cdn.npmmirror.com/packages/postcss-selector-parser/6.1.2/postcss-selector-parser-6.1.2.tgz 6343ms (cache miss)
2034 http fetch GET 200 https://cdn.npmmirror.com/packages/rollup/4.53.3/rollup-4.53.3.tgz 6379ms (cache miss)
2035 http fetch GET 200 https://cdn.npmmirror.com/packages/svelte/5.44.1/svelte-5.44.1.tgz 6821ms (cache miss)
2036 http cache https://cdn.npmmirror.com/packages/glob/7.2.3/glob-7.2.3.tgz 6876ms (cache hit)
2037 warn deprecated glob@7.2.3: Glob versions prior to v9 are no longer supported
2038 http cache https://cdn.npmmirror.com/packages/glob/7.2.3/glob-7.2.3.tgz 6929ms (cache hit)
2039 warn deprecated glob@7.2.3: Glob versions prior to v9 are no longer supported
2040 http cache https://cdn.npmmirror.com/packages/readable-stream/3.6.2/readable-stream-3.6.2.tgz 6977ms (cache hit)
2041 http fetch GET 200 https://cdn.npmmirror.com/packages/hosted-git-info/2.8.9/hosted-git-info-2.8.9.tgz 7001ms (cache miss)
2042 http cache https://cdn.npmmirror.com/packages/readable-stream/3.6.2/readable-stream-3.6.2.tgz 7025ms (cache hit)
2043 http fetch GET 200 https://cdn.npmmirror.com/packages/astro/5.15.8/astro-5.15.8.tgz 7061ms (cache miss)
2044 http fetch GET 200 https://cdn.npmmirror.com/packages/safe-buffer/5.1.2/safe-buffer-5.1.2.tgz 7055ms (cache miss)
2045 http cache https://cdn.npmmirror.com/packages/readable-stream/3.6.2/readable-stream-3.6.2.tgz 7060ms (cache hit)
2046 http cache https://cdn.npmmirror.com/packages/through2/2.0.5/through2-2.0.5.tgz 7083ms (cache hit)
2047 http fetch GET 200 https://cdn.npmmirror.com/packages/normalize-package-data/2.5.0/normalize-package-data-2.5.0.tgz 7070ms (cache miss)
2048 http cache https://cdn.npmmirror.com/packages/safe-buffer/5.1.2/safe-buffer-5.1.2.tgz 7073ms (cache hit)
2049 http cache https://cdn.npmmirror.com/packages/vinyl/2.2.1/vinyl-2.2.1.tgz 7162ms (cache hit)
2050 http fetch GET 200 https://cdn.npmmirror.com/packages/isarray/1.0.0/isarray-1.0.0.tgz 7163ms (cache miss)
2051 http fetch GET 200 https://cdn.npmmirror.com/packages/postcss-selector-parser/6.0.10/postcss-selector-parser-6.0.10.tgz 7547ms (cache miss)
2052 http cache https://cdn.npmmirror.com/packages/postcss-selector-parser/6.1.2/postcss-selector-parser-6.1.2.tgz 7557ms (cache hit)
2053 http cache https://cdn.npmmirror.com/packages/postcss-selector-parser/6.1.2/postcss-selector-parser-6.1.2.tgz 9023ms (cache hit)
2054 silly packumentCache heap:4345298944 maxSize:1086324736 maxEntrySize:543162368
2055 info run ttf2woff2@4.0.5 install node_modules/ttf2woff2 ((node-gyp configure && node-gyp build) > builderror.log) || (exit 0)
2056 info run ttf2woff2@4.0.5 install { code: 0, signal: null }
2057 silly ADD
2058 silly ADD
2059 silly ADD
2060 silly ADD
2061 silly ADD
2062 silly ADD
2063 silly ADD
2064 silly ADD
2065 silly ADD
2066 silly ADD
2067 silly ADD
2068 silly ADD
2069 silly ADD
2070 silly ADD
2071 silly ADD
2072 silly ADD
2073 silly ADD
2074 silly ADD
2075 silly ADD
2076 silly ADD
2077 silly ADD node_modules/cloneable-readable
2078 silly ADD node_modules/clone-buffer
2079 silly ADD node_modules/path-dirname
2080 silly ADD node_modules/buffer-equal
2081 silly ADD node_modules/now-and-later
2082 silly ADD node_modules/append-buffer
2083 silly ADD node_modules/xtend
2084 silly ADD node_modules/through2-filter
2085 silly ADD node_modules/through2-filter/node_modules/through2
2086 silly ADD node_modules/json-stable-stringify-without-jsonify
2087 silly ADD node_modules/unc-path-regex
2088 silly ADD node_modules/is-unc-path
2089 silly ADD node_modules/is-windows
2090 silly ADD node_modules/is-relative
2091 silly ADD node_modules/is-absolute
2092 silly ADD node_modules/is-utf8
2093 silly ADD node_modules/is-buffer
2094 silly ADD node_modules/stream-shift
2095 silly ADD node_modules/duplexify
2096 silly ADD node_modules/flush-write-stream
2097 silly ADD node_modules/unique-stream
2098 silly ADD node_modules/to-absolute-glob
2099 silly ADD node_modules/remove-trailing-separator
2100 silly ADD node_modules/ordered-read-streams
2101 silly ADD node_modules/is-negated-glob
2102 silly ADD node_modules/vinyl-sourcemap
2103 silly ADD node_modules/vinyl-sourcemap/node_modules/replace-ext
2104 silly ADD node_modules/vinyl-sourcemap/node_modules/clone-stats
2105 silly ADD node_modules/vinyl-sourcemap/node_modules/vinyl
2106 silly ADD node_modules/vinyl-sourcemap/node_modules/normalize-path
2107 silly ADD node_modules/vinyl-sourcemap/node_modules/convert-source-map
2108 silly ADD node_modules/value-or-function
2109 silly ADD node_modules/to-through
2110 silly ADD node_modules/to-through/node_modules/through2
2111 silly ADD node_modules/resolve-options
2112 silly ADD node_modules/remove-bom-stream
2113 silly ADD node_modules/remove-bom-stream/node_modules/through2
2114 silly ADD node_modules/remove-bom-buffer
2115 silly ADD node_modules/pumpify
2116 silly ADD node_modules/pumpify/node_modules/pump
2117 silly ADD node_modules/lead
2118 silly ADD node_modules/lazystream
2119 silly ADD node_modules/is-valid-glob
2120 silly ADD node_modules/glob-stream
2121 silly ADD node_modules/glob-stream/node_modules/brace-expansion
2122 silly ADD node_modules/glob-stream/node_modules/is-glob
2123 silly ADD node_modules/glob-stream/node_modules/minimatch
2124 silly ADD node_modules/glob-stream/node_modules/glob-parent
2125 silly ADD node_modules/glob-stream/node_modules/glob
2126 silly ADD node_modules/fs-mkdirp-stream
2127 silly ADD node_modules/fs-mkdirp-stream/node_modules/through2
2128 silly ADD node_modules/clone-stats
2129 silly ADD node_modules/spdx-exceptions
2130 silly ADD node_modules/spdx-license-ids
2131 silly ADD node_modules/spdx-expression-parse
2132 silly ADD node_modules/spdx-correct
2133 silly ADD node_modules/imurmurhash
2134 silly ADD node_modules/unique-slug
2135 silly ADD node_modules/smart-buffer
2136 silly ADD node_modules/ip-address
2137 silly ADD node_modules/socks
2138 silly ADD node_modules/retry
2139 silly ADD node_modules/err-code
2140 silly ADD node_modules/clean-stack
2141 silly ADD node_modules/aggregate-error
2142 silly ADD node_modules/wide-align
2143 silly ADD node_modules/wide-align/node_modules/ansi-regex
2144 silly ADD node_modules/wide-align/node_modules/strip-ansi
2145 silly ADD node_modules/wide-align/node_modules/emoji-regex
2146 silly ADD node_modules/wide-align/node_modules/string-width
2147 silly ADD node_modules/has-unicode
2148 silly ADD node_modules/color-support
2149 silly ADD node_modules/aproba
2150 silly ADD node_modules/delegates
2151 silly ADD node_modules/set-blocking
2152 silly ADD node_modules/gauge
2153 silly ADD node_modules/gauge/node_modules/ansi-regex
2154 silly ADD node_modules/gauge/node_modules/emoji-regex
2155 silly ADD node_modules/gauge/node_modules/strip-ansi
2156 silly ADD node_modules/gauge/node_modules/string-width
2157 silly ADD node_modules/gauge/node_modules/signal-exit
2158 silly ADD node_modules/console-control-strings
2159 silly ADD node_modules/are-we-there-yet
2160 silly ADD node_modules/are-we-there-yet/node_modules/readable-stream
2161 silly ADD node_modules/abbrev
2162 silly ADD node_modules/minipass-sized
2163 silly ADD node_modules/minipass-sized/node_modules/minipass
2164 silly ADD node_modules/encoding
2165 silly ADD node_modules/agent-base
2166 silly ADD node_modules/@tootallnate/once
2167 silly ADD node_modules/@gar/promisify
2168 silly ADD node_modules/unique-filename
2169 silly ADD node_modules/promise-inflight
2170 silly ADD node_modules/p-map
2171 silly ADD node_modules/infer-owner
2172 silly ADD node_modules/@npmcli/move-file
2173 silly ADD node_modules/@npmcli/fs
2174 silly ADD node_modules/humanize-ms
2175 silly ADD node_modules/ssri
2176 silly ADD node_modules/ssri/node_modules/minipass
2177 silly ADD node_modules/socks-proxy-agent
2178 silly ADD node_modules/promise-retry
2179 silly ADD node_modules/negotiator
2180 silly ADD node_modules/minipass-pipeline
2181 silly ADD node_modules/minipass-pipeline/node_modules/minipass
2182 silly ADD node_modules/minipass-flush
2183 silly ADD node_modules/minipass-flush/node_modules/minipass
2184 silly ADD node_modules/minipass-fetch
2185 silly ADD node_modules/minipass-fetch/node_modules/minipass
2186 silly ADD node_modules/minipass-collect
2187 silly ADD node_modules/minipass-collect/node_modules/minipass
2188 silly ADD node_modules/is-lambda
2189 silly ADD node_modules/https-proxy-agent
2190 silly ADD node_modules/http-proxy-agent
2191 silly ADD node_modules/cacache
2192 silly ADD node_modules/cacache/node_modules/minimatch
2193 silly ADD node_modules/cacache/node_modules/minipass
2194 silly ADD node_modules/cacache/node_modules/lru-cache
2195 silly ADD node_modules/cacache/node_modules/glob
2196 silly ADD node_modules/agentkeepalive
2197 silly ADD node_modules/rimraf
2198 silly ADD node_modules/rimraf/node_modules/brace-expansion
2199 silly ADD node_modules/rimraf/node_modules/minimatch
2200 silly ADD node_modules/rimraf/node_modules/glob
2201 silly ADD node_modules/npmlog
2202 silly ADD node_modules/nopt
2203 silly ADD node_modules/make-fetch-happen
2204 silly ADD node_modules/make-fetch-happen/node_modules/minipass
2205 silly ADD node_modules/make-fetch-happen/node_modules/lru-cache
2206 silly ADD node_modules/exponential-backoff
2207 silly ADD node_modules/env-paths
2208 silly ADD node_modules/file-uri-to-path
2209 silly ADD node_modules/node-gyp
2210 silly ADD node_modules/node-gyp/node_modules/brace-expansion
2211 silly ADD node_modules/node-gyp/node_modules/minimatch
2212 silly ADD node_modules/node-gyp/node_modules/glob
2213 silly ADD node_modules/nan
2214 silly ADD node_modules/bufferstreams
2215 silly ADD node_modules/bufferstreams/node_modules/readable-stream
2216 silly ADD node_modules/bindings
2217 silly ADD node_modules/min-indent
2218 silly ADD node_modules/through
2219 silly ADD
2220 silly ADD node_modules/strip-indent
2221 silly ADD node_modules/indent-string
2222 silly ADD node_modules/string_decoder
2223 silly ADD node_modules/string_decoder/node_modules/safe-buffer
2224 silly ADD node_modules/process-nextick-args
2225 silly ADD node_modules/core-util-is
2226 silly ADD node_modules/@types/normalize-package-data
2227 silly ADD node_modules/read-pkg
2228 silly ADD node_modules/read-pkg/node_modules/semver
2229 silly ADD node_modules/read-pkg/node_modules/hosted-git-info
2230 silly ADD node_modules/read-pkg/node_modules/type-fest
2231 silly ADD node_modules/read-pkg/node_modules/normalize-package-data
2232 silly ADD node_modules/validate-npm-package-license
2233 silly ADD node_modules/hosted-git-info
2234 silly ADD node_modules/hosted-git-info/node_modules/lru-cache
2235 silly ADD node_modules/kind-of
2236 silly ADD node_modules/arrify
2237 silly ADD node_modules/quick-lru
2238 silly ADD node_modules/map-obj
2239 silly ADD node_modules/trim-newlines
2240 silly ADD node_modules/redent
2241 silly ADD node_modules/read-pkg-up
2242 silly ADD node_modules/read-pkg-up/node_modules/type-fest
2243 silly ADD node_modules/normalize-package-data
2244 silly ADD node_modules/minimist-options
2245 silly ADD node_modules/minimist-options/node_modules/is-plain-obj
2246 silly ADD node_modules/hard-rejection
2247 silly ADD node_modules/decamelize-keys
2248 silly ADD node_modules/decamelize-keys/node_modules/map-obj
2249 silly ADD node_modules/decamelize
2250 silly ADD node_modules/camelcase-keys
2251 silly ADD node_modules/camelcase-keys/node_modules/camelcase
2252 silly ADD node_modules/@types/minimist
2253 silly ADD node_modules/@xmldom/xmldom
2254 silly ADD node_modules/typedarray
2255 silly ADD node_modules/code-point
2256 silly ADD node_modules/vinyl
2257 silly ADD node_modules/vinyl/node_modules/replace-ext
2258 silly ADD node_modules/vinyl/node_modules/clone
2259 silly ADD node_modules/uuid
2260 silly ADD node_modules/readable-stream
2261 silly ADD node_modules/readable-stream/node_modules/safe-buffer
2262 silly ADD node_modules/readable-stream/node_modules/isarray
2263 silly ADD node_modules/file-type
2264 silly ADD node_modules/vinyl-fs
2265 silly ADD node_modules/vinyl-fs/node_modules/replace-ext
2266 silly ADD node_modules/vinyl-fs/node_modules/clone-stats
2267 silly ADD node_modules/vinyl-fs/node_modules/vinyl
2268 silly ADD node_modules/vinyl-fs/node_modules/through2
2269 silly ADD node_modules/ttf2woff2
2270 silly ADD node_modules/through2
2271 silly ADD node_modules/through2/node_modules/readable-stream
2272 silly ADD node_modules/stream-combiner
2273 silly ADD node_modules/replace-ext
2274 silly ADD node_modules/meow
2275 silly ADD node_modules/meow/node_modules/yargs-parser
2276 silly ADD node_modules/meow/node_modules/type-fest
2277 silly ADD node_modules/is-ttf
2278 silly ADD node_modules/is-svg
2279 silly ADD node_modules/is-svg/node_modules/strnum
2280 silly ADD node_modules/is-svg/node_modules/fast-xml-parser
2281 silly ADD node_modules/is-otf
2282 silly ADD node_modules/get-stdin
2283 silly ADD node_modules/fonteditor-core
2284 silly ADD node_modules/concat-stream
2285 silly ADD node_modules/concat-stream/node_modules/readable-stream
2286 silly ADD node_modules/code-points
2287 silly ADD node_modules/buffer-to-vinyl
2288 silly ADD node_modules/b3b
2289 silly ADD node_modules/@types/through2
2290 silly ADD node_modules/d3-timer
2291 silly ADD node_modules/d3-quadtree
2292 silly ADD node_modules/d3-dispatch
2293 silly ADD
2294 silly ADD
2295 silly ADD
2296 silly ADD
2297 silly ADD
2298 silly ADD
2299 silly ADD
2300 silly ADD node_modules/fontmin
2301 silly ADD node_modules/fontmin/node_modules/pako
2302 silly ADD node_modules/fontmin/node_modules/@types/node
2303 silly ADD node_modules/d3-force
2304 silly REMOVE node_modules/@types/js-yaml
2305 silly ADD node_modules/@tailwindcss/typography/node_modules/postcss-selector-parser
2306 silly CHANGE node_modules/@rollup/rollup-win32-x64-gnu
2307 silly CHANGE node_modules/@rollup/rollup-win32-x64-msvc
2308 silly CHANGE node_modules/@iconify-json/simple-icons
2309 silly CHANGE node_modules/@emmetio/css-parser
2310 silly CHANGE node_modules/@biomejs/biome
2311 silly CHANGE node_modules/@biomejs/cli-win32-x64
2312 silly CHANGE node_modules/@astrojs/svelte
2313 silly ADD node_modules/vite/node_modules/rollup
2314 silly CHANGE node_modules/svelte
2315 silly ADD node_modules/stylehacks/node_modules/postcss-selector-parser
2316 silly CHANGE node_modules/rollup
2317 silly ADD node_modules/postcss-unique-selectors/node_modules/postcss-selector-parser
2318 silly CHANGE node_modules/postcss-selector-parser
2319 silly REMOVE node_modules/postcss-nesting/node_modules/postcss-selector-parser
2320 silly REMOVE node_modules/postcss-modules-local-by-default/node_modules/postcss-selector-parser
2321 silly REMOVE node_modules/postcss-modules-scope/node_modules/postcss-selector-parser
2322 silly ADD node_modules/postcss-merge-rules/node_modules/postcss-selector-parser
2323 silly ADD node_modules/postcss-minify-selectors/node_modules/postcss-selector-parser
2324 silly ADD node_modules/postcss-calc/node_modules/postcss-selector-parser
2325 silly REMOVE node_modules/microbundle/node_modules/rollup
2326 silly CHANGE node_modules/magicast
2327 silly CHANGE node_modules/astro
2328 verbose cwd D:\cursor\project8  blog\test
2329 verbose os Windows_NT 10.0.22631
2330 verbose node v22.20.0
2331 verbose npm  v10.9.3
2332 notice
2332 notice New major version of npm available! 10.9.3 -> 11.6.4
2332 notice Changelog: https://github.com/npm/cli/releases/tag/v11.6.4
2332 notice To update run: npm install -g npm@11.6.4
2332 notice  { force: true, [Symbol(proc-log.meta)]: true }
2333 verbose exit 0
2334 info ok
