0 verbose cli D:\nodejs\node.exe D:\nodejs\node_modules\npm\bin\npm-cli.js
1 info using npm@10.9.3
2 info using node@v22.20.0
3 silly config load:file:D:\nodejs\node_modules\npm\npmrc
4 warn config optional Use `--omit=optional` to exclude optional dependencies, or
4 warn config `--include=optional` to include them.
4 warn config
4 warn config       Default value does install optional deps unless otherwise omitted.
5 silly config load:file:D:\cursor\project8  blog\test\.npmrc
6 silly config load:file:C:\Users\Arthur\.npmrc
7 silly config load:file:D:\nodejs\node_global\etc\npmrc
8 verbose title npm install
9 verbose argv "install" "--cache" "./.npm-cache" "--legacy-peer-deps" "--no-optional" "--prefer-offline"
10 verbose logfile logs-max:10 dir:D:\cursor\project8  blog\test\.npm-cache\_logs\2025-11-18T07_44_35_429Z-
11 verbose logfile D:\cursor\project8  blog\test\.npm-cache\_logs\2025-11-18T07_44_35_429Z-debug-0.log
12 silly logfile done cleaning log files
13 silly packumentCache heap:4345298944 maxSize:1086324736 maxEntrySize:543162368
14 verbose shrinkwrap failed to load node_modules/.package-lock.json out of date, updated: node_modules
15 verbose shrinkwrap failed to load node_modules/.package-lock.json out of date, updated: node_modules
16 silly idealTree buildDeps
17 silly fetch manifest @astrojs/svelte@7.2.2
18 silly packumentCache full:https://registry.npmmirror.com/@astrojs%2fsvelte cache-miss
19 http cache https://registry.npmmirror.com/@astrojs%2fsvelte 16ms (cache hit)
20 silly packumentCache full:https://registry.npmmirror.com/@astrojs%2fsvelte set size:375187 disposed:false
21 silly fetch manifest @expressive-code/core@^0.41.3
22 silly packumentCache full:https://registry.npmmirror.com/@expressive-code%2fcore cache-miss
23 http cache https://registry.npmmirror.com/@expressive-code%2fcore 10ms (cache hit)
24 silly packumentCache full:https://registry.npmmirror.com/@expressive-code%2fcore set size:225105 disposed:false
25 silly fetch manifest @expressive-code/plugin-collapsible-sections@^0.41.3
26 silly packumentCache full:https://registry.npmmirror.com/@expressive-code%2fplugin-collapsible-sections cache-miss
27 http cache https://registry.npmmirror.com/@expressive-code%2fplugin-collapsible-sections 10ms (cache hit)
28 silly packumentCache full:https://registry.npmmirror.com/@expressive-code%2fplugin-collapsible-sections set size:163184 disposed:false
29 silly fetch manifest @expressive-code/plugin-line-numbers@^0.41.3
30 silly packumentCache full:https://registry.npmmirror.com/@expressive-code%2fplugin-line-numbers cache-miss
31 http cache https://registry.npmmirror.com/@expressive-code%2fplugin-line-numbers 8ms (cache hit)
32 silly packumentCache full:https://registry.npmmirror.com/@expressive-code%2fplugin-line-numbers set size:86210 disposed:false
33 silly fetch manifest @fancyapps/ui@^6.1.5
34 silly packumentCache full:https://registry.npmmirror.com/@fancyapps%2fui cache-miss
35 http cache https://registry.npmmirror.com/@fancyapps%2fui 8ms (cache hit)
36 silly packumentCache full:https://registry.npmmirror.com/@fancyapps%2fui set size:274427 disposed:false
37 silly fetch manifest @fontsource-variable/jetbrains-mono@^5.2.8
38 silly packumentCache full:https://registry.npmmirror.com/@fontsource-variable%2fjetbrains-mono cache-miss
39 http cache https://registry.npmmirror.com/@fontsource-variable%2fjetbrains-mono 7ms (cache hit)
40 silly packumentCache full:https://registry.npmmirror.com/@fontsource-variable%2fjetbrains-mono set size:64346 disposed:false
41 silly fetch manifest @fontsource/roboto@^5.2.8
42 silly packumentCache full:https://registry.npmmirror.com/@fontsource%2froboto cache-miss
43 http cache https://registry.npmmirror.com/@fontsource%2froboto 7ms (cache hit)
44 silly packumentCache full:https://registry.npmmirror.com/@fontsource%2froboto set size:79374 disposed:false
45 silly fetch manifest @iconify-json/fa6-brands@^1.2.6
46 silly packumentCache full:https://registry.npmmirror.com/@iconify-json%2ffa6-brands cache-miss
47 http cache https://registry.npmmirror.com/@iconify-json%2ffa6-brands 7ms (cache hit)
48 silly packumentCache full:https://registry.npmmirror.com/@iconify-json%2ffa6-brands set size:64127 disposed:false
49 silly fetch manifest @iconify-json/fa6-regular@^1.2.4
50 silly packumentCache full:https://registry.npmmirror.com/@iconify-json%2ffa6-regular cache-miss
51 http cache https://registry.npmmirror.com/@iconify-json%2ffa6-regular 8ms (cache hit)
52 silly packumentCache full:https://registry.npmmirror.com/@iconify-json%2ffa6-regular set size:60783 disposed:false
53 silly fetch manifest @iconify-json/fa6-solid@^1.2.4
54 silly packumentCache full:https://registry.npmmirror.com/@iconify-json%2ffa6-solid cache-miss
55 http cache https://registry.npmmirror.com/@iconify-json%2ffa6-solid 8ms (cache hit)
56 silly packumentCache full:https://registry.npmmirror.com/@iconify-json%2ffa6-solid set size:65493 disposed:false
57 silly fetch manifest @iconify-json/material-symbols@^1.2.46
58 silly packumentCache full:https://registry.npmmirror.com/@iconify-json%2fmaterial-symbols cache-miss
59 http cache https://registry.npmmirror.com/@iconify-json%2fmaterial-symbols 8ms (cache hit)
60 silly packumentCache full:https://registry.npmmirror.com/@iconify-json%2fmaterial-symbols set size:281418 disposed:false
61 silly fetch manifest @iconify-json/simple-icons@^1.2.59
62 silly packumentCache full:https://registry.npmmirror.com/@iconify-json%2fsimple-icons cache-miss
63 http cache https://registry.npmmirror.com/@iconify-json%2fsimple-icons 8ms (cache hit)
64 silly packumentCache full:https://registry.npmmirror.com/@iconify-json%2fsimple-icons set size:382771 disposed:false
65 silly fetch manifest @iconify/svelte@^4.2.0
66 silly packumentCache full:https://registry.npmmirror.com/@iconify%2fsvelte cache-miss
67 http cache https://registry.npmmirror.com/@iconify%2fsvelte 8ms (cache hit)
68 silly packumentCache full:https://registry.npmmirror.com/@iconify%2fsvelte set size:185966 disposed:false
69 silly fetch manifest @swup/astro@^1.7.0
70 silly packumentCache full:https://registry.npmmirror.com/@swup%2fastro cache-miss
71 http cache https://registry.npmmirror.com/@swup%2fastro 7ms (cache hit)
72 silly packumentCache full:https://registry.npmmirror.com/@swup%2fastro set size:76065 disposed:false
73 silly fetch manifest @tailwindcss/typography@^0.5.19
74 silly packumentCache full:https://registry.npmmirror.com/@tailwindcss%2ftypography cache-miss
75 http cache https://registry.npmmirror.com/@tailwindcss%2ftypography 8ms (cache hit)
76 silly packumentCache full:https://registry.npmmirror.com/@tailwindcss%2ftypography set size:494508 disposed:false
77 silly fetch manifest astro@5.15.8
78 silly packumentCache full:https://registry.npmmirror.com/astro cache-miss
79 http cache https://registry.npmmirror.com/astro 22ms (cache hit)
80 silly packumentCache full:https://registry.npmmirror.com/astro set size:8458959 disposed:false
81 silly fetch manifest astro-expressive-code@^0.41.3
82 silly packumentCache full:https://registry.npmmirror.com/astro-expressive-code cache-miss
83 http cache https://registry.npmmirror.com/astro-expressive-code 13ms (cache hit)
84 silly packumentCache full:https://registry.npmmirror.com/astro-expressive-code set size:229206 disposed:false
85 silly fetch manifest astro-icon@^1.1.5
86 silly packumentCache full:https://registry.npmmirror.com/astro-icon cache-miss
87 http cache https://registry.npmmirror.com/astro-icon 9ms (cache hit)
88 silly packumentCache full:https://registry.npmmirror.com/astro-icon set size:87457 disposed:false
89 silly fetch manifest bcryptjs@^3.0.3
90 silly packumentCache full:https://registry.npmmirror.com/bcryptjs cache-miss
91 http cache https://registry.npmmirror.com/bcryptjs 8ms (cache hit)
92 silly packumentCache full:https://registry.npmmirror.com/bcryptjs set size:78160 disposed:false
93 silly fetch manifest crypto-js@^4.2.0
94 silly packumentCache full:https://registry.npmmirror.com/crypto-js cache-miss
95 http cache https://registry.npmmirror.com/crypto-js 8ms (cache hit)
96 silly packumentCache full:https://registry.npmmirror.com/crypto-js set size:37251 disposed:false
97 silly fetch manifest dayjs@^1.11.19
98 silly packumentCache full:https://registry.npmmirror.com/dayjs cache-miss
99 http cache https://registry.npmmirror.com/dayjs 8ms (cache hit)
100 silly packumentCache full:https://registry.npmmirror.com/dayjs set size:390791 disposed:false
101 silly fetch manifest hastscript@^9.0.1
102 silly packumentCache full:https://registry.npmmirror.com/hastscript cache-miss
103 http cache https://registry.npmmirror.com/hastscript 9ms (cache hit)
104 silly packumentCache full:https://registry.npmmirror.com/hastscript set size:80790 disposed:false
105 silly fetch manifest katex@^0.16.25
106 silly packumentCache full:https://registry.npmmirror.com/katex cache-miss
107 http cache https://registry.npmmirror.com/katex 8ms (cache hit)
108 silly packumentCache full:https://registry.npmmirror.com/katex set size:499940 disposed:false
109 silly fetch manifest markdown-it@^14.1.0
110 silly packumentCache full:https://registry.npmmirror.com/markdown-it cache-miss
111 http cache https://registry.npmmirror.com/markdown-it 9ms (cache hit)
112 silly packumentCache full:https://registry.npmmirror.com/markdown-it set size:201773 disposed:false
113 silly fetch manifest marked@^16.4.2
114 silly packumentCache full:https://registry.npmmirror.com/marked cache-miss
115 http cache https://registry.npmmirror.com/marked 9ms (cache hit)
116 silly packumentCache full:https://registry.npmmirror.com/marked set size:664868 disposed:false
117 silly fetch manifest mdast-util-to-string@^4.0.0
118 silly packumentCache full:https://registry.npmmirror.com/mdast-util-to-string cache-miss
119 http cache https://registry.npmmirror.com/mdast-util-to-string 8ms (cache hit)
120 silly packumentCache full:https://registry.npmmirror.com/mdast-util-to-string set size:53176 disposed:false
121 silly fetch manifest node-html-parser@^7.0.1
122 silly packumentCache full:https://registry.npmmirror.com/node-html-parser cache-miss
123 http cache https://registry.npmmirror.com/node-html-parser 9ms (cache hit)
124 silly packumentCache full:https://registry.npmmirror.com/node-html-parser set size:415762 disposed:false
125 silly fetch manifest overlayscrollbars@^2.12.0
126 silly packumentCache full:https://registry.npmmirror.com/overlayscrollbars cache-miss
127 http cache https://registry.npmmirror.com/overlayscrollbars 7ms (cache hit)
128 silly packumentCache full:https://registry.npmmirror.com/overlayscrollbars set size:234253 disposed:false
129 silly fetch manifest pagefind@^1.4.0
130 silly packumentCache full:https://registry.npmmirror.com/pagefind cache-miss
131 http cache https://registry.npmmirror.com/pagefind 8ms (cache hit)
132 silly packumentCache full:https://registry.npmmirror.com/pagefind set size:280579 disposed:false
133 silly fetch manifest photoswipe@^5.4.4
134 silly packumentCache full:https://registry.npmmirror.com/photoswipe cache-miss
135 http cache https://registry.npmmirror.com/photoswipe 6ms (cache hit)
136 silly packumentCache full:https://registry.npmmirror.com/photoswipe set size:125561 disposed:false
137 silly fetch manifest reading-time@^1.5.0
138 silly packumentCache full:https://registry.npmmirror.com/reading-time cache-miss
139 http cache https://registry.npmmirror.com/reading-time 8ms (cache hit)
140 silly packumentCache full:https://registry.npmmirror.com/reading-time set size:26859 disposed:false
141 silly fetch manifest rehype-autolink-headings@^7.1.0
142 silly packumentCache full:https://registry.npmmirror.com/rehype-autolink-headings cache-miss
143 http cache https://registry.npmmirror.com/rehype-autolink-headings 8ms (cache hit)
144 silly packumentCache full:https://registry.npmmirror.com/rehype-autolink-headings set size:64391 disposed:false
145 silly fetch manifest rehype-components@^0.3.0
146 silly packumentCache full:https://registry.npmmirror.com/rehype-components cache-miss
147 http cache https://registry.npmmirror.com/rehype-components 7ms (cache hit)
148 silly packumentCache full:https://registry.npmmirror.com/rehype-components set size:6387 disposed:false
149 silly fetch manifest rehype-katex@^7.0.1
150 silly packumentCache full:https://registry.npmmirror.com/rehype-katex cache-miss
151 http cache https://registry.npmmirror.com/rehype-katex 8ms (cache hit)
152 silly packumentCache full:https://registry.npmmirror.com/rehype-katex set size:52425 disposed:false
153 silly fetch manifest rehype-slug@^6.0.0
154 silly packumentCache full:https://registry.npmmirror.com/rehype-slug cache-miss
155 http cache https://registry.npmmirror.com/rehype-slug 7ms (cache hit)
156 silly packumentCache full:https://registry.npmmirror.com/rehype-slug set size:42026 disposed:false
157 silly fetch manifest remark-directive@^3.0.1
158 silly packumentCache full:https://registry.npmmirror.com/remark-directive cache-miss
159 http cache https://registry.npmmirror.com/remark-directive 6ms (cache hit)
160 silly packumentCache full:https://registry.npmmirror.com/remark-directive set size:36640 disposed:false
161 silly fetch manifest remark-directive-rehype@^0.4.2
162 silly packumentCache full:https://registry.npmmirror.com/remark-directive-rehype cache-miss
163 http cache https://registry.npmmirror.com/remark-directive-rehype 7ms (cache hit)
164 silly packumentCache full:https://registry.npmmirror.com/remark-directive-rehype set size:24360 disposed:false
165 silly fetch manifest remark-github-admonitions-to-directives@^1.0.5
166 silly packumentCache full:https://registry.npmmirror.com/remark-github-admonitions-to-directives cache-miss
167 http cache https://registry.npmmirror.com/remark-github-admonitions-to-directives 7ms (cache hit)
168 silly packumentCache full:https://registry.npmmirror.com/remark-github-admonitions-to-directives set size:29121 disposed:false
169 silly fetch manifest remark-math@^6.0.0
170 silly packumentCache full:https://registry.npmmirror.com/remark-math cache-miss
171 http cache https://registry.npmmirror.com/remark-math 7ms (cache hit)
172 silly packumentCache full:https://registry.npmmirror.com/remark-math set size:53553 disposed:false
173 silly fetch manifest remark-sectionize@^2.1.0
174 silly packumentCache full:https://registry.npmmirror.com/remark-sectionize cache-miss
175 http cache https://registry.npmmirror.com/remark-sectionize 6ms (cache hit)
176 silly packumentCache full:https://registry.npmmirror.com/remark-sectionize set size:18367 disposed:false
177 silly fetch manifest sanitize-html@^2.17.0
178 silly packumentCache full:https://registry.npmmirror.com/sanitize-html cache-miss
179 http cache https://registry.npmmirror.com/sanitize-html 6ms (cache hit)
180 silly packumentCache full:https://registry.npmmirror.com/sanitize-html set size:313761 disposed:false
181 silly fetch manifest satori@^0.18.3
182 silly packumentCache full:https://registry.npmmirror.com/satori cache-miss
183 http cache https://registry.npmmirror.com/satori 8ms (cache hit)
184 silly packumentCache full:https://registry.npmmirror.com/satori set size:533652 disposed:false
185 silly fetch manifest sharp@^0.34.5
186 silly packumentCache full:https://registry.npmmirror.com/sharp cache-miss
187 http cache https://registry.npmmirror.com/sharp 9ms (cache hit)
188 silly packumentCache full:https://registry.npmmirror.com/sharp set size:999088 disposed:false
189 silly fetch manifest stylus@^0.64.0
190 silly packumentCache full:https://registry.npmmirror.com/stylus cache-miss
191 http cache https://registry.npmmirror.com/stylus 10ms (cache hit)
192 silly packumentCache full:https://registry.npmmirror.com/stylus set size:312391 disposed:false
193 silly fetch manifest svelte@^5.43.8
194 silly packumentCache full:https://registry.npmmirror.com/svelte cache-miss
195 http cache https://registry.npmmirror.com/svelte 15ms (cache hit)
196 silly packumentCache full:https://registry.npmmirror.com/svelte set size:4143250 disposed:false
197 silly fetch manifest tailwindcss@^3.4.18
198 silly packumentCache full:https://registry.npmmirror.com/tailwindcss cache-miss
199 http cache https://registry.npmmirror.com/tailwindcss 27ms (cache hit)
200 silly packumentCache full:https://registry.npmmirror.com/tailwindcss set size:9822085 disposed:false
201 silly fetch manifest typescript@^5.9.3
202 silly packumentCache full:https://registry.npmmirror.com/typescript cache-miss
203 http cache https://registry.npmmirror.com/typescript 34ms (cache hit)
204 silly packumentCache full:https://registry.npmmirror.com/typescript set size:14143151 disposed:false
205 silly fetch manifest unist-util-visit@^5.0.0
206 silly packumentCache full:https://registry.npmmirror.com/unist-util-visit cache-miss
207 http cache https://registry.npmmirror.com/unist-util-visit 13ms (cache hit)
208 silly packumentCache full:https://registry.npmmirror.com/unist-util-visit set size:76674 disposed:false
209 silly fetch manifest @biomejs/biome@2.3.5
210 silly packumentCache full:https://registry.npmmirror.com/@biomejs%2fbiome cache-miss
211 http cache https://registry.npmmirror.com/@biomejs%2fbiome 7ms (cache hit)
212 silly packumentCache full:https://registry.npmmirror.com/@biomejs%2fbiome set size:293989 disposed:false
213 silly fetch manifest @iconify-json/mdi@^1.2.3
214 silly packumentCache full:https://registry.npmmirror.com/@iconify-json%2fmdi cache-miss
215 http cache https://registry.npmmirror.com/@iconify-json%2fmdi 6ms (cache hit)
216 silly packumentCache full:https://registry.npmmirror.com/@iconify-json%2fmdi set size:203652 disposed:false
217 silly fetch manifest @rollup/plugin-yaml@^4.1.2
218 silly packumentCache full:https://registry.npmmirror.com/@rollup%2fplugin-yaml cache-miss
219 http cache https://registry.npmmirror.com/@rollup%2fplugin-yaml 7ms (cache hit)
220 silly packumentCache full:https://registry.npmmirror.com/@rollup%2fplugin-yaml set size:32045 disposed:false
221 silly fetch manifest @types/hast@^3.0.4
222 silly packumentCache full:https://registry.npmmirror.com/@types%2fhast cache-miss
223 http cache https://registry.npmmirror.com/@types%2fhast 7ms (cache hit)
224 silly packumentCache full:https://registry.npmmirror.com/@types%2fhast set size:29831 disposed:false
225 silly fetch manifest @types/markdown-it@^14.1.2
226 silly packumentCache full:https://registry.npmmirror.com/@types%2fmarkdown-it cache-miss
227 http cache https://registry.npmmirror.com/@types%2fmarkdown-it 10ms (cache hit)
228 silly packumentCache full:https://registry.npmmirror.com/@types%2fmarkdown-it set size:65078 disposed:false
229 silly fetch manifest @types/mdast@^4.0.4
230 silly packumentCache full:https://registry.npmmirror.com/@types%2fmdast cache-miss
231 http cache https://registry.npmmirror.com/@types%2fmdast 7ms (cache hit)
232 silly packumentCache full:https://registry.npmmirror.com/@types%2fmdast set size:38724 disposed:false
233 silly fetch manifest @types/sanitize-html@^2.16.0
234 silly packumentCache full:https://registry.npmmirror.com/@types%2fsanitize-html cache-miss
235 http cache https://registry.npmmirror.com/@types%2fsanitize-html 8ms (cache hit)
236 silly packumentCache full:https://registry.npmmirror.com/@types%2fsanitize-html set size:107330 disposed:false
237 silly fetch manifest fontmin@^1.1.1
238 silly packumentCache full:https://registry.npmmirror.com/fontmin cache-miss
239 http cache https://registry.npmmirror.com/fontmin 7ms (cache hit)
240 silly packumentCache full:https://registry.npmmirror.com/fontmin set size:103543 disposed:false
241 silly fetch manifest postcss-import@^16.1.1
242 silly packumentCache full:https://registry.npmmirror.com/postcss-import cache-miss
243 http cache https://registry.npmmirror.com/postcss-import 7ms (cache hit)
244 silly packumentCache full:https://registry.npmmirror.com/postcss-import set size:114244 disposed:false
245 silly fetch manifest postcss-nesting@^13.0.2
246 silly packumentCache full:https://registry.npmmirror.com/postcss-nesting cache-miss
247 http cache https://registry.npmmirror.com/postcss-nesting 8ms (cache hit)
248 silly packumentCache full:https://registry.npmmirror.com/postcss-nesting set size:187924 disposed:false
249 silly placeDep ROOT @astrojs/svelte@7.2.2 REPLACE for: mizuki@7.1.0 want: 7.2.2
250 silly placeDep ROOT @biomejs/biome@2.3.5 REPLACE for: mizuki@7.1.0 want: 2.3.5
251 silly placeDep ROOT @expressive-code/core@0.41.3 OK for: mizuki@7.1.0 want: ^0.41.3
252 silly placeDep ROOT @expressive-code/plugin-collapsible-sections@0.41.3 OK for: mizuki@7.1.0 want: ^0.41.3
253 silly placeDep ROOT @expressive-code/plugin-line-numbers@0.41.3 OK for: mizuki@7.1.0 want: ^0.41.3
254 silly placeDep ROOT @fancyapps/ui@6.1.5 OK for: mizuki@7.1.0 want: ^6.1.5
255 silly placeDep ROOT @fontsource-variable/jetbrains-mono@5.2.8 OK for: mizuki@7.1.0 want: ^5.2.8
256 silly placeDep ROOT @fontsource/roboto@5.2.8 OK for: mizuki@7.1.0 want: ^5.2.8
257 silly placeDep ROOT @iconify-json/fa6-brands@1.2.6 OK for: mizuki@7.1.0 want: ^1.2.6
258 silly placeDep ROOT @iconify-json/fa6-regular@1.2.4 OK for: mizuki@7.1.0 want: ^1.2.4
259 silly placeDep ROOT @iconify-json/fa6-solid@1.2.4 OK for: mizuki@7.1.0 want: ^1.2.4
260 silly placeDep ROOT @iconify-json/material-symbols@1.2.46 OK for: mizuki@7.1.0 want: ^1.2.46
261 silly placeDep ROOT @iconify-json/mdi@1.2.3 OK for: mizuki@7.1.0 want: ^1.2.3
262 silly placeDep ROOT @iconify-json/simple-icons@1.2.59 OK for: mizuki@7.1.0 want: ^1.2.59
263 silly placeDep ROOT @iconify/svelte@4.2.0 OK for: mizuki@7.1.0 want: ^4.2.0
264 silly placeDep ROOT @rollup/plugin-yaml@4.1.2 OK for: mizuki@7.1.0 want: ^4.1.2
265 silly placeDep ROOT @swup/astro@1.7.0 OK for: mizuki@7.1.0 want: ^1.7.0
266 silly placeDep ROOT @tailwindcss/typography@0.5.19 OK for: mizuki@7.1.0 want: ^0.5.19
267 silly placeDep ROOT @types/hast@3.0.4 OK for: mizuki@7.1.0 want: ^3.0.4
268 silly placeDep ROOT @types/markdown-it@14.1.2 OK for: mizuki@7.1.0 want: ^14.1.2
269 silly placeDep ROOT @types/mdast@4.0.4 OK for: mizuki@7.1.0 want: ^4.0.4
270 silly placeDep ROOT @types/sanitize-html@2.16.0 OK for: mizuki@7.1.0 want: ^2.16.0
271 silly placeDep ROOT astro@5.15.8 OK for: mizuki@7.1.0 want: 5.15.8
272 silly placeDep ROOT astro-expressive-code@0.41.3 OK for: mizuki@7.1.0 want: ^0.41.3
273 silly placeDep ROOT astro-icon@1.1.5 OK for: mizuki@7.1.0 want: ^1.1.5
274 silly placeDep ROOT bcryptjs@3.0.3 OK for: mizuki@7.1.0 want: ^3.0.3
275 silly placeDep ROOT crypto-js@4.2.0 OK for: mizuki@7.1.0 want: ^4.2.0
276 silly placeDep ROOT dayjs@1.11.19 OK for: mizuki@7.1.0 want: ^1.11.19
277 silly placeDep ROOT fontmin@1.1.1 OK for: mizuki@7.1.0 want: ^1.1.1
278 silly placeDep ROOT hastscript@9.0.1 OK for: mizuki@7.1.0 want: ^9.0.1
279 silly placeDep ROOT katex@0.16.25 OK for: mizuki@7.1.0 want: ^0.16.25
280 silly placeDep ROOT markdown-it@14.1.0 OK for: mizuki@7.1.0 want: ^14.1.0
281 silly placeDep ROOT marked@16.4.2 OK for: mizuki@7.1.0 want: ^16.4.2
282 silly placeDep ROOT mdast-util-to-string@4.0.0 OK for: mizuki@7.1.0 want: ^4.0.0
283 silly placeDep ROOT node-html-parser@7.0.1 OK for: mizuki@7.1.0 want: ^7.0.1
284 silly placeDep ROOT overlayscrollbars@2.12.0 OK for: mizuki@7.1.0 want: ^2.12.0
285 silly placeDep ROOT pagefind@1.4.0 OK for: mizuki@7.1.0 want: ^1.4.0
286 silly placeDep ROOT photoswipe@5.4.4 OK for: mizuki@7.1.0 want: ^5.4.4
287 silly placeDep ROOT postcss-import@16.1.1 OK for: mizuki@7.1.0 want: ^16.1.1
288 silly placeDep ROOT postcss-nesting@13.0.2 OK for: mizuki@7.1.0 want: ^13.0.2
289 silly placeDep ROOT reading-time@1.5.0 OK for: mizuki@7.1.0 want: ^1.5.0
290 silly placeDep ROOT rehype-autolink-headings@7.1.0 OK for: mizuki@7.1.0 want: ^7.1.0
291 silly placeDep ROOT rehype-components@0.3.0 OK for: mizuki@7.1.0 want: ^0.3.0
292 silly placeDep ROOT rehype-katex@7.0.1 OK for: mizuki@7.1.0 want: ^7.0.1
293 silly placeDep ROOT rehype-slug@6.0.0 OK for: mizuki@7.1.0 want: ^6.0.0
294 silly placeDep ROOT remark-directive@3.0.1 OK for: mizuki@7.1.0 want: ^3.0.1
295 silly placeDep ROOT remark-directive-rehype@0.4.2 OK for: mizuki@7.1.0 want: ^0.4.2
296 silly placeDep ROOT remark-github-admonitions-to-directives@1.0.5 OK for: mizuki@7.1.0 want: ^1.0.5
297 silly placeDep ROOT remark-math@6.0.0 OK for: mizuki@7.1.0 want: ^6.0.0
298 silly placeDep ROOT remark-sectionize@2.1.0 OK for: mizuki@7.1.0 want: ^2.1.0
299 silly placeDep ROOT sanitize-html@2.17.0 OK for: mizuki@7.1.0 want: ^2.17.0
300 silly placeDep ROOT satori@0.18.3 OK for: mizuki@7.1.0 want: ^0.18.3
301 silly placeDep ROOT sharp@0.34.5 OK for: mizuki@7.1.0 want: ^0.34.5
302 silly placeDep ROOT stylus@0.64.0 OK for: mizuki@7.1.0 want: ^0.64.0
303 silly placeDep ROOT svelte@5.43.10 OK for: mizuki@7.1.0 want: ^5.43.8
304 silly placeDep ROOT tailwindcss@3.4.18 OK for: mizuki@7.1.0 want: ^3.4.18
305 silly placeDep ROOT typescript@5.9.3 OK for: mizuki@7.1.0 want: ^5.9.3
306 silly placeDep ROOT unist-util-visit@5.0.0 OK for: mizuki@7.1.0 want: ^5.0.0
307 silly fetch manifest @sveltejs/vite-plugin-svelte@^5.1.1
308 silly packumentCache full:https://registry.npmmirror.com/@sveltejs%2fvite-plugin-svelte cache-miss
309 silly fetch manifest svelte2tsx@^0.7.42
310 silly packumentCache full:https://registry.npmmirror.com/svelte2tsx cache-miss
311 silly fetch manifest vite@^6.4.1
312 silly packumentCache full:https://registry.npmmirror.com/vite cache-miss
313 silly fetch manifest @biomejs/cli-win32-x64@2.3.5
314 silly packumentCache full:https://registry.npmmirror.com/@biomejs%2fcli-win32-x64 cache-miss
315 silly fetch manifest @biomejs/cli-win32-arm64@2.3.5
316 silly packumentCache full:https://registry.npmmirror.com/@biomejs%2fcli-win32-arm64 cache-miss
317 silly fetch manifest @biomejs/cli-darwin-x64@2.3.5
318 silly packumentCache full:https://registry.npmmirror.com/@biomejs%2fcli-darwin-x64 cache-miss
319 silly fetch manifest @biomejs/cli-darwin-arm64@2.3.5
320 silly packumentCache full:https://registry.npmmirror.com/@biomejs%2fcli-darwin-arm64 cache-miss
321 silly fetch manifest @biomejs/cli-linux-x64@2.3.5
322 silly packumentCache full:https://registry.npmmirror.com/@biomejs%2fcli-linux-x64 cache-miss
323 silly fetch manifest @biomejs/cli-linux-arm64@2.3.5
324 silly packumentCache full:https://registry.npmmirror.com/@biomejs%2fcli-linux-arm64 cache-miss
325 silly fetch manifest @biomejs/cli-linux-x64-musl@2.3.5
326 silly packumentCache full:https://registry.npmmirror.com/@biomejs%2fcli-linux-x64-musl cache-miss
327 silly fetch manifest @biomejs/cli-linux-arm64-musl@2.3.5
328 silly packumentCache full:https://registry.npmmirror.com/@biomejs%2fcli-linux-arm64-musl cache-miss
329 silly fetch manifest hast-util-select@^6.0.2
330 silly packumentCache full:https://registry.npmmirror.com/hast-util-select cache-miss
331 silly fetch manifest hast-util-to-html@^9.0.1
332 silly packumentCache full:https://registry.npmmirror.com/hast-util-to-html cache-miss
333 silly fetch manifest hast-util-to-text@^4.0.1
334 silly packumentCache full:https://registry.npmmirror.com/hast-util-to-text cache-miss
335 silly fetch manifest hastscript@^9.0.0
336 silly packumentCache full:https://registry.npmmirror.com/hastscript cache-hit
337 silly fetch manifest postcss@^8.4.38
338 silly packumentCache full:https://registry.npmmirror.com/postcss cache-miss
339 silly fetch manifest postcss-nested@^6.0.1
340 silly packumentCache full:https://registry.npmmirror.com/postcss-nested cache-miss
341 silly fetch manifest unist-util-visit-parents@^6.0.1
342 silly packumentCache full:https://registry.npmmirror.com/unist-util-visit-parents cache-miss
343 silly fetch manifest @iconify/types@*
344 silly packumentCache full:https://registry.npmmirror.com/@iconify%2ftypes cache-miss
345 silly fetch manifest @iconify/types@*
346 silly packumentCache full:https://registry.npmmirror.com/@iconify%2ftypes cache-miss
347 silly fetch manifest @iconify/types@*
348 silly packumentCache full:https://registry.npmmirror.com/@iconify%2ftypes cache-miss
349 silly fetch manifest @iconify/types@*
350 silly packumentCache full:https://registry.npmmirror.com/@iconify%2ftypes cache-miss
351 silly fetch manifest @iconify/types@*
352 silly packumentCache full:https://registry.npmmirror.com/@iconify%2ftypes cache-miss
353 silly fetch manifest @iconify/types@*
354 silly packumentCache full:https://registry.npmmirror.com/@iconify%2ftypes cache-miss
355 silly fetch manifest @iconify/types@^2.0.0
356 silly packumentCache full:https://registry.npmmirror.com/@iconify%2ftypes cache-miss
357 silly fetch manifest @rollup/pluginutils@^5.0.1
358 silly packumentCache full:https://registry.npmmirror.com/@rollup%2fpluginutils cache-miss
359 silly fetch manifest js-yaml@^4.1.0
360 silly packumentCache full:https://registry.npmmirror.com/js-yaml cache-miss
361 silly fetch manifest tosource@^2.0.0-alpha.3
362 silly packumentCache full:https://registry.npmmirror.com/tosource cache-miss
363 silly fetch manifest @swup/a11y-plugin@^5.0.0
364 silly packumentCache full:https://registry.npmmirror.com/@swup%2fa11y-plugin cache-miss
365 silly fetch manifest @swup/body-class-plugin@^3.0.0
366 silly packumentCache full:https://registry.npmmirror.com/@swup%2fbody-class-plugin cache-miss
367 silly fetch manifest @swup/debug-plugin@^4.0.0
368 silly packumentCache full:https://registry.npmmirror.com/@swup%2fdebug-plugin cache-miss
369 silly fetch manifest @swup/fade-theme@^2.0.0
370 silly packumentCache full:https://registry.npmmirror.com/@swup%2ffade-theme cache-miss
371 http cache https://registry.npmmirror.com/@sveltejs%2fvite-plugin-svelte 89ms (cache hit)
372 silly packumentCache full:https://registry.npmmirror.com/@sveltejs%2fvite-plugin-svelte set size:402315 disposed:false
373 silly fetch manifest @swup/forms-plugin@^3.0.0
374 silly packumentCache full:https://registry.npmmirror.com/@swup%2fforms-plugin cache-miss
375 http cache https://registry.npmmirror.com/@biomejs%2fcli-win32-arm64 92ms (cache hit)
376 silly packumentCache full:https://registry.npmmirror.com/@biomejs%2fcli-win32-arm64 set size:197114 disposed:false
377 silly fetch manifest @swup/fragment-plugin@^1.1.2
378 silly packumentCache full:https://registry.npmmirror.com/@swup%2ffragment-plugin cache-miss
379 http cache https://registry.npmmirror.com/svelte2tsx 95ms (cache hit)
380 silly packumentCache full:https://registry.npmmirror.com/svelte2tsx set size:756570 disposed:false
381 silly fetch manifest @swup/head-plugin@^2.0.0
382 silly packumentCache full:https://registry.npmmirror.com/@swup%2fhead-plugin cache-miss
383 http cache https://registry.npmmirror.com/@biomejs%2fcli-win32-x64 99ms (cache hit)
384 silly packumentCache full:https://registry.npmmirror.com/@biomejs%2fcli-win32-x64 set size:195628 disposed:false
385 silly fetch manifest @swup/overlay-theme@^2.0.0
386 silly packumentCache full:https://registry.npmmirror.com/@swup%2foverlay-theme cache-miss
387 http cache https://registry.npmmirror.com/@biomejs%2fcli-darwin-arm64 101ms (cache hit)
388 silly packumentCache full:https://registry.npmmirror.com/@biomejs%2fcli-darwin-arm64 set size:197855 disposed:false
389 silly fetch manifest @swup/parallel-plugin@^0.4.0
390 silly packumentCache full:https://registry.npmmirror.com/@swup%2fparallel-plugin cache-miss
391 http cache https://registry.npmmirror.com/@biomejs%2fcli-linux-x64-musl 102ms (cache hit)
392 silly packumentCache full:https://registry.npmmirror.com/@biomejs%2fcli-linux-x64-musl set size:154879 disposed:false
393 silly fetch manifest @swup/preload-plugin@^3.0.0
394 silly packumentCache full:https://registry.npmmirror.com/@swup%2fpreload-plugin cache-miss
395 http cache https://registry.npmmirror.com/@biomejs%2fcli-linux-x64 104ms (cache hit)
396 silly packumentCache full:https://registry.npmmirror.com/@biomejs%2fcli-linux-x64 set size:196988 disposed:false
397 silly fetch manifest @swup/progress-plugin@^3.0.0
398 silly packumentCache full:https://registry.npmmirror.com/@swup%2fprogress-plugin cache-miss
399 http cache https://registry.npmmirror.com/@biomejs%2fcli-darwin-x64 105ms (cache hit)
400 silly packumentCache full:https://registry.npmmirror.com/@biomejs%2fcli-darwin-x64 set size:196363 disposed:false
401 silly fetch manifest @swup/route-name-plugin@^4.0.0
402 silly packumentCache full:https://registry.npmmirror.com/@swup%2froute-name-plugin cache-miss
403 http cache https://registry.npmmirror.com/@biomejs%2fcli-linux-arm64 107ms (cache hit)
404 silly packumentCache full:https://registry.npmmirror.com/@biomejs%2fcli-linux-arm64 set size:198493 disposed:false
405 silly fetch manifest @swup/scripts-plugin@^2.0.0
406 silly packumentCache full:https://registry.npmmirror.com/@swup%2fscripts-plugin cache-miss
407 http cache https://registry.npmmirror.com/hast-util-to-html 107ms (cache hit)
408 silly packumentCache full:https://registry.npmmirror.com/hast-util-to-html set size:108575 disposed:false
409 silly fetch manifest @swup/scroll-plugin@^3.0.0
410 silly packumentCache full:https://registry.npmmirror.com/@swup%2fscroll-plugin cache-miss
411 http cache https://registry.npmmirror.com/@iconify%2ftypes 107ms (cache hit)
412 silly packumentCache full:https://registry.npmmirror.com/@iconify%2ftypes set size:52246 disposed:false
413 silly fetch manifest @swup/slide-theme@^2.0.0
414 silly packumentCache full:https://registry.npmmirror.com/@swup%2fslide-theme cache-miss
415 http cache https://registry.npmmirror.com/hast-util-select 109ms (cache hit)
416 silly packumentCache full:https://registry.npmmirror.com/hast-util-select set size:84754 disposed:false
417 silly fetch manifest swup@^4.0.0
418 silly packumentCache full:https://registry.npmmirror.com/swup cache-miss
419 http cache https://registry.npmmirror.com/@biomejs%2fcli-linux-arm64-musl 112ms (cache hit)
420 silly packumentCache full:https://registry.npmmirror.com/@biomejs%2fcli-linux-arm64-musl set size:156017 disposed:false
421 silly fetch manifest swup-morph-plugin@^1.0.0
422 silly packumentCache full:https://registry.npmmirror.com/swup-morph-plugin cache-miss
423 http cache https://registry.npmmirror.com/unist-util-visit-parents 111ms (cache hit)
424 silly packumentCache full:https://registry.npmmirror.com/unist-util-visit-parents set size:88882 disposed:false
425 silly fetch manifest postcss-selector-parser@6.0.10
426 silly packumentCache full:https://registry.npmmirror.com/postcss-selector-parser cache-miss
427 http cache https://registry.npmmirror.com/@iconify%2ftypes 113ms (cache hit)
428 silly packumentCache full:https://registry.npmmirror.com/@iconify%2ftypes set size:52246 disposed:false
429 silly packumentCache full:https://registry.npmmirror.com/@iconify%2ftypes dispose
430 silly fetch manifest @types/unist@*
431 silly packumentCache full:https://registry.npmmirror.com/@types%2funist cache-miss
432 http cache https://registry.npmmirror.com/hast-util-to-text 115ms (cache hit)
433 silly packumentCache full:https://registry.npmmirror.com/hast-util-to-text set size:42036 disposed:false
434 silly fetch manifest @types/mdurl@^2
435 silly packumentCache full:https://registry.npmmirror.com/@types%2fmdurl cache-miss
436 http cache https://registry.npmmirror.com/postcss-nested 115ms (cache hit)
437 silly packumentCache full:https://registry.npmmirror.com/postcss-nested set size:64899 disposed:false
438 silly fetch manifest @types/linkify-it@^5
439 silly packumentCache full:https://registry.npmmirror.com/@types%2flinkify-it cache-miss
440 http cache https://registry.npmmirror.com/postcss 117ms (cache hit)
441 silly packumentCache full:https://registry.npmmirror.com/postcss set size:611725 disposed:false
442 silly fetch manifest @types/unist@*
443 silly packumentCache full:https://registry.npmmirror.com/@types%2funist cache-miss
444 http cache https://registry.npmmirror.com/@iconify%2ftypes 121ms (cache hit)
445 silly packumentCache full:https://registry.npmmirror.com/@iconify%2ftypes set size:52246 disposed:true
446 silly packumentCache full:https://registry.npmmirror.com/@iconify%2ftypes dispose
447 silly fetch manifest htmlparser2@^8.0.0
448 silly packumentCache full:https://registry.npmmirror.com/htmlparser2 cache-miss
449 http cache https://registry.npmmirror.com/@iconify%2ftypes 122ms (cache hit)
450 silly packumentCache full:https://registry.npmmirror.com/@iconify%2ftypes set size:52246 disposed:true
451 silly packumentCache full:https://registry.npmmirror.com/@iconify%2ftypes dispose
452 silly fetch manifest @oslojs/encoding@^1.1.0
453 silly packumentCache full:https://registry.npmmirror.com/@oslojs%2fencoding cache-miss
454 http cache https://registry.npmmirror.com/@iconify%2ftypes 122ms (cache hit)
455 silly packumentCache full:https://registry.npmmirror.com/@iconify%2ftypes set size:52246 disposed:true
456 silly packumentCache full:https://registry.npmmirror.com/@iconify%2ftypes dispose
457 silly fetch manifest @rollup/pluginutils@^5.3.0
458 silly packumentCache full:https://registry.npmmirror.com/@rollup%2fpluginutils cache-miss
459 http cache https://registry.npmmirror.com/@rollup%2fpluginutils 122ms (cache hit)
460 silly packumentCache full:https://registry.npmmirror.com/@rollup%2fpluginutils set size:103740 disposed:false
461 silly fetch manifest acorn@^8.15.0
462 silly packumentCache full:https://registry.npmmirror.com/acorn cache-miss
463 http cache https://registry.npmmirror.com/vite 180ms (cache hit)
464 silly packumentCache full:https://registry.npmmirror.com/vite set size:38426241 disposed:false
465 silly fetch manifest aria-query@^5.3.2
466 silly packumentCache full:https://registry.npmmirror.com/aria-query cache-miss
467 http cache https://registry.npmmirror.com/@iconify%2ftypes 341ms (cache hit)
468 silly packumentCache full:https://registry.npmmirror.com/@iconify%2ftypes set size:52246 disposed:true
469 silly packumentCache full:https://registry.npmmirror.com/@iconify%2ftypes dispose
470 silly fetch manifest axobject-query@^4.1.0
471 silly packumentCache full:https://registry.npmmirror.com/axobject-query cache-miss
472 http cache https://registry.npmmirror.com/@swup%2fdebug-plugin 340ms (cache hit)
473 silly packumentCache full:https://registry.npmmirror.com/@swup%2fdebug-plugin set size:32488 disposed:false
474 silly fetch manifest boxen@8.0.1
475 silly packumentCache full:https://registry.npmmirror.com/boxen cache-miss
476 http cache https://registry.npmmirror.com/@swup%2fa11y-plugin 343ms (cache hit)
477 silly packumentCache full:https://registry.npmmirror.com/@swup%2fa11y-plugin set size:50717 disposed:false
478 silly fetch manifest ci-info@^4.3.1
479 silly packumentCache full:https://registry.npmmirror.com/ci-info cache-miss
480 http cache https://registry.npmmirror.com/js-yaml 344ms (cache hit)
481 silly packumentCache full:https://registry.npmmirror.com/js-yaml set size:139947 disposed:false
482 silly fetch manifest clsx@^2.1.1
483 silly packumentCache full:https://registry.npmmirror.com/clsx cache-miss
484 http cache https://registry.npmmirror.com/@swup%2fbody-class-plugin 345ms (cache hit)
485 silly packumentCache full:https://registry.npmmirror.com/@swup%2fbody-class-plugin set size:27788 disposed:false
486 silly fetch manifest common-ancestor-path@^1.0.1
487 silly packumentCache full:https://registry.npmmirror.com/common-ancestor-path cache-miss
488 http cache https://registry.npmmirror.com/@swup%2ffade-theme 345ms (cache hit)
489 silly packumentCache full:https://registry.npmmirror.com/@swup%2ffade-theme set size:23103 disposed:false
490 silly fetch manifest cookie@^1.0.2
491 silly packumentCache full:https://registry.npmmirror.com/cookie cache-miss
492 http cache https://registry.npmmirror.com/tosource 348ms (cache hit)
493 silly packumentCache full:https://registry.npmmirror.com/tosource set size:16305 disposed:false
494 silly fetch manifest cssesc@^3.0.0
495 silly packumentCache full:https://registry.npmmirror.com/cssesc cache-miss
496 http cache https://registry.npmmirror.com/@iconify%2ftypes 354ms (cache hit)
497 silly packumentCache full:https://registry.npmmirror.com/@iconify%2ftypes set size:52246 disposed:true
498 silly packumentCache full:https://registry.npmmirror.com/@iconify%2ftypes dispose
499 silly fetch manifest debug@^4.4.3
500 silly packumentCache full:https://registry.npmmirror.com/debug cache-miss
501 http cache https://registry.npmmirror.com/@swup%2fparallel-plugin 312ms (cache hit)
502 silly packumentCache full:https://registry.npmmirror.com/@swup%2fparallel-plugin set size:31801 disposed:false
503 silly fetch manifest deterministic-object-hash@^2.0.2
504 silly packumentCache full:https://registry.npmmirror.com/deterministic-object-hash cache-miss
505 http cache https://registry.npmmirror.com/@swup%2fpreload-plugin 312ms (cache hit)
506 silly packumentCache full:https://registry.npmmirror.com/@swup%2fpreload-plugin set size:85770 disposed:false
507 silly fetch manifest devalue@^5.4.2
508 silly packumentCache full:https://registry.npmmirror.com/devalue cache-miss
509 http cache https://registry.npmmirror.com/@swup%2fprogress-plugin 311ms (cache hit)
510 silly packumentCache full:https://registry.npmmirror.com/@swup%2fprogress-plugin set size:35424 disposed:false
511 silly fetch manifest diff@^5.2.0
512 silly packumentCache full:https://registry.npmmirror.com/diff cache-miss
513 http cache https://registry.npmmirror.com/@swup%2froute-name-plugin 311ms (cache hit)
514 silly packumentCache full:https://registry.npmmirror.com/@swup%2froute-name-plugin set size:24427 disposed:false
515 silly fetch manifest dlv@^1.1.3
516 silly packumentCache full:https://registry.npmmirror.com/dlv cache-miss
517 http cache https://registry.npmmirror.com/@swup%2ffragment-plugin 324ms (cache hit)
518 silly packumentCache full:https://registry.npmmirror.com/@swup%2ffragment-plugin set size:128592 disposed:false
519 silly fetch manifest dset@^3.1.4
520 silly packumentCache full:https://registry.npmmirror.com/dset cache-miss
521 http cache https://registry.npmmirror.com/@swup%2fforms-plugin 328ms (cache hit)
522 silly packumentCache full:https://registry.npmmirror.com/@swup%2fforms-plugin set size:56954 disposed:false
523 silly fetch manifest es-module-lexer@^1.7.0
524 silly packumentCache full:https://registry.npmmirror.com/es-module-lexer cache-miss
525 http cache https://registry.npmmirror.com/@swup%2foverlay-theme 320ms (cache hit)
526 silly packumentCache full:https://registry.npmmirror.com/@swup%2foverlay-theme set size:28877 disposed:false
527 silly fetch manifest esbuild@^0.25.0
528 silly packumentCache full:https://registry.npmmirror.com/esbuild cache-miss
529 http cache https://registry.npmmirror.com/@swup%2fscroll-plugin 312ms (cache hit)
530 silly packumentCache full:https://registry.npmmirror.com/@swup%2fscroll-plugin set size:82926 disposed:false
531 silly fetch manifest estree-walker@^3.0.3
532 silly packumentCache full:https://registry.npmmirror.com/estree-walker cache-miss
533 http cache https://registry.npmmirror.com/@swup%2fslide-theme 312ms (cache hit)
534 silly packumentCache full:https://registry.npmmirror.com/@swup%2fslide-theme set size:22983 disposed:false
535 silly fetch manifest flattie@^1.1.1
536 silly packumentCache full:https://registry.npmmirror.com/flattie cache-miss
537 http cache https://registry.npmmirror.com/@swup%2fhead-plugin 323ms (cache hit)
538 silly packumentCache full:https://registry.npmmirror.com/@swup%2fhead-plugin set size:42002 disposed:false
539 silly fetch manifest fontace@~0.3.1
540 silly packumentCache full:https://registry.npmmirror.com/fontace cache-miss
541 http cache https://registry.npmmirror.com/@swup%2fscripts-plugin 315ms (cache hit)
542 silly packumentCache full:https://registry.npmmirror.com/@swup%2fscripts-plugin set size:15283 disposed:false
543 silly fetch manifest github-slugger@^2.0.0
544 silly packumentCache full:https://registry.npmmirror.com/github-slugger cache-miss
545 http cache https://registry.npmmirror.com/swup-morph-plugin 311ms (cache hit)
546 silly packumentCache full:https://registry.npmmirror.com/swup-morph-plugin set size:25590 disposed:false
547 silly fetch manifest html-escaper@3.0.3
548 silly packumentCache full:https://registry.npmmirror.com/html-escaper cache-miss
549 http cache https://registry.npmmirror.com/swup 314ms (cache hit)
550 silly packumentCache full:https://registry.npmmirror.com/swup set size:452390 disposed:false
551 silly fetch manifest http-cache-semantics@^4.2.0
552 silly packumentCache full:https://registry.npmmirror.com/http-cache-semantics cache-miss
553 http cache https://registry.npmmirror.com/@types%2funist 305ms (cache hit)
554 silly packumentCache full:https://registry.npmmirror.com/@types%2funist set size:34366 disposed:false
555 silly fetch manifest import-meta-resolve@^4.2.0
556 silly packumentCache full:https://registry.npmmirror.com/import-meta-resolve cache-miss
557 http cache https://registry.npmmirror.com/@types%2fmdurl 313ms (cache hit)
558 silly packumentCache full:https://registry.npmmirror.com/@types%2fmdurl set size:11942 disposed:false
559 silly fetch manifest magic-string@^0.30.21
560 silly packumentCache full:https://registry.npmmirror.com/magic-string cache-miss
561 http cache https://registry.npmmirror.com/postcss-selector-parser 316ms (cache hit)
562 silly packumentCache full:https://registry.npmmirror.com/postcss-selector-parser set size:159232 disposed:false
563 silly fetch manifest magicast@^0.5.1
564 silly packumentCache full:https://registry.npmmirror.com/magicast cache-miss
565 http cache https://registry.npmmirror.com/@types%2funist 317ms (cache hit)
566 silly packumentCache full:https://registry.npmmirror.com/@types%2funist set size:34366 disposed:false
567 silly packumentCache full:https://registry.npmmirror.com/@types%2funist dispose
568 silly fetch manifest mrmime@^2.0.1
569 silly packumentCache full:https://registry.npmmirror.com/mrmime cache-miss
570 http cache https://registry.npmmirror.com/@types%2flinkify-it 316ms (cache hit)
571 silly packumentCache full:https://registry.npmmirror.com/@types%2flinkify-it set size:22751 disposed:false
572 silly fetch manifest neotraverse@^0.6.18
573 silly packumentCache full:https://registry.npmmirror.com/neotraverse cache-miss
574 http cache https://registry.npmmirror.com/@rollup%2fpluginutils 309ms (cache hit)
575 silly packumentCache full:https://registry.npmmirror.com/@rollup%2fpluginutils set size:103740 disposed:false
576 silly packumentCache full:https://registry.npmmirror.com/@rollup%2fpluginutils dispose
577 silly fetch manifest p-limit@^6.2.0
578 silly packumentCache full:https://registry.npmmirror.com/p-limit cache-miss
579 http cache https://registry.npmmirror.com/@oslojs%2fencoding 312ms (cache hit)
580 silly packumentCache full:https://registry.npmmirror.com/@oslojs%2fencoding set size:17056 disposed:false
581 silly fetch manifest p-queue@^8.1.1
582 silly packumentCache full:https://registry.npmmirror.com/p-queue cache-miss
583 http cache https://registry.npmmirror.com/aria-query 93ms (cache hit)
584 silly packumentCache full:https://registry.npmmirror.com/aria-query set size:92008 disposed:false
585 silly fetch manifest package-manager-detector@^1.5.0
586 silly packumentCache full:https://registry.npmmirror.com/package-manager-detector cache-miss
587 http cache https://registry.npmmirror.com/htmlparser2 314ms (cache hit)
588 silly packumentCache full:https://registry.npmmirror.com/htmlparser2 set size:147906 disposed:false
589 silly fetch manifest picocolors@^1.1.1
590 silly packumentCache full:https://registry.npmmirror.com/picocolors cache-miss
591 http cache https://registry.npmmirror.com/acorn 315ms (cache hit)
592 silly packumentCache full:https://registry.npmmirror.com/acorn set size:323895 disposed:false
593 silly fetch manifest picomatch@^4.0.3
594 silly packumentCache full:https://registry.npmmirror.com/picomatch cache-miss
595 http cache https://registry.npmmirror.com/axobject-query 101ms (cache hit)
596 silly packumentCache full:https://registry.npmmirror.com/axobject-query set size:70993 disposed:false
597 silly fetch manifest prompts@^2.4.2
598 silly packumentCache full:https://registry.npmmirror.com/prompts cache-miss
599 http cache https://registry.npmmirror.com/boxen 101ms (cache hit)
600 silly packumentCache full:https://registry.npmmirror.com/boxen set size:82847 disposed:false
601 silly fetch manifest rehype@^13.0.2
602 silly packumentCache full:https://registry.npmmirror.com/rehype cache-miss
603 http cache https://registry.npmmirror.com/ci-info 102ms (cache hit)
604 silly packumentCache full:https://registry.npmmirror.com/ci-info set size:78246 disposed:false
605 silly fetch manifest semver@^7.7.3
606 silly packumentCache full:https://registry.npmmirror.com/semver cache-miss
607 http cache https://registry.npmmirror.com/common-ancestor-path 101ms (cache hit)
608 silly packumentCache full:https://registry.npmmirror.com/common-ancestor-path set size:4382 disposed:false
609 silly fetch manifest shiki@^3.15.0
610 silly packumentCache full:https://registry.npmmirror.com/shiki cache-miss
611 http cache https://registry.npmmirror.com/cookie 101ms (cache hit)
612 silly packumentCache full:https://registry.npmmirror.com/cookie set size:64889 disposed:false
613 silly fetch manifest smol-toml@^1.4.2
614 silly packumentCache full:https://registry.npmmirror.com/smol-toml cache-miss
615 http cache https://registry.npmmirror.com/clsx 104ms (cache hit)
616 silly packumentCache full:https://registry.npmmirror.com/clsx set size:32436 disposed:false
617 silly fetch manifest tinyexec@^1.0.2
618 silly packumentCache full:https://registry.npmmirror.com/tinyexec cache-miss
619 http cache https://registry.npmmirror.com/cssesc 104ms (cache hit)
620 silly packumentCache full:https://registry.npmmirror.com/cssesc set size:16783 disposed:false
621 silly fetch manifest tinyglobby@^0.2.15
622 silly packumentCache full:https://registry.npmmirror.com/tinyglobby cache-miss
623 http cache https://registry.npmmirror.com/debug 103ms (cache hit)
624 silly packumentCache full:https://registry.npmmirror.com/debug set size:163683 disposed:false
625 silly fetch manifest tsconfck@^3.1.6
626 silly packumentCache full:https://registry.npmmirror.com/tsconfck cache-miss
627 http cache https://registry.npmmirror.com/deterministic-object-hash 100ms (cache hit)
628 silly packumentCache full:https://registry.npmmirror.com/deterministic-object-hash set size:26060 disposed:false
629 silly fetch manifest ultrahtml@^1.6.0
630 silly packumentCache full:https://registry.npmmirror.com/ultrahtml cache-miss
631 http cache https://registry.npmmirror.com/diff 99ms (cache hit)
632 silly packumentCache full:https://registry.npmmirror.com/diff set size:144999 disposed:false
633 silly fetch manifest unifont@~0.6.0
634 silly packumentCache full:https://registry.npmmirror.com/unifont cache-miss
635 http cache https://registry.npmmirror.com/dlv 101ms (cache hit)
636 silly packumentCache full:https://registry.npmmirror.com/dlv set size:14677 disposed:false
637 silly fetch manifest unstorage@^1.17.2
638 silly packumentCache full:https://registry.npmmirror.com/unstorage cache-miss
639 http cache https://registry.npmmirror.com/dset 102ms (cache hit)
640 silly packumentCache full:https://registry.npmmirror.com/dset set size:27734 disposed:false
641 silly fetch manifest vfile@^6.0.3
642 silly packumentCache full:https://registry.npmmirror.com/vfile cache-miss
643 http cache https://registry.npmmirror.com/devalue 105ms (cache hit)
644 silly packumentCache full:https://registry.npmmirror.com/devalue set size:85759 disposed:false
645 silly fetch manifest vitefu@^1.1.1
646 silly packumentCache full:https://registry.npmmirror.com/vitefu cache-miss
647 http cache https://registry.npmmirror.com/flattie 101ms (cache hit)
648 silly packumentCache full:https://registry.npmmirror.com/flattie set size:11015 disposed:false
649 silly fetch manifest xxhash-wasm@^1.1.0
650 silly packumentCache full:https://registry.npmmirror.com/xxhash-wasm cache-miss
651 http cache https://registry.npmmirror.com/es-module-lexer 104ms (cache hit)
652 silly packumentCache full:https://registry.npmmirror.com/es-module-lexer set size:163339 disposed:false
653 silly fetch manifest yargs-parser@^21.1.1
654 silly packumentCache full:https://registry.npmmirror.com/yargs-parser cache-miss
655 http cache https://registry.npmmirror.com/fontace 103ms (cache hit)
656 silly packumentCache full:https://registry.npmmirror.com/fontace set size:19607 disposed:false
657 silly fetch manifest yocto-spinner@^0.2.3
658 silly packumentCache full:https://registry.npmmirror.com/yocto-spinner cache-miss
659 http cache https://registry.npmmirror.com/estree-walker 105ms (cache hit)
660 silly packumentCache full:https://registry.npmmirror.com/estree-walker set size:48127 disposed:false
661 silly fetch manifest zod@^3.25.76
662 silly packumentCache full:https://registry.npmmirror.com/zod cache-miss
663 http cache https://registry.npmmirror.com/esbuild 110ms (cache hit)
664 silly packumentCache full:https://registry.npmmirror.com/esbuild set size:984091 disposed:false
665 silly fetch manifest zod-to-json-schema@^3.24.6
666 silly packumentCache full:https://registry.npmmirror.com/zod-to-json-schema cache-miss
667 http cache https://registry.npmmirror.com/github-slugger 118ms (cache hit)
668 silly packumentCache full:https://registry.npmmirror.com/github-slugger set size:28343 disposed:false
669 silly fetch manifest zod-to-ts@^1.2.0
670 silly packumentCache full:https://registry.npmmirror.com/zod-to-ts cache-miss
671 http cache https://registry.npmmirror.com/html-escaper 118ms (cache hit)
672 silly packumentCache full:https://registry.npmmirror.com/html-escaper set size:22977 disposed:false
673 silly fetch manifest sharp@^0.34.0
674 silly packumentCache full:https://registry.npmmirror.com/sharp cache-hit
675 silly fetch manifest rehype-expressive-code@^0.41.3
676 silly packumentCache full:https://registry.npmmirror.com/rehype-expressive-code cache-miss
677 http cache https://registry.npmmirror.com/http-cache-semantics 116ms (cache hit)
678 silly packumentCache full:https://registry.npmmirror.com/http-cache-semantics set size:60778 disposed:false
679 silly fetch manifest @iconify/tools@^4.0.5
680 silly packumentCache full:https://registry.npmmirror.com/@iconify%2ftools cache-miss
681 http cache https://registry.npmmirror.com/import-meta-resolve 116ms (cache hit)
682 silly packumentCache full:https://registry.npmmirror.com/import-meta-resolve set size:77677 disposed:false
683 silly fetch manifest @iconify/utils@^2.1.30
684 silly packumentCache full:https://registry.npmmirror.com/@iconify%2futils cache-miss
685 http cache https://registry.npmmirror.com/magicast 115ms (cache hit)
686 silly packumentCache full:https://registry.npmmirror.com/magicast set size:80510 disposed:false
687 silly fetch manifest @types/node@^12.20.55
688 silly packumentCache full:https://registry.npmmirror.com/@types%2fnode cache-miss
689 http cache https://registry.npmmirror.com/p-limit 112ms (cache hit)
690 silly packumentCache full:https://registry.npmmirror.com/p-limit set size:47786 disposed:false
691 silly fetch manifest @types/through2@^2.0.38
692 silly packumentCache full:https://registry.npmmirror.com/@types%2fthrough2 cache-miss
693 http cache https://registry.npmmirror.com/magic-string 119ms (cache hit)
694 silly packumentCache full:https://registry.npmmirror.com/magic-string set size:327576 disposed:false
695 silly fetch manifest b3b@^0.0.1
696 silly packumentCache full:https://registry.npmmirror.com/b3b cache-miss
697 http cache https://registry.npmmirror.com/p-queue 115ms (cache hit)
698 silly packumentCache full:https://registry.npmmirror.com/p-queue set size:138379 disposed:false
699 silly fetch manifest buffer-to-vinyl@^1.0.0
700 silly packumentCache full:https://registry.npmmirror.com/buffer-to-vinyl cache-miss
701 http cache https://registry.npmmirror.com/mrmime 122ms (cache hit)
702 silly packumentCache full:https://registry.npmmirror.com/mrmime set size:16344 disposed:false
703 silly fetch manifest code-points@^2.0.0-1
704 silly packumentCache full:https://registry.npmmirror.com/code-points cache-miss
705 http cache https://registry.npmmirror.com/neotraverse 122ms (cache hit)
706 silly packumentCache full:https://registry.npmmirror.com/neotraverse set size:57172 disposed:false
707 silly fetch manifest concat-stream@^2.0.0
708 silly packumentCache full:https://registry.npmmirror.com/concat-stream cache-miss
709 http cache https://registry.npmmirror.com/package-manager-detector 120ms (cache hit)
710 silly packumentCache full:https://registry.npmmirror.com/package-manager-detector set size:66406 disposed:false
711 silly fetch manifest fonteditor-core@~2.4.0
712 silly packumentCache full:https://registry.npmmirror.com/fonteditor-core cache-miss
713 http cache https://registry.npmmirror.com/picocolors 119ms (cache hit)
714 silly packumentCache full:https://registry.npmmirror.com/picocolors set size:15692 disposed:false
715 silly fetch manifest get-stdin@^8.0.0
716 silly packumentCache full:https://registry.npmmirror.com/get-stdin cache-miss
717 http cache https://registry.npmmirror.com/picomatch 114ms (cache hit)
718 silly packumentCache full:https://registry.npmmirror.com/picomatch set size:99804 disposed:false
719 silly fetch manifest is-otf@^0.1.2
720 silly packumentCache full:https://registry.npmmirror.com/is-otf cache-miss
721 http cache https://registry.npmmirror.com/prompts 115ms (cache hit)
722 silly packumentCache full:https://registry.npmmirror.com/prompts set size:90529 disposed:false
723 silly fetch manifest is-svg@^4.2.1
724 silly packumentCache full:https://registry.npmmirror.com/is-svg cache-miss
725 http cache https://registry.npmmirror.com/rehype 115ms (cache hit)
726 silly packumentCache full:https://registry.npmmirror.com/rehype set size:43789 disposed:false
727 silly fetch manifest is-ttf@^0.2.2
728 silly packumentCache full:https://registry.npmmirror.com/is-ttf cache-miss
729 http cache https://registry.npmmirror.com/smol-toml 114ms (cache hit)
730 silly packumentCache full:https://registry.npmmirror.com/smol-toml set size:64261 disposed:false
731 silly fetch manifest lodash@^4.17.10
732 silly packumentCache full:https://registry.npmmirror.com/lodash cache-miss
733 http cache https://registry.npmmirror.com/semver 117ms (cache hit)
734 silly packumentCache full:https://registry.npmmirror.com/semver set size:201579 disposed:false
735 silly fetch manifest meow@^9.0.0
736 silly packumentCache full:https://registry.npmmirror.com/meow cache-miss
737 http cache https://registry.npmmirror.com/shiki 119ms (cache hit)
738 silly packumentCache full:https://registry.npmmirror.com/shiki set size:553385 disposed:false
739 silly fetch manifest pako@^2.0.3
740 silly packumentCache full:https://registry.npmmirror.com/pako cache-miss
741 http cache https://registry.npmmirror.com/tinyexec 123ms (cache hit)
742 silly packumentCache full:https://registry.npmmirror.com/tinyexec set size:40431 disposed:false
743 silly fetch manifest replace-ext@^2.0.0
744 silly packumentCache full:https://registry.npmmirror.com/replace-ext cache-miss
745 http cache https://registry.npmmirror.com/tinyglobby 121ms (cache hit)
746 silly packumentCache full:https://registry.npmmirror.com/tinyglobby set size:52303 disposed:false
747 silly fetch manifest stream-combiner@^0.2.1
748 silly packumentCache full:https://registry.npmmirror.com/stream-combiner cache-miss
749 http cache https://registry.npmmirror.com/tsconfck 124ms (cache hit)
750 silly packumentCache full:https://registry.npmmirror.com/tsconfck set size:172221 disposed:false
751 silly fetch manifest through2@^4.0.2
752 silly packumentCache full:https://registry.npmmirror.com/through2 cache-miss
753 http cache https://registry.npmmirror.com/unstorage 121ms (cache hit)
754 silly packumentCache full:https://registry.npmmirror.com/unstorage set size:310628 disposed:false
755 silly fetch manifest ttf2woff2@^4.0.1
756 silly packumentCache full:https://registry.npmmirror.com/ttf2woff2 cache-miss
757 http cache https://registry.npmmirror.com/vfile 124ms (cache hit)
758 silly packumentCache full:https://registry.npmmirror.com/vfile set size:159142 disposed:false
759 silly fetch manifest vinyl-fs@^3.0.3
760 silly packumentCache full:https://registry.npmmirror.com/vinyl-fs cache-miss
761 http cache https://registry.npmmirror.com/ultrahtml 131ms (cache hit)
762 silly packumentCache full:https://registry.npmmirror.com/ultrahtml set size:122031 disposed:false
763 silly fetch manifest comma-separated-tokens@^2.0.0
764 silly packumentCache full:https://registry.npmmirror.com/comma-separated-tokens cache-miss
765 http cache https://registry.npmmirror.com/unifont 131ms (cache hit)
766 silly packumentCache full:https://registry.npmmirror.com/unifont set size:45036 disposed:false
767 silly fetch manifest hast-util-parse-selector@^4.0.0
768 silly packumentCache full:https://registry.npmmirror.com/hast-util-parse-selector cache-miss
769 http cache https://registry.npmmirror.com/vitefu 126ms (cache hit)
770 silly packumentCache full:https://registry.npmmirror.com/vitefu set size:45140 disposed:false
771 silly fetch manifest property-information@^7.0.0
772 silly packumentCache full:https://registry.npmmirror.com/property-information cache-miss
773 http cache https://registry.npmmirror.com/xxhash-wasm 127ms (cache hit)
774 silly packumentCache full:https://registry.npmmirror.com/xxhash-wasm set size:46881 disposed:false
775 silly fetch manifest space-separated-tokens@^2.0.0
776 silly packumentCache full:https://registry.npmmirror.com/space-separated-tokens cache-miss
777 http cache https://registry.npmmirror.com/yocto-spinner 124ms (cache hit)
778 silly packumentCache full:https://registry.npmmirror.com/yocto-spinner set size:22627 disposed:false
779 silly fetch manifest commander@^8.3.0
780 silly packumentCache full:https://registry.npmmirror.com/commander cache-miss
781 http cache https://registry.npmmirror.com/yargs-parser 126ms (cache hit)
782 silly packumentCache full:https://registry.npmmirror.com/yargs-parser set size:193344 disposed:false
783 silly fetch manifest argparse@^2.0.1
784 silly packumentCache full:https://registry.npmmirror.com/argparse cache-miss
785 http cache https://registry.npmmirror.com/zod-to-json-schema 114ms (cache hit)
786 silly packumentCache full:https://registry.npmmirror.com/zod-to-json-schema set size:293818 disposed:false
787 silly fetch manifest entities@^4.4.0
788 silly packumentCache full:https://registry.npmmirror.com/entities cache-miss
789 http cache https://registry.npmmirror.com/zod 134ms (cache hit)
790 silly packumentCache full:https://registry.npmmirror.com/zod set size:3119557 disposed:false
791 silly fetch manifest linkify-it@^5.0.0
792 silly packumentCache full:https://registry.npmmirror.com/linkify-it cache-miss
793 http cache https://registry.npmmirror.com/rehype-expressive-code 148ms (cache hit)
794 silly packumentCache full:https://registry.npmmirror.com/rehype-expressive-code set size:67123 disposed:false
795 silly fetch manifest mdurl@^2.0.0
796 silly packumentCache full:https://registry.npmmirror.com/mdurl cache-miss
797 http cache https://registry.npmmirror.com/zod-to-ts 150ms (cache hit)
798 silly packumentCache full:https://registry.npmmirror.com/zod-to-ts set size:49691 disposed:false
799 silly fetch manifest punycode.js@^2.3.1
800 silly packumentCache full:https://registry.npmmirror.com/punycode.js cache-miss
801 http cache https://registry.npmmirror.com/@iconify%2ftools 151ms (cache hit)
802 silly packumentCache full:https://registry.npmmirror.com/@iconify%2ftools set size:1216479 disposed:false
803 silly fetch manifest uc.micro@^2.1.0
804 silly packumentCache full:https://registry.npmmirror.com/uc.micro cache-miss
805 http cache https://registry.npmmirror.com/@types%2fthrough2 155ms (cache hit)
806 silly packumentCache full:https://registry.npmmirror.com/@types%2fthrough2 set size:52168 disposed:false
807 silly fetch manifest css-select@^5.1.0
808 silly packumentCache full:https://registry.npmmirror.com/css-select cache-miss
809 http cache https://registry.npmmirror.com/concat-stream 147ms (cache hit)
810 silly packumentCache full:https://registry.npmmirror.com/concat-stream set size:60983 disposed:false
811 silly fetch manifest he@1.2.0
812 silly packumentCache full:https://registry.npmmirror.com/he cache-miss
813 http cache https://registry.npmmirror.com/@iconify%2futils 161ms (cache hit)
814 silly packumentCache full:https://registry.npmmirror.com/@iconify%2futils set size:882199 disposed:false
815 silly fetch manifest @pagefind/linux-x64@1.4.0
816 silly packumentCache full:https://registry.npmmirror.com/@pagefind%2flinux-x64 cache-miss
817 http cache https://registry.npmmirror.com/@types%2fnode 180ms (cache hit)
818 silly packumentCache full:https://registry.npmmirror.com/@types%2fnode set size:9925431 disposed:false
819 silly fetch manifest @pagefind/linux-arm64@1.4.0
820 silly packumentCache full:https://registry.npmmirror.com/@pagefind%2flinux-arm64 cache-miss
821 http cache https://registry.npmmirror.com/code-points 241ms (cache hit)
822 silly packumentCache full:https://registry.npmmirror.com/code-points set size:17727 disposed:false
823 silly fetch manifest @pagefind/darwin-x64@1.4.0
824 silly packumentCache full:https://registry.npmmirror.com/@pagefind%2fdarwin-x64 cache-miss
825 http cache https://registry.npmmirror.com/buffer-to-vinyl 243ms (cache hit)
826 silly packumentCache full:https://registry.npmmirror.com/buffer-to-vinyl set size:5750 disposed:false
827 silly fetch manifest @pagefind/darwin-arm64@1.4.0
828 silly packumentCache full:https://registry.npmmirror.com/@pagefind%2fdarwin-arm64 cache-miss
829 http cache https://registry.npmmirror.com/b3b 247ms (cache hit)
830 silly packumentCache full:https://registry.npmmirror.com/b3b set size:3369 disposed:false
831 silly fetch manifest @pagefind/windows-x64@1.4.0
832 silly packumentCache full:https://registry.npmmirror.com/@pagefind%2fwindows-x64 cache-miss
833 http cache https://registry.npmmirror.com/fonteditor-core 241ms (cache hit)
834 silly packumentCache full:https://registry.npmmirror.com/fonteditor-core set size:180970 disposed:false
835 silly fetch manifest @pagefind/freebsd-x64@1.4.0
836 silly packumentCache full:https://registry.npmmirror.com/@pagefind%2ffreebsd-x64 cache-miss
837 http cache https://registry.npmmirror.com/get-stdin 242ms (cache hit)
838 silly packumentCache full:https://registry.npmmirror.com/get-stdin set size:22800 disposed:false
839 silly fetch manifest postcss-value-parser@^4.0.0
840 silly packumentCache full:https://registry.npmmirror.com/postcss-value-parser cache-miss
841 http cache https://registry.npmmirror.com/is-otf 241ms (cache hit)
842 silly packumentCache full:https://registry.npmmirror.com/is-otf set size:5156 disposed:false
843 silly fetch manifest read-cache@^1.0.0
844 silly packumentCache full:https://registry.npmmirror.com/read-cache cache-miss
845 http cache https://registry.npmmirror.com/is-svg 239ms (cache hit)
846 silly packumentCache full:https://registry.npmmirror.com/is-svg set size:47097 disposed:false
847 silly fetch manifest resolve@^1.1.7
848 silly packumentCache full:https://registry.npmmirror.com/resolve cache-miss
849 http cache https://registry.npmmirror.com/is-ttf 239ms (cache hit)
850 silly packumentCache full:https://registry.npmmirror.com/is-ttf set size:7601 disposed:false
851 silly fetch manifest postcss-selector-parser@^7.0.0
852 silly packumentCache full:https://registry.npmmirror.com/postcss-selector-parser cache-hit
853 silly fetch manifest @ungap/structured-clone@^1.0.0
854 silly packumentCache full:https://registry.npmmirror.com/@ungap%2fstructured-clone cache-miss
855 http cache https://registry.npmmirror.com/lodash 238ms (cache hit)
856 silly packumentCache full:https://registry.npmmirror.com/lodash set size:203686 disposed:false
857 silly fetch manifest hast-util-heading-rank@^3.0.0
858 silly packumentCache full:https://registry.npmmirror.com/hast-util-heading-rank cache-miss
859 http cache https://registry.npmmirror.com/meow 238ms (cache hit)
860 silly packumentCache full:https://registry.npmmirror.com/meow set size:105483 disposed:false
861 silly fetch manifest hast-util-is-element@^3.0.0
862 silly packumentCache full:https://registry.npmmirror.com/hast-util-is-element cache-miss
863 http cache https://registry.npmmirror.com/replace-ext 233ms (cache hit)
864 silly packumentCache full:https://registry.npmmirror.com/replace-ext set size:10393 disposed:false
865 silly fetch manifest unified@^11.0.0
866 silly packumentCache full:https://registry.npmmirror.com/unified cache-miss
867 http cache https://registry.npmmirror.com/stream-combiner 232ms (cache hit)
868 silly packumentCache full:https://registry.npmmirror.com/stream-combiner set size:13608 disposed:false
869 silly fetch manifest hast-util-is-element@^3.0.0
870 silly packumentCache full:https://registry.npmmirror.com/hast-util-is-element cache-miss
871 http cache https://registry.npmmirror.com/pako 237ms (cache hit)
872 silly packumentCache full:https://registry.npmmirror.com/pako set size:76844 disposed:false
873 silly fetch manifest @types/katex@^0.16.0
874 silly packumentCache full:https://registry.npmmirror.com/@types%2fkatex cache-miss
875 http cache https://registry.npmmirror.com/through2 230ms (cache hit)
876 silly packumentCache full:https://registry.npmmirror.com/through2 set size:63112 disposed:false
877 silly fetch manifest hast-util-from-html-isomorphic@^2.0.0
878 silly packumentCache full:https://registry.npmmirror.com/hast-util-from-html-isomorphic cache-miss
879 http cache https://registry.npmmirror.com/vinyl-fs 223ms (cache hit)
880 silly packumentCache full:https://registry.npmmirror.com/vinyl-fs set size:110984 disposed:false
881 silly fetch manifest hast-util-to-text@^4.0.0
882 silly packumentCache full:https://registry.npmmirror.com/hast-util-to-text cache-hit
883 silly fetch manifest unist-util-visit-parents@^6.0.0
884 silly packumentCache full:https://registry.npmmirror.com/unist-util-visit-parents cache-hit
885 silly fetch manifest vfile@^6.0.0
886 silly packumentCache full:https://registry.npmmirror.com/vfile cache-hit
887 silly fetch manifest hast-util-heading-rank@^3.0.0
888 silly packumentCache full:https://registry.npmmirror.com/hast-util-heading-rank cache-miss
889 http cache https://registry.npmmirror.com/comma-separated-tokens 224ms (cache hit)
890 silly packumentCache full:https://registry.npmmirror.com/comma-separated-tokens set size:39065 disposed:false
891 silly fetch manifest hast-util-to-string@^3.0.0
892 silly packumentCache full:https://registry.npmmirror.com/hast-util-to-string cache-miss
893 http cache https://registry.npmmirror.com/hast-util-parse-selector 224ms (cache hit)
894 silly packumentCache full:https://registry.npmmirror.com/hast-util-parse-selector set size:45386 disposed:false
895 silly fetch manifest mdast-util-directive@^3.0.0
896 silly packumentCache full:https://registry.npmmirror.com/mdast-util-directive cache-miss
897 http cache https://registry.npmmirror.com/ttf2woff2 230ms (cache hit)
898 silly packumentCache full:https://registry.npmmirror.com/ttf2woff2 set size:102447 disposed:false
899 silly fetch manifest micromark-extension-directive@^3.0.0
900 silly packumentCache full:https://registry.npmmirror.com/micromark-extension-directive cache-miss
901 http cache https://registry.npmmirror.com/property-information 226ms (cache hit)
902 silly packumentCache full:https://registry.npmmirror.com/property-information set size:166021 disposed:false
903 silly fetch manifest unified@^11.0.0
904 silly packumentCache full:https://registry.npmmirror.com/unified cache-miss
905 http cache https://registry.npmmirror.com/argparse 223ms (cache hit)
906 silly packumentCache full:https://registry.npmmirror.com/argparse set size:46945 disposed:false
907 silly fetch manifest hastscript@^7.0.2
908 silly packumentCache full:https://registry.npmmirror.com/hastscript cache-hit
909 silly fetch manifest unist-util-map@^3.1.2
910 silly packumentCache full:https://registry.npmmirror.com/unist-util-map cache-miss
911 http cache https://registry.npmmirror.com/commander 227ms (cache hit)
912 silly packumentCache full:https://registry.npmmirror.com/commander set size:285008 disposed:false
913 silly fetch manifest mdast-util-directive@^3.0.0
914 silly packumentCache full:https://registry.npmmirror.com/mdast-util-directive cache-miss
915 http cache https://registry.npmmirror.com/space-separated-tokens 231ms (cache hit)
916 silly packumentCache full:https://registry.npmmirror.com/space-separated-tokens set size:31146 disposed:false
917 silly fetch manifest unified@^11.0.0
918 silly packumentCache full:https://registry.npmmirror.com/unified cache-miss
919 http cache https://registry.npmmirror.com/entities 226ms (cache hit)
920 silly packumentCache full:https://registry.npmmirror.com/entities set size:86774 disposed:false
921 silly fetch manifest mdast-util-math@^3.0.0
922 silly packumentCache full:https://registry.npmmirror.com/mdast-util-math cache-miss
923 http cache https://registry.npmmirror.com/linkify-it 194ms (cache hit)
924 silly packumentCache full:https://registry.npmmirror.com/linkify-it set size:57645 disposed:false
925 silly fetch manifest micromark-extension-math@^3.0.0
926 silly packumentCache full:https://registry.npmmirror.com/micromark-extension-math cache-miss
927 http cache https://registry.npmmirror.com/mdurl 193ms (cache hit)
928 silly packumentCache full:https://registry.npmmirror.com/mdurl set size:9477 disposed:false
929 silly fetch manifest unified@^11.0.0
930 silly packumentCache full:https://registry.npmmirror.com/unified cache-miss
931 http cache https://registry.npmmirror.com/uc.micro 183ms (cache hit)
932 silly packumentCache full:https://registry.npmmirror.com/uc.micro set size:15712 disposed:false
933 silly fetch manifest unist-util-find-after@^4.0.1
934 silly packumentCache full:https://registry.npmmirror.com/unist-util-find-after cache-miss
935 http cache https://registry.npmmirror.com/punycode.js 194ms (cache hit)
936 silly packumentCache full:https://registry.npmmirror.com/punycode.js set size:13692 disposed:false
937 silly fetch manifest unist-util-visit@^4.1.2
938 silly packumentCache full:https://registry.npmmirror.com/unist-util-visit cache-hit
939 silly fetch manifest deepmerge@^4.2.2
940 silly packumentCache full:https://registry.npmmirror.com/deepmerge cache-miss
941 http cache https://registry.npmmirror.com/he 183ms (cache hit)
942 silly packumentCache full:https://registry.npmmirror.com/he set size:57414 disposed:false
943 silly fetch manifest escape-string-regexp@^4.0.0
944 silly packumentCache full:https://registry.npmmirror.com/escape-string-regexp cache-miss
945 http cache https://registry.npmmirror.com/css-select 185ms (cache hit)
946 silly packumentCache full:https://registry.npmmirror.com/css-select set size:93920 disposed:false
947 silly fetch manifest is-plain-object@^5.0.0
948 silly packumentCache full:https://registry.npmmirror.com/is-plain-object cache-miss
949 http cache https://registry.npmmirror.com/@pagefind%2flinux-arm64 93ms (cache hit)
950 silly packumentCache full:https://registry.npmmirror.com/@pagefind%2flinux-arm64 set size:84752 disposed:false
951 silly fetch manifest parse-srcset@^1.0.2
952 silly packumentCache full:https://registry.npmmirror.com/parse-srcset cache-miss
953 http cache https://registry.npmmirror.com/@pagefind%2flinux-x64 178ms (cache hit)
954 silly packumentCache full:https://registry.npmmirror.com/@pagefind%2flinux-x64 set size:84035 disposed:false
955 silly fetch manifest postcss@^8.3.11
956 silly packumentCache full:https://registry.npmmirror.com/postcss cache-hit
957 silly fetch manifest @shuding/opentype.js@1.4.0-beta.0
958 silly packumentCache full:https://registry.npmmirror.com/@shuding%2fopentype.js cache-miss
959 http cache https://registry.npmmirror.com/@pagefind%2fwindows-x64 94ms (cache hit)
960 silly packumentCache full:https://registry.npmmirror.com/@pagefind%2fwindows-x64 set size:84539 disposed:false
961 silly fetch manifest css-background-parser@^0.1.0
962 silly packumentCache full:https://registry.npmmirror.com/css-background-parser cache-miss
963 http cache https://registry.npmmirror.com/@pagefind%2fdarwin-x64 96ms (cache hit)
964 silly packumentCache full:https://registry.npmmirror.com/@pagefind%2fdarwin-x64 set size:84381 disposed:false
965 silly fetch manifest css-box-shadow@1.0.0-3
966 silly packumentCache full:https://registry.npmmirror.com/css-box-shadow cache-miss
967 http cache https://registry.npmmirror.com/@pagefind%2ffreebsd-x64 92ms (cache hit)
968 silly packumentCache full:https://registry.npmmirror.com/@pagefind%2ffreebsd-x64 set size:9974 disposed:false
969 silly fetch manifest css-gradient-parser@^0.0.17
970 silly packumentCache full:https://registry.npmmirror.com/css-gradient-parser cache-miss
971 http cache https://registry.npmmirror.com/@pagefind%2fdarwin-arm64 96ms (cache hit)
972 silly packumentCache full:https://registry.npmmirror.com/@pagefind%2fdarwin-arm64 set size:85105 disposed:false
973 silly fetch manifest css-to-react-native@^3.0.0
974 silly packumentCache full:https://registry.npmmirror.com/css-to-react-native cache-miss
975 http cache https://registry.npmmirror.com/read-cache 95ms (cache hit)
976 silly packumentCache full:https://registry.npmmirror.com/read-cache set size:3033 disposed:false
977 silly fetch manifest emoji-regex-xs@^2.0.1
978 silly packumentCache full:https://registry.npmmirror.com/emoji-regex-xs cache-miss
979 http cache https://registry.npmmirror.com/@ungap%2fstructured-clone 94ms (cache hit)
980 silly packumentCache full:https://registry.npmmirror.com/@ungap%2fstructured-clone set size:54589 disposed:false
981 silly fetch manifest escape-html@^1.0.3
982 silly packumentCache full:https://registry.npmmirror.com/escape-html cache-miss
983 http cache https://registry.npmmirror.com/postcss-value-parser 98ms (cache hit)
984 silly packumentCache full:https://registry.npmmirror.com/postcss-value-parser set size:67405 disposed:false
985 silly fetch manifest linebreak@^1.1.0
986 silly packumentCache full:https://registry.npmmirror.com/linebreak cache-miss
987 http cache https://registry.npmmirror.com/resolve 98ms (cache hit)
988 silly packumentCache full:https://registry.npmmirror.com/resolve set size:219321 disposed:false
989 silly fetch manifest parse-css-color@^0.2.1
990 silly packumentCache full:https://registry.npmmirror.com/parse-css-color cache-miss
991 http cache https://registry.npmmirror.com/hast-util-heading-rank 97ms (cache hit)
992 silly packumentCache full:https://registry.npmmirror.com/hast-util-heading-rank set size:23255 disposed:false
993 silly fetch manifest postcss-value-parser@^4.2.0
994 silly packumentCache full:https://registry.npmmirror.com/postcss-value-parser cache-hit
995 silly fetch manifest yoga-layout@^3.2.1
996 silly packumentCache full:https://registry.npmmirror.com/yoga-layout cache-miss
997 http cache https://registry.npmmirror.com/hast-util-is-element 96ms (cache hit)
998 silly packumentCache full:https://registry.npmmirror.com/hast-util-is-element set size:48329 disposed:false
999 silly fetch manifest @img/colour@^1.0.0
1000 silly packumentCache full:https://registry.npmmirror.com/@img%2fcolour cache-miss
1001 http cache https://registry.npmmirror.com/unified 97ms (cache hit)
1002 silly packumentCache full:https://registry.npmmirror.com/unified set size:216084 disposed:false
1003 silly fetch manifest detect-libc@^2.1.2
1004 silly packumentCache full:https://registry.npmmirror.com/detect-libc cache-miss
1005 http cache https://registry.npmmirror.com/hast-util-is-element 99ms (cache hit)
1006 silly packumentCache full:https://registry.npmmirror.com/hast-util-is-element set size:48329 disposed:false
1007 silly packumentCache full:https://registry.npmmirror.com/hast-util-is-element dispose
1008 silly fetch manifest @img/sharp-darwin-arm64@0.34.5
1009 silly packumentCache full:https://registry.npmmirror.com/@img%2fsharp-darwin-arm64 cache-miss
1010 http cache https://registry.npmmirror.com/@types%2fkatex 100ms (cache hit)
1011 silly packumentCache full:https://registry.npmmirror.com/@types%2fkatex set size:45562 disposed:false
1012 silly fetch manifest @img/sharp-darwin-x64@0.34.5
1013 silly packumentCache full:https://registry.npmmirror.com/@img%2fsharp-darwin-x64 cache-miss
1014 http cache https://registry.npmmirror.com/hast-util-from-html-isomorphic 97ms (cache hit)
1015 silly packumentCache full:https://registry.npmmirror.com/hast-util-from-html-isomorphic set size:17220 disposed:false
1016 silly fetch manifest @img/sharp-libvips-darwin-arm64@1.2.4
1017 silly packumentCache full:https://registry.npmmirror.com/@img%2fsharp-libvips-darwin-arm64 cache-miss
1018 http cache https://registry.npmmirror.com/micromark-extension-directive 89ms (cache hit)
1019 silly packumentCache full:https://registry.npmmirror.com/micromark-extension-directive set size:80038 disposed:false
1020 silly fetch manifest @img/sharp-libvips-darwin-x64@1.2.4
1021 silly packumentCache full:https://registry.npmmirror.com/@img%2fsharp-libvips-darwin-x64 cache-miss
1022 http cache https://registry.npmmirror.com/hast-util-heading-rank 94ms (cache hit)
1023 silly packumentCache full:https://registry.npmmirror.com/hast-util-heading-rank set size:23255 disposed:false
1024 silly packumentCache full:https://registry.npmmirror.com/hast-util-heading-rank dispose
1025 silly fetch manifest @img/sharp-libvips-linux-arm@1.2.4
1026 silly packumentCache full:https://registry.npmmirror.com/@img%2fsharp-libvips-linux-arm cache-miss
1027 http cache https://registry.npmmirror.com/hast-util-to-string 94ms (cache hit)
1028 silly packumentCache full:https://registry.npmmirror.com/hast-util-to-string set size:19750 disposed:false
1029 silly fetch manifest @img/sharp-libvips-linux-arm64@1.2.4
1030 silly packumentCache full:https://registry.npmmirror.com/@img%2fsharp-libvips-linux-arm64 cache-miss
1031 http cache https://registry.npmmirror.com/mdast-util-directive 94ms (cache hit)
1032 silly packumentCache full:https://registry.npmmirror.com/mdast-util-directive set size:63589 disposed:false
1033 silly fetch manifest @img/sharp-libvips-linux-ppc64@1.2.4
1034 silly packumentCache full:https://registry.npmmirror.com/@img%2fsharp-libvips-linux-ppc64 cache-miss
1035 http cache https://registry.npmmirror.com/unified 92ms (cache hit)
1036 silly packumentCache full:https://registry.npmmirror.com/unified set size:216084 disposed:false
1037 silly packumentCache full:https://registry.npmmirror.com/unified dispose
1038 silly fetch manifest @img/sharp-libvips-linux-riscv64@1.2.4
1039 silly packumentCache full:https://registry.npmmirror.com/@img%2fsharp-libvips-linux-riscv64 cache-miss
1040 http cache https://registry.npmmirror.com/mdast-util-directive 90ms (cache hit)
1041 silly packumentCache full:https://registry.npmmirror.com/mdast-util-directive set size:63589 disposed:false
1042 silly packumentCache full:https://registry.npmmirror.com/mdast-util-directive dispose
1043 silly fetch manifest @img/sharp-libvips-linux-s390x@1.2.4
1044 silly packumentCache full:https://registry.npmmirror.com/@img%2fsharp-libvips-linux-s390x cache-miss
1045 http cache https://registry.npmmirror.com/unist-util-map 94ms (cache hit)
1046 silly packumentCache full:https://registry.npmmirror.com/unist-util-map set size:47434 disposed:false
1047 silly fetch manifest @img/sharp-libvips-linux-x64@1.2.4
1048 silly packumentCache full:https://registry.npmmirror.com/@img%2fsharp-libvips-linux-x64 cache-miss
1049 http cache https://registry.npmmirror.com/mdast-util-math 89ms (cache hit)
1050 silly packumentCache full:https://registry.npmmirror.com/mdast-util-math set size:40591 disposed:false
1051 silly fetch manifest @img/sharp-libvips-linuxmusl-arm64@1.2.4
1052 silly packumentCache full:https://registry.npmmirror.com/@img%2fsharp-libvips-linuxmusl-arm64 cache-miss
1053 http cache https://registry.npmmirror.com/unified 88ms (cache hit)
1054 silly packumentCache full:https://registry.npmmirror.com/unified set size:216084 disposed:true
1055 silly packumentCache full:https://registry.npmmirror.com/unified dispose
1056 silly fetch manifest @img/sharp-libvips-linuxmusl-x64@1.2.4
1057 silly packumentCache full:https://registry.npmmirror.com/@img%2fsharp-libvips-linuxmusl-x64 cache-miss
1058 http cache https://registry.npmmirror.com/is-plain-object 86ms (cache hit)
1059 silly packumentCache full:https://registry.npmmirror.com/is-plain-object set size:40833 disposed:false
1060 silly fetch manifest @img/sharp-linux-arm@0.34.5
1061 silly packumentCache full:https://registry.npmmirror.com/@img%2fsharp-linux-arm cache-miss
1062 http cache https://registry.npmmirror.com/unist-util-find-after 91ms (cache hit)
1063 silly packumentCache full:https://registry.npmmirror.com/unist-util-find-after set size:37397 disposed:false
1064 silly fetch manifest @img/sharp-linux-arm64@0.34.5
1065 silly packumentCache full:https://registry.npmmirror.com/@img%2fsharp-linux-arm64 cache-miss
1066 http cache https://registry.npmmirror.com/escape-string-regexp 89ms (cache hit)
1067 silly packumentCache full:https://registry.npmmirror.com/escape-string-regexp set size:17683 disposed:false
1068 silly fetch manifest @img/sharp-linux-ppc64@0.34.5
1069 silly packumentCache full:https://registry.npmmirror.com/@img%2fsharp-linux-ppc64 cache-miss
1070 http cache https://registry.npmmirror.com/micromark-extension-math 96ms (cache hit)
1071 silly packumentCache full:https://registry.npmmirror.com/micromark-extension-math set size:51259 disposed:false
1072 silly fetch manifest @img/sharp-linux-riscv64@0.34.5
1073 silly packumentCache full:https://registry.npmmirror.com/@img%2fsharp-linux-riscv64 cache-miss
1074 http cache https://registry.npmmirror.com/deepmerge 94ms (cache hit)
1075 silly packumentCache full:https://registry.npmmirror.com/deepmerge set size:86799 disposed:false
1076 silly fetch manifest @img/sharp-linux-s390x@0.34.5
1077 silly packumentCache full:https://registry.npmmirror.com/@img%2fsharp-linux-s390x cache-miss
1078 http cache https://registry.npmmirror.com/parse-srcset 92ms (cache hit)
1079 silly packumentCache full:https://registry.npmmirror.com/parse-srcset set size:5736 disposed:false
1080 silly fetch manifest @img/sharp-linux-x64@0.34.5
1081 silly packumentCache full:https://registry.npmmirror.com/@img%2fsharp-linux-x64 cache-miss
1082 http cache https://registry.npmmirror.com/@shuding%2fopentype.js 92ms (cache hit)
1083 silly packumentCache full:https://registry.npmmirror.com/@shuding%2fopentype.js set size:11119 disposed:false
1084 silly fetch manifest @img/sharp-linuxmusl-arm64@0.34.5
1085 silly packumentCache full:https://registry.npmmirror.com/@img%2fsharp-linuxmusl-arm64 cache-miss
1086 http cache https://registry.npmmirror.com/css-background-parser 92ms (cache hit)
1087 silly packumentCache full:https://registry.npmmirror.com/css-background-parser set size:7640 disposed:false
1088 silly fetch manifest @img/sharp-linuxmusl-x64@0.34.5
1089 silly packumentCache full:https://registry.npmmirror.com/@img%2fsharp-linuxmusl-x64 cache-miss
1090 http cache https://registry.npmmirror.com/css-box-shadow 91ms (cache hit)
1091 silly packumentCache full:https://registry.npmmirror.com/css-box-shadow set size:4964 disposed:false
1092 silly fetch manifest @img/sharp-wasm32@0.34.5
1093 silly packumentCache full:https://registry.npmmirror.com/@img%2fsharp-wasm32 cache-miss
1094 http cache https://registry.npmmirror.com/css-gradient-parser 91ms (cache hit)
1095 silly packumentCache full:https://registry.npmmirror.com/css-gradient-parser set size:43108 disposed:false
1096 silly fetch manifest @img/sharp-win32-arm64@0.34.5
1097 silly packumentCache full:https://registry.npmmirror.com/@img%2fsharp-win32-arm64 cache-miss
1098 http cache https://registry.npmmirror.com/css-to-react-native 91ms (cache hit)
1099 silly packumentCache full:https://registry.npmmirror.com/css-to-react-native set size:57440 disposed:false
1100 silly fetch manifest @img/sharp-win32-ia32@0.34.5
1101 silly packumentCache full:https://registry.npmmirror.com/@img%2fsharp-win32-ia32 cache-miss
1102 http cache https://registry.npmmirror.com/emoji-regex-xs 89ms (cache hit)
1103 silly packumentCache full:https://registry.npmmirror.com/emoji-regex-xs set size:14095 disposed:false
1104 silly fetch manifest @img/sharp-win32-x64@0.34.5
1105 silly packumentCache full:https://registry.npmmirror.com/@img%2fsharp-win32-x64 cache-miss
1106 http cache https://registry.npmmirror.com/escape-html 89ms (cache hit)
1107 silly packumentCache full:https://registry.npmmirror.com/escape-html set size:6718 disposed:false
1108 silly fetch manifest debug@^4.3.2
1109 silly packumentCache full:https://registry.npmmirror.com/debug cache-hit
1110 silly fetch manifest glob@^10.4.5
1111 silly packumentCache full:https://registry.npmmirror.com/glob cache-miss
1112 http cache https://registry.npmmirror.com/detect-libc 82ms (cache hit)
1113 silly packumentCache full:https://registry.npmmirror.com/detect-libc set size:48467 disposed:false
1114 silly fetch manifest sax@~1.4.1
1115 silly packumentCache full:https://registry.npmmirror.com/sax cache-miss
1116 http cache https://registry.npmmirror.com/linebreak 90ms (cache hit)
1117 silly packumentCache full:https://registry.npmmirror.com/linebreak set size:18145 disposed:false
1118 silly fetch manifest source-map@^0.7.3
1119 silly packumentCache full:https://registry.npmmirror.com/source-map cache-miss
1120 http cache https://registry.npmmirror.com/yoga-layout 87ms (cache hit)
1121 silly packumentCache full:https://registry.npmmirror.com/yoga-layout set size:54099 disposed:false
1122 silly fetch manifest @jridgewell/remapping@^2.3.4
1123 silly packumentCache full:https://registry.npmmirror.com/@jridgewell%2fremapping cache-miss
1124 http cache https://registry.npmmirror.com/parse-css-color 89ms (cache hit)
1125 silly packumentCache full:https://registry.npmmirror.com/parse-css-color set size:22798 disposed:false
1126 silly fetch manifest @jridgewell/sourcemap-codec@^1.5.0
1127 silly packumentCache full:https://registry.npmmirror.com/@jridgewell%2fsourcemap-codec cache-miss
1128 http cache https://registry.npmmirror.com/@img%2fcolour 88ms (cache hit)
1129 silly packumentCache full:https://registry.npmmirror.com/@img%2fcolour set size:7588 disposed:false
1130 silly fetch manifest @sveltejs/acorn-typescript@^1.0.5
1131 silly packumentCache full:https://registry.npmmirror.com/@sveltejs%2facorn-typescript cache-miss
1132 http cache https://registry.npmmirror.com/unified 114ms (cache hit)
1133 silly packumentCache full:https://registry.npmmirror.com/unified set size:216084 disposed:true
1134 silly packumentCache full:https://registry.npmmirror.com/unified dispose
1135 silly fetch manifest @types/estree@^1.0.5
1136 silly packumentCache full:https://registry.npmmirror.com/@types%2festree cache-miss
1137 http cache https://registry.npmmirror.com/@img%2fsharp-darwin-arm64 88ms (cache hit)
1138 silly packumentCache full:https://registry.npmmirror.com/@img%2fsharp-darwin-arm64 set size:69183 disposed:false
1139 silly fetch manifest acorn@^8.12.1
1140 silly packumentCache full:https://registry.npmmirror.com/acorn cache-hit
1141 silly fetch manifest aria-query@^5.3.1
1142 silly packumentCache full:https://registry.npmmirror.com/aria-query cache-hit
1143 silly fetch manifest esm-env@^1.2.1
1144 silly packumentCache full:https://registry.npmmirror.com/esm-env cache-miss
1145 http cache https://registry.npmmirror.com/@img%2fsharp-darwin-x64 89ms (cache hit)
1146 silly packumentCache full:https://registry.npmmirror.com/@img%2fsharp-darwin-x64 set size:68310 disposed:false
1147 silly fetch manifest esrap@^2.1.0
1148 silly packumentCache full:https://registry.npmmirror.com/esrap cache-miss
1149 http cache https://registry.npmmirror.com/@img%2fsharp-libvips-darwin-arm64 88ms (cache hit)
1150 silly packumentCache full:https://registry.npmmirror.com/@img%2fsharp-libvips-darwin-arm64 set size:56221 disposed:false
1151 silly fetch manifest is-reference@^3.0.3
1152 silly packumentCache full:https://registry.npmmirror.com/is-reference cache-miss
1153 http cache https://registry.npmmirror.com/@img%2fsharp-libvips-linux-arm64 83ms (cache hit)
1154 silly packumentCache full:https://registry.npmmirror.com/@img%2fsharp-libvips-linux-arm64 set size:59244 disposed:false
1155 silly fetch manifest locate-character@^3.0.0
1156 silly packumentCache full:https://registry.npmmirror.com/locate-character cache-miss
1157 http cache https://registry.npmmirror.com/@img%2fsharp-libvips-darwin-x64 87ms (cache hit)
1158 silly packumentCache full:https://registry.npmmirror.com/@img%2fsharp-libvips-darwin-x64 set size:55663 disposed:false
1159 silly fetch manifest magic-string@^0.30.11
1160 silly packumentCache full:https://registry.npmmirror.com/magic-string cache-hit
1161 silly fetch manifest zimmerframe@^1.1.2
1162 silly packumentCache full:https://registry.npmmirror.com/zimmerframe cache-miss
1163 http cache https://registry.npmmirror.com/@img%2fsharp-libvips-linux-arm 87ms (cache hit)
1164 silly packumentCache full:https://registry.npmmirror.com/@img%2fsharp-libvips-linux-arm set size:62678 disposed:false
1165 silly fetch manifest arg@^5.0.2
1166 silly packumentCache full:https://registry.npmmirror.com/arg cache-miss
1167 http cache https://registry.npmmirror.com/@img%2fsharp-libvips-linux-ppc64 86ms (cache hit)
1168 silly packumentCache full:https://registry.npmmirror.com/@img%2fsharp-libvips-linux-ppc64 set size:45529 disposed:false
1169 silly fetch manifest chokidar@^3.6.0
1170 silly packumentCache full:https://registry.npmmirror.com/chokidar cache-miss
1171 http cache https://registry.npmmirror.com/@img%2fsharp-libvips-linux-riscv64 85ms (cache hit)
1172 silly packumentCache full:https://registry.npmmirror.com/@img%2fsharp-libvips-linux-riscv64 set size:30344 disposed:false
1173 silly fetch manifest didyoumean@^1.2.2
1174 silly packumentCache full:https://registry.npmmirror.com/didyoumean cache-miss
1175 http cache https://registry.npmmirror.com/@img%2fsharp-libvips-linux-s390x 84ms (cache hit)
1176 silly packumentCache full:https://registry.npmmirror.com/@img%2fsharp-libvips-linux-s390x set size:55188 disposed:false
1177 silly fetch manifest fast-glob@^3.3.2
1178 silly packumentCache full:https://registry.npmmirror.com/fast-glob cache-miss
1179 http cache https://registry.npmmirror.com/@img%2fsharp-libvips-linuxmusl-arm64 84ms (cache hit)
1180 silly packumentCache full:https://registry.npmmirror.com/@img%2fsharp-libvips-linuxmusl-arm64 set size:57886 disposed:false
1181 silly fetch manifest glob-parent@^6.0.2
1182 silly packumentCache full:https://registry.npmmirror.com/glob-parent cache-miss
1183 http cache https://registry.npmmirror.com/@img%2fsharp-libvips-linuxmusl-x64 83ms (cache hit)
1184 silly packumentCache full:https://registry.npmmirror.com/@img%2fsharp-libvips-linuxmusl-x64 set size:57293 disposed:false
1185 silly fetch manifest is-glob@^4.0.3
1186 silly packumentCache full:https://registry.npmmirror.com/is-glob cache-miss
1187 http cache https://registry.npmmirror.com/@img%2fsharp-libvips-linux-x64 87ms (cache hit)
1188 silly packumentCache full:https://registry.npmmirror.com/@img%2fsharp-libvips-linux-x64 set size:60603 disposed:false
1189 silly fetch manifest jiti@^1.21.7
1190 silly packumentCache full:https://registry.npmmirror.com/jiti cache-miss
1191 http cache https://registry.npmmirror.com/@img%2fsharp-linux-riscv64 80ms (cache hit)
1192 silly packumentCache full:https://registry.npmmirror.com/@img%2fsharp-linux-riscv64 set size:7984 disposed:false
1193 silly fetch manifest lilconfig@^3.1.3
1194 silly packumentCache full:https://registry.npmmirror.com/lilconfig cache-miss
1195 http cache https://registry.npmmirror.com/@img%2fsharp-linux-arm 86ms (cache hit)
1196 silly packumentCache full:https://registry.npmmirror.com/@img%2fsharp-linux-arm set size:69682 disposed:false
1197 silly fetch manifest micromatch@^4.0.8
1198 silly packumentCache full:https://registry.npmmirror.com/micromatch cache-miss
1199 http cache https://registry.npmmirror.com/@img%2fsharp-linux-arm64 86ms (cache hit)
1200 silly packumentCache full:https://registry.npmmirror.com/@img%2fsharp-linux-arm64 set size:70242 disposed:false
1201 silly fetch manifest normalize-path@^3.0.0
1202 silly packumentCache full:https://registry.npmmirror.com/normalize-path cache-miss
1203 http cache https://registry.npmmirror.com/@img%2fsharp-linux-ppc64 84ms (cache hit)
1204 silly packumentCache full:https://registry.npmmirror.com/@img%2fsharp-linux-ppc64 set size:32419 disposed:false
1205 silly fetch manifest object-hash@^3.0.0
1206 silly packumentCache full:https://registry.npmmirror.com/object-hash cache-miss
1207 http cache https://registry.npmmirror.com/@img%2fsharp-linuxmusl-arm64 82ms (cache hit)
1208 silly packumentCache full:https://registry.npmmirror.com/@img%2fsharp-linuxmusl-arm64 set size:71306 disposed:false
1209 silly fetch manifest postcss@^8.4.47
1210 silly packumentCache full:https://registry.npmmirror.com/postcss cache-hit
1211 silly fetch manifest postcss-import@^15.1.0
1212 silly packumentCache full:https://registry.npmmirror.com/postcss-import cache-hit
1213 silly fetch manifest postcss-js@^4.0.1
1214 silly packumentCache full:https://registry.npmmirror.com/postcss-js cache-miss
1215 http cache https://registry.npmmirror.com/@img%2fsharp-linux-x64 83ms (cache hit)
1216 silly packumentCache full:https://registry.npmmirror.com/@img%2fsharp-linux-x64 set size:69362 disposed:false
1217 silly fetch manifest postcss-load-config@^4.0.2 || ^5.0 || ^6.0
1218 silly packumentCache full:https://registry.npmmirror.com/postcss-load-config cache-miss
1219 http cache https://registry.npmmirror.com/@img%2fsharp-linux-s390x 85ms (cache hit)
1220 silly packumentCache full:https://registry.npmmirror.com/@img%2fsharp-linux-s390x set size:68071 disposed:false
1221 silly fetch manifest postcss-nested@^6.2.0
1222 silly packumentCache full:https://registry.npmmirror.com/postcss-nested cache-hit
1223 silly fetch manifest postcss-selector-parser@^6.1.2
1224 silly packumentCache full:https://registry.npmmirror.com/postcss-selector-parser cache-hit
1225 silly fetch manifest resolve@^1.22.8
1226 silly packumentCache full:https://registry.npmmirror.com/resolve cache-hit
1227 silly fetch manifest sucrase@^3.35.0
1228 silly packumentCache full:https://registry.npmmirror.com/sucrase cache-miss
1229 http cache https://registry.npmmirror.com/@img%2fsharp-linuxmusl-x64 85ms (cache hit)
1230 silly packumentCache full:https://registry.npmmirror.com/@img%2fsharp-linuxmusl-x64 set size:70424 disposed:false
1231 silly fetch manifest @types/unist@^3.0.0
1232 silly packumentCache full:https://registry.npmmirror.com/@types%2funist cache-hit
1233 silly fetch manifest unist-util-is@^6.0.0
1234 silly packumentCache full:https://registry.npmmirror.com/unist-util-is cache-miss
1235 http cache https://registry.npmmirror.com/@img%2fsharp-wasm32 85ms (cache hit)
1236 silly packumentCache full:https://registry.npmmirror.com/@img%2fsharp-wasm32 set size:67172 disposed:false
1237 http cache https://registry.npmmirror.com/@img%2fsharp-win32-ia32 85ms (cache hit)
1238 silly packumentCache full:https://registry.npmmirror.com/@img%2fsharp-win32-ia32 set size:72387 disposed:false
1239 http cache https://registry.npmmirror.com/@img%2fsharp-win32-arm64 86ms (cache hit)
1240 silly packumentCache full:https://registry.npmmirror.com/@img%2fsharp-win32-arm64 set size:28239 disposed:false
1241 http cache https://registry.npmmirror.com/@img%2fsharp-win32-x64 85ms (cache hit)
1242 silly packumentCache full:https://registry.npmmirror.com/@img%2fsharp-win32-x64 set size:71783 disposed:false
1243 http cache https://registry.npmmirror.com/glob 85ms (cache hit)
1244 silly packumentCache full:https://registry.npmmirror.com/glob set size:414617 disposed:false
1245 http cache https://registry.npmmirror.com/source-map 87ms (cache hit)
1246 silly packumentCache full:https://registry.npmmirror.com/source-map set size:258166 disposed:false
1247 http cache https://registry.npmmirror.com/@jridgewell%2fremapping 87ms (cache hit)
1248 silly packumentCache full:https://registry.npmmirror.com/@jridgewell%2fremapping set size:24472 disposed:false
1249 http cache https://registry.npmmirror.com/@jridgewell%2fsourcemap-codec 86ms (cache hit)
1250 silly packumentCache full:https://registry.npmmirror.com/@jridgewell%2fsourcemap-codec set size:60175 disposed:false
1251 http cache https://registry.npmmirror.com/sax 90ms (cache hit)
1252 silly packumentCache full:https://registry.npmmirror.com/sax set size:87485 disposed:false
1253 http cache https://registry.npmmirror.com/@sveltejs%2facorn-typescript 87ms (cache hit)
1254 silly packumentCache full:https://registry.npmmirror.com/@sveltejs%2facorn-typescript set size:24293 disposed:false
1255 http cache https://registry.npmmirror.com/@types%2festree 85ms (cache hit)
1256 silly packumentCache full:https://registry.npmmirror.com/@types%2festree set size:63744 disposed:false
1257 http cache https://registry.npmmirror.com/esrap 82ms (cache hit)
1258 silly packumentCache full:https://registry.npmmirror.com/esrap set size:78034 disposed:false
1259 http cache https://registry.npmmirror.com/esm-env 85ms (cache hit)
1260 silly packumentCache full:https://registry.npmmirror.com/esm-env set size:20515 disposed:false
1261 http cache https://registry.npmmirror.com/is-reference 81ms (cache hit)
1262 silly packumentCache full:https://registry.npmmirror.com/is-reference set size:27936 disposed:false
1263 http cache https://registry.npmmirror.com/locate-character 66ms (cache hit)
1264 silly packumentCache full:https://registry.npmmirror.com/locate-character set size:17032 disposed:false
1265 http cache https://registry.npmmirror.com/zimmerframe 64ms (cache hit)
1266 silly packumentCache full:https://registry.npmmirror.com/zimmerframe set size:42033 disposed:false
1267 http cache https://registry.npmmirror.com/arg 64ms (cache hit)
1268 silly packumentCache full:https://registry.npmmirror.com/arg set size:72151 disposed:false
1269 http cache https://registry.npmmirror.com/didyoumean 63ms (cache hit)
1270 silly packumentCache full:https://registry.npmmirror.com/didyoumean set size:10415 disposed:false
1271 http cache https://registry.npmmirror.com/is-glob 60ms (cache hit)
1272 silly packumentCache full:https://registry.npmmirror.com/is-glob set size:39478 disposed:false
1273 http cache https://registry.npmmirror.com/chokidar 65ms (cache hit)
1274 silly packumentCache full:https://registry.npmmirror.com/chokidar set size:226064 disposed:false
1275 http cache https://registry.npmmirror.com/glob-parent 68ms (cache hit)
1276 silly packumentCache full:https://registry.npmmirror.com/glob-parent set size:34765 disposed:false
1277 http cache https://registry.npmmirror.com/fast-glob 69ms (cache hit)
1278 silly packumentCache full:https://registry.npmmirror.com/fast-glob set size:194914 disposed:false
1279 http cache https://registry.npmmirror.com/jiti 66ms (cache hit)
1280 silly packumentCache full:https://registry.npmmirror.com/jiti set size:343421 disposed:false
1281 http cache https://registry.npmmirror.com/normalize-path 67ms (cache hit)
1282 silly packumentCache full:https://registry.npmmirror.com/normalize-path set size:28480 disposed:false
1283 http cache https://registry.npmmirror.com/lilconfig 70ms (cache hit)
1284 silly packumentCache full:https://registry.npmmirror.com/lilconfig set size:37564 disposed:false
1285 http cache https://registry.npmmirror.com/postcss-js 65ms (cache hit)
1286 silly packumentCache full:https://registry.npmmirror.com/postcss-js set size:38171 disposed:false
1287 http cache https://registry.npmmirror.com/object-hash 68ms (cache hit)
1288 silly packumentCache full:https://registry.npmmirror.com/object-hash set size:92882 disposed:false
1289 http cache https://registry.npmmirror.com/micromatch 71ms (cache hit)
1290 silly packumentCache full:https://registry.npmmirror.com/micromatch set size:240427 disposed:false
1291 http cache https://registry.npmmirror.com/postcss-load-config 68ms (cache hit)
1292 silly packumentCache full:https://registry.npmmirror.com/postcss-load-config set size:80198 disposed:false
1293 http cache https://registry.npmmirror.com/unist-util-is 67ms (cache hit)
1294 silly packumentCache full:https://registry.npmmirror.com/unist-util-is set size:68359 disposed:false
1295 http cache https://registry.npmmirror.com/sucrase 69ms (cache hit)
1296 silly packumentCache full:https://registry.npmmirror.com/sucrase set size:406813 disposed:false
1297 silly fetch manifest chokidar@^4.0.1
1298 silly packumentCache full:https://registry.npmmirror.com/chokidar cache-hit
1299 silly fetch manifest kleur@^4.1.5
1300 silly packumentCache full:https://registry.npmmirror.com/kleur cache-miss
1301 http cache https://registry.npmmirror.com/kleur 7ms (cache hit)
1302 silly packumentCache full:https://registry.npmmirror.com/kleur set size:43285 disposed:false
1303 silly fetch manifest yargs@^17.7.2
1304 silly packumentCache full:https://registry.npmmirror.com/yargs cache-miss
1305 http cache https://registry.npmmirror.com/yargs 8ms (cache hit)
1306 silly packumentCache full:https://registry.npmmirror.com/yargs set size:657651 disposed:false
1307 silly placeDep ROOT chokidar@4.0.3 OK for: @astrojs/check@0.9.5 want: ^4.0.1
1308 silly placeDep ROOT kleur@4.1.5 OK for: @astrojs/check@0.9.5 want: ^4.1.5
1309 silly placeDep ROOT yargs@17.7.2 OK for: @astrojs/check@0.9.5 want: ^17.7.2
1310 silly fetch manifest readdirp@^4.0.1
1311 silly packumentCache full:https://registry.npmmirror.com/readdirp cache-miss
1312 silly fetch manifest cliui@^8.0.1
1313 silly packumentCache full:https://registry.npmmirror.com/cliui cache-miss
1314 silly fetch manifest escalade@^3.1.1
1315 silly packumentCache full:https://registry.npmmirror.com/escalade cache-miss
1316 silly fetch manifest get-caller-file@^2.0.5
1317 silly packumentCache full:https://registry.npmmirror.com/get-caller-file cache-miss
1318 silly fetch manifest require-directory@^2.1.1
1319 silly packumentCache full:https://registry.npmmirror.com/require-directory cache-miss
1320 silly fetch manifest string-width@^4.2.3
1321 silly packumentCache full:https://registry.npmmirror.com/string-width cache-miss
1322 silly fetch manifest y18n@^5.0.5
1323 silly packumentCache full:https://registry.npmmirror.com/y18n cache-miss
1324 http cache https://registry.npmmirror.com/get-caller-file 15ms (cache hit)
1325 silly packumentCache full:https://registry.npmmirror.com/get-caller-file set size:19572 disposed:false
1326 http cache https://registry.npmmirror.com/readdirp 16ms (cache hit)
1327 silly packumentCache full:https://registry.npmmirror.com/readdirp set size:92797 disposed:false
1328 http cache https://registry.npmmirror.com/cliui 18ms (cache hit)
1329 silly packumentCache full:https://registry.npmmirror.com/cliui set size:61310 disposed:false
1330 http cache https://registry.npmmirror.com/string-width 18ms (cache hit)
1331 silly packumentCache full:https://registry.npmmirror.com/string-width set size:55780 disposed:false
1332 http cache https://registry.npmmirror.com/require-directory 21ms (cache hit)
1333 silly packumentCache full:https://registry.npmmirror.com/require-directory set size:26456 disposed:false
1334 http cache https://registry.npmmirror.com/y18n 22ms (cache hit)
1335 silly packumentCache full:https://registry.npmmirror.com/y18n set size:47173 disposed:false
1336 http cache https://registry.npmmirror.com/escalade 24ms (cache hit)
1337 silly packumentCache full:https://registry.npmmirror.com/escalade set size:26187 disposed:false
1338 silly fetch manifest @jridgewell/sourcemap-codec@^1.4.15
1339 silly packumentCache full:https://registry.npmmirror.com/@jridgewell%2fsourcemap-codec cache-hit
1340 silly fetch manifest @volar/kit@~2.4.23
1341 silly packumentCache full:https://registry.npmmirror.com/@volar%2fkit cache-miss
1342 http cache https://registry.npmmirror.com/@volar%2fkit 7ms (cache hit)
1343 silly packumentCache full:https://registry.npmmirror.com/@volar%2fkit set size:385508 disposed:false
1344 silly fetch manifest @volar/language-core@~2.4.23
1345 silly packumentCache full:https://registry.npmmirror.com/@volar%2flanguage-core cache-miss
1346 http cache https://registry.npmmirror.com/@volar%2flanguage-core 7ms (cache hit)
1347 silly packumentCache full:https://registry.npmmirror.com/@volar%2flanguage-core set size:464654 disposed:false
1348 silly fetch manifest @volar/language-server@~2.4.23
1349 silly packumentCache full:https://registry.npmmirror.com/@volar%2flanguage-server cache-miss
1350 http cache https://registry.npmmirror.com/@volar%2flanguage-server 7ms (cache hit)
1351 silly packumentCache full:https://registry.npmmirror.com/@volar%2flanguage-server set size:551483 disposed:false
1352 silly fetch manifest @volar/language-service@~2.4.23
1353 silly packumentCache full:https://registry.npmmirror.com/@volar%2flanguage-service cache-miss
1354 http cache https://registry.npmmirror.com/@volar%2flanguage-service 8ms (cache hit)
1355 silly packumentCache full:https://registry.npmmirror.com/@volar%2flanguage-service set size:514698 disposed:false
1356 silly fetch manifest fast-glob@^3.2.12
1357 silly packumentCache full:https://registry.npmmirror.com/fast-glob cache-hit
1358 silly fetch manifest muggle-string@^0.4.1
1359 silly packumentCache full:https://registry.npmmirror.com/muggle-string cache-miss
1360 http cache https://registry.npmmirror.com/muggle-string 6ms (cache hit)
1361 silly packumentCache full:https://registry.npmmirror.com/muggle-string set size:19834 disposed:false
1362 silly fetch manifest volar-service-css@0.0.66
1363 silly packumentCache full:https://registry.npmmirror.com/volar-service-css cache-miss
1364 http cache https://registry.npmmirror.com/volar-service-css 6ms (cache hit)
1365 silly packumentCache full:https://registry.npmmirror.com/volar-service-css set size:134387 disposed:false
1366 silly fetch manifest volar-service-emmet@0.0.66
1367 silly packumentCache full:https://registry.npmmirror.com/volar-service-emmet cache-miss
1368 http cache https://registry.npmmirror.com/volar-service-emmet 7ms (cache hit)
1369 silly packumentCache full:https://registry.npmmirror.com/volar-service-emmet set size:136906 disposed:false
1370 silly fetch manifest volar-service-html@0.0.66
1371 silly packumentCache full:https://registry.npmmirror.com/volar-service-html cache-miss
1372 http cache https://registry.npmmirror.com/volar-service-html 6ms (cache hit)
1373 silly packumentCache full:https://registry.npmmirror.com/volar-service-html set size:135585 disposed:false
1374 silly fetch manifest volar-service-prettier@0.0.66
1375 silly packumentCache full:https://registry.npmmirror.com/volar-service-prettier cache-miss
1376 http cache https://registry.npmmirror.com/volar-service-prettier 6ms (cache hit)
1377 silly packumentCache full:https://registry.npmmirror.com/volar-service-prettier set size:140044 disposed:false
1378 silly fetch manifest volar-service-typescript@0.0.66
1379 silly packumentCache full:https://registry.npmmirror.com/volar-service-typescript cache-miss
1380 http cache https://registry.npmmirror.com/volar-service-typescript 7ms (cache hit)
1381 silly packumentCache full:https://registry.npmmirror.com/volar-service-typescript set size:153752 disposed:false
1382 silly fetch manifest volar-service-typescript-twoslash-queries@0.0.66
1383 silly packumentCache full:https://registry.npmmirror.com/volar-service-typescript-twoslash-queries cache-miss
1384 http cache https://registry.npmmirror.com/volar-service-typescript-twoslash-queries 7ms (cache hit)
1385 silly packumentCache full:https://registry.npmmirror.com/volar-service-typescript-twoslash-queries set size:137970 disposed:false
1386 silly fetch manifest volar-service-yaml@0.0.66
1387 silly packumentCache full:https://registry.npmmirror.com/volar-service-yaml cache-miss
1388 http cache https://registry.npmmirror.com/volar-service-yaml 9ms (cache hit)
1389 silly packumentCache full:https://registry.npmmirror.com/volar-service-yaml set size:110030 disposed:false
1390 silly fetch manifest vscode-html-languageservice@^5.5.2
1391 silly packumentCache full:https://registry.npmmirror.com/vscode-html-languageservice cache-miss
1392 http cache https://registry.npmmirror.com/vscode-html-languageservice 8ms (cache hit)
1393 silly packumentCache full:https://registry.npmmirror.com/vscode-html-languageservice set size:417405 disposed:false
1394 silly fetch manifest vscode-uri@^3.1.0
1395 silly packumentCache full:https://registry.npmmirror.com/vscode-uri cache-miss
1396 http cache https://registry.npmmirror.com/vscode-uri 6ms (cache hit)
1397 silly packumentCache full:https://registry.npmmirror.com/vscode-uri set size:63271 disposed:false
1398 silly placeDep ROOT @jridgewell/sourcemap-codec@1.5.5 OK for: @astrojs/language-server@2.16.0 want: ^1.4.15
1399 silly placeDep ROOT @volar/kit@2.4.23 OK for: @astrojs/language-server@2.16.0 want: ~2.4.23
1400 silly placeDep ROOT @volar/language-core@2.4.23 OK for: @astrojs/language-server@2.16.0 want: ~2.4.23
1401 silly placeDep ROOT @volar/language-server@2.4.23 OK for: @astrojs/language-server@2.16.0 want: ~2.4.23
1402 silly placeDep ROOT @volar/language-service@2.4.23 OK for: @astrojs/language-server@2.16.0 want: ~2.4.23
1403 silly placeDep ROOT fast-glob@3.3.3 OK for: @astrojs/language-server@2.16.0 want: ^3.2.12
1404 silly placeDep ROOT muggle-string@0.4.1 OK for: @astrojs/language-server@2.16.0 want: ^0.4.1
1405 silly placeDep ROOT volar-service-css@0.0.66 OK for: @astrojs/language-server@2.16.0 want: 0.0.66
1406 silly placeDep ROOT volar-service-emmet@0.0.66 OK for: @astrojs/language-server@2.16.0 want: 0.0.66
1407 silly placeDep ROOT volar-service-html@0.0.66 OK for: @astrojs/language-server@2.16.0 want: 0.0.66
1408 silly placeDep ROOT volar-service-prettier@0.0.66 OK for: @astrojs/language-server@2.16.0 want: 0.0.66
1409 silly placeDep ROOT volar-service-typescript@0.0.66 OK for: @astrojs/language-server@2.16.0 want: 0.0.66
1410 silly placeDep ROOT volar-service-typescript-twoslash-queries@0.0.66 OK for: @astrojs/language-server@2.16.0 want: 0.0.66
1411 silly placeDep ROOT volar-service-yaml@0.0.66 OK for: @astrojs/language-server@2.16.0 want: 0.0.66
1412 silly placeDep ROOT vscode-html-languageservice@5.6.0 OK for: @astrojs/language-server@2.16.0 want: ^5.5.2
1413 silly placeDep ROOT vscode-uri@3.1.0 OK for: @astrojs/language-server@2.16.0 want: ^3.1.0
1414 silly fetch manifest @volar/language-service@2.4.23
1415 silly packumentCache full:https://registry.npmmirror.com/@volar%2flanguage-service cache-hit
1416 silly fetch manifest @volar/typescript@2.4.23
1417 silly packumentCache full:https://registry.npmmirror.com/@volar%2ftypescript cache-miss
1418 silly fetch manifest typesafe-path@^0.2.2
1419 silly packumentCache full:https://registry.npmmirror.com/typesafe-path cache-miss
1420 silly fetch manifest vscode-languageserver-textdocument@^1.0.11
1421 silly packumentCache full:https://registry.npmmirror.com/vscode-languageserver-textdocument cache-miss
1422 silly fetch manifest vscode-uri@^3.0.8
1423 silly packumentCache full:https://registry.npmmirror.com/vscode-uri cache-hit
1424 silly fetch manifest @volar/source-map@2.4.23
1425 silly packumentCache full:https://registry.npmmirror.com/@volar%2fsource-map cache-miss
1426 silly fetch manifest @volar/language-service@2.4.23
1427 silly packumentCache full:https://registry.npmmirror.com/@volar%2flanguage-service cache-hit
1428 silly fetch manifest @volar/typescript@2.4.23
1429 silly packumentCache full:https://registry.npmmirror.com/@volar%2ftypescript cache-miss
1430 silly fetch manifest path-browserify@^1.0.1
1431 silly packumentCache full:https://registry.npmmirror.com/path-browserify cache-miss
1432 silly fetch manifest request-light@^0.7.0
1433 silly packumentCache full:https://registry.npmmirror.com/request-light cache-miss
1434 silly fetch manifest vscode-languageserver@^9.0.1
1435 silly packumentCache full:https://registry.npmmirror.com/vscode-languageserver cache-miss
1436 silly fetch manifest vscode-languageserver-protocol@^3.17.5
1437 silly packumentCache full:https://registry.npmmirror.com/vscode-languageserver-protocol cache-miss
1438 silly fetch manifest vscode-languageserver-textdocument@^1.0.11
1439 silly packumentCache full:https://registry.npmmirror.com/vscode-languageserver-textdocument cache-miss
1440 silly fetch manifest vscode-uri@^3.0.8
1441 silly packumentCache full:https://registry.npmmirror.com/vscode-uri cache-hit
1442 silly fetch manifest vscode-languageserver-protocol@^3.17.5
1443 silly packumentCache full:https://registry.npmmirror.com/vscode-languageserver-protocol cache-miss
1444 silly fetch manifest vscode-languageserver-textdocument@^1.0.11
1445 silly packumentCache full:https://registry.npmmirror.com/vscode-languageserver-textdocument cache-miss
1446 silly fetch manifest vscode-uri@^3.0.8
1447 silly packumentCache full:https://registry.npmmirror.com/vscode-uri cache-hit
1448 silly fetch manifest @nodelib/fs.stat@^2.0.2
1449 silly packumentCache full:https://registry.npmmirror.com/@nodelib%2ffs.stat cache-miss
1450 silly fetch manifest @nodelib/fs.walk@^1.2.3
1451 silly packumentCache full:https://registry.npmmirror.com/@nodelib%2ffs.walk cache-miss
1452 silly fetch manifest glob-parent@^5.1.2
1453 silly packumentCache full:https://registry.npmmirror.com/glob-parent cache-hit
1454 silly fetch manifest merge2@^1.3.0
1455 silly packumentCache full:https://registry.npmmirror.com/merge2 cache-miss
1456 silly fetch manifest vscode-css-languageservice@^6.3.0
1457 silly packumentCache full:https://registry.npmmirror.com/vscode-css-languageservice cache-miss
1458 silly fetch manifest vscode-languageserver-textdocument@^1.0.11
1459 silly packumentCache full:https://registry.npmmirror.com/vscode-languageserver-textdocument cache-miss
1460 silly fetch manifest vscode-uri@^3.0.8
1461 silly packumentCache full:https://registry.npmmirror.com/vscode-uri cache-hit
1462 silly fetch manifest @emmetio/css-parser@github:ramya-rao-a/css-parser#vscode
1463 silly fetch manifest @vscode/emmet-helper@^2.9.3
1464 silly packumentCache full:https://registry.npmmirror.com/@vscode%2femmet-helper cache-miss
1465 silly fetch manifest vscode-uri@^3.0.8
1466 silly packumentCache full:https://registry.npmmirror.com/vscode-uri cache-hit
1467 silly fetch manifest vscode-html-languageservice@^5.3.0
1468 silly packumentCache full:https://registry.npmmirror.com/vscode-html-languageservice cache-hit
1469 silly fetch manifest vscode-languageserver-textdocument@^1.0.11
1470 silly packumentCache full:https://registry.npmmirror.com/vscode-languageserver-textdocument cache-miss
1471 silly fetch manifest vscode-uri@^3.0.8
1472 silly packumentCache full:https://registry.npmmirror.com/vscode-uri cache-hit
1473 silly fetch manifest vscode-uri@^3.0.8
1474 silly packumentCache full:https://registry.npmmirror.com/vscode-uri cache-hit
1475 silly fetch manifest path-browserify@^1.0.1
1476 silly packumentCache full:https://registry.npmmirror.com/path-browserify cache-miss
1477 silly fetch manifest semver@^7.6.2
1478 silly packumentCache full:https://registry.npmmirror.com/semver cache-hit
1479 silly fetch manifest typescript-auto-import-cache@^0.3.5
1480 silly packumentCache full:https://registry.npmmirror.com/typescript-auto-import-cache cache-miss
1481 silly fetch manifest vscode-languageserver-textdocument@^1.0.11
1482 silly packumentCache full:https://registry.npmmirror.com/vscode-languageserver-textdocument cache-miss
1483 silly fetch manifest vscode-nls@^5.2.0
1484 silly packumentCache full:https://registry.npmmirror.com/vscode-nls cache-miss
1485 silly fetch manifest yaml-language-server@~1.19.2
1486 silly packumentCache full:https://registry.npmmirror.com/yaml-language-server cache-miss
1487 silly fetch manifest @vscode/l10n@^0.0.18
1488 silly packumentCache full:https://registry.npmmirror.com/@vscode%2fl10n cache-miss
1489 silly fetch manifest vscode-languageserver-textdocument@^1.0.12
1490 silly packumentCache full:https://registry.npmmirror.com/vscode-languageserver-textdocument cache-miss
1491 silly fetch manifest vscode-languageserver-types@^3.17.5
1492 silly packumentCache full:https://registry.npmmirror.com/vscode-languageserver-types cache-miss
1493 http cache https://registry.npmmirror.com/@volar%2ftypescript 199ms (cache hit)
1494 silly packumentCache full:https://registry.npmmirror.com/@volar%2ftypescript set size:443576 disposed:false
1495 http cache https://registry.npmmirror.com/@volar%2ftypescript 201ms (cache hit)
1496 silly packumentCache full:https://registry.npmmirror.com/@volar%2ftypescript set size:443576 disposed:false
1497 silly packumentCache full:https://registry.npmmirror.com/@volar%2ftypescript dispose
1498 http cache https://registry.npmmirror.com/vscode-languageserver-textdocument 205ms (cache hit)
1499 silly packumentCache full:https://registry.npmmirror.com/vscode-languageserver-textdocument set size:60157 disposed:false
1500 http cache https://registry.npmmirror.com/path-browserify 205ms (cache hit)
1501 silly packumentCache full:https://registry.npmmirror.com/path-browserify set size:13294 disposed:false
1502 http cache https://registry.npmmirror.com/request-light 206ms (cache hit)
1503 silly packumentCache full:https://registry.npmmirror.com/request-light set size:61047 disposed:false
1504 http cache https://registry.npmmirror.com/typesafe-path 208ms (cache hit)
1505 silly packumentCache full:https://registry.npmmirror.com/typesafe-path set size:11842 disposed:false
1506 http cache https://registry.npmmirror.com/@volar%2fsource-map 209ms (cache hit)
1507 silly packumentCache full:https://registry.npmmirror.com/@volar%2fsource-map set size:756957 disposed:false
1508 http cache https://registry.npmmirror.com/vscode-languageserver-textdocument 211ms (cache hit)
1509 silly packumentCache full:https://registry.npmmirror.com/vscode-languageserver-textdocument set size:60157 disposed:false
1510 silly packumentCache full:https://registry.npmmirror.com/vscode-languageserver-textdocument dispose
1511 http cache https://registry.npmmirror.com/vscode-languageserver-textdocument 213ms (cache hit)
1512 silly packumentCache full:https://registry.npmmirror.com/vscode-languageserver-textdocument set size:60157 disposed:true
1513 silly packumentCache full:https://registry.npmmirror.com/vscode-languageserver-textdocument dispose
1514 http cache https://registry.npmmirror.com/@nodelib%2ffs.walk 213ms (cache hit)
1515 silly packumentCache full:https://registry.npmmirror.com/@nodelib%2ffs.walk set size:35867 disposed:false
1516 http cache https://registry.npmmirror.com/@nodelib%2ffs.stat 213ms (cache hit)
1517 silly packumentCache full:https://registry.npmmirror.com/@nodelib%2ffs.stat set size:28111 disposed:false
1518 http cache https://registry.npmmirror.com/vscode-languageserver-textdocument 212ms (cache hit)
1519 silly packumentCache full:https://registry.npmmirror.com/vscode-languageserver-textdocument set size:60157 disposed:true
1520 silly packumentCache full:https://registry.npmmirror.com/vscode-languageserver-textdocument dispose
1521 http cache https://registry.npmmirror.com/vscode-languageserver-textdocument 214ms (cache hit)
1522 silly packumentCache full:https://registry.npmmirror.com/vscode-languageserver-textdocument set size:60157 disposed:true
1523 silly packumentCache full:https://registry.npmmirror.com/vscode-languageserver-textdocument dispose
1524 http cache https://registry.npmmirror.com/vscode-languageserver 217ms (cache hit)
1525 silly packumentCache full:https://registry.npmmirror.com/vscode-languageserver set size:634723 disposed:false
1526 http cache https://registry.npmmirror.com/vscode-languageserver-protocol 223ms (cache hit)
1527 silly packumentCache full:https://registry.npmmirror.com/vscode-languageserver-protocol set size:417498 disposed:false
1528 http cache https://registry.npmmirror.com/path-browserify 221ms (cache hit)
1529 silly packumentCache full:https://registry.npmmirror.com/path-browserify set size:13294 disposed:false
1530 silly packumentCache full:https://registry.npmmirror.com/path-browserify dispose
1531 http cache https://registry.npmmirror.com/typescript-auto-import-cache 221ms (cache hit)
1532 silly packumentCache full:https://registry.npmmirror.com/typescript-auto-import-cache set size:21210 disposed:false
1533 http cache https://registry.npmmirror.com/merge2 226ms (cache hit)
1534 silly packumentCache full:https://registry.npmmirror.com/merge2 set size:40023 disposed:false
1535 http cache https://registry.npmmirror.com/vscode-languageserver-textdocument 222ms (cache hit)
1536 silly packumentCache full:https://registry.npmmirror.com/vscode-languageserver-textdocument set size:60157 disposed:true
1537 silly packumentCache full:https://registry.npmmirror.com/vscode-languageserver-textdocument dispose
1538 http cache https://registry.npmmirror.com/vscode-css-languageservice 228ms (cache hit)
1539 silly packumentCache full:https://registry.npmmirror.com/vscode-css-languageservice set size:557540 disposed:false
1540 http cache https://registry.npmmirror.com/vscode-languageserver-protocol 233ms (cache hit)
1541 silly packumentCache full:https://registry.npmmirror.com/vscode-languageserver-protocol set size:417498 disposed:false
1542 silly packumentCache full:https://registry.npmmirror.com/vscode-languageserver-protocol dispose
1543 http cache https://registry.npmmirror.com/vscode-nls 230ms (cache hit)
1544 silly packumentCache full:https://registry.npmmirror.com/vscode-nls set size:80706 disposed:false
1545 http cache https://registry.npmmirror.com/@vscode%2femmet-helper 236ms (cache hit)
1546 silly packumentCache full:https://registry.npmmirror.com/@vscode%2femmet-helper set size:53033 disposed:false
1547 http cache https://registry.npmmirror.com/@vscode%2fl10n 233ms (cache hit)
1548 silly packumentCache full:https://registry.npmmirror.com/@vscode%2fl10n set size:59839 disposed:false
1549 http cache https://registry.npmmirror.com/vscode-languageserver-textdocument 238ms (cache hit)
1550 silly packumentCache full:https://registry.npmmirror.com/vscode-languageserver-textdocument set size:60157 disposed:true
1551 silly packumentCache full:https://registry.npmmirror.com/vscode-languageserver-textdocument dispose
1552 http cache https://registry.npmmirror.com/yaml-language-server 245ms (cache hit)
1553 silly packumentCache full:https://registry.npmmirror.com/yaml-language-server set size:2370344 disposed:false
1554 http cache https://registry.npmmirror.com/vscode-languageserver-types 255ms (cache hit)
1555 silly packumentCache full:https://registry.npmmirror.com/vscode-languageserver-types set size:257269 disposed:false
